  0
SECTION
  2
HEADER
  9
$ACADVER
  1
AC1014
  9
$ACADMAINTVER
 70
     9
  9
$DWGCODEPAGE
  3
ANSI_1252
  9
$INSBASE
 10
0.0
 20
0.0
 30
0.0
  9
$EXTMIN
 10
5.000060555555559
 20
9.999979999999997
 30
0.0
  9
$EXTMAX
 10
405.0000719444445
 20
229.9999633333334
 30
0.0
  9
$LIMMIN
 10
0.0
 20
0.0
  9
$LIMMAX
 10
12.0
 20
9.0
  9
$ORTHOMODE
 70
     0
  9
$REGENMODE
 70
     1
  9
$FILLMODE
 70
     1
  9
$QTEXTMODE
 70
     0
  9
$MIRRTEXT
 70
     1
  9
$DRAGMODE
 70
     2
  9
$LTSCALE
 40
1.0
  9
$OSMODE
 70
    37
  9
$ATTMODE
 70
     1
  9
$TEXTSIZE
 40
0.2
  9
$TRACEWID
 40
0.05
  9
$TEXTSTYLE
  7
STANDARD
  9
$CLAYER
  8
DEFAULT
  9
$CELTYPE
  6
BYLAYER
  9
$CECOLOR
 62
   256
  9
$CELTSCALE
 40
1.0
  9
$DELOBJ
 70
     1
  9
$DISPSILH
 70
     0
  9
$DIMSCALE
 40
1.0
  9
$DIMASZ
 40
0.18
  9
$DIMEXO
 40
0.0625
  9
$DIMDLI
 40
0.38
  9
$DIMRND
 40
0.0
  9
$DIMDLE
 40
0.0
  9
$DIMEXE
 40
0.18
  9
$DIMTP
 40
0.0
  9
$DIMTM
 40
0.0
  9
$DIMTXT
 40
0.18
  9
$DIMCEN
 40
0.09
  9
$DIMTSZ
 40
0.0
  9
$DIMTOL
 70
     0
  9
$DIMLIM
 70
     0
  9
$DIMTIH
 70
     1
  9
$DIMTOH
 70
     1
  9
$DIMSE1
 70
     0
  9
$DIMSE2
 70
     0
  9
$DIMTAD
 70
     0
  9
$DIMZIN
 70
     0
  9
$DIMBLK
  1

  9
$DIMASO
 70
     1
  9
$DIMSHO
 70
     1
  9
$DIMPOST
  1

  9
$DIMAPOST
  1

  9
$DIMALT
 70
     0
  9
$DIMALTD
 70
     2
  9
$DIMALTF
 40
25.4
  9
$DIMLFAC
 40
1.0
  9
$DIMTOFL
 70
     0
  9
$DIMTVP
 40
0.0
  9
$DIMTIX
 70
     0
  9
$DIMSOXD
 70
     0
  9
$DIMSAH
 70
     0
  9
$DIMBLK1
  1

  9
$DIMBLK2
  1

  9
$DIMSTYLE
  2
STANDARD
  9
$DIMCLRD
 70
     0
  9
$DIMCLRE
 70
     0
  9
$DIMCLRT
 70
     0
  9
$DIMTFAC
 40
1.0
  9
$DIMGAP
 40
0.09
  9
$DIMJUST
 70
     0
  9
$DIMSD1
 70
     0
  9
$DIMSD2
 70
     0
  9
$DIMTOLJ
 70
     1
  9
$DIMTZIN
 70
     0
  9
$DIMALTZ
 70
     0
  9
$DIMALTTZ
 70
     0
  9
$DIMFIT
 70
     5
  9
$DIMUPT
 70
     0
  9
$DIMUNIT
 70
     2
  9
$DIMDEC
 70
     4
  9
$DIMTDEC
 70
     4
  9
$DIMALTU
 70
     2
  9
$DIMALTTD
 70
     2
  9
$DIMTXSTY
  7
STANDARD
  9
$DIMAUNIT
 70
     0
  9
$LUNITS
 70
     2
  9
$LUPREC
 70
     3
  9
$SKETCHINC
 40
0.1
  9
$FILLETRAD
 40
0.5
  9
$AUNITS
 70
     0
  9
$AUPREC
 70
     0
  9
$MENU
  1
.
  9
$ELEVATION
 40
0.0
  9
$PELEVATION
 40
0.0
  9
$THICKNESS
 40
0.0
  9
$LIMCHECK
 70
     0
  9
$CHAMFERA
 40
0.0
  9
$CHAMFERB
 40
0.0
  9
$CHAMFERC
 40
0.0
  9
$CHAMFERD
 40
0.0
  9
$SKPOLY
 70
     0
  9
$TDCREATE
 40
2460216.864635347
  9
$TDUPDATE
 40
2460216.864636215
  9
$TDINDWG
 40
0.0000000116
  9
$TDUSRTIMER
 40
0.0000000116
  9
$USRTIMER
 70
     1
  9
$ANGBASE
 50
0.0
  9
$ANGDIR
 70
     0
  9
$PDMODE
 70
     0
  9
$PDSIZE
 40
0.0
  9
$PLINEWID
 40
0.0
  9
$COORDS
 70
     1
  9
$SPLFRAME
 70
     0
  9
$SPLINETYPE
 70
     6
  9
$SPLINESEGS
 70
     8
  9
$ATTDIA
 70
     0
  9
$ATTREQ
 70
     1
  9
$HANDLING
 70
     1
  9
$HANDSEED
  5
284
  9
$SURFTAB1
 70
     6
  9
$SURFTAB2
 70
     6
  9
$SURFTYPE
 70
     6
  9
$SURFU
 70
     6
  9
$SURFV
 70
     6
  9
$UCSNAME
  2

  9
$UCSORG
 10
0.0
 20
0.0
 30
0.0
  9
$UCSXDIR
 10
1.0
 20
0.0
 30
0.0
  9
$UCSYDIR
 10
0.0
 20
1.0
 30
0.0
  9
$PUCSNAME
  2

  9
$PUCSORG
 10
0.0
 20
0.0
 30
0.0
  9
$PUCSXDIR
 10
1.0
 20
0.0
 30
0.0
  9
$PUCSYDIR
 10
0.0
 20
1.0
 30
0.0
  9
$USERI1
 70
     0
  9
$USERI2
 70
     0
  9
$USERI3
 70
     0
  9
$USERI4
 70
     0
  9
$USERI5
 70
     0
  9
$USERR1
 40
0.0
  9
$USERR2
 40
0.0
  9
$USERR3
 40
0.0
  9
$USERR4
 40
0.0
  9
$USERR5
 40
0.0
  9
$WORLDVIEW
 70
     1
  9
$SHADEDGE
 70
     3
  9
$SHADEDIF
 70
    70
  9
$TILEMODE
 70
     1
  9
$MAXACTVP
 70
    64
  9
$PINSBASE
 10
0.0
 20
0.0
 30
0.0
  9
$PLIMCHECK
 70
     0
  9
$PEXTMIN
 10
1.000000000000000E+20
 20
1.000000000000000E+20
 30
1.000000000000000E+20
  9
$PEXTMAX
 10
-1.000000000000000E+20
 20
-1.000000000000000E+20
 30
-1.000000000000000E+20
  9
$PLIMMIN
 10
0.0
 20
0.0
  9
$PLIMMAX
 10
12.0
 20
9.0
  9
$UNITMODE
 70
     0
  9
$VISRETAIN
 70
     1
  9
$PLINEGEN
 70
     0
  9
$PSLTSCALE
 70
     1
  9
$TREEDEPTH
 70
  3020
  9
$PICKSTYLE
 70
     1
  9
$CMLSTYLE
  2
STANDARD
  9
$CMLJUST
 70
     0
  9
$CMLSCALE
 40
1.0
  9
$PROXYGRAPHICS
 70
     1
  9
$MEASUREMENT
 70
     0
  0
ENDSEC
  0
SECTION
  2
CLASSES
  0
CLASS
  1
ACDBDICTIONARYWDFLT
  2
AcDbDictionaryWithDefault
  3
ObjectDBX Classes
 90
        0
280
     0
281
     0
  0
CLASS
  1
VISUALSTYLE
  2
AcDbVisualStyle
  3
ObjectDBX Classes
 90
     4095
280
     0
281
     0
  0
CLASS
  1
MATERIAL
  2
AcDbMaterial
  3
ObjectDBX Classes
 90
     1153
280
     0
281
     0
  0
CLASS
  1
SCALE
  2
AcDbScale
  3
ObjectDBX Classes
 90
     1153
280
     0
281
     0
  0
CLASS
  1
SUN
  2
AcDbSun
  3
SCENEOE
 90
     1153
280
     0
281
     0
  0
CLASS
  1
DICTIONARYVAR
  2
AcDbDictionaryVar
  3
ObjectDBX Classes
 90
        0
280
     0
281
     0
  0
CLASS
  1
XRECORD
  2
AcDbXrecord
  3
ObjectDBX Classes
 90
        0
280
     0
281
     0
  0
CLASS
  1
LWPOLYLINE
  2
AcDbPolyline
  3
ObjectDBX Classes
 90
        0
280
     0
281
     1
  0
CLASS
  1
HATCH
  2
AcDbHatch
  3
ObjectDBX Classes
 90
        0
280
     0
281
     1
  0
CLASS
  1
ACDBPLACEHOLDER
  2
AcDbPlaceHolder
  3
ObjectDBX Classes
 90
        0
280
     0
281
     0
  0
CLASS
  1
LAYOUT
  2
AcDbLayout
  3
ObjectDBX Classes
 90
        0
280
     0
281
     0
  0
ENDSEC
  0
SECTION
  2
TABLES
  0
TABLE
  2
VPORT
  5
8
330
0
100
AcDbSymbolTable
 70
     1
  0
VPORT
  5
29
330
8
100
AcDbSymbolTableRecord
100
AcDbViewportTableRecord
  2
*ACTIVE
 70
     0
 10
0.0
 20
0.0
 11
1.0
 21
1.0
 12
205.00006625
 22
119.9999716666667
 13
0.0
 23
0.0
 14
0.5
 24
0.5
 15
0.5
 25
0.5
 16
0.0
 26
0.0
 36
1.0
 17
0.0
 27
0.0
 37
0.0
 40
224.399983
 41
1.818182007690556
 42
50.0
 43
0.0
 44
0.0
 50
0.0
 51
0.0
 71
     0
 72
   100
 73
     1
 74
     3
 75
     0
 76
     0
 77
     0
 78
     0
  0
ENDTAB
  0
TABLE
  2
LTYPE
  5
5
330
0
100
AcDbSymbolTable
 70
     1
  0
LTYPE
  5
14
330
5
100
AcDbSymbolTableRecord
100
AcDbLinetypeTableRecord
  2
BYBLOCK
 70
     0
  3

 72
    65
 73
     0
 40
0.0
  0
LTYPE
  5
15
330
5
100
AcDbSymbolTableRecord
100
AcDbLinetypeTableRecord
  2
BYLAYER
 70
     0
  3

 72
    65
 73
     0
 40
0.0
  0
LTYPE
  5
16
330
5
100
AcDbSymbolTableRecord
100
AcDbLinetypeTableRecord
  2
CONTINUOUS
 70
     0
  3
Solid line
 72
    65
 73
     0
 40
0.0
  0
ENDTAB
  0
TABLE
  2
LAYER
  5
2
330
0
100
AcDbSymbolTable
 70
     2
  0
LAYER
  5
10
330
2
100
AcDbSymbolTableRecord
100
AcDbLayerTableRecord
  2
0
 70
     0
 62
     7
  6
CONTINUOUS
  0
LAYER
  5
6A
330
2
100
AcDbSymbolTableRecord
100
AcDbLayerTableRecord
  2
DEFAULT
 70
     0
 62
    18
  6
CONTINUOUS
  0
ENDTAB
  0
TABLE
  2
STYLE
  5
3
330
0
100
AcDbSymbolTable
 70
     1
  0
STYLE
  5
11
330
3
100
AcDbSymbolTableRecord
100
AcDbTextStyleTableRecord
  2
STANDARD
 70
     0
 40
0.0
 41
1.0
 50
0.0
 71
     0
 42
0.2
  3
txt
  4

  0
ENDTAB
  0
TABLE
  2
VIEW
  5
6
330
0
100
AcDbSymbolTable
 70
     0
  0
ENDTAB
  0
TABLE
  2
UCS
  5
7
330
0
100
AcDbSymbolTable
 70
     0
  0
ENDTAB
  0
TABLE
  2
APPID
  5
9
330
0
100
AcDbSymbolTable
 70
     1
  0
APPID
  5
12
330
9
100
AcDbSymbolTableRecord
100
AcDbRegAppTableRecord
  2
ACAD
 70
     0
  0
ENDTAB
  0
TABLE
  2
DIMSTYLE
  5
A
330
0
100
AcDbSymbolTable
 70
     1
  0
DIMSTYLE
105
27
330
A
100
AcDbSymbolTableRecord
100
AcDbDimStyleTableRecord
  2
STANDARD
 70
     0
  3

  4

  5

  6

  7

 40
1.0
 41
0.18
 42
0.0625
 43
0.38
 44
0.18
 45
0.0
 46
0.0
 47
0.0
 48
0.0
140
0.18
141
0.09
142
0.0
143
25.4
144
1.0
145
0.0
146
1.0
147
0.09
 71
     0
 72
     0
 73
     1
 74
     1
 75
     0
 76
     0
 77
     0
 78
     0
170
     0
171
     2
172
     0
173
     0
174
     0
175
     0
176
     0
177
     0
178
     0
270
     2
271
     4
272
     4
273
     2
274
     2
340
11
275
     0
280
     0
281
     0
282
     0
283
     1
284
     0
285
     0
286
     0
287
     3
288
     0
  0
ENDTAB
  0
TABLE
  2
BLOCK_RECORD
  5
1
330
0
100
AcDbSymbolTable
 70
     1
  0
BLOCK_RECORD
  5
1F
330
1
100
AcDbSymbolTableRecord
100
AcDbBlockTableRecord
  2
*MODEL_SPACE
  0
BLOCK_RECORD
  5
1B
330
1
100
AcDbSymbolTableRecord
100
AcDbBlockTableRecord
  2
*PAPER_SPACE
  0
ENDTAB
  0
ENDSEC
  0
SECTION
  2
BLOCKS
  0
BLOCK
  5
20
330
1F
100
AcDbEntity
  8
0
100
AcDbBlockBegin
  2
*MODEL_SPACE
 70
     0
 10
0.0
 20
0.0
 30
0.0
  3
*MODEL_SPACE
  1

  0
ENDBLK
  5
21
330
1F
100
AcDbEntity
  8
0
100
AcDbBlockEnd
  0
BLOCK
  5
1C
330
1B
100
AcDbEntity
 67
     1
  8
0
100
AcDbBlockBegin
  2
*PAPER_SPACE
 70
     0
 10
0.0
 20
0.0
 30
0.0
  3
*PAPER_SPACE
  1

  0
ENDBLK
  5
1D
330
1B
100
AcDbEntity
 67
     1
  8
0
100
AcDbBlockEnd
  0
ENDSEC
  0
SECTION
  2
ENTITIES
  0
SPLINE
  5
6B
330
1F
100
AcDbEntity
  8
DEFAULT
 62
     1
100
AcDbSpline
210
0.0
220
0.0
230
1.0
 70
    11
 71
     3
 72
    29
 73
    25
 74
     0
 42
0.000000001
 43
0.0000000001
 40
0.0
 40
0.0
 40
0.0
 40
0.0
 40
300.472
 40
300.472
 40
300.472
 40
301.472
 40
301.472
 40
301.472
 40
857.062
 40
857.062
 40
857.062
 40
858.062
 40
858.062
 40
858.062
 40
1158.534
 40
1158.534
 40
1158.534
 40
1159.534
 40
1159.534
 40
1159.534
 40
1715.124
 40
1715.124
 40
1715.124
 40
1716.124
 40
1716.124
 40
1716.124
 40
1716.124
 10
392.9999830555555
 20
9.999979999999999
 30
0.0
 10
357.6667015740741
 20
9.999979999999999
 30
0.0
 10
322.3334200925926
 20
9.999979999999999
 30
0.0
 10
287.0001386111111
 20
9.999979999999999
 30
0.0
 10
280.3725024999999
 20
9.999979999999999
 30
0.0
 10
275.0000497222222
 20
15.37243277777778
 30
0.0
 10
275.0000497222222
 20
22.00006888888888
 30
0.0
 10
275.0000497222222
 20
87.3333374074074
 30
0.0
 10
275.0000497222222
 20
152.6666059259259
 30
0.0
 10
275.0000497222222
 20
217.9998744444444
 30
0.0
 10
275.0000497222222
 20
224.6275105555555
 30
0.0
 10
280.3725024999999
 20
229.9999633333333
 30
0.0
 10
287.0001386111111
 20
229.9999633333333
 30
0.0
 10
322.3334200925926
 20
229.9999633333333
 30
0.0
 10
357.666701574074
 20
229.9999633333333
 30
0.0
 10
392.9999830555555
 20
229.9999633333333
 30
0.0
 10
399.6272663888889
 20
229.9999633333333
 30
0.0
 10
405.0000719444444
 20
224.6275105555555
 30
0.0
 10
405.0000719444444
 20
217.9998744444444
 30
0.0
 10
405.0000719444444
 20
152.6666059259259
 30
0.0
 10
405.0000719444444
 20
87.33333740740738
 30
0.0
 10
405.0000719444444
 20
22.00006888888888
 30
0.0
 10
405.0000719444444
 20
15.37243277777778
 30
0.0
 10
399.6272663888889
 20
9.999979999999999
 30
0.0
 10
392.9999830555555
 20
9.999979999999999
 30
0.0
  0
SPLINE
  5
6C
330
1F
100
AcDbEntity
  8
DEFAULT
 62
    18
100
AcDbSpline
210
0.0
220
0.0
230
1.0
 70
     8
 71
     3
 72
    23
 73
    19
 74
     0
 42
0.000000001
 43
0.0000000001
 40
0.0
 40
0.0
 40
0.0
 40
0.0
 40
1.0
 40
1.0
 40
1.0
 40
2.0
 40
2.0
 40
2.0
 40
3.0
 40
3.0
 40
3.0
 40
6.612908108435628
 40
6.612908108435628
 40
6.612908108435628
 40
7.612908108435628
 40
7.612908108435628
 40
7.612908108435628
 40
8.612908108435628
 40
8.612908108435628
 40
8.612908108435628
 40
8.612908108435628
 10
291.5754899999999
 20
164.0024730555555
 30
0.0
 10
291.8139677777777
 20
163.6352313888889
 30
0.0
 10
291.7860983333333
 20
163.2059008333333
 30
0.0
 10
291.4315566666666
 20
162.9751841666667
 30
0.0
 10
291.0343288888889
 20
162.7169508333333
 30
0.0
 10
290.7016594444444
 20
162.9974091666666
 30
0.0
 10
290.5559622222222
 20
163.2214230555555
 30
0.0
 10
290.5266816666666
 20
163.2665786111111
 30
0.0
 10
290.5210372222222
 20
163.2810425
 30
0.0
 10
290.5086899999999
 20
163.3050313888889
 30
0.0
 10
290.8642899999999
 20
163.5375119444444
 30
0.0
 10
291.2198899999999
 20
163.7699925
 30
0.0
 10
291.5754899999999
 20
164.0024730555555
 30
0.0
 10
291.3366594444444
 20
164.3693619444444
 30
0.0
 10
290.9528372222222
 20
164.4699036111111
 30
0.0
 10
290.5781872222222
 20
164.2264869444444
 30
0.0
 10
290.384865
 20
164.1005452777778
 30
0.0
 10
290.2776205555555
 20
163.9738980555555
 30
0.0
 10
290.2225872222222
 20
163.8878202777778
 30
0.0
  0
SPLINE
  5
6D
330
1F
100
AcDbEntity
  8
DEFAULT
 62
    18
100
AcDbSpline
210
0.0
220
0.0
230
1.0
 70
     8
 71
     3
 72
    23
 73
    19
 74
     0
 42
0.000000001
 43
0.0000000001
 40
0.0
 40
0.0
 40
0.0
 40
0.0
 40
1.0
 40
1.0
 40
1.0
 40
2.0
 40
2.0
 40
2.0
 40
3.0
 40
3.0
 40
3.0
 40
6.611979097392529
 40
6.611979097392529
 40
6.611979097392529
 40
7.611979097392529
 40
7.611979097392529
 40
7.611979097392529
 40
8.61197909739253
 40
8.61197909739253
 40
8.61197909739253
 40
8.61197909739253
 10
290.4989533333333
 20
187.1619813888889
 30
0.0
 10
290.7374311111111
 20
187.5288702777778
 30
0.0
 10
291.1417144444444
 20
187.6773897222222
 30
0.0
 10
291.4962561111111
 20
187.4466730555556
 30
0.0
 10
291.8931311111111
 20
187.1884397222222
 30
0.0
 10
291.7717755555555
 20
186.7707508333333
 30
0.0
 10
291.6260783333333
 20
186.5467369444444
 30
0.0
 10
291.5967977777777
 20
186.5015813888889
 30
0.0
 10
291.5858616666666
 20
186.4906452777778
 30
0.0
 10
291.5685755555555
 20
186.4694786111111
 30
0.0
 10
291.2120348148148
 20
186.7003128703703
 30
0.0
 10
290.855494074074
 20
186.9311471296296
 30
0.0
 10
290.4989533333333
 20
187.1619813888889
 30
0.0
 10
290.2601227777777
 20
186.7950925
 30
0.0
 10
290.3236227777778
 20
186.4031563888889
 30
0.0
 10
290.6982727777778
 20
186.1597397222222
 30
0.0
 10
290.8915949999999
 20
186.0337980555556
 30
0.0
 10
291.0510505555555
 20
185.9872313888889
 30
0.0
 10
291.151945
 20
185.9717091666666
 30
0.0
  0
SPLINE
  5
6E
330
1F
100
AcDbEntity
  8
DEFAULT
 62
    18
100
AcDbSpline
210
0.0
220
0.0
230
1.0
 70
     8
 71
     3
 72
    14
 73
    10
 74
     0
 42
0.000000001
 43
0.0000000001
 40
0.0
 40
0.0
 40
0.0
 40
0.0
 40
3.83299999999997
 40
3.83299999999997
 40
3.83299999999997
 40
4.83299999999997
 40
4.83299999999997
 40
4.83299999999997
 40
5.83299999999997
 40
5.83299999999997
 40
5.83299999999997
 40
5.83299999999997
 10
289.2962633333333
 20
175.6779358333333
 30
0.0
 10
289.7469957407407
 20
175.6779358333333
 30
0.0
 10
290.1977281481481
 20
175.6779358333333
 30
0.0
 10
290.6484605555555
 20
175.6779358333333
 30
0.0
 10
291.1850355555555
 20
175.6779358333333
 30
0.0
 10
291.3501355555555
 20
175.4140580555555
 30
0.0
 10
291.3501355555555
 20
175.0662191666667
 30
0.0
 10
291.3501355555555
 20
174.9702636111111
 30
0.0
 10
291.3293216666667
 20
174.8534941666666
 30
0.0
 10
291.3021577777778
 20
174.7875247222222
 30
0.0
  0
SPLINE
  5
6F
330
1F
100
AcDbEntity
  8
DEFAULT
 62
     1
100
AcDbSpline
210
0.0
220
0.0
230
1.0
 70
    11
 71
     3
 72
    92
 73
    88
 74
     0
 42
0.000000001
 43
0.0000000001
 40
1.0
 40
1.0
 40
1.0
 40
1.0
 40
2.0
 40
2.0
 40
2.0
 40
3.0
 40
3.0
 40
3.0
 40
4.0
 40
4.0
 40
4.0
 40
13.91556362492818
 40
13.91556362492818
 40
13.91556362492818
 40
22.40912359704822
 40
22.40912359704822
 40
22.40912359704822
 40
32.3284381398984
 40
32.3284381398984
 40
32.3284381398984
 40
33.3284381398984
 40
33.3284381398984
 40
33.3284381398984
 40
34.3284381398984
 40
34.3284381398984
 40
34.3284381398984
 40
35.3284381398984
 40
35.3284381398984
 40
35.3284381398984
 40
36.3284381398984
 40
36.3284381398984
 40
36.3284381398984
 40
37.3284381398984
 40
37.3284381398984
 40
37.3284381398984
 40
38.3284381398984
 40
38.3284381398984
 40
38.3284381398984
 40
39.3284381398984
 40
39.3284381398984
 40
39.3284381398984
 40
49.24843813989847
 40
49.24843813989847
 40
49.24843813989847
 40
57.74843813989847
 40
57.74843813989847
 40
57.74843813989847
 40
67.66843813989854
 40
67.66843813989854
 40
67.66843813989854
 40
68.66843813989854
 40
68.66843813989854
 40
68.66843813989854
 40
69.66843813989854
 40
69.66843813989854
 40
69.66843813989854
 40
70.66843813989854
 40
70.66843813989854
 40
70.66843813989854
 40
71.66843813989854
 40
71.66843813989854
 40
71.66843813989854
 40
72.66843813989854
 40
72.66843813989854
 40
72.66843813989854
 40
73.66843813989854
 40
73.66843813989854
 40
73.66843813989854
 40
74.66843813989854
 40
74.66843813989854
 40
74.66843813989854
 40
84.58775268274871
 40
84.58775268274871
 40
84.58775268274871
 40
93.08131265486875
 40
93.08131265486875
 40
93.08131265486875
 40
102.996876279797
 40
102.996876279797
 40
102.996876279797
 40
103.996876279797
 40
103.996876279797
 40
103.996876279797
 40
104.996876279797
 40
104.996876279797
 40
104.996876279797
 40
105.996876279797
 40
105.996876279797
 40
105.996876279797
 40
105.996876279797
 10
285.98495
 20
175.2320247222222
 30
0.0
 10
285.98495
 20
177.2393302777778
 30
0.0
 10
287.0069472222222
 20
176.4434636111111
 30
0.0
 10
287.0069472222222
 20
177.8813858333333
 30
0.0
 10
286.9910722222222
 20
177.9089025
 30
0.0
 10
287.3985305555555
 20
178.5717719444444
 30
0.0
 10
287.9241694444444
 20
179.3761052777778
 30
0.0
 10
288.4476916666667
 20
180.1836136111111
 30
0.0
 10
288.7697777777778
 20
180.5854275
 30
0.0
 10
288.921825
 20
180.8157913888889
 30
0.0
 10
289.5581185185185
 20
181.7928682407407
 30
0.0
 10
290.194412037037
 20
182.7699450925926
 30
0.0
 10
290.8307055555555
 20
183.7470219444444
 30
0.0
 10
289.9934462962963
 20
184.2915932407408
 30
0.0
 10
289.156187037037
 20
184.836164537037
 30
0.0
 10
288.3189277777778
 20
185.3807358333333
 30
0.0
 10
287.6811055555556
 20
184.4041293518518
 30
0.0
 10
287.0432833333333
 20
183.4275228703704
 30
0.0
 10
286.4054611111111
 20
182.4509163888889
 30
0.0
 10
286.2565888888889
 20
182.2223163888889
 30
0.0
 10
286.0212861111111
 20
181.7686441666667
 30
0.0
 10
285.4914138888889
 20
180.9576080555555
 30
0.0
 10
284.9678916666667
 20
180.1500997222222
 30
0.0
 10
284.5195111111111
 20
179.5083969444444
 30
0.0
 10
284.4937583333333
 20
179.5179219444444
 30
0.0
 10
282.6624888888889
 20
180.7194830555555
 30
0.0
 10
283.0523083333333
 20
183.0047775
 30
0.0
 10
286.3652444444444
 20
188.6248802777778
 30
0.0
 10
288.3189277777778
 20
191.9392275
 30
0.0
 10
291.1429138888889
 20
192.6338469444445
 30
0.0
 10
292.9501944444444
 20
191.5628136111111
 30
0.0
 10
297.5154916666667
 20
188.8573608333333
 30
0.0
 10
300.3641722222222
 20
188.5776080555555
 30
0.0
 10
300.3641722222222
 20
176.7313302777778
 30
0.0
 10
300.3641722222222
 20
176.7031080555556
 30
0.0
 10
299.5810055555555
 20
176.6819413888889
 30
0.0
 10
298.6143944444444
 20
176.6819413888889
 30
0.0
 10
297.6477833333333
 20
176.6819413888889
 30
0.0
 10
297.1362555555556
 20
176.7313302777778
 30
0.0
 10
296.8646166666667
 20
176.7313302777778
 30
0.0
 10
295.6980981481481
 20
176.7313302777778
 30
0.0
 10
294.5315796296296
 20
176.7313302777778
 30
0.0
 10
293.3650611111111
 20
176.7313302777778
 30
0.0
 10
293.3650611111111
 20
175.7317932407408
 30
0.0
 10
293.3650611111111
 20
174.7322562037037
 30
0.0
 10
293.3650611111111
 20
173.7327191666667
 30
0.0
 10
294.5315796296296
 20
173.7327191666667
 30
0.0
 10
295.6980981481481
 20
173.7327191666667
 30
0.0
 10
296.8646166666667
 20
173.7327191666667
 30
0.0
 10
297.1362555555556
 20
173.7327191666667
 30
0.0
 10
297.6477833333333
 20
173.7821080555555
 30
0.0
 10
298.6143944444444
 20
173.7821080555555
 30
0.0
 10
299.5810055555555
 20
173.7821080555555
 30
0.0
 10
300.3641722222222
 20
173.7574136111111
 30
0.0
 10
300.3641722222222
 20
173.7327191666667
 30
0.0
 10
300.3641722222222
 20
161.8864413888889
 30
0.0
 10
297.5154916666667
 20
161.6066886111111
 30
0.0
 10
292.9501944444444
 20
158.9012358333333
 30
0.0
 10
291.1429138888889
 20
157.8302025
 30
0.0
 10
288.3189277777778
 20
158.5248219444445
 30
0.0
 10
286.3652444444444
 20
161.8391691666667
 30
0.0
 10
283.0523083333333
 20
167.4592719444444
 30
0.0
 10
282.6624888888889
 20
169.7442136111111
 30
0.0
 10
284.4937583333333
 20
170.9461275
 30
0.0
 10
284.5195111111111
 20
170.9556525
 30
0.0
 10
284.9678916666667
 20
170.3139497222222
 30
0.0
 10
285.4914138888889
 20
169.5064413888889
 30
0.0
 10
286.0212861111111
 20
168.6954052777778
 30
0.0
 10
286.2565888888889
 20
168.2417330555556
 30
0.0
 10
286.4054611111111
 20
168.0131330555555
 30
0.0
 10
287.0432833333333
 20
167.0365265740741
 30
0.0
 10
287.6811055555556
 20
166.0599200925926
 30
0.0
 10
288.3189277777778
 20
165.0833136111111
 30
0.0
 10
289.156187037037
 20
165.6278849074074
 30
0.0
 10
289.9934462962963
 20
166.1724562037037
 30
0.0
 10
290.8307055555555
 20
166.7170275
 30
0.0
 10
290.194412037037
 20
167.6941043518518
 30
0.0
 10
289.5581185185185
 20
168.6711812037037
 30
0.0
 10
288.921825
 20
169.6482580555555
 30
0.0
 10
288.7697777777778
 20
169.8786219444444
 30
0.0
 10
288.4476916666667
 20
170.2804358333333
 30
0.0
 10
287.9241694444444
 20
171.0879441666667
 30
0.0
 10
287.3985305555555
 20
171.8922775
 30
0.0
 10
286.9910722222222
 20
172.5551469444444
 30
0.0
 10
287.0069472222222
 20
172.5826636111111
 30
0.0
 10
287.0069472222222
 20
174.0205858333333
 30
0.0
 10
285.98495
 20
173.2247191666667
 30
0.0
 10
285.98495
 20
175.2320247222222
 30
0.0
  0
SPLINE
  5
70
330
1F
100
AcDbEntity
  8
DEFAULT
 62
    18
100
AcDbSpline
210
0.0
220
0.0
230
1.0
 70
     8
 71
     3
 72
    26
 73
    22
 74
     0
 42
0.000000001
 43
0.0000000001
 40
0.0
 40
0.0
 40
0.0
 40
0.0
 40
5.660973856148762
 40
5.660973856148762
 40
5.660973856148762
 40
6.660973856148762
 40
6.660973856148762
 40
6.660973856148762
 40
7.660973856148762
 40
7.660973856148762
 40
7.660973856148762
 40
8.660973856148761
 40
8.660973856148761
 40
8.660973856148761
 40
9.660973856148761
 40
9.660973856148761
 40
9.660973856148761
 40
10.66097385614876
 40
10.66097385614876
 40
10.66097385614876
 40
11.66097385614876
 40
11.66097385614876
 40
11.66097385614876
 40
11.66097385614876
 10
337.8767266666666
 20
182.0138247222222
 30
0.0
 10
337.7731275925925
 20
181.3562469444444
 30
0.0
 10
337.6695285185184
 20
180.6986691666666
 30
0.0
 10
337.5659294444444
 20
180.0410913888888
 30
0.0
 10
337.4382238888888
 20
180.0403858333333
 30
0.0
 10
337.2724183333333
 20
180.0481469444444
 30
0.0
 10
337.064985
 20
180.0806025
 30
0.0
 10
336.8102794444444
 20
180.1208191666666
 30
0.0
 10
336.633185
 20
180.2093663888889
 30
0.0
 10
336.531585
 20
180.3349552777778
 30
0.0
 10
336.4366877777778
 20
180.4467858333333
 30
0.0
 10
336.3947072222222
 20
180.6023608333333
 30
0.0
 10
336.4225766666667
 20
180.7798080555555
 30
0.0
 10
336.4511516666666
 20
180.9607830555555
 30
0.0
 10
336.5269988888888
 20
181.0944858333333
 30
0.0
 10
336.6437683333333
 20
181.1823275
 30
0.0
 10
336.8028711111111
 20
181.3057997222222
 30
0.0
 10
337.0367627777778
 20
181.3449580555556
 30
0.0
 10
337.2882933333333
 20
181.3050941666667
 30
0.0
 10
337.3655516666666
 20
181.2930997222222
 30
0.0
 10
337.6953988888889
 20
181.1869136111111
 30
0.0
 10
337.7370266666667
 20
181.1279997222222
 30
0.0
  0
SPLINE
  5
71
330
1F
100
AcDbEntity
  8
DEFAULT
 62
    18
100
AcDbSpline
210
0.0
220
0.0
230
1.0
 70
    11
 71
     3
 72
    17
 73
    13
 74
     0
 42
0.000000001
 43
0.0000000001
 40
0.0
 40
0.0
 40
0.0
 40
0.0
 40
1.0
 40
1.0
 40
1.0
 40
2.0
 40
2.0
 40
2.0
 40
3.0
 40
3.0
 40
3.0
 40
4.0
 40
4.0
 40
4.0
 40
4.0
 10
343.87663
 20
177.6496108333333
 30
0.0
 10
343.87663
 20
176.9539330555555
 30
0.0
 10
343.4540022222222
 20
176.5852802777777
 30
0.0
 10
342.9382411111111
 20
176.5852802777777
 30
0.0
 10
342.4044883333333
 20
176.5852802777777
 30
0.0
 10
342.0298383333333
 20
176.9990886111111
 30
0.0
 10
342.0298383333333
 20
177.6104525
 30
0.0
 10
342.0298383333333
 20
178.2521552777778
 30
0.0
 10
342.4284772222222
 20
178.6719608333333
 30
0.0
 10
342.9682272222222
 20
178.6719608333333
 30
0.0
 10
343.5199716666667
 20
178.6719608333333
 30
0.0
 10
343.87663
 20
178.2493330555555
 30
0.0
 10
343.87663
 20
177.6496108333333
 30
0.0
  0
SPLINE
  5
72
330
1F
100
AcDbEntity
  8
DEFAULT
 62
     1
100
AcDbSpline
210
0.0
220
0.0
230
1.0
 70
    11
 71
     3
 72
   146
 73
   142
 74
     0
 42
0.000000001
 43
0.0000000001
 40
1.0
 40
1.0
 40
1.0
 40
1.0
 40
2.0
 40
2.0
 40
2.0
 40
3.0
 40
3.0
 40
3.0
 40
4.0
 40
4.0
 40
4.0
 40
5.0
 40
5.0
 40
5.0
 40
6.0
 40
6.0
 40
6.0
 40
7.0
 40
7.0
 40
7.0
 40
8.0
 40
8.0
 40
8.0
 40
9.0
 40
9.0
 40
9.0
 40
10.0
 40
10.0
 40
10.0
 40
11.0
 40
11.0
 40
11.0
 40
12.0
 40
12.0
 40
12.0
 40
13.0
 40
13.0
 40
13.0
 40
14.0
 40
14.0
 40
14.0
 40
52.46800187168547
 40
52.46800187168547
 40
52.46800187168547
 40
60.98000187168552
 40
60.98000187168552
 40
60.98000187168552
 40
99.45600562727319
 40
99.45600562727319
 40
99.45600562727319
 40
100.4560056272732
 40
100.4560056272732
 40
100.4560056272732
 40
101.4560056272732
 40
101.4560056272732
 40
101.4560056272732
 40
102.4560056272732
 40
102.4560056272732
 40
102.4560056272732
 40
103.4560056272732
 40
103.4560056272732
 40
103.4560056272732
 40
104.4560056272732
 40
104.4560056272732
 40
104.4560056272732
 40
105.4560056272732
 40
105.4560056272732
 40
105.4560056272732
 40
106.4560056272732
 40
106.4560056272732
 40
106.4560056272732
 40
107.4560056272732
 40
107.4560056272732
 40
107.4560056272732
 40
108.4560056272732
 40
108.4560056272732
 40
108.4560056272732
 40
109.4560056272732
 40
109.4560056272732
 40
109.4560056272732
 40
110.4560056272732
 40
110.4560056272732
 40
110.4560056272732
 40
111.4560056272732
 40
111.4560056272732
 40
111.4560056272732
 40
112.4560056272732
 40
112.4560056272732
 40
112.4560056272732
 40
113.4560056272732
 40
113.4560056272732
 40
113.4560056272732
 40
114.4560056272732
 40
114.4560056272732
 40
114.4560056272732
 40
115.4560056272732
 40
115.4560056272732
 40
115.4560056272732
 40
116.4560056272732
 40
116.4560056272732
 40
116.4560056272732
 40
117.4560056272732
 40
117.4560056272732
 40
117.4560056272732
 40
118.4560056272732
 40
118.4560056272732
 40
118.4560056272732
 40
119.4560056272732
 40
119.4560056272732
 40
119.4560056272732
 40
120.4560056272732
 40
120.4560056272732
 40
120.4560056272732
 40
131.7891305714358
 40
131.7891305714358
 40
131.7891305714358
 40
140.2928342351343
 40
140.2928342351343
 40
140.2928342351343
 40
151.6259591792969
 40
151.6259591792969
 40
151.6259591792969
 40
152.6259591792969
 40
152.6259591792969
 40
152.6259591792969
 40
153.6259591792969
 40
153.6259591792969
 40
153.6259591792969
 40
154.6259591792969
 40
154.6259591792969
 40
154.6259591792969
 40
155.6259591792969
 40
155.6259591792969
 40
155.6259591792969
 40
156.6259591792969
 40
156.6259591792969
 40
156.6259591792969
 40
157.6259591792969
 40
157.6259591792969
 40
157.6259591792969
 40
158.6259591792969
 40
158.6259591792969
 40
158.6259591792969
 40
158.6259591792969
 10
346.3226852777777
 20
191.1187016666666
 30
0.0
 10
349.0602408333333
 20
183.7530544444444
 30
0.0
 10
349.8896213888888
 20
178.5400572222222
 30
0.0
 10
349.8007213888889
 20
167.3443016666666
 30
0.0
 10
349.6779547222222
 20
152.2662266666667
 30
0.0
 10
350.9948741666666
 20
139.2589572222222
 30
0.0
 10
348.0223686111111
 20
141.5463683333333
 30
0.0
 10
347.1252547222222
 20
142.6823127777778
 30
0.0
 10
345.9794325
 20
143.49476
 30
0.0
 10
344.4677797222222
 20
143.4238516666666
 30
0.0
 10
344.4423797222221
 20
143.4252627777778
 30
0.0
 10
344.4173325
 20
144.2094877777778
 30
0.0
 10
344.4190963888889
 20
145.1722183333333
 30
0.0
 10
344.4173325
 20
146.1409461111111
 30
0.0
 10
344.4684852777777
 20
146.6514155555555
 30
0.0
 10
344.4646047222222
 20
146.9262294444444
 30
0.0
 10
344.4638991666666
 20
147.1946933333333
 30
0.0
 10
344.4173325
 20
147.7055155555555
 30
0.0
 10
344.4155686111111
 20
148.6742433333333
 30
0.0
 10
344.4138047222222
 20
149.6433238888889
 30
0.0
 10
344.4638991666666
 20
150.1488544444444
 30
0.0
 10
344.4646047222222
 20
150.4222572222222
 30
0.0
 10
344.4607241666666
 20
150.6970711111111
 30
0.0
 10
344.4127463888889
 20
151.2029544444444
 30
0.0
 10
344.4109825
 20
152.172035
 30
0.0
 10
344.4109825
 20
153.1375877777778
 30
0.0
 10
344.4670741666666
 20
153.6466461111111
 30
0.0
 10
344.4649575
 20
153.9186377777777
 30
0.0
 10
344.4610769444444
 20
154.1934516666666
 30
0.0
 10
344.4127463888889
 20
154.699335
 30
0.0
 10
344.4109825
 20
155.6680627777777
 30
0.0
 10
344.4113352777777
 20
156.6339683333333
 30
0.0
 10
344.4607241666666
 20
157.14726
 30
0.0
 10
344.4586075
 20
157.4188988888889
 30
0.0
 10
344.4575491666666
 20
157.6954766666667
 30
0.0
 10
344.4099241666666
 20
158.2221738888888
 30
0.0
 10
344.4099241666666
 20
159.2163016666666
 30
0.0
 10
344.4049852777777
 20
160.2118405555555
 30
0.0
 10
344.4550797222222
 20
160.738185
 30
0.0
 10
344.4571963888889
 20
161.0161738888889
 30
0.0
 10
344.4557852777777
 20
165.5397257407407
 30
0.0
 10
344.4543741666666
 20
170.0632775925926
 30
0.0
 10
344.4529630555555
 20
174.5868294444444
 30
0.0
 10
343.4520149074074
 20
174.5868294444444
 30
0.0
 10
342.4510667592592
 20
174.5868294444444
 30
0.0
 10
341.4501186111111
 20
174.5868294444444
 30
0.0
 10
341.4521176851852
 20
170.0623368518518
 30
0.0
 10
341.4541167592593
 20
165.5378442592592
 30
0.0
 10
341.4561158333333
 20
161.0133516666666
 30
0.0
 10
341.4585852777777
 20
160.7335988888889
 30
0.0
 10
341.5093852777777
 20
160.2090183333333
 30
0.0
 10
341.5065630555555
 20
159.2127738888888
 30
0.0
 10
341.5097380555555
 20
158.22041
 30
0.0
 10
341.4624658333333
 20
157.6961822222222
 30
0.0
 10
341.4621130555555
 20
157.4146655555555
 30
0.0
 10
341.4610547222222
 20
157.1412627777778
 30
0.0
 10
341.5090325
 20
156.6353794444444
 30
0.0
 10
341.5107963888889
 20
155.6662988888889
 30
0.0
 10
341.5139713888889
 20
154.70251
 30
0.0
 10
341.4642297222222
 20
154.1888655555555
 30
0.0
 10
341.4617602777777
 20
153.9186377777777
 30
0.0
 10
341.4610547222222
 20
153.6448822222222
 30
0.0
 10
341.5090325
 20
153.1389988888889
 30
0.0
 10
341.5107963888889
 20
152.1702711111111
 30
0.0
 10
341.5136186111111
 20
151.2061294444444
 30
0.0
 10
341.4642297222222
 20
150.6928377777778
 30
0.0
 10
341.4617602777777
 20
150.4222572222222
 30
0.0
 10
341.4638769444444
 20
150.1506183333333
 30
0.0
 10
341.5122075
 20
149.6366211111111
 30
0.0
 10
341.5171463888889
 20
148.6696572222222
 30
0.0
 10
341.5153825
 20
147.7069266666666
 30
0.0
 10
341.4688158333333
 20
147.1953988888889
 30
0.0
 10
341.4649352777777
 20
146.9198794444444
 30
0.0
 10
341.4670519444444
 20
146.6482405555555
 30
0.0
 10
341.5171463888889
 20
146.1391822222222
 30
0.0
 10
341.5217324999999
 20
145.1722183333333
 30
0.0
 10
341.5213797222222
 20
144.2144266666666
 30
0.0
 10
341.4970380555555
 20
143.4383155555555
 30
0.0
 10
341.4695213888889
 20
143.4224405555555
 30
0.0
 10
339.6865824999999
 20
143.47571
 30
0.0
 10
337.6270658333333
 20
142.1182211111111
 30
0.0
 10
335.6257575
 20
140.9004322222222
 30
0.0
 10
333.0938713888888
 20
140.2192183333333
 30
0.0
 10
330.8403269444444
 20
147.9379961111111
 30
0.0
 10
331.1913408333333
 20
151.5186905555555
 30
0.0
 10
331.6852297222222
 20
156.5433044444444
 30
0.0
 10
329.3957019444444
 20
158.7770933333333
 30
0.0
 10
331.5786908333333
 20
180.3431044444444
 30
0.0
 10
333.2113463888889
 20
196.4812766666666
 30
0.0
 10
336.2223047222222
 20
196.6936488888888
 30
0.0
 10
336.0035825
 20
199.130285
 30
0.0
 10
335.8095547222222
 20
201.2917544444444
 30
0.0
 10
336.8781186111111
 20
198.9919961111111
 30
0.0
 10
338.3622547222222
 20
198.7577516666666
 30
0.0
 10
338.3922408333333
 20
198.7549294444444
 30
0.0
 10
338.2906408333333
 20
197.9791711111111
 30
0.0
 10
338.1385936111111
 20
197.0231433333333
 30
0.0
 10
337.9890158333333
 20
196.0688794444444
 30
0.0
 10
337.8613102777777
 20
195.5711099999999
 30
0.0
 10
337.8203880555555
 20
195.3029988888889
 30
0.0
 10
337.7766436111111
 20
195.0334766666666
 30
0.0
 10
337.7477158333333
 20
194.5194794444444
 30
0.0
 10
337.5984908333333
 20
193.5652155555555
 30
0.0
 10
337.4460908333333
 20
192.6091877777777
 30
0.0
 10
337.3183852777777
 20
192.1117711111111
 30
0.0
 10
337.2774630555555
 20
191.8436599999999
 30
0.0
 10
337.2326602777777
 20
191.5688461111111
 30
0.0
 10
337.1998519444444
 20
191.0407377777777
 30
0.0
 10
337.0456880555555
 20
190.05931
 30
0.0
 10
336.8918769444444
 20
189.0778822222222
 30
0.0
 10
336.7631130555556
 20
188.5674127777777
 30
0.0
 10
336.7179575
 20
188.2929516666666
 30
0.0
 10
336.5105241666666
 20
186.9765025925925
 30
0.0
 10
336.3030908333333
 20
185.6600535185185
 30
0.0
 10
336.0956575
 20
184.3436044444444
 30
0.0
 10
337.0834352777777
 20
184.1879118518518
 30
0.0
 10
338.0712130555555
 20
184.0322192592592
 30
0.0
 10
339.0589908333333
 20
183.8765266666666
 30
0.0
 10
339.2664241666666
 20
185.1929757407407
 30
0.0
 10
339.4738575
 20
186.5094248148148
 30
0.0
 10
339.6812908333333
 20
187.8258738888889
 30
0.0
 10
339.7215075
 20
188.1017461111111
 30
0.0
 10
339.7560797222222
 20
188.6270322222222
 30
0.0
 10
339.9102436111111
 20
189.60846
 30
0.0
 10
340.0640547222222
 20
190.5898877777777
 30
0.0
 10
340.1959936111111
 20
191.1021211111111
 30
0.0
 10
340.2390325
 20
191.3797572222222
 30
0.0
 10
340.2799547222222
 20
191.6475155555555
 30
0.0
 10
340.3138213888889
 20
192.1601016666666
 30
0.0
 10
340.4630463888889
 20
193.1143655555555
 30
0.0
 10
340.6122713888889
 20
194.0686294444444
 30
0.0
 10
340.7403297222222
 20
194.5663988888889
 30
0.0
 10
340.7837213888889
 20
194.8359211111111
 30
0.0
 10
340.8278186111111
 20
195.1057961111111
 30
0.0
 10
340.8535713888888
 20
195.6180294444444
 30
0.0
 10
341.0059713888888
 20
196.5737044444444
 30
0.0
 10
341.1527269444444
 20
197.5184433333333
 30
0.0
 10
341.2994825
 20
198.2797377777777
 30
0.0
 10
341.3238241666667
 20
198.2938488888888
 30
0.0
 10
343.1198158333333
 20
198.0768905555555
 30
0.0
 10
345.0946658333333
 20
194.4348127777778
 30
0.0
 10
346.3226852777777
 20
191.1187016666666
 30
0.0
  0
SPLINE
  5
73
330
1F
100
AcDbEntity
  8
DEFAULT
 62
    18
100
AcDbSpline
210
0.0
220
0.0
230
1.0
 70
     8
 71
     3
 72
    14
 73
    10
 74
     0
 42
0.000000001
 43
0.0000000001
 40
0.0
 40
0.0
 40
0.0
 40
0.0
 40
5.728419677363086
 40
5.728419677363086
 40
5.728419677363086
 40
6.728419677363086
 40
6.728419677363086
 40
6.728419677363086
 40
12.45709037831975
 40
12.45709037831975
 40
12.45709037831975
 40
12.45709037831975
 10
388.8832427777778
 20
169.5897322222222
 30
0.0
 10
388.6073705555555
 20
170.2042711111111
 30
0.0
 10
388.3314983333333
 20
170.81881
 30
0.0
 10
388.0556261111111
 20
171.4333488888889
 30
0.0
 10
388.0556261111111
 20
171.4333488888889
 30
0.0
 10
389.9948455555555
 20
170.3157488888889
 30
0.0
 10
390.167001111111
 20
170.1661711111111
 30
0.0
 10
389.883838148148
 20
170.7774174074074
 30
0.0
 10
389.6006751851851
 20
171.3886637037037
 30
0.0
 10
389.3175122222221
 20
171.99991
 30
0.0
  0
SPLINE
  5
74
330
1F
100
AcDbEntity
  8
DEFAULT
 62
    18
100
AcDbSpline
210
0.0
220
0.0
230
1.0
 70
     8
 71
     3
 72
    14
 73
    10
 74
     0
 42
0.000000001
 43
0.0000000001
 40
0.0
 40
0.0
 40
0.0
 40
0.0
 40
5.728199106176304
 40
5.728199106176304
 40
5.728199106176304
 40
6.728199106176304
 40
6.728199106176304
 40
6.728199106176304
 40
12.45701896719478
 40
12.45701896719478
 40
12.45701896719478
 40
12.45701896719478
 10
390.1659075
 20
184.5894905555556
 30
0.0
 10
389.8906232407408
 20
183.9747164814815
 30
0.0
 10
389.6153389814816
 20
183.3599424074074
 30
0.0
 10
389.3400547222223
 20
182.7451683333334
 30
0.0
 10
389.3400547222222
 20
182.7451683333333
 30
0.0
 10
388.884618611111
 20
184.9366238888889
 30
0.0
 10
388.881443611111
 20
185.1645183333333
 30
0.0
 10
388.6134500925925
 20
184.5464516666667
 30
0.0
 10
388.345456574074
 20
183.928385
 30
0.0
 10
388.0774630555555
 20
183.3103183333333
 30
0.0
  0
SPLINE
  5
75
330
1F
100
AcDbEntity
  8
DEFAULT
 62
    18
100
AcDbSpline
210
0.0
220
0.0
230
1.0
 70
     8
 71
     3
 72
    17
 73
    13
 74
     0
 42
0.000000001
 43
0.0000000001
 40
0.0
 40
0.0
 40
0.0
 40
0.0
 40
5.77797758735695
 40
5.77797758735695
 40
5.77797758735695
 40
6.77797758735695
 40
6.77797758735695
 40
6.77797758735695
 40
11.99067525746971
 40
11.99067525746971
 40
11.99067525746971
 40
17.76167213842526
 40
17.76167213842526
 40
17.76167213842526
 40
17.76167213842526
 10
383.4502533333333
 20
182.5142047222222
 30
0.0
 10
383.094182962963
 20
181.935531574074
 30
0.0
 10
382.7381125925926
 20
181.3568584259259
 30
0.0
 10
382.3820422222223
 20
180.7781852777778
 30
0.0
 10
382.3820422222222
 20
180.7781852777778
 30
0.0
 10
382.3298311111111
 20
182.3879102777778
 30
0.0
 10
382.3689894444444
 20
182.6002825
 30
0.0
 10
381.9014412962962
 20
182.2038778703703
 30
0.0
 10
381.4338931481481
 20
181.8074732407407
 30
0.0
 10
380.966345
 20
181.4110686111111
 30
0.0
 10
381.1666051851852
 20
182.0594741666667
 30
0.0
 10
381.3668653703704
 20
182.7078797222222
 30
0.0
 10
381.5671255555555
 20
183.3562852777777
 30
0.0
  0
SPLINE
  5
76
330
1F
100
AcDbEntity
  8
DEFAULT
 62
    18
100
AcDbSpline
210
0.0
220
0.0
230
1.0
 70
     8
 71
     3
 72
    17
 73
    13
 74
     0
 42
0.000000001
 43
0.0000000001
 40
0.0
 40
0.0
 40
0.0
 40
0.0
 40
5.778290837263136
 40
5.778290837263136
 40
5.778290837263136
 40
6.778290837263136
 40
6.778290837263136
 40
6.778290837263136
 40
11.99011815596814
 40
11.99011815596814
 40
11.99011815596814
 40
17.76053417216658
 40
17.76053417216658
 40
17.76053417216658
 40
17.76053417216658
 10
381.5661024999999
 20
171.3994116666666
 30
0.0
 10
381.3721923148148
 20
172.0506394444444
 30
0.0
 10
381.1782821296295
 20
172.7018672222222
 30
0.0
 10
380.9843719444444
 20
173.3530949999999
 30
0.0
 10
380.9843719444445
 20
173.353095
 30
0.0
 10
382.2190941666667
 20
172.3187505555555
 30
0.0
 10
382.3513858333334
 20
172.1480061111111
 30
0.0
 10
382.3676136111112
 20
172.7606635185185
 30
0.0
 10
382.3838413888889
 20
173.3733209259259
 30
0.0
 10
382.4000691666667
 20
173.9859783333333
 30
0.0
 10
382.749789537037
 20
173.404482962963
 30
0.0
 10
383.0995099074074
 20
172.8229875925926
 30
0.0
 10
383.4492302777778
 20
172.2414922222222
 30
0.0
  0
POLYLINE
  5
77
330
1F
100
AcDbEntity
  8
DEFAULT
 62
    18
100
AcDb2dPolyline
 66
     1
 10
0.0
 20
0.0
 30
0.0
  0
VERTEX
  5
78
330
77
100
AcDbEntity
  8
DEFAULT
 62
    18
100
AcDbVertex
100
AcDb2dVertex
 10
385.7297975
 20
177.3756436111111
 30
0.0
  0
VERTEX
  5
79
330
77
100
AcDbEntity
  8
DEFAULT
 62
    18
100
AcDbVertex
100
AcDb2dVertex
 10
383.7087336111111
 20
177.3756436111111
 30
0.0
  0
SEQEND
  5
7A
330
77
100
AcDbEntity
  8
DEFAULT
 62
    18
  0
SPLINE
  5
7B
330
1F
100
AcDbEntity
  8
DEFAULT
 62
     1
100
AcDbSpline
210
0.0
220
0.0
230
1.0
 70
    11
 71
     3
 72
   134
 73
   130
 74
     0
 42
0.000000001
 43
0.0000000001
 40
0.0
 40
0.0
 40
0.0
 40
0.0
 40
8.49137209171758
 40
8.49137209171758
 40
8.49137209171758
 40
12.74366559052492
 40
12.74366559052492
 40
12.74366559052492
 40
13.74366559052492
 40
13.74366559052492
 40
13.74366559052492
 40
14.74366559052492
 40
14.74366559052492
 40
14.74366559052492
 40
15.74366559052492
 40
15.74366559052492
 40
15.74366559052492
 40
16.74366559052492
 40
16.74366559052492
 40
16.74366559052492
 40
17.74366559052492
 40
17.74366559052492
 40
17.74366559052492
 40
27.663665590525
 40
27.663665590525
 40
27.663665590525
 40
36.163665590525
 40
36.163665590525
 40
36.163665590525
 40
46.08366559052507
 40
46.08366559052507
 40
46.08366559052507
 40
47.08366559052507
 40
47.08366559052507
 40
47.08366559052507
 40
48.08366559052507
 40
48.08366559052507
 40
48.08366559052507
 40
49.08366559052507
 40
49.08366559052507
 40
49.08366559052507
 40
50.08366559052507
 40
50.08366559052507
 40
50.08366559052507
 40
51.08366559052507
 40
51.08366559052507
 40
51.08366559052507
 40
55.33595908933251
 40
55.33595908933251
 40
55.33595908933251
 40
63.831422584634
 40
63.831422584634
 40
63.831422584634
 40
68.07963397297145
 40
68.07963397297145
 40
68.07963397297145
 40
69.07963397297145
 40
69.07963397297145
 40
69.07963397297145
 40
70.07963397297145
 40
70.07963397297145
 40
70.07963397297145
 40
71.07963397297145
 40
71.07963397297145
 40
71.07963397297145
 40
72.07963397297145
 40
72.07963397297145
 40
72.07963397297145
 40
73.07963397297145
 40
73.07963397297145
 40
73.07963397297145
 40
77.33192747177888
 40
77.33192747177888
 40
77.33192747177888
 40
85.83242745707386
 40
85.83242745707386
 40
85.83242745707386
 40
90.0938474082169
 40
90.0938474082169
 40
90.0938474082169
 40
91.0938474082169
 40
91.0938474082169
 40
91.0938474082169
 40
92.0938474082169
 40
92.0938474082169
 40
92.0938474082169
 40
93.0938474082169
 40
93.0938474082169
 40
93.0938474082169
 40
94.0938474082169
 40
94.0938474082169
 40
94.0938474082169
 40
95.0938474082169
 40
95.0938474082169
 40
95.0938474082169
 40
96.0938474082169
 40
96.0938474082169
 40
96.0938474082169
 40
97.0938474082169
 40
97.0938474082169
 40
97.0938474082169
 40
98.0938474082169
 40
98.0938474082169
 40
98.0938474082169
 40
102.3461409070243
 40
102.3461409070243
 40
102.3461409070243
 40
110.8466408923193
 40
110.8466408923193
 40
110.8466408923193
 40
115.0989343911267
 40
115.0989343911267
 40
115.0989343911267
 40
116.0989343911267
 40
116.0989343911267
 40
116.0989343911267
 40
117.0989343911267
 40
117.0989343911267
 40
117.0989343911267
 40
118.0989343911267
 40
118.0989343911267
 40
118.0989343911267
 40
119.0989343911267
 40
119.0989343911267
 40
119.0989343911267
 40
120.0989343911267
 40
120.0989343911267
 40
120.0989343911267
 40
124.3562809826083
 40
124.3562809826083
 40
124.3562809826083
 40
124.3562809826083
 10
388.988935
 20
187.3422861111111
 30
0.0
 10
389.9002775925926
 20
186.9342398148148
 30
0.0
 10
390.8116201851852
 20
186.5261935185185
 30
0.0
 10
391.7229627777778
 20
186.1181472222222
 30
0.0
 10
391.9275738888889
 20
186.5744064814814
 30
0.0
 10
392.1321849999999
 20
187.0306657407407
 30
0.0
 10
392.3367961111111
 20
187.486925
 30
0.0
 10
392.4461572222222
 20
187.7338694444444
 30
0.0
 10
392.6119627777778
 20
188.2207027777777
 30
0.0
 10
393.0035461111111
 20
189.1026472222222
 30
0.0
 10
393.3951294444444
 20
189.9775361111111
 30
0.0
 10
393.7302683333333
 20
190.6795638888889
 30
0.0
 10
393.7655461111111
 20
190.6795638888889
 30
0.0
 10
396.5066294444444
 20
189.455425
 30
0.0
 10
394.7603794444444
 20
187.7620916666667
 30
0.0
 10
394.7603794444444
 20
178.8756194444444
 30
0.0
 10
394.7603794444444
 20
178.8473972222222
 30
0.0
 10
393.9772127777778
 20
178.8262305555555
 30
0.0
 10
393.0106016666667
 20
178.8262305555555
 30
0.0
 10
392.0439905555555
 20
178.8262305555555
 30
0.0
 10
391.5324627777778
 20
178.8756194444444
 30
0.0
 10
391.2608238888889
 20
178.8756194444444
 30
0.0
 10
390.0943053703704
 20
178.8756194444444
 30
0.0
 10
388.9277868518519
 20
178.8756194444444
 30
0.0
 10
387.7612683333333
 20
178.8756194444444
 30
0.0
 10
387.7612683333334
 20
177.8760824074074
 30
0.0
 10
387.7612683333334
 20
176.8765453703703
 30
0.0
 10
387.7612683333333
 20
175.8770083333333
 30
0.0
 10
388.9277868518519
 20
175.8770083333333
 30
0.0
 10
390.0943053703704
 20
175.8770083333333
 30
0.0
 10
391.2608238888889
 20
175.8770083333333
 30
0.0
 10
391.5324627777778
 20
175.8770083333333
 30
0.0
 10
392.0439905555555
 20
175.9263972222222
 30
0.0
 10
393.0106016666667
 20
175.9263972222222
 30
0.0
 10
393.9772127777778
 20
175.9263972222222
 30
0.0
 10
394.7603794444444
 20
175.9017027777778
 30
0.0
 10
394.7603794444444
 20
175.8770083333333
 30
0.0
 10
394.7603794444444
 20
166.9905361111111
 30
0.0
 10
396.5066294444444
 20
165.3007305555555
 30
0.0
 10
393.7655461111111
 20
164.0765916666666
 30
0.0
 10
393.7302683333333
 20
164.0765916666666
 30
0.0
 10
393.3951294444444
 20
164.7786194444444
 30
0.0
 10
393.0035461111111
 20
165.6535083333333
 30
0.0
 10
392.6119627777778
 20
166.5354527777777
 30
0.0
 10
392.4461572222222
 20
167.0222861111111
 30
0.0
 10
392.3367961111111
 20
167.2692305555555
 30
0.0
 10
392.1321849999999
 20
167.7254898148148
 30
0.0
 10
391.9275738888888
 20
168.181749074074
 30
0.0
 10
391.7229627777778
 20
168.6380083333333
 30
0.0
 10
390.8116201851852
 20
168.2287861111111
 30
0.0
 10
389.9002775925925
 20
167.8195638888889
 30
0.0
 10
388.988935
 20
167.4103416666667
 30
0.0
 10
389.1923701851852
 20
166.9540824074074
 30
0.0
 10
389.3958053703704
 20
166.4978231481481
 30
0.0
 10
389.5992405555555
 20
166.0415638888889
 30
0.0
 10
389.7086016666666
 20
165.7946194444444
 30
0.0
 10
389.9661294444444
 20
165.3465916666666
 30
0.0
 10
390.3577127777778
 20
164.4646472222222
 30
0.0
 10
390.7528238888889
 20
163.5827027777777
 30
0.0
 10
391.0526849999999
 20
162.8595083333333
 30
0.0
 10
391.0279905555555
 20
162.848925
 30
0.0
 10
389.020685
 20
161.9458138888889
 30
0.0
 10
387.750685
 20
166.4648972222222
 30
0.0
 10
386.7487961111111
 20
166.0133416666667
 30
0.0
 10
386.7205738888889
 20
166.0133416666667
 30
0.0
 10
386.3819072222221
 20
166.7153694444444
 30
0.0
 10
385.9903238888888
 20
167.5902583333333
 30
0.0
 10
385.5952127777778
 20
168.4722027777777
 30
0.0
 10
385.432935
 20
168.9590361111111
 30
0.0
 10
385.320046111111
 20
169.2095083333333
 30
0.0
 10
385.1154349999999
 20
169.6657675925926
 30
0.0
 10
384.9108238888888
 20
170.1220268518518
 30
0.0
 10
384.7062127777777
 20
170.5782861111111
 30
0.0
 10
383.7936942592592
 20
170.1702398148148
 30
0.0
 10
382.8811757407407
 20
169.7621935185185
 30
0.0
 10
381.9686572222221
 20
169.3541472222222
 30
0.0
 10
382.1732683333332
 20
168.896712037037
 30
0.0
 10
382.3778794444443
 20
168.4392768518518
 30
0.0
 10
382.5824905555555
 20
167.9818416666666
 30
0.0
 10
382.6918516666667
 20
167.7348972222222
 30
0.0
 10
382.9458516666666
 20
167.2903972222222
 30
0.0
 10
383.3444905555555
 20
166.4084527777777
 30
0.0
 10
383.7396016666666
 20
165.5265083333333
 30
0.0
 10
384.0324072222222
 20
164.7997861111111
 30
0.0
 10
384.0112405555556
 20
164.7892027777777
 30
0.0
 10
381.6934905555555
 20
163.7520361111111
 30
0.0
 10
380.9173794444444
 20
166.8106194444444
 30
0.0
 10
379.1429072222222
 20
169.960925
 30
0.0
 10
377.0685738888889
 20
173.6333416666666
 30
0.0
 10
379.0864627777778
 20
175.0550361111111
 30
0.0
 10
379.0864627777778
 20
177.3763138888889
 30
0.0
 10
379.0864627777778
 20
179.6975916666666
 30
0.0
 10
377.0685738888889
 20
181.1192861111111
 30
0.0
 10
379.1429072222222
 20
184.7952305555555
 30
0.0
 10
380.9173794444444
 20
187.9455361111111
 30
0.0
 10
381.6934905555555
 20
191.0041194444444
 30
0.0
 10
384.0112405555556
 20
189.9669527777778
 30
0.0
 10
384.0324072222222
 20
189.9563694444444
 30
0.0
 10
383.7396016666666
 20
189.2296472222222
 30
0.0
 10
383.3444905555555
 20
188.3477027777778
 30
0.0
 10
382.9458516666666
 20
187.4657583333333
 30
0.0
 10
382.6918516666667
 20
187.0212583333333
 30
0.0
 10
382.5824905555555
 20
186.7707861111111
 30
0.0
 10
382.3778794444443
 20
186.3145268518518
 30
0.0
 10
382.1732683333332
 20
185.8582675925926
 30
0.0
 10
381.9686572222221
 20
185.4020083333333
 30
0.0
 10
382.8811757407407
 20
184.993962037037
 30
0.0
 10
383.7936942592592
 20
184.5859157407407
 30
0.0
 10
384.7062127777777
 20
184.1778694444444
 30
0.0
 10
384.9108238888888
 20
184.6341287037037
 30
0.0
 10
385.1154349999999
 20
185.090387962963
 30
0.0
 10
385.320046111111
 20
185.5466472222222
 30
0.0
 10
385.432935
 20
185.7971194444444
 30
0.0
 10
385.5952127777778
 20
186.2839527777778
 30
0.0
 10
385.9903238888888
 20
187.1658972222222
 30
0.0
 10
386.3819072222221
 20
188.0407861111111
 30
0.0
 10
386.7205738888889
 20
188.7428138888889
 30
0.0
 10
386.7487961111111
 20
188.7428138888889
 30
0.0
 10
387.750685
 20
188.2912583333333
 30
0.0
 10
389.020685
 20
192.8068138888889
 30
0.0
 10
391.0279905555555
 20
191.9072305555555
 30
0.0
 10
391.0526849999999
 20
191.8966472222222
 30
0.0
 10
390.7528238888889
 20
191.1734527777778
 30
0.0
 10
390.3577127777778
 20
190.2915083333333
 30
0.0
 10
389.9661294444444
 20
189.4060361111111
 30
0.0
 10
389.7086016666666
 20
188.9580083333333
 30
0.0
 10
389.5992405555555
 20
188.7145916666666
 30
0.0
 10
389.3958053703704
 20
188.2571564814815
 30
0.0
 10
389.1923701851852
 20
187.7997212962963
 30
0.0
 10
388.988935
 20
187.3422861111111
 30
0.0
  0
SPLINE
  5
7C
330
1F
100
AcDbEntity
  8
DEFAULT
 62
    18
100
AcDbSpline
210
0.0
220
0.0
230
1.0
 70
     8
 71
     3
 72
    14
 73
    10
 74
     0
 42
0.000000001
 43
0.0000000001
 40
0.0
 40
0.0
 40
0.0
 40
0.0
 40
5.729000000000042
 40
5.729000000000042
 40
5.729000000000042
 40
6.729000000000042
 40
6.729000000000042
 40
6.729000000000042
 40
12.45840354661818
 40
12.45840354661818
 40
12.45840354661818
 40
12.45840354661818
 10
325.4525988888889
 20
217.1873213888888
 30
0.0
 10
324.7789109259259
 20
217.1873213888888
 30
0.0
 10
324.105222962963
 20
217.1873213888888
 30
0.0
 10
323.431535
 20
217.1873213888888
 30
0.0
 10
323.431535
 20
217.1873213888888
 30
0.0
 10
325.2458711111111
 20
218.4985963888888
 30
0.0
 10
325.4525988888889
 20
218.5945519444444
 30
0.0
 10
324.7789109259259
 20
218.5865556481481
 30
0.0
 10
324.105222962963
 20
218.5785593518518
 30
0.0
 10
323.431535
 20
218.5705630555555
 30
0.0
  0
SPLINE
  5
7D
330
1F
100
AcDbEntity
  8
DEFAULT
 62
     1
100
AcDbSpline
210
0.0
220
0.0
230
1.0
 70
    11
 71
     3
 72
    47
 73
    43
 74
     0
 42
0.000000001
 43
0.0000000001
 40
1.0
 40
1.0
 40
1.0
 40
1.0
 40
10.91999999999996
 40
10.91999999999996
 40
10.91999999999996
 40
19.41999999999996
 40
19.41999999999996
 40
19.41999999999996
 40
29.33999999999992
 40
29.33999999999992
 40
29.33999999999992
 40
30.33999999999992
 40
30.33999999999992
 40
30.33999999999992
 40
31.33999999999992
 40
31.33999999999992
 40
31.33999999999992
 40
32.33999999999992
 40
32.33999999999992
 40
32.33999999999992
 40
33.33999999999992
 40
33.33999999999992
 40
33.33999999999992
 40
34.33999999999992
 40
34.33999999999992
 40
34.33999999999992
 40
35.33999999999992
 40
35.33999999999992
 40
35.33999999999992
 40
36.33999999999992
 40
36.33999999999992
 40
36.33999999999992
 40
37.33999999999992
 40
37.33999999999992
 40
37.33999999999992
 40
38.33999999999992
 40
38.33999999999992
 40
38.33999999999992
 40
39.33999999999992
 40
39.33999999999992
 40
39.33999999999992
 40
40.33999999999992
 40
40.33999999999992
 40
40.33999999999992
 40
40.33999999999992
 10
330.9835899999999
 20
216.3923366666666
 30
0.0
 10
329.8170714814814
 20
216.3923366666666
 30
0.0
 10
328.650552962963
 20
216.3923366666666
 30
0.0
 10
327.4840344444444
 20
216.3923366666666
 30
0.0
 10
327.4840344444444
 20
217.3918737037037
 30
0.0
 10
327.4840344444444
 20
218.3914107407407
 30
0.0
 10
327.4840344444444
 20
219.3909477777778
 30
0.0
 10
328.6505529629629
 20
219.3909477777778
 30
0.0
 10
329.8170714814814
 20
219.3909477777778
 30
0.0
 10
330.9835899999999
 20
219.3909477777777
 30
0.0
 10
331.2552288888888
 20
219.3909477777777
 30
0.0
 10
331.7667566666667
 20
219.3415588888888
 30
0.0
 10
332.7333677777777
 20
219.3415588888888
 30
0.0
 10
333.6999788888888
 20
219.3415588888888
 30
0.0
 10
334.4831455555555
 20
219.3627255555555
 30
0.0
 10
334.4831455555555
 20
219.3909477777777
 30
0.0
 10
334.4831455555555
 20
223.80067
 30
0.0
 10
330.0734233333333
 20
222.0579477777778
 30
0.0
 10
325.6425344444444
 20
222.1461422222222
 30
0.0
 10
318.6046177777777
 20
222.2801977777777
 30
0.0
 10
324.6723955555555
 20
218.40317
 30
0.0
 10
320.6895344444444
 20
205.5655866666667
 30
0.0
 10
319.0949788888888
 20
200.43267
 30
0.0
 10
299.7980344444444
 20
151.1707811111111
 30
0.0
 10
296.326701111111
 20
130.5050588888889
 30
0.0
 10
292.8553677777777
 20
109.8428644444444
 30
0.0
 10
296.7429788888888
 20
105.2602811111111
 30
0.0
 10
303.1882288888888
 20
100.4448644444444
 30
0.0
 10
309.6370066666667
 20
95.62591999999998
 30
0.0
 10
313.9126733333333
 20
98.85383666666665
 30
0.0
 10
316.5267566666666
 20
127.8274755555555
 30
0.0
 10
318.7951177777778
 20
152.9240866666667
 30
0.0
 10
327.8615066666666
 20
188.0395866666666
 30
0.0
 10
329.1773677777777
 20
210.7302533333333
 30
0.0
 10
329.36434
 20
213.9511144444444
 30
0.0
 10
334.4831455555555
 20
211.9226422222222
 30
0.0
 10
334.4831455555555
 20
216.3923366666666
 30
0.0
 10
334.4831455555555
 20
216.4170311111111
 30
0.0
 10
333.6999788888888
 20
216.4417255555555
 30
0.0
 10
332.7333677777777
 20
216.4417255555555
 30
0.0
 10
331.7667566666667
 20
216.4417255555555
 30
0.0
 10
331.2552288888888
 20
216.3923366666666
 30
0.0
 10
330.9835899999999
 20
216.3923366666666
 30
0.0
  0
SPLINE
  5
7E
330
1F
100
AcDbEntity
  8
DEFAULT
 62
     1
100
AcDbSpline
210
0.0
220
0.0
230
1.0
 70
    11
 71
     3
 72
    17
 73
    13
 74
     0
 42
0.000000001
 43
0.0000000001
 40
1.0
 40
1.0
 40
1.0
 40
1.0
 40
2.0
 40
2.0
 40
2.0
 40
3.0
 40
3.0
 40
3.0
 40
4.0
 40
4.0
 40
4.0
 40
5.0
 40
5.0
 40
5.0
 40
5.0
 10
319.3666177777778
 20
194.4530866666666
 30
0.0
 10
322.9614233333333
 20
205.0575866666666
 30
0.0
 10
323.1237011111111
 20
210.3421977777778
 30
0.0
 10
324.1749788888889
 20
209.2944477777777
 30
0.0
 10
326.1046733333333
 20
207.3753366666666
 30
0.0
 10
325.0639788888889
 20
207.0860588888889
 30
0.0
 10
323.1836733333333
 20
201.3922255555555
 30
0.0
 10
322.4710622222222
 20
199.2438088888889
 30
0.0
 10
322.5733677777777
 20
197.0248366666666
 30
0.0
 10
321.7619788888888
 20
195.3279755555556
 30
0.0
 10
320.2697288888888
 20
192.1917811111111
 30
0.0
 10
318.1177844444444
 20
190.78067
 30
0.0
 10
319.3666177777778
 20
194.4530866666666
 30
0.0
  0
SPLINE
  5
7F
330
1F
100
AcDbEntity
  8
DEFAULT
 62
     1
100
AcDbSpline
210
0.0
220
0.0
230
1.0
 70
    11
 71
     3
 72
    20
 73
    16
 74
     0
 42
0.000000001
 43
0.0000000001
 40
1.0
 40
1.0
 40
1.0
 40
1.0
 40
2.0
 40
2.0
 40
2.0
 40
3.0
 40
3.0
 40
3.0
 40
4.0
 40
4.0
 40
4.0
 40
5.0
 40
5.0
 40
5.0
 40
6.0
 40
6.0
 40
6.0
 40
6.0
 10
312.6356177777777
 20
178.5816144444444
 30
0.0
 10
313.9408955555555
 20
182.71617
 30
0.0
 10
315.6236455555555
 20
188.8051144444444
 30
0.0
 10
318.4282288888888
 20
190.43142
 30
0.0
 10
321.2292844444444
 20
192.05067
 30
0.0
 10
321.2292844444444
 20
191.63792
 30
0.0
 10
319.6594233333333
 20
188.9920866666666
 30
0.0
 10
318.0895622222222
 20
186.3497811111111
 30
0.0
 10
314.5723677777777
 20
179.1143088888889
 30
0.0
 10
314.12434
 20
176.6378088888889
 30
0.0
 10
313.6692566666666
 20
174.1577811111111
 30
0.0
 10
312.8684511111111
 20
169.1201144444444
 30
0.0
 10
312.8296455555555
 20
173.4204755555555
 30
0.0
 10
312.7978955555555
 20
177.2975033333333
 30
0.0
 10
311.9865066666666
 20
176.5355033333333
 30
0.0
 10
312.6356177777777
 20
178.5816144444444
 30
0.0
  0
SPLINE
  5
80
330
1F
100
AcDbEntity
  8
DEFAULT
 62
     1
100
AcDbSpline
210
0.0
220
0.0
230
1.0
 70
    11
 71
     3
 72
    26
 73
    22
 74
     0
 42
0.000000001
 43
0.0000000001
 40
1.0
 40
1.0
 40
1.0
 40
1.0
 40
2.0
 40
2.0
 40
2.0
 40
3.0
 40
3.0
 40
3.0
 40
4.0
 40
4.0
 40
4.0
 40
5.0
 40
5.0
 40
5.0
 40
6.0
 40
6.0
 40
6.0
 40
7.0
 40
7.0
 40
7.0
 40
8.0
 40
8.0
 40
8.0
 40
8.0
 10
316.9712566666666
 20
169.2400588888889
 30
0.0
 10
318.4176455555555
 20
165.8921977777777
 30
0.0
 10
317.4968955555555
 20
165.6381977777777
 30
0.0
 10
315.9552566666666
 20
164.93617
 30
0.0
 10
315.1085899999999
 20
164.5481144444444
 30
0.0
 10
314.44184
 20
164.8620866666666
 30
0.0
 10
314.1560899999999
 20
167.0105033333333
 30
0.0
 10
313.6269233333333
 20
171.0850866666667
 30
0.0
 10
315.33084
 20
171.1062533333333
 30
0.0
 10
315.4437288888889
 20
174.1789477777778
 30
0.0
 10
315.5530899999999
 20
177.25517
 30
0.0
 10
317.0947288888888
 20
180.9275866666666
 30
0.0
 10
318.85509
 20
184.0073366666666
 30
0.0
 10
320.6189788888888
 20
187.0941422222222
 30
0.0
 10
320.4461177777777
 20
186.2651144444444
 30
0.0
 10
320.1991733333332
 20
183.3300033333333
 30
0.0
 10
319.9522288888888
 20
180.39842
 30
0.0
 10
321.1058122222222
 20
179.44592
 30
0.0
 10
319.6594233333333
 20
177.8795866666667
 30
0.0
 10
318.2130344444444
 20
176.30267
 30
0.0
 10
316.1034233333333
 20
171.2473644444444
 30
0.0
 10
316.9712566666666
 20
169.2400588888889
 30
0.0
  0
SPLINE
  5
81
330
1F
100
AcDbEntity
  8
DEFAULT
 62
     1
100
AcDbSpline
210
0.0
220
0.0
230
1.0
 70
    11
 71
     3
 72
    17
 73
    13
 74
     0
 42
0.000000001
 43
0.0000000001
 40
1.0
 40
1.0
 40
1.0
 40
1.0
 40
2.0
 40
2.0
 40
2.0
 40
3.0
 40
3.0
 40
3.0
 40
4.0
 40
4.0
 40
4.0
 40
5.0
 40
5.0
 40
5.0
 40
5.0
 10
313.1012844444444
 20
164.0330588888889
 30
0.0
 10
313.45759
 20
161.3872255555555
 30
0.0
 10
311.2068677777777
 20
158.3286422222222
 30
0.0
 10
311.0939788888888
 20
157.0057255555555
 30
0.0
 10
310.9810899999999
 20
155.6863366666666
 30
0.0
 10
310.0038955555555
 20
151.5517811111111
 30
0.0
 10
309.7922288888888
 20
155.3547255555555
 30
0.0
 10
309.6264233333333
 20
158.26867
 30
0.0
 10
311.5843399999999
 20
162.1315866666667
 30
0.0
 10
312.0676455555555
 20
165.8498644444444
 30
0.0
 10
312.5509511111111
 20
169.5681422222222
 30
0.0
 10
312.7414511111111
 20
166.6788922222222
 30
0.0
 10
313.1012844444444
 20
164.0330588888889
 30
0.0
  0
SPLINE
  5
82
330
1F
100
AcDbEntity
  8
DEFAULT
 62
     1
100
AcDbSpline
210
0.0
220
0.0
230
1.0
 70
    11
 71
     3
 72
    17
 73
    13
 74
     0
 42
0.000000001
 43
0.0000000001
 40
1.0
 40
1.0
 40
1.0
 40
1.0
 40
2.0
 40
2.0
 40
2.0
 40
3.0
 40
3.0
 40
3.0
 40
4.0
 40
4.0
 40
4.0
 40
5.0
 40
5.0
 40
5.0
 40
5.0
 10
310.3355066666666
 20
144.6902533333333
 30
0.0
 10
310.8188122222222
 20
141.3035866666666
 30
0.0
 10
311.3973677777777
 20
139.2892255555555
 30
0.0
 10
309.4112288888888
 20
140.7215033333333
 30
0.0
 10
308.0318677777777
 20
141.7198644444444
 30
0.0
 10
306.8112566666666
 20
141.4552811111111
 30
0.0
 10
307.5344511111111
 20
144.87017
 30
0.0
 10
308.2541177777778
 20
148.2850588888889
 30
0.0
 10
308.7233122222221
 20
153.4532533333333
 30
0.0
 10
309.7322566666666
 20
151.7987255555555
 30
0.0
 10
310.7341455555555
 20
150.1441977777777
 30
0.0
 10
309.8522011111111
 20
148.0804477777777
 30
0.0
 10
310.3355066666666
 20
144.6902533333333
 30
0.0
  0
SPLINE
  5
83
330
1F
100
AcDbEntity
  8
DEFAULT
 62
     1
100
AcDbSpline
210
0.0
220
0.0
230
1.0
 70
    11
 71
     3
 72
    17
 73
    13
 74
     0
 42
0.000000001
 43
0.0000000001
 40
1.0
 40
1.0
 40
1.0
 40
1.0
 40
2.0
 40
2.0
 40
2.0
 40
3.0
 40
3.0
 40
3.0
 40
4.0
 40
4.0
 40
4.0
 40
5.0
 40
5.0
 40
5.0
 40
5.0
 10
309.4112288888888
 20
139.0669755555556
 30
0.0
 10
311.3127011111111
 20
138.4072811111111
 30
0.0
 10
311.1292566666666
 20
136.1777255555555
 30
0.0
 10
312.3851455555555
 20
133.6165588888889
 30
0.0
 10
313.5493122222222
 20
131.2388366666666
 30
0.0
 10
311.0833955555555
 20
132.6252533333333
 30
0.0
 10
309.5840899999999
 20
133.4472255555555
 30
0.0
 10
308.0847844444444
 20
134.2762533333333
 30
0.0
 10
307.0123399999999
 20
133.1685311111111
 30
0.0
 10
307.2557566666666
 20
137.1196422222222
 30
0.0
 10
307.4497844444444
 20
140.32992
 30
0.0
 10
307.5097566666666
 20
139.7337255555555
 30
0.0
 10
309.4112288888888
 20
139.0669755555556
 30
0.0
  0
SPLINE
  5
84
330
1F
100
AcDbEntity
  8
DEFAULT
 62
     1
100
AcDbSpline
210
0.0
220
0.0
230
1.0
 70
    11
 71
     3
 72
    17
 73
    13
 74
     0
 42
0.000000001
 43
0.0000000001
 40
1.0
 40
1.0
 40
1.0
 40
1.0
 40
2.0
 40
2.0
 40
2.0
 40
3.0
 40
3.0
 40
3.0
 40
4.0
 40
4.0
 40
4.0
 40
5.0
 40
5.0
 40
5.0
 40
5.0
 10
307.4603677777778
 20
164.1635866666666
 30
0.0
 10
308.6104233333333
 20
167.5608366666667
 30
0.0
 10
311.7818955555555
 20
176.5143366666667
 30
0.0
 10
311.71134
 20
173.7838366666666
 30
0.0
 10
311.6407844444444
 20
171.0568644444444
 30
0.0
 10
311.2280344444444
 20
167.4197255555555
 30
0.0
 10
310.2367288888889
 20
164.8585588888889
 30
0.0
 10
309.2418955555555
 20
162.2938644444444
 30
0.0
 10
309.1501733333333
 20
156.5965033333333
 30
0.0
 10
307.6261733333333
 20
158.9883366666666
 30
0.0
 10
306.0774788888888
 20
161.4330866666666
 30
0.0
 10
306.3067844444444
 20
160.7733922222222
 30
0.0
 10
307.4603677777778
 20
164.1635866666666
 30
0.0
  0
SPLINE
  5
85
330
1F
100
AcDbEntity
  8
DEFAULT
 62
     1
100
AcDbSpline
210
0.0
220
0.0
230
1.0
 70
    11
 71
     3
 72
    17
 73
    13
 74
     0
 42
0.000000001
 43
0.0000000001
 40
1.0
 40
1.0
 40
1.0
 40
1.0
 40
2.0
 40
2.0
 40
2.0
 40
3.0
 40
3.0
 40
3.0
 40
4.0
 40
4.0
 40
4.0
 40
5.0
 40
5.0
 40
5.0
 40
5.0
 10
303.7350344444444
 20
152.8746977777778
 30
0.0
 10
305.1461455555555
 20
156.6917533333333
 30
0.0
 10
305.1955344444444
 20
158.9883366666666
 30
0.0
 10
306.1656733333333
 20
158.3462811111111
 30
0.0
 10
308.2611733333333
 20
156.9598644444444
 30
0.0
 10
308.1200622222222
 20
154.4304477777777
 30
0.0
 10
307.7073122222222
 20
152.7900311111111
 30
0.0
 10
306.5360899999999
 20
148.1368922222222
 30
0.0
 10
306.9735344444444
 20
145.7238922222222
 30
0.0
 10
305.6082844444444
 20
147.5230588888889
 30
0.0
 10
304.2007011111111
 20
149.37867
 30
0.0
 10
301.39259
 20
146.5105866666667
 30
0.0
 10
303.7350344444444
 20
152.8746977777778
 30
0.0
  0
SPLINE
  5
86
330
1F
100
AcDbEntity
  8
DEFAULT
 62
     1
100
AcDbSpline
210
0.0
220
0.0
230
1.0
 70
    11
 71
     3
 72
    17
 73
    13
 74
     0
 42
0.000000001
 43
0.0000000001
 40
1.0
 40
1.0
 40
1.0
 40
1.0
 40
2.0
 40
2.0
 40
2.0
 40
3.0
 40
3.0
 40
3.0
 40
4.0
 40
4.0
 40
4.0
 40
5.0
 40
5.0
 40
5.0
 40
5.0
 10
301.0609788888889
 20
142.7076422222222
 30
0.0
 10
302.0522844444444
 20
147.4207533333333
 30
0.0
 10
303.9537566666666
 20
146.83867
 30
0.0
 10
305.4671733333333
 20
145.7662255555555
 30
0.0
 10
306.9841177777777
 20
144.6902533333333
 30
0.0
 10
305.5236177777778
 20
141.4658644444444
 30
0.0
 10
305.692951111111
 20
138.7388922222222
 30
0.0
 10
305.8587566666666
 20
136.0154477777778
 30
0.0
 10
305.2766733333333
 20
135.9307811111111
 30
0.0
 10
303.0471177777777
 20
137.4195033333333
 30
0.0
 10
300.8140344444444
 20
138.9046977777778
 30
0.0
 10
300.4436177777778
 20
139.7619477777777
 30
0.0
 10
301.0609788888889
 20
142.7076422222222
 30
0.0
  0
SPLINE
  5
87
330
1F
100
AcDbEntity
  8
DEFAULT
 62
     1
100
AcDbSpline
210
0.0
220
0.0
230
1.0
 70
    11
 71
     3
 72
    17
 73
    13
 74
     0
 42
0.000000001
 43
0.0000000001
 40
1.0
 40
1.0
 40
1.0
 40
1.0
 40
2.0
 40
2.0
 40
2.0
 40
3.0
 40
3.0
 40
3.0
 40
4.0
 40
4.0
 40
4.0
 40
5.0
 40
5.0
 40
5.0
 40
5.0
 10
299.74159
 20
135.7649755555555
 30
0.0
 10
300.485951111111
 20
138.7388922222222
 30
0.0
 10
301.3714233333333
 20
136.0154477777778
 30
0.0
 10
303.3222844444444
 20
135.18642
 30
0.0
 10
305.2766733333333
 20
134.36092
 30
0.0
 10
305.8940344444444
 20
133.9446422222222
 30
0.0
 10
306.8253677777777
 20
130.80492
 30
0.0
 10
307.7602288888888
 20
127.6651977777777
 30
0.0
 10
308.0847844444444
 20
126.6844755555555
 30
0.0
 10
305.8587566666666
 20
128.1590866666666
 30
0.0
 10
302.3521455555555
 20
130.4733088888889
 30
0.0
 10
298.993701111111
 20
132.7875311111111
 30
0.0
 10
299.74159
 20
135.7649755555555
 30
0.0
  0
SPLINE
  5
88
330
1F
100
AcDbEntity
  8
DEFAULT
 62
     1
100
AcDbSpline
210
0.0
220
0.0
230
1.0
 70
    11
 71
     3
 72
    14
 73
    10
 74
     0
 42
0.000000001
 43
0.0000000001
 40
1.0
 40
1.0
 40
1.0
 40
1.0
 40
2.0
 40
2.0
 40
2.0
 40
3.0
 40
3.0
 40
3.0
 40
4.0
 40
4.0
 40
4.0
 40
4.0
 10
298.5844788888888
 20
129.7113088888889
 30
0.0
 10
299.1877288888888
 20
132.67817
 30
0.0
 10
302.9342288888889
 20
125.2416144444444
 30
0.0
 10
307.8942844444444
 20
125.1569477777777
 30
0.0
 10
310.4695622222222
 20
125.1146144444444
 30
0.0
 10
303.3469788888888
 20
118.7363922222222
 30
0.0
 10
299.8297844444444
 20
120.3944477777777
 30
0.0
 10
296.3125899999999
 20
122.0560311111111
 30
0.0
 10
298.2352288888889
 20
128.0003366666666
 30
0.0
 10
298.5844788888888
 20
129.7113088888889
 30
0.0
  0
SPLINE
  5
89
330
1F
100
AcDbEntity
  8
DEFAULT
 62
     1
100
AcDbSpline
210
0.0
220
0.0
230
1.0
 70
    11
 71
     3
 72
    14
 73
    10
 74
     0
 42
0.000000001
 43
0.0000000001
 40
1.0
 40
1.0
 40
1.0
 40
1.0
 40
2.0
 40
2.0
 40
2.0
 40
3.0
 40
3.0
 40
3.0
 40
4.0
 40
4.0
 40
4.0
 40
4.0
 10
299.74159
 20
108.2059755555555
 30
0.0
 10
297.755451111111
 20
110.9646977777778
 30
0.0
 10
295.77284
 20
118.4612255555555
 30
0.0
 10
299.74159
 20
118.0555311111111
 30
0.0
 10
305.1743677777777
 20
117.4981422222222
 30
0.0
 10
313.0871733333333
 20
126.9702255555555
 30
0.0
 10
309.9897844444444
 20
121.05767
 30
0.0
 10
307.8907566666666
 20
117.0536422222222
 30
0.0
 10
301.7206733333333
 20
105.4472533333333
 30
0.0
 10
299.74159
 20
108.2059755555555
 30
0.0
  0
SPLINE
  5
8A
330
1F
100
AcDbEntity
  8
DEFAULT
 62
     1
100
AcDbSpline
210
0.0
220
0.0
230
1.0
 70
    11
 71
     3
 72
    14
 73
    10
 74
     0
 42
0.000000001
 43
0.0000000001
 40
1.0
 40
1.0
 40
1.0
 40
1.0
 40
2.0
 40
2.0
 40
2.0
 40
3.0
 40
3.0
 40
3.0
 40
4.0
 40
4.0
 40
4.0
 40
4.0
 10
312.7978955555555
 20
119.7276977777777
 30
0.0
 10
311.8842011111111
 20
111.6385033333333
 30
0.0
 10
310.4836733333333
 20
102.5333088888889
 30
0.0
 10
307.6755622222221
 20
102.3710311111111
 30
0.0
 10
304.8639233333333
 20
102.2087533333333
 30
0.0
 10
301.5583955555555
 20
104.3113088888889
 30
0.0
 10
304.7016455555555
 20
108.4635033333333
 30
0.0
 10
307.83784
 20
112.6192255555555
 30
0.0
 10
313.1824233333332
 20
123.1284755555555
 30
0.0
 10
312.7978955555555
 20
119.7276977777777
 30
0.0
  0
SPLINE
  5
8B
330
1F
100
AcDbEntity
  8
DEFAULT
 62
     1
100
AcDbSpline
210
0.0
220
0.0
230
1.0
 70
    11
 71
     3
 72
    17
 73
    13
 74
     0
 42
0.000000001
 43
0.0000000001
 40
1.0
 40
1.0
 40
1.0
 40
1.0
 40
2.0
 40
2.0
 40
2.0
 40
3.0
 40
3.0
 40
3.0
 40
4.0
 40
4.0
 40
4.0
 40
5.0
 40
5.0
 40
5.0
 40
5.0
 10
314.6147011111111
 20
126.1800033333333
 30
0.0
 10
314.3677566666666
 20
123.0367533333333
 30
0.0
 10
313.5775344444444
 20
122.9873644444444
 30
0.0
 10
311.74309
 20
125.0158366666666
 30
0.0
 10
310.6565344444444
 20
126.2258644444444
 30
0.0
 10
309.6546455555555
 20
127.6969477777778
 30
0.0
 10
308.7797566666666
 20
130.6567533333333
 30
0.0
 10
307.9048677777777
 20
133.6165588888889
 30
0.0
 10
311.80659
 20
130.2263644444444
 30
0.0
 10
313.7292288888889
 20
130.4733088888889
 30
0.0
 10
315.6518677777777
 20
130.7202533333333
 30
0.0
 10
314.8651733333332
 20
129.3161977777778
 30
0.0
 10
314.6147011111111
 20
126.1800033333333
 30
0.0
  0
SPLINE
  5
8C
330
1F
100
AcDbEntity
  8
DEFAULT
 62
     1
100
AcDbSpline
210
0.0
220
0.0
230
1.0
 70
    11
 71
     3
 72
    14
 73
    10
 74
     0
 42
0.000000001
 43
0.0000000001
 40
1.0
 40
1.0
 40
1.0
 40
1.0
 40
2.0
 40
2.0
 40
2.0
 40
3.0
 40
3.0
 40
3.0
 40
4.0
 40
4.0
 40
4.0
 40
4.0
 10
316.7137288888889
 20
142.6511977777778
 30
0.0
 10
315.6659788888888
 20
137.0314477777778
 30
0.0
 10
315.6659788888888
 20
127.1571977777778
 30
0.0
 10
313.3517566666666
 20
136.5022811111111
 30
0.0
 10
312.31459
 20
140.6826977777777
 30
0.0
 10
311.4785066666666
 20
141.8680311111111
 30
0.0
 10
314.4524233333333
 20
144.4644755555555
 30
0.0
 10
317.42634
 20
147.0573922222222
 30
0.0
 10
317.7614788888889
 20
148.2709477777778
 30
0.0
 10
316.7137288888889
 20
142.6511977777778
 30
0.0
  0
SPLINE
  5
8D
330
1F
100
AcDbEntity
  8
DEFAULT
 62
     1
100
AcDbSpline
210
0.0
220
0.0
230
1.0
 70
    11
 71
     3
 72
    17
 73
    13
 74
     0
 42
0.000000001
 43
0.0000000001
 40
1.0
 40
1.0
 40
1.0
 40
1.0
 40
2.0
 40
2.0
 40
2.0
 40
3.0
 40
3.0
 40
3.0
 40
4.0
 40
4.0
 40
4.0
 40
5.0
 40
5.0
 40
5.0
 40
5.0
 10
318.1389511111111
 20
152.0174477777778
 30
0.0
 10
317.4122288888888
 20
147.8299755555555
 30
0.0
 10
315.4119788888888
 20
147.7100311111111
 30
0.0
 10
313.2388677777777
 20
146.1190033333333
 30
0.0
 10
310.8188122222222
 20
144.3480588888889
 30
0.0
 10
311.9194788888889
 20
149.4845033333333
 30
0.0
 10
311.93359
 20
151.6893644444444
 30
0.0
 10
311.9512288888888
 20
153.8942255555555
 30
0.0
 10
313.45759
 20
153.7848644444444
 30
0.0
 10
316.9253955555555
 20
157.1997533333333
 30
0.0
 10
320.3896733333333
 20
160.6146422222222
 30
0.0
 10
318.8586177777777
 20
156.20492
 30
0.0
 10
318.1389511111111
 20
152.0174477777778
 30
0.0
  0
SPLINE
  5
8E
330
1F
100
AcDbEntity
  8
DEFAULT
 62
     1
100
AcDbSpline
210
0.0
220
0.0
230
1.0
 70
    11
 71
     3
 72
    20
 73
    16
 74
     0
 42
0.000000001
 43
0.0000000001
 40
1.0
 40
1.0
 40
1.0
 40
1.0
 40
2.0
 40
2.0
 40
2.0
 40
3.0
 40
3.0
 40
3.0
 40
4.0
 40
4.0
 40
4.0
 40
5.0
 40
5.0
 40
5.0
 40
6.0
 40
6.0
 40
6.0
 40
6.0
 10
319.7617288888889
 20
162.5161144444444
 30
0.0
 10
319.1267288888889
 20
160.0078644444444
 30
0.0
 10
316.9853677777778
 20
159.5139755555555
 30
0.0
 10
314.9357288888888
 20
157.4184755555555
 30
0.0
 10
312.8825622222222
 20
155.3265033333333
 30
0.0
 10
311.9865066666666
 20
155.6757533333333
 30
0.0
 10
313.4822844444444
 20
158.4133088888889
 30
0.0
 10
315.0415622222222
 20
161.2778644444444
 30
0.0
 10
313.7927288888889
 20
163.0382255555555
 30
0.0
 10
316.0540344444444
 20
163.2604755555555
 30
0.0
 10
318.31534
 20
163.4791977777778
 30
0.0
 10
319.1902288888888
 20
167.7795588888889
 30
0.0
 10
320.3861455555555
 20
168.7214755555555
 30
0.0
 10
321.5820622222222
 20
169.66692
 30
0.0
 10
320.4037844444444
 20
165.0243644444444
 30
0.0
 10
319.7617288888889
 20
162.5161144444444
 30
0.0
  0
SPLINE
  5
8F
330
1F
100
AcDbEntity
  8
DEFAULT
 62
     1
100
AcDbSpline
210
0.0
220
0.0
230
1.0
 70
    11
 71
     3
 72
    20
 73
    16
 74
     0
 42
0.000000001
 43
0.0000000001
 40
1.0
 40
1.0
 40
1.0
 40
1.0
 40
2.0
 40
2.0
 40
2.0
 40
3.0
 40
3.0
 40
3.0
 40
4.0
 40
4.0
 40
4.0
 40
5.0
 40
5.0
 40
5.0
 40
6.0
 40
6.0
 40
6.0
 40
6.0
 10
322.3863955555555
 20
174.3941422222222
 30
0.0
 10
321.5608955555555
 20
171.1944477777778
 30
0.0
 10
321.8889788888889
 20
172.7396144444444
 30
0.0
 10
320.5484233333333
 20
171.1415311111111
 30
0.0
 10
319.2113955555555
 20
169.53992
 30
0.0
 10
318.8092288888889
 20
168.5521422222222
 30
0.0
 10
318.2553677777777
 20
170.0937811111111
 30
0.0
 10
317.7015066666666
 20
171.63542
 30
0.0
 10
319.1690622222222
 20
174.6128644444444
 30
0.0
 10
320.2908955555556
 20
176.5390311111111
 30
0.0
 10
321.0528955555555
 20
177.8407811111111
 30
0.0
 10
321.5608955555555
 20
176.9835311111111
 30
0.0
 10
322.6615622222222
 20
179.1390033333333
 30
0.0
 10
323.7622288888888
 20
181.2980033333333
 30
0.0
 10
323.2154233333333
 20
177.5867811111111
 30
0.0
 10
322.3863955555555
 20
174.3941422222222
 30
0.0
  0
SPLINE
  5
90
330
1F
100
AcDbEntity
  8
DEFAULT
 62
     1
100
AcDbSpline
210
0.0
220
0.0
230
1.0
 70
    11
 71
     3
 72
    14
 73
    10
 74
     0
 42
0.000000001
 43
0.0000000001
 40
1.0
 40
1.0
 40
1.0
 40
1.0
 40
2.0
 40
2.0
 40
2.0
 40
3.0
 40
3.0
 40
3.0
 40
4.0
 40
4.0
 40
4.0
 40
4.0
 10
325.1627566666666
 20
193.6240588888889
 30
0.0
 10
324.2173122222222
 20
188.6181422222222
 30
0.0
 10
321.1975344444444
 20
175.2725588888889
 30
0.0
 10
321.3598122222222
 20
181.0581144444444
 30
0.0
 10
321.5291455555555
 20
186.84367
 30
0.0
 10
323.90334
 20
198.3160033333333
 30
0.0
 10
326.0411733333333
 20
204.0698088888889
 30
0.0
 10
327.8473955555555
 20
208.9275588888889
 30
0.0
 10
326.9301733333333
 20
202.9832533333333
 30
0.0
 10
325.1627566666666
 20
193.6240588888889
 30
0.0
  0
SPLINE
  5
91
330
1F
100
AcDbEntity
  8
DEFAULT
 62
    18
100
AcDbSpline
210
0.0
220
0.0
230
1.0
 70
     8
 71
     3
 72
    14
 73
    10
 74
     0
 42
0.000000001
 43
0.0000000001
 40
0.0
 40
0.0
 40
0.0
 40
0.0
 40
5.727999999999952
 40
5.727999999999952
 40
5.727999999999952
 40
6.727999999999952
 40
6.727999999999952
 40
6.727999999999952
 40
12.45640361706461
 40
12.45640361706461
 40
12.45640361706461
 40
12.45640361706461
 10
354.5474169444444
 20
218.5945519444444
 30
0.0
 10
355.2209873148147
 20
218.5945519444444
 30
0.0
 10
355.8945576851852
 20
218.5945519444444
 30
0.0
 10
356.5681280555555
 20
218.5945519444444
 30
0.0
 10
356.5681280555555
 20
218.5945519444444
 30
0.0
 10
354.7541447222222
 20
217.2832769444444
 30
0.0
 10
354.5474169444444
 20
217.1873213888888
 30
0.0
 10
355.2209873148147
 20
217.1953176851851
 30
0.0
 10
355.8945576851852
 20
217.2033139814814
 30
0.0
 10
356.5681280555555
 20
217.2113102777778
 30
0.0
  0
SPLINE
  5
92
330
1F
100
AcDbEntity
  8
DEFAULT
 62
     1
100
AcDbSpline
210
0.0
220
0.0
230
1.0
 70
    11
 71
     3
 72
    47
 73
    43
 74
     0
 42
0.000000001
 43
0.0000000001
 40
1.0
 40
1.0
 40
1.0
 40
1.0
 40
2.0
 40
2.0
 40
2.0
 40
3.0
 40
3.0
 40
3.0
 40
4.0
 40
4.0
 40
4.0
 40
5.0
 40
5.0
 40
5.0
 40
6.0
 40
6.0
 40
6.0
 40
7.0
 40
7.0
 40
7.0
 40
8.0
 40
8.0
 40
8.0
 40
9.0
 40
9.0
 40
9.0
 40
10.0
 40
10.0
 40
10.0
 40
11.0
 40
11.0
 40
11.0
 40
20.91999999999996
 40
20.91999999999996
 40
20.91999999999996
 40
29.41999999999996
 40
29.41999999999996
 40
29.41999999999996
 40
39.33999999999992
 40
39.33999999999992
 40
39.33999999999992
 40
40.33999999999992
 40
40.33999999999992
 40
40.33999999999992
 40
40.33999999999992
 10
347.2666480555555
 20
216.4417255555556
 30
0.0
 10
346.3000369444444
 20
216.4417255555556
 30
0.0
 10
345.5168702777777
 20
216.4170311111111
 30
0.0
 10
345.5168702777777
 20
216.3923366666666
 30
0.0
 10
345.5168702777777
 20
211.9226422222222
 30
0.0
 10
350.6356758333333
 20
213.9511144444444
 30
0.0
 10
350.8226480555555
 20
210.7302533333333
 30
0.0
 10
352.1385091666667
 20
188.0395866666666
 30
0.0
 10
361.2048980555555
 20
152.9240866666667
 30
0.0
 10
363.4732591666667
 20
127.8274755555555
 30
0.0
 10
366.0873425
 20
98.85383666666665
 30
0.0
 10
370.3630091666666
 20
95.62592
 30
0.0
 10
376.8117869444444
 20
100.4448644444444
 30
0.0
 10
383.2570369444444
 20
105.2602811111111
 30
0.0
 10
387.1446480555555
 20
109.8428644444444
 30
0.0
 10
383.6733147222222
 20
130.5050588888889
 30
0.0
 10
380.2019813888889
 20
151.1707811111111
 30
0.0
 10
360.9050369444444
 20
200.43267
 30
0.0
 10
359.3104813888888
 20
205.5655866666667
 30
0.0
 10
355.3276202777777
 20
218.40317
 30
0.0
 10
361.3953980555555
 20
222.2801977777777
 30
0.0
 10
354.3574813888889
 20
222.1461422222222
 30
0.0
 10
349.9265925
 20
222.0579477777778
 30
0.0
 10
345.5168702777777
 20
223.80067
 30
0.0
 10
345.5168702777777
 20
219.3909477777777
 30
0.0
 10
345.5168702777777
 20
219.3627255555555
 30
0.0
 10
346.3000369444444
 20
219.3415588888888
 30
0.0
 10
347.2666480555555
 20
219.3415588888888
 30
0.0
 10
348.2332591666666
 20
219.3415588888888
 30
0.0
 10
348.7447869444444
 20
219.3909477777777
 30
0.0
 10
349.0164258333333
 20
219.3909477777777
 30
0.0
 10
350.1829443518518
 20
219.3909477777778
 30
0.0
 10
351.3494628703704
 20
219.3909477777778
 30
0.0
 10
352.5159813888889
 20
219.3909477777777
 30
0.0
 10
352.5159813888889
 20
218.3914107407407
 30
0.0
 10
352.5159813888889
 20
217.3918737037037
 30
0.0
 10
352.5159813888889
 20
216.3923366666666
 30
0.0
 10
351.3494628703704
 20
216.3923366666666
 30
0.0
 10
350.1829443518518
 20
216.3923366666666
 30
0.0
 10
349.0164258333333
 20
216.3923366666666
 30
0.0
 10
348.7447869444444
 20
216.3923366666666
 30
0.0
 10
348.2332591666666
 20
216.4417255555556
 30
0.0
 10
347.2666480555555
 20
216.4417255555556
 30
0.0
  0
SPLINE
  5
93
330
1F
100
AcDbEntity
  8
DEFAULT
 62
     1
100
AcDbSpline
210
0.0
220
0.0
230
1.0
 70
    11
 71
     3
 72
    17
 73
    13
 74
     0
 42
0.000000001
 43
0.0000000001
 40
1.0
 40
1.0
 40
1.0
 40
1.0
 40
2.0
 40
2.0
 40
2.0
 40
3.0
 40
3.0
 40
3.0
 40
4.0
 40
4.0
 40
4.0
 40
5.0
 40
5.0
 40
5.0
 40
5.0
 10
358.2380369444444
 20
195.3279755555556
 30
0.0
 10
357.4266480555555
 20
197.0248366666666
 30
0.0
 10
357.5289536111111
 20
199.2438088888889
 30
0.0
 10
356.8163425
 20
201.3922255555555
 30
0.0
 10
354.9360369444444
 20
207.0860588888889
 30
0.0
 10
353.8953425
 20
207.3753366666666
 30
0.0
 10
355.8250369444444
 20
209.2944477777777
 30
0.0
 10
356.8763147222222
 20
210.3421977777778
 30
0.0
 10
357.0385925
 20
205.0575866666666
 30
0.0
 10
360.6333980555555
 20
194.4530866666666
 30
0.0
 10
361.8822313888888
 20
190.78067
 30
0.0
 10
359.7302869444444
 20
192.1917811111111
 30
0.0
 10
358.2380369444444
 20
195.3279755555556
 30
0.0
  0
SPLINE
  5
94
330
1F
100
AcDbEntity
  8
DEFAULT
 62
     1
100
AcDbSpline
210
0.0
220
0.0
230
1.0
 70
    11
 71
     3
 72
    20
 73
    16
 74
     0
 42
0.000000001
 43
0.0000000001
 40
1.0
 40
1.0
 40
1.0
 40
1.0
 40
2.0
 40
2.0
 40
2.0
 40
3.0
 40
3.0
 40
3.0
 40
4.0
 40
4.0
 40
4.0
 40
5.0
 40
5.0
 40
5.0
 40
6.0
 40
6.0
 40
6.0
 40
6.0
 10
367.1703702777777
 20
173.4204755555555
 30
0.0
 10
367.1315647222222
 20
169.1201144444444
 30
0.0
 10
366.3307591666666
 20
174.1577811111111
 30
0.0
 10
365.8756758333333
 20
176.6378088888889
 30
0.0
 10
365.4276480555555
 20
179.1143088888889
 30
0.0
 10
361.9104536111111
 20
186.3497811111111
 30
0.0
 10
360.3405925
 20
188.9920866666666
 30
0.0
 10
358.7707313888889
 20
191.63792
 30
0.0
 10
358.7707313888889
 20
192.05067
 30
0.0
 10
361.5717869444444
 20
190.43142
 30
0.0
 10
364.3763702777777
 20
188.8051144444444
 30
0.0
 10
366.0591202777777
 20
182.71617
 30
0.0
 10
367.3643980555555
 20
178.5816144444444
 30
0.0
 10
368.0135091666666
 20
176.5355033333333
 30
0.0
 10
367.2021202777777
 20
177.2975033333333
 30
0.0
 10
367.1703702777777
 20
173.4204755555555
 30
0.0
  0
SPLINE
  5
95
330
1F
100
AcDbEntity
  8
DEFAULT
 62
     1
100
AcDbSpline
210
0.0
220
0.0
230
1.0
 70
    11
 71
     3
 72
    26
 73
    22
 74
     0
 42
0.000000001
 43
0.0000000001
 40
1.0
 40
1.0
 40
1.0
 40
1.0
 40
2.0
 40
2.0
 40
2.0
 40
3.0
 40
3.0
 40
3.0
 40
4.0
 40
4.0
 40
4.0
 40
5.0
 40
5.0
 40
5.0
 40
6.0
 40
6.0
 40
6.0
 40
7.0
 40
7.0
 40
7.0
 40
8.0
 40
8.0
 40
8.0
 40
8.0
 10
360.3405925
 20
177.8795866666667
 30
0.0
 10
358.8942036111111
 20
179.44592
 30
0.0
 10
360.0477869444444
 20
180.39842
 30
0.0
 10
359.8008424999999
 20
183.3300033333333
 30
0.0
 10
359.5538980555555
 20
186.2651144444444
 30
0.0
 10
359.3810369444444
 20
187.0941422222222
 30
0.0
 10
361.1449258333333
 20
184.0073366666666
 30
0.0
 10
362.9052869444444
 20
180.9275866666666
 30
0.0
 10
364.4469258333333
 20
177.25517
 30
0.0
 10
364.5562869444444
 20
174.1789477777778
 30
0.0
 10
364.6691758333333
 20
171.1062533333333
 30
0.0
 10
366.3730925
 20
171.0850866666667
 30
0.0
 10
365.8439258333333
 20
167.0105033333333
 30
0.0
 10
365.5581758333333
 20
164.8620866666666
 30
0.0
 10
364.8914258333333
 20
164.5481144444445
 30
0.0
 10
364.0447591666666
 20
164.93617
 30
0.0
 10
362.5031202777777
 20
165.6381977777777
 30
0.0
 10
361.5823702777777
 20
165.8921977777777
 30
0.0
 10
363.0287591666666
 20
169.2400588888889
 30
0.0
 10
363.8965925
 20
171.2473644444444
 30
0.0
 10
361.7869813888889
 20
176.30267
 30
0.0
 10
360.3405925
 20
177.8795866666667
 30
0.0
  0
SPLINE
  5
96
330
1F
100
AcDbEntity
  8
DEFAULT
 62
     1
100
AcDbSpline
210
0.0
220
0.0
230
1.0
 70
    11
 71
     3
 72
    17
 73
    13
 74
     0
 42
0.000000001
 43
0.0000000001
 40
1.0
 40
1.0
 40
1.0
 40
1.0
 40
2.0
 40
2.0
 40
2.0
 40
3.0
 40
3.0
 40
3.0
 40
4.0
 40
4.0
 40
4.0
 40
5.0
 40
5.0
 40
5.0
 40
5.0
 10
367.9323702777777
 20
165.8498644444444
 30
0.0
 10
368.4156758333333
 20
162.1315866666667
 30
0.0
 10
370.3735925
 20
158.26867
 30
0.0
 10
370.2077869444444
 20
155.3547255555555
 30
0.0
 10
369.9961202777778
 20
151.5517811111111
 30
0.0
 10
369.0189258333333
 20
155.6863366666666
 30
0.0
 10
368.9060369444443
 20
157.0057255555556
 30
0.0
 10
368.7931480555555
 20
158.3286422222222
 30
0.0
 10
366.5424258333333
 20
161.3872255555555
 30
0.0
 10
366.8987313888888
 20
164.0330588888889
 30
0.0
 10
367.2585647222222
 20
166.6788922222222
 30
0.0
 10
367.4490647222222
 20
169.5681422222222
 30
0.0
 10
367.9323702777777
 20
165.8498644444444
 30
0.0
  0
SPLINE
  5
97
330
1F
100
AcDbEntity
  8
DEFAULT
 62
     1
100
AcDbSpline
210
0.0
220
0.0
230
1.0
 70
    11
 71
     3
 72
    17
 73
    13
 74
     0
 42
0.000000001
 43
0.0000000001
 40
1.0
 40
1.0
 40
1.0
 40
1.0
 40
2.0
 40
2.0
 40
2.0
 40
3.0
 40
3.0
 40
3.0
 40
4.0
 40
4.0
 40
4.0
 40
5.0
 40
5.0
 40
5.0
 40
5.0
 10
370.2677591666666
 20
151.7987255555556
 30
0.0
 10
371.276703611111
 20
153.4532533333333
 30
0.0
 10
371.7458980555555
 20
148.2850588888889
 30
0.0
 10
372.4655647222222
 20
144.87017
 30
0.0
 10
373.1887591666666
 20
141.4552811111111
 30
0.0
 10
371.9681480555555
 20
141.7198644444444
 30
0.0
 10
370.5887869444445
 20
140.7215033333333
 30
0.0
 10
368.6026480555555
 20
139.2892255555555
 30
0.0
 10
369.1812036111111
 20
141.3035866666667
 30
0.0
 10
369.6645091666666
 20
144.6902533333333
 30
0.0
 10
370.1478147222222
 20
148.0804477777777
 30
0.0
 10
369.2658702777778
 20
150.1441977777777
 30
0.0
 10
370.2677591666666
 20
151.7987255555556
 30
0.0
  0
SPLINE
  5
98
330
1F
100
AcDbEntity
  8
DEFAULT
 62
     1
100
AcDbSpline
210
0.0
220
0.0
230
1.0
 70
    11
 71
     3
 72
    17
 73
    13
 74
     0
 42
0.000000001
 43
0.0000000001
 40
1.0
 40
1.0
 40
1.0
 40
1.0
 40
2.0
 40
2.0
 40
2.0
 40
3.0
 40
3.0
 40
3.0
 40
4.0
 40
4.0
 40
4.0
 40
5.0
 40
5.0
 40
5.0
 40
5.0
 10
372.7442591666666
 20
137.1196422222222
 30
0.0
 10
372.9876758333333
 20
133.1685311111111
 30
0.0
 10
371.9152313888889
 20
134.2762533333333
 30
0.0
 10
370.4159258333333
 20
133.4472255555555
 30
0.0
 10
368.9166202777778
 20
132.6252533333333
 30
0.0
 10
366.4507036111111
 20
131.2388366666667
 30
0.0
 10
367.6148702777778
 20
133.6165588888889
 30
0.0
 10
368.8707591666666
 20
136.1777255555556
 30
0.0
 10
368.6873147222222
 20
138.4072811111111
 30
0.0
 10
370.5887869444445
 20
139.0669755555556
 30
0.0
 10
372.4902591666666
 20
139.7337255555555
 30
0.0
 10
372.5502313888888
 20
140.32992
 30
0.0
 10
372.7442591666666
 20
137.1196422222222
 30
0.0
  0
SPLINE
  5
99
330
1F
100
AcDbEntity
  8
DEFAULT
 62
     1
100
AcDbSpline
210
0.0
220
0.0
230
1.0
 70
    11
 71
     3
 72
    17
 73
    13
 74
     0
 42
0.000000001
 43
0.0000000001
 40
1.0
 40
1.0
 40
1.0
 40
1.0
 40
2.0
 40
2.0
 40
2.0
 40
3.0
 40
3.0
 40
3.0
 40
4.0
 40
4.0
 40
4.0
 40
5.0
 40
5.0
 40
5.0
 40
5.0
 10
372.3738425
 20
158.9883366666666
 30
0.0
 10
370.8498425
 20
156.5965033333333
 30
0.0
 10
370.7581202777777
 20
162.2938644444444
 30
0.0
 10
369.7632869444444
 20
164.8585588888889
 30
0.0
 10
368.7719813888888
 20
167.4197255555555
 30
0.0
 10
368.3592313888888
 20
171.0568644444444
 30
0.0
 10
368.2886758333332
 20
173.7838366666666
 30
0.0
 10
368.2181202777778
 20
176.5143366666667
 30
0.0
 10
371.3895925
 20
167.5608366666667
 30
0.0
 10
372.5396480555555
 20
164.1635866666666
 30
0.0
 10
373.6932313888889
 20
160.7733922222222
 30
0.0
 10
373.9225369444444
 20
161.4330866666666
 30
0.0
 10
372.3738425
 20
158.9883366666666
 30
0.0
  0
SPLINE
  5
9A
330
1F
100
AcDbEntity
  8
DEFAULT
 62
     1
100
AcDbSpline
210
0.0
220
0.0
230
1.0
 70
    11
 71
     3
 72
    17
 73
    13
 74
     0
 42
0.000000001
 43
0.0000000001
 40
1.0
 40
1.0
 40
1.0
 40
1.0
 40
2.0
 40
2.0
 40
2.0
 40
3.0
 40
3.0
 40
3.0
 40
4.0
 40
4.0
 40
4.0
 40
5.0
 40
5.0
 40
5.0
 40
5.0
 10
374.3917313888889
 20
147.5230588888889
 30
0.0
 10
373.0264813888888
 20
145.7238922222222
 30
0.0
 10
373.4639258333333
 20
148.1368922222222
 30
0.0
 10
372.2927036111111
 20
152.7900311111111
 30
0.0
 10
371.879953611111
 20
154.4304477777777
 30
0.0
 10
371.7388425
 20
156.9598644444444
 30
0.0
 10
373.8343424999999
 20
158.3462811111111
 30
0.0
 10
374.8044813888888
 20
158.9883366666666
 30
0.0
 10
374.8538702777777
 20
156.6917533333333
 30
0.0
 10
376.2649813888888
 20
152.8746977777778
 30
0.0
 10
378.6074258333333
 20
146.5105866666667
 30
0.0
 10
375.7993147222222
 20
149.37867
 30
0.0
 10
374.3917313888889
 20
147.5230588888889
 30
0.0
  0
SPLINE
  5
9B
330
1F
100
AcDbEntity
  8
DEFAULT
 62
     1
100
AcDbSpline
210
0.0
220
0.0
230
1.0
 70
    11
 71
     3
 72
    17
 73
    13
 74
     0
 42
0.000000001
 43
0.0000000001
 40
1.0
 40
1.0
 40
1.0
 40
1.0
 40
2.0
 40
2.0
 40
2.0
 40
3.0
 40
3.0
 40
3.0
 40
4.0
 40
4.0
 40
4.0
 40
5.0
 40
5.0
 40
5.0
 40
5.0
 10
376.9528980555555
 20
137.4195033333333
 30
0.0
 10
374.7233424999999
 20
135.9307811111111
 30
0.0
 10
374.1412591666667
 20
136.0154477777778
 30
0.0
 10
374.3070647222222
 20
138.7388922222222
 30
0.0
 10
374.4763980555555
 20
141.4658644444444
 30
0.0
 10
373.0158980555555
 20
144.6902533333333
 30
0.0
 10
374.5328425
 20
145.7662255555555
 30
0.0
 10
376.0462591666666
 20
146.83867
 30
0.0
 10
377.9477313888888
 20
147.4207533333333
 30
0.0
 10
378.9390369444444
 20
142.7076422222222
 30
0.0
 10
379.5563980555555
 20
139.7619477777778
 30
0.0
 10
379.1859813888888
 20
138.9046977777778
 30
0.0
 10
376.9528980555555
 20
137.4195033333333
 30
0.0
  0
SPLINE
  5
9C
330
1F
100
AcDbEntity
  8
DEFAULT
 62
     1
100
AcDbSpline
210
0.0
220
0.0
230
1.0
 70
    11
 71
     3
 72
    17
 73
    13
 74
     0
 42
0.000000001
 43
0.0000000001
 40
1.0
 40
1.0
 40
1.0
 40
1.0
 40
2.0
 40
2.0
 40
2.0
 40
3.0
 40
3.0
 40
3.0
 40
4.0
 40
4.0
 40
4.0
 40
5.0
 40
5.0
 40
5.0
 40
5.0
 10
374.1412591666667
 20
128.1590866666666
 30
0.0
 10
371.9152313888889
 20
126.6844755555555
 30
0.0
 10
372.2397869444444
 20
127.6651977777777
 30
0.0
 10
373.1746480555555
 20
130.80492
 30
0.0
 10
374.1059813888888
 20
133.9446422222222
 30
0.0
 10
374.7233424999999
 20
134.36092
 30
0.0
 10
376.6777313888889
 20
135.18642
 30
0.0
 10
378.6285925
 20
136.0154477777778
 30
0.0
 10
379.5140647222222
 20
138.7388922222222
 30
0.0
 10
380.2584258333333
 20
135.7649755555555
 30
0.0
 10
381.0063147222222
 20
132.7875311111111
 30
0.0
 10
377.6478702777778
 20
130.4733088888889
 30
0.0
 10
374.1412591666667
 20
128.1590866666666
 30
0.0
  0
SPLINE
  5
9D
330
1F
100
AcDbEntity
  8
DEFAULT
 62
     1
100
AcDbSpline
210
0.0
220
0.0
230
1.0
 70
    11
 71
     3
 72
    14
 73
    10
 74
     0
 42
0.000000001
 43
0.0000000001
 40
1.0
 40
1.0
 40
1.0
 40
1.0
 40
2.0
 40
2.0
 40
2.0
 40
3.0
 40
3.0
 40
3.0
 40
4.0
 40
4.0
 40
4.0
 40
4.0
 10
380.1702313888889
 20
120.3944477777778
 30
0.0
 10
376.6530369444444
 20
118.7363922222222
 30
0.0
 10
369.5304536111111
 20
125.1146144444444
 30
0.0
 10
372.1057313888888
 20
125.1569477777778
 30
0.0
 10
377.0657869444444
 20
125.2416144444444
 30
0.0
 10
380.8122869444445
 20
132.67817
 30
0.0
 10
381.4155369444444
 20
129.7113088888889
 30
0.0
 10
381.7647869444444
 20
128.0003366666666
 30
0.0
 10
383.6874258333333
 20
122.0560311111111
 30
0.0
 10
380.1702313888889
 20
120.3944477777778
 30
0.0
  0
SPLINE
  5
9E
330
1F
100
AcDbEntity
  8
DEFAULT
 62
     1
100
AcDbSpline
210
0.0
220
0.0
230
1.0
 70
    11
 71
     3
 72
    14
 73
    10
 74
     0
 42
0.000000001
 43
0.0000000001
 40
1.0
 40
1.0
 40
1.0
 40
1.0
 40
2.0
 40
2.0
 40
2.0
 40
3.0
 40
3.0
 40
3.0
 40
4.0
 40
4.0
 40
4.0
 40
4.0
 10
370.0102313888888
 20
121.05767
 30
0.0
 10
366.9128425
 20
126.9702255555555
 30
0.0
 10
374.8256480555556
 20
117.4981422222222
 30
0.0
 10
380.2584258333333
 20
118.0555311111111
 30
0.0
 10
384.2271758333333
 20
118.4612255555556
 30
0.0
 10
382.2445647222222
 20
110.9646977777778
 30
0.0
 10
380.2584258333333
 20
108.2059755555555
 30
0.0
 10
378.2793425
 20
105.4472533333333
 30
0.0
 10
372.1092591666666
 20
117.0536422222222
 30
0.0
 10
370.0102313888888
 20
121.05767
 30
0.0
  0
SPLINE
  5
9F
330
1F
100
AcDbEntity
  8
DEFAULT
 62
     1
100
AcDbSpline
210
0.0
220
0.0
230
1.0
 70
    11
 71
     3
 72
    14
 73
    10
 74
     0
 42
0.000000001
 43
0.0000000001
 40
1.0
 40
1.0
 40
1.0
 40
1.0
 40
2.0
 40
2.0
 40
2.0
 40
3.0
 40
3.0
 40
3.0
 40
4.0
 40
4.0
 40
4.0
 40
4.0
 10
375.2983702777777
 20
108.4635033333333
 30
0.0
 10
378.4416202777778
 20
104.3113088888889
 30
0.0
 10
375.1360925
 20
102.2087533333333
 30
0.0
 10
372.324453611111
 20
102.3710311111111
 30
0.0
 10
369.5163425
 20
102.5333088888889
 30
0.0
 10
368.1158147222222
 20
111.6385033333333
 30
0.0
 10
367.2021202777777
 20
119.7276977777777
 30
0.0
 10
366.8175925
 20
123.1284755555555
 30
0.0
 10
372.1621758333333
 20
112.6192255555555
 30
0.0
 10
375.2983702777777
 20
108.4635033333333
 30
0.0
  0
SPLINE
  5
A0
330
1F
100
AcDbEntity
  8
DEFAULT
 62
     1
100
AcDbSpline
210
0.0
220
0.0
230
1.0
 70
    11
 71
     3
 72
    17
 73
    13
 74
     0
 42
0.000000001
 43
0.0000000001
 40
1.0
 40
1.0
 40
1.0
 40
1.0
 40
2.0
 40
2.0
 40
2.0
 40
3.0
 40
3.0
 40
3.0
 40
4.0
 40
4.0
 40
4.0
 40
5.0
 40
5.0
 40
5.0
 40
5.0
 10
366.2707869444444
 20
130.4733088888889
 30
0.0
 10
368.1934258333333
 20
130.2263644444444
 30
0.0
 10
372.0951480555556
 20
133.6165588888889
 30
0.0
 10
371.2202591666667
 20
130.6567533333333
 30
0.0
 10
370.3453702777778
 20
127.6969477777778
 30
0.0
 10
369.3434813888888
 20
126.2258644444444
 30
0.0
 10
368.2569258333333
 20
125.0158366666666
 30
0.0
 10
366.4224813888888
 20
122.9873644444444
 30
0.0
 10
365.6322591666666
 20
123.0367533333333
 30
0.0
 10
365.3853147222222
 20
126.1800033333333
 30
0.0
 10
365.1348425
 20
129.3161977777778
 30
0.0
 10
364.3481480555556
 20
130.7202533333333
 30
0.0
 10
366.2707869444444
 20
130.4733088888889
 30
0.0
  0
SPLINE
  5
A1
330
1F
100
AcDbEntity
  8
DEFAULT
 62
     1
100
AcDbSpline
210
0.0
220
0.0
230
1.0
 70
    11
 71
     3
 72
    14
 73
    10
 74
     0
 42
0.000000001
 43
0.0000000001
 40
1.0
 40
1.0
 40
1.0
 40
1.0
 40
2.0
 40
2.0
 40
2.0
 40
3.0
 40
3.0
 40
3.0
 40
4.0
 40
4.0
 40
4.0
 40
4.0
 10
365.5475925
 20
144.4644755555555
 30
0.0
 10
368.5215091666666
 20
141.8680311111111
 30
0.0
 10
367.6854258333333
 20
140.6826977777777
 30
0.0
 10
366.6482591666667
 20
136.5022811111111
 30
0.0
 10
364.3340369444444
 20
127.1571977777778
 30
0.0
 10
364.3340369444444
 20
137.0314477777778
 30
0.0
 10
363.2862869444444
 20
142.6511977777778
 30
0.0
 10
362.2385369444444
 20
148.2709477777778
 30
0.0
 10
362.5736758333333
 20
147.0573922222222
 30
0.0
 10
365.5475925
 20
144.4644755555555
 30
0.0
  0
SPLINE
  5
A2
330
1F
100
AcDbEntity
  8
DEFAULT
 62
     1
100
AcDbSpline
210
0.0
220
0.0
230
1.0
 70
    11
 71
     3
 72
    17
 73
    13
 74
     0
 42
0.000000001
 43
0.0000000001
 40
1.0
 40
1.0
 40
1.0
 40
1.0
 40
2.0
 40
2.0
 40
2.0
 40
3.0
 40
3.0
 40
3.0
 40
4.0
 40
4.0
 40
4.0
 40
5.0
 40
5.0
 40
5.0
 40
5.0
 10
363.0746202777777
 20
157.1997533333333
 30
0.0
 10
366.5424258333333
 20
153.7848644444445
 30
0.0
 10
368.0487869444444
 20
153.8942255555555
 30
0.0
 10
368.0664258333333
 20
151.6893644444444
 30
0.0
 10
368.0805369444444
 20
149.4845033333333
 30
0.0
 10
369.1812036111111
 20
144.3480588888889
 30
0.0
 10
366.7611480555555
 20
146.1190033333333
 30
0.0
 10
364.5880369444445
 20
147.7100311111111
 30
0.0
 10
362.5877869444444
 20
147.8299755555556
 30
0.0
 10
361.8610647222222
 20
152.0174477777778
 30
0.0
 10
361.1413980555555
 20
156.20492
 30
0.0
 10
359.6103424999999
 20
160.6146422222222
 30
0.0
 10
363.0746202777777
 20
157.1997533333333
 30
0.0
  0
SPLINE
  5
A3
330
1F
100
AcDbEntity
  8
DEFAULT
 62
     1
100
AcDbSpline
210
0.0
220
0.0
230
1.0
 70
    11
 71
     3
 72
    20
 73
    16
 74
     0
 42
0.000000001
 43
0.0000000001
 40
1.0
 40
1.0
 40
1.0
 40
1.0
 40
2.0
 40
2.0
 40
2.0
 40
3.0
 40
3.0
 40
3.0
 40
4.0
 40
4.0
 40
4.0
 40
5.0
 40
5.0
 40
5.0
 40
6.0
 40
6.0
 40
6.0
 40
6.0
 10
359.6138702777777
 20
168.7214755555555
 30
0.0
 10
360.8097869444444
 20
167.7795588888889
 30
0.0
 10
361.6846758333333
 20
163.4791977777778
 30
0.0
 10
363.9459813888888
 20
163.2604755555555
 30
0.0
 10
366.2072869444444
 20
163.0382255555555
 30
0.0
 10
364.9584536111111
 20
161.2778644444444
 30
0.0
 10
366.5177313888888
 20
158.4133088888889
 30
0.0
 10
368.0135091666666
 20
155.6757533333333
 30
0.0
 10
367.117453611111
 20
155.3265033333333
 30
0.0
 10
365.0642869444444
 20
157.4184755555555
 30
0.0
 10
363.0146480555555
 20
159.5139755555555
 30
0.0
 10
360.8732869444444
 20
160.0078644444444
 30
0.0
 10
360.2382869444444
 20
162.5161144444444
 30
0.0
 10
359.5962313888888
 20
165.0243644444444
 30
0.0
 10
358.417953611111
 20
169.66692
 30
0.0
 10
359.6138702777777
 20
168.7214755555555
 30
0.0
  0
SPLINE
  5
A4
330
1F
100
AcDbEntity
  8
DEFAULT
 62
     1
100
AcDbSpline
210
0.0
220
0.0
230
1.0
 70
    11
 71
     3
 72
    20
 73
    16
 74
     0
 42
0.000000001
 43
0.0000000001
 40
1.0
 40
1.0
 40
1.0
 40
1.0
 40
2.0
 40
2.0
 40
2.0
 40
3.0
 40
3.0
 40
3.0
 40
4.0
 40
4.0
 40
4.0
 40
5.0
 40
5.0
 40
5.0
 40
6.0
 40
6.0
 40
6.0
 40
6.0
 10
357.3384536111111
 20
179.1390033333333
 30
0.0
 10
358.4391202777778
 20
176.9835311111111
 30
0.0
 10
358.9471202777777
 20
177.8407811111111
 30
0.0
 10
359.7091202777777
 20
176.5390311111111
 30
0.0
 10
360.8309536111111
 20
174.6128644444444
 30
0.0
 10
362.2985091666667
 20
171.63542
 30
0.0
 10
361.7446480555555
 20
170.0937811111111
 30
0.0
 10
361.1907869444444
 20
168.5521422222222
 30
0.0
 10
360.7886202777777
 20
169.53992
 30
0.0
 10
359.4515925
 20
171.1415311111111
 30
0.0
 10
358.1110369444444
 20
172.7396144444444
 30
0.0
 10
358.4391202777778
 20
171.1944477777778
 30
0.0
 10
357.6136202777777
 20
174.3941422222222
 30
0.0
 10
356.7845925
 20
177.5867811111111
 30
0.0
 10
356.2377869444444
 20
181.2980033333333
 30
0.0
 10
357.3384536111111
 20
179.1390033333333
 30
0.0
  0
SPLINE
  5
A5
330
1F
100
AcDbEntity
  8
DEFAULT
 62
     1
100
AcDbSpline
210
0.0
220
0.0
230
1.0
 70
    11
 71
     3
 72
    14
 73
    10
 74
     0
 42
0.000000001
 43
0.0000000001
 40
1.0
 40
1.0
 40
1.0
 40
1.0
 40
2.0
 40
2.0
 40
2.0
 40
3.0
 40
3.0
 40
3.0
 40
4.0
 40
4.0
 40
4.0
 40
4.0
 10
353.9588424999999
 20
204.0698088888889
 30
0.0
 10
356.0966758333333
 20
198.3160033333333
 30
0.0
 10
358.4708702777777
 20
186.84367
 30
0.0
 10
358.6402036111111
 20
181.0581144444444
 30
0.0
 10
358.8024813888889
 20
175.2725588888889
 30
0.0
 10
355.7827036111111
 20
188.6181422222222
 30
0.0
 10
354.8372591666666
 20
193.6240588888889
 30
0.0
 10
353.0698425
 20
202.9832533333333
 30
0.0
 10
352.1526202777777
 20
208.9275588888889
 30
0.0
 10
353.9588424999999
 20
204.0698088888889
 30
0.0
  0
SPLINE
  5
A6
330
1F
100
AcDbEntity
  8
DEFAULT
 62
    18
100
AcDbSpline
210
0.0
220
0.0
230
1.0
 70
     8
 71
     3
 72
    17
 73
    13
 74
     0
 42
0.000000001
 43
0.0000000001
 40
0.0
 40
0.0
 40
0.0
 40
0.0
 40
5.777674272577108
 40
5.777674272577108
 40
5.777674272577108
 40
6.777674272577108
 40
6.777674272577108
 40
6.777674272577108
 40
11.99020878085609
 40
11.99020878085609
 40
11.99020878085609
 40
17.76021822625558
 40
17.76021822625558
 40
17.76021822625558
 40
17.76021822625558
 10
328.6565266666667
 20
131.6406152777778
 30
0.0
 10
327.9829562962963
 20
131.7295152777778
 30
0.0
 10
327.3093859259259
 20
131.8184152777777
 30
0.0
 10
326.6358155555556
 20
131.9073152777777
 30
0.0
 10
326.6358155555556
 20
131.9073152777777
 30
0.0
 10
328.0839683333333
 20
132.6118125
 30
0.0
 10
328.2938711111111
 20
132.6629652777778
 30
0.0
 10
327.7411859259259
 20
132.9280189814815
 30
0.0
 10
327.1885007407407
 20
133.1930726851852
 30
0.0
 10
326.6358155555556
 20
133.4581263888889
 30
0.0
 10
327.3093859259259
 20
133.5398532407407
 30
0.0
 10
327.9829562962963
 20
133.6215800925926
 30
0.0
 10
328.6565266666667
 20
133.7033069444444
 30
0.0
  0
SPLINE
  5
A7
330
1F
100
AcDbEntity
  8
DEFAULT
 62
     1
100
AcDbSpline
210
0.0
220
0.0
230
1.0
 70
    11
 71
     3
 72
    47
 73
    43
 74
     0
 42
0.000000001
 43
0.0000000001
 40
1.0
 40
1.0
 40
1.0
 40
1.0
 40
2.0
 40
2.0
 40
2.0
 40
6.25
 40
6.25
 40
6.25
 40
14.75
 40
14.75
 40
14.75
 40
19.0
 40
19.0
 40
19.0
 40
20.0
 40
20.0
 40
20.0
 40
21.0
 40
21.0
 40
21.0
 40
22.0
 40
22.0
 40
22.0
 40
23.0
 40
23.0
 40
23.0
 40
24.0
 40
24.0
 40
24.0
 40
25.0
 40
25.0
 40
25.0
 40
26.0
 40
26.0
 40
26.0
 40
27.0
 40
27.0
 40
27.0
 40
28.0
 40
28.0
 40
28.0
 40
29.0
 40
29.0
 40
29.0
 40
29.0
 10
333.9370455555555
 20
131.22275
 30
0.0
 10
332.9704344444444
 20
131.22275
 30
0.0
 10
332.4589066666667
 20
131.1733611111111
 30
0.0
 10
332.1872677777778
 20
131.1733611111111
 30
0.0
 10
331.6874992592593
 20
131.1733611111111
 30
0.0
 10
331.1877307407407
 20
131.1733611111111
 30
0.0
 10
330.6879622222222
 20
131.1733611111111
 30
0.0
 10
330.6879622222222
 20
132.1728981481481
 30
0.0
 10
330.6879622222222
 20
133.1724351851852
 30
0.0
 10
330.6879622222222
 20
134.1719722222222
 30
0.0
 10
331.1877307407407
 20
134.1719722222222
 30
0.0
 10
331.6874992592593
 20
134.1719722222222
 30
0.0
 10
332.1872677777778
 20
134.1719722222222
 30
0.0
 10
332.4589066666667
 20
134.1719722222222
 30
0.0
 10
332.9704344444444
 20
134.1225833333333
 30
0.0
 10
333.9370455555555
 20
134.1225833333333
 30
0.0
 10
334.9036566666666
 20
134.1225833333333
 30
0.0
 10
335.6868233333333
 20
134.14375
 30
0.0
 10
335.6868233333333
 20
134.1719722222222
 30
0.0
 10
335.6868233333333
 20
138.5816944444444
 30
0.0
 10
331.32649
 20
137.0083055555556
 30
0.0
 10
326.8462122222222
 20
136.9236388888889
 30
0.0
 10
322.3624066666667
 20
136.8425
 30
0.0
 10
326.8391566666667
 20
130.9793333333333
 30
0.0
 10
325.6891011111111
 20
123.8849722222222
 30
0.0
 10
324.5743233333333
 20
117.0305
 30
0.0
 10
296.40149
 20
70.53086111111111
 30
0.0
 10
292.9301566666666
 20
49.86513888888888
 30
0.0
 10
289.4588233333333
 20
29.19941666666667
 30
0.0
 10
296.7260455555555
 20
25.28358333333333
 30
0.0
 10
303.1712955555555
 20
20.46816666666667
 30
0.0
 10
309.6200733333333
 20
15.64922222222222
 30
0.0
 10
316.5697955555555
 20
17.80469444444444
 30
0.0
 10
317.3847122222222
 20
46.89122222222221
 30
0.0
 10
319.0392399999999
 20
105.7804166666667
 30
0.0
 10
338.3926288888889
 20
105.9885555555555
 30
0.0
 10
334.21574
 20
123.2993611111111
 30
0.0
 10
333.4749066666666
 20
126.3614722222222
 30
0.0
 10
335.6868233333333
 20
126.1921388888889
 30
0.0
 10
335.6868233333333
 20
131.1733611111111
 30
0.0
 10
335.6868233333333
 20
131.1980555555555
 30
0.0
 10
334.9036566666666
 20
131.22275
 30
0.0
 10
333.9370455555555
 20
131.22275
 30
0.0
  0
SPLINE
  5
A8
330
1F
100
AcDbEntity
  8
DEFAULT
 62
     1
100
AcDbSpline
210
0.0
220
0.0
230
1.0
 70
    11
 71
     3
 72
    20
 73
    16
 74
     0
 42
0.000000001
 43
0.0000000001
 40
1.0
 40
1.0
 40
1.0
 40
1.0
 40
2.0
 40
2.0
 40
2.0
 40
3.0
 40
3.0
 40
3.0
 40
4.0
 40
4.0
 40
4.0
 40
5.0
 40
5.0
 40
5.0
 40
6.0
 40
6.0
 40
6.0
 40
6.0
 10
295.9852122222222
 20
34.06069444444444
 30
0.0
 10
289.6634344444444
 20
46.11863888888888
 30
0.0
 10
312.3858511111111
 20
91.88097222222221
 30
0.0
 10
318.5171288888889
 20
103.1804444444444
 30
0.0
 10
330.6350455555555
 20
125.50775
 30
0.0
 10
327.1390177777778
 20
127.1164166666667
 30
0.0
 10
328.9734622222222
 20
124.8868611111111
 30
0.0
 10
330.1305733333333
 20
123.47575
 30
0.0
 10
327.3083511111111
 20
115.8628055555556
 30
0.0
 10
317.7233788888889
 20
98.50613888888888
 30
0.0
 10
310.6713511111111
 20
85.74263888888889
 30
0.0
 10
299.4283233333333
 20
59.15730555555555
 30
0.0
 10
297.8020177777778
 20
47.92133333333333
 30
0.0
 10
295.7100455555556
 20
33.42922222222222
 30
0.0
 10
298.7404066666667
 20
28.8113611111111
 30
0.0
 10
295.9852122222222
 20
34.06069444444444
 30
0.0
  0
SPLINE
  5
A9
330
1F
100
AcDbEntity
  8
DEFAULT
 62
     1
100
AcDbSpline
210
0.0
220
0.0
230
1.0
 70
    11
 71
     3
 72
    14
 73
    10
 74
     0
 42
0.000000001
 43
0.0000000001
 40
1.0
 40
1.0
 40
1.0
 40
1.0
 40
2.0
 40
2.0
 40
2.0
 40
3.0
 40
3.0
 40
3.0
 40
4.0
 40
4.0
 40
4.0
 40
4.0
 10
314.5801288888889
 20
44.77808333333333
 30
0.0
 10
314.5801288888889
 20
28.67730555555555
 30
0.0
 10
311.6908788888889
 20
42.13225
 30
0.0
 10
312.1847677777778
 20
48.66569444444443
 30
0.0
 10
312.6821844444444
 20
55.19561111111111
 30
0.0
 10
314.49899
 20
64.19144444444443
 30
0.0
 10
315.0810733333333
 20
60.31088888888888
 30
0.0
 10
315.6561011111111
 20
56.42327777777777
 30
0.0
 10
314.5801288888889
 20
50.73297222222222
 30
0.0
 10
314.5801288888889
 20
44.77808333333333
 30
0.0
  0
SPLINE
  5
AA
330
1F
100
AcDbEntity
  8
DEFAULT
 62
     1
100
AcDbSpline
210
0.0
220
0.0
230
1.0
 70
    11
 71
     3
 72
    20
 73
    16
 74
     0
 42
0.000000001
 43
0.0000000001
 40
1.0
 40
1.0
 40
1.0
 40
1.0
 40
2.0
 40
2.0
 40
2.0
 40
3.0
 40
3.0
 40
3.0
 40
4.0
 40
4.0
 40
4.0
 40
5.0
 40
5.0
 40
5.0
 40
6.0
 40
6.0
 40
6.0
 40
6.0
 10
317.3106288888889
 20
76.6903611111111
 30
0.0
 10
316.2029066666666
 20
72.43938888888889
 30
0.0
 10
315.9841844444445
 20
61.19988888888889
 30
0.0
 10
315.0105177777777
 20
66.97838888888889
 30
0.0
 10
314.2943788888889
 20
71.20819444444443
 30
0.0
 10
307.4116844444445
 20
52.3381111111111
 30
0.0
 10
308.6040733333334
 20
40.92222222222222
 30
0.0
 10
309.5036566666666
 20
32.2721111111111
 30
0.0
 10
312.9926288888889
 20
27.17799999999999
 30
0.0
 10
311.80024
 20
28.25044444444444
 30
0.0
 10
307.25999
 20
32.34266666666667
 30
0.0
 10
305.10099
 20
45.07441666666666
 30
0.0
 10
308.3818233333333
 20
56.45855555555555
 30
0.0
 10
311.8778511111111
 20
68.57999999999998
 30
0.0
 10
319.3849622222222
 20
84.68430555555555
 30
0.0
 10
317.3106288888889
 20
76.6903611111111
 30
0.0
  0
SPLINE
  5
AB
330
1F
100
AcDbEntity
  8
DEFAULT
 62
     1
100
AcDbSpline
210
0.0
220
0.0
230
1.0
 70
    11
 71
     3
 72
    23
 73
    19
 74
     0
 42
0.000000001
 43
0.0000000001
 40
1.0
 40
1.0
 40
1.0
 40
1.0
 40
2.0
 40
2.0
 40
2.0
 40
3.0
 40
3.0
 40
3.0
 40
4.0
 40
4.0
 40
4.0
 40
5.0
 40
5.0
 40
5.0
 40
6.0
 40
6.0
 40
6.0
 40
7.0
 40
7.0
 40
7.0
 40
7.0
 10
326.56399
 20
105.7239722222222
 30
0.0
 10
319.7836011111111
 20
93.34852777777778
 30
0.0
 10
300.3455455555555
 20
55.0686111111111
 30
0.0
 10
302.6491844444445
 20
38.60447222222222
 30
0.0
 10
304.5788788888889
 20
24.83202777777777
 30
0.0
 10
309.9234622222222
 20
20.86327777777777
 30
0.0
 10
307.8879344444445
 20
22.54602777777777
 30
0.0
 10
300.5325177777778
 20
28.60675
 30
0.0
 10
297.1740733333333
 20
39.04897222222222
 30
0.0
 10
303.1748233333333
 20
57.17822222222221
 30
0.0
 10
313.8816288888889
 20
89.5314722222222
 30
0.0
 10
324.0663233333333
 20
101.4341944444444
 30
0.0
 10
327.5129622222223
 20
110.7510555555555
 30
0.0
 10
331.6298788888889
 20
121.8776666666667
 30
0.0
 10
330.6068233333334
 20
123.8426388888889
 30
0.0
 10
332.2719344444444
 20
120.1843333333333
 30
0.0
 10
334.0393511111111
 20
116.3073055555555
 30
0.0
 10
330.2011288888888
 20
112.3526666666667
 30
0.0
 10
326.56399
 20
105.7239722222222
 30
0.0
  0
SPLINE
  5
AC
330
1F
100
AcDbEntity
  8
DEFAULT
 62
    18
100
AcDbSpline
210
0.0
220
0.0
230
1.0
 70
     8
 71
     3
 72
    17
 73
    13
 74
     0
 42
0.000000001
 43
0.0000000001
 40
0.0
 40
0.0
 40
0.0
 40
0.0
 40
5.778665676434347
 40
5.778665676434347
 40
5.778665676434347
 40
6.778665676434347
 40
6.778665676434347
 40
6.778665676434347
 40
11.99210187533427
 40
11.99210187533427
 40
11.99210187533427
 40
17.76310404133633
 40
17.76310404133633
 40
17.76310404133633
 40
17.76310404133633
 10
351.3434891666667
 20
133.7033069444444
 30
0.0
 10
352.0171771296297
 20
133.6144069444445
 30
0.0
 10
352.6908650925927
 20
133.5255069444445
 30
0.0
 10
353.3645530555556
 20
133.4366069444445
 30
0.0
 10
353.3645530555555
 20
133.4366069444445
 30
0.0
 10
351.9164002777778
 20
132.7317569444444
 30
0.0
 10
351.7061447222222
 20
132.6809569444444
 30
0.0
 10
352.2589475
 20
132.4159032407407
 30
0.0
 10
352.8117502777777
 20
132.150849537037
 30
0.0
 10
353.3645530555555
 20
131.8857958333333
 30
0.0
 10
352.6908650925926
 20
131.8040689814815
 30
0.0
 10
352.0171771296296
 20
131.7223421296296
 30
0.0
 10
351.3434891666666
 20
131.6406152777778
 30
0.0
  0
SPLINE
  5
AD
330
1F
100
AcDbEntity
  8
DEFAULT
 62
     1
100
AcDbSpline
210
0.0
220
0.0
230
1.0
 70
    11
 71
     3
 72
    47
 73
    43
 74
     0
 42
0.000000001
 43
0.0000000001
 40
1.0
 40
1.0
 40
1.0
 40
1.0
 40
2.0
 40
2.0
 40
2.0
 40
3.0
 40
3.0
 40
3.0
 40
4.0
 40
4.0
 40
4.0
 40
5.0
 40
5.0
 40
5.0
 40
6.0
 40
6.0
 40
6.0
 40
7.0
 40
7.0
 40
7.0
 40
8.0
 40
8.0
 40
8.0
 40
9.0
 40
9.0
 40
9.0
 40
10.0
 40
10.0
 40
10.0
 40
14.25
 40
14.25
 40
14.25
 40
22.75
 40
22.75
 40
22.75
 40
27.0
 40
27.0
 40
27.0
 40
28.0
 40
28.0
 40
28.0
 40
29.0
 40
29.0
 40
29.0
 40
29.0
 10
344.3131925
 20
131.1733611111111
 30
0.0
 10
344.3131925
 20
126.1921388888889
 30
0.0
 10
346.5251091666667
 20
126.3614722222222
 30
0.0
 10
345.7842758333333
 20
123.2993611111111
 30
0.0
 10
341.6073869444444
 20
105.9885555555555
 30
0.0
 10
360.9607758333333
 20
105.7804166666667
 30
0.0
 10
362.6153036111111
 20
46.89122222222223
 30
0.0
 10
363.4302202777777
 20
17.80469444444445
 30
0.0
 10
370.3799425
 20
15.64922222222223
 30
0.0
 10
376.8287202777777
 20
20.46816666666666
 30
0.0
 10
383.2739702777777
 20
25.28358333333334
 30
0.0
 10
390.5411924999999
 20
29.19941666666666
 30
0.0
 10
387.0698591666666
 20
49.86513888888888
 30
0.0
 10
383.5985258333333
 20
70.53086111111111
 30
0.0
 10
355.4256925
 20
117.0305
 30
0.0
 10
354.3109147222222
 20
123.8849722222222
 30
0.0
 10
353.1608591666666
 20
130.9793333333333
 30
0.0
 10
357.6376091666666
 20
136.8425
 30
0.0
 10
353.1538036111111
 20
136.9236388888889
 30
0.0
 10
348.6735258333333
 20
137.0083055555556
 30
0.0
 10
344.3131925
 20
138.5816944444444
 30
0.0
 10
344.3131925
 20
134.1719722222222
 30
0.0
 10
344.3131925
 20
134.14375
 30
0.0
 10
345.0963591666666
 20
134.1225833333333
 30
0.0
 10
346.0629702777777
 20
134.1225833333333
 30
0.0
 10
347.0295813888889
 20
134.1225833333333
 30
0.0
 10
347.5411091666666
 20
134.1719722222222
 30
0.0
 10
347.8127480555555
 20
134.1719722222222
 30
0.0
 10
348.3125165740741
 20
134.1719722222222
 30
0.0
 10
348.8122850925926
 20
134.1719722222222
 30
0.0
 10
349.3120536111111
 20
134.1719722222222
 30
0.0
 10
349.3120536111111
 20
133.1724351851852
 30
0.0
 10
349.3120536111111
 20
132.1728981481481
 30
0.0
 10
349.3120536111111
 20
131.1733611111111
 30
0.0
 10
348.8122850925926
 20
131.1733611111111
 30
0.0
 10
348.3125165740741
 20
131.1733611111111
 30
0.0
 10
347.8127480555555
 20
131.1733611111111
 30
0.0
 10
347.5411091666666
 20
131.1733611111111
 30
0.0
 10
347.0295813888889
 20
131.22275
 30
0.0
 10
346.0629702777777
 20
131.22275
 30
0.0
 10
345.0963591666666
 20
131.22275
 30
0.0
 10
344.3131925
 20
131.1980555555555
 30
0.0
 10
344.3131925
 20
131.1733611111111
 30
0.0
  0
SPLINE
  5
AE
330
1F
100
AcDbEntity
  8
DEFAULT
 62
     1
100
AcDbSpline
210
0.0
220
0.0
230
1.0
 70
    11
 71
     3
 72
    20
 73
    16
 74
     0
 42
0.000000001
 43
0.0000000001
 40
1.0
 40
1.0
 40
1.0
 40
1.0
 40
2.0
 40
2.0
 40
2.0
 40
3.0
 40
3.0
 40
3.0
 40
4.0
 40
4.0
 40
4.0
 40
5.0
 40
5.0
 40
5.0
 40
6.0
 40
6.0
 40
6.0
 40
6.0
 10
382.1979980555555
 20
47.92133333333333
 30
0.0
 10
380.5716924999999
 20
59.15730555555555
 30
0.0
 10
369.3286647222222
 20
85.74263888888889
 30
0.0
 10
362.2766369444444
 20
98.50613888888888
 30
0.0
 10
352.6916647222222
 20
115.8628055555556
 30
0.0
 10
349.8694425
 20
123.47575
 30
0.0
 10
351.0265536111111
 20
124.8868611111111
 30
0.0
 10
352.8609980555555
 20
127.1164166666667
 30
0.0
 10
349.3649702777777
 20
125.50775
 30
0.0
 10
361.4828869444444
 20
103.1804444444444
 30
0.0
 10
367.6141647222221
 20
91.88097222222221
 30
0.0
 10
390.3365813888888
 20
46.11863888888889
 30
0.0
 10
384.014803611111
 20
34.06069444444444
 30
0.0
 10
381.2596091666666
 20
28.81136111111111
 30
0.0
 10
384.2899702777777
 20
33.42922222222223
 30
0.0
 10
382.1979980555555
 20
47.92133333333333
 30
0.0
  0
SPLINE
  5
AF
330
1F
100
AcDbEntity
  8
DEFAULT
 62
     1
100
AcDbSpline
210
0.0
220
0.0
230
1.0
 70
    11
 71
     3
 72
    14
 73
    10
 74
     0
 42
0.000000001
 43
0.0000000001
 40
1.0
 40
1.0
 40
1.0
 40
1.0
 40
2.0
 40
2.0
 40
2.0
 40
3.0
 40
3.0
 40
3.0
 40
4.0
 40
4.0
 40
4.0
 40
4.0
 10
364.9189425
 20
60.31088888888888
 30
0.0
 10
365.5010258333333
 20
64.19144444444444
 30
0.0
 10
367.3178313888888
 20
55.19561111111111
 30
0.0
 10
367.8152480555555
 20
48.66569444444445
 30
0.0
 10
368.3091369444444
 20
42.13225
 30
0.0
 10
365.4198869444444
 20
28.67730555555556
 30
0.0
 10
365.4198869444444
 20
44.77808333333333
 30
0.0
 10
365.4198869444444
 20
50.73297222222222
 30
0.0
 10
364.3439147222222
 20
56.42327777777777
 30
0.0
 10
364.9189425
 20
60.31088888888888
 30
0.0
  0
SPLINE
  5
B0
330
1F
100
AcDbEntity
  8
DEFAULT
 62
     1
100
AcDbSpline
210
0.0
220
0.0
230
1.0
 70
    11
 71
     3
 72
    20
 73
    16
 74
     0
 42
0.000000001
 43
0.0000000001
 40
1.0
 40
1.0
 40
1.0
 40
1.0
 40
2.0
 40
2.0
 40
2.0
 40
3.0
 40
3.0
 40
3.0
 40
4.0
 40
4.0
 40
4.0
 40
5.0
 40
5.0
 40
5.0
 40
6.0
 40
6.0
 40
6.0
 40
6.0
 10
371.6181925
 20
56.45855555555556
 30
0.0
 10
374.8990258333333
 20
45.07441666666666
 30
0.0
 10
372.7400258333333
 20
32.34266666666667
 30
0.0
 10
368.1997758333333
 20
28.25044444444444
 30
0.0
 10
367.0073869444444
 20
27.178
 30
0.0
 10
370.4963591666666
 20
32.27211111111112
 30
0.0
 10
371.3959424999999
 20
40.92222222222222
 30
0.0
 10
372.5883313888888
 20
52.33811111111111
 30
0.0
 10
365.7056369444444
 20
71.20819444444443
 30
0.0
 10
364.9894980555555
 20
66.97838888888889
 30
0.0
 10
364.0158313888888
 20
61.19988888888889
 30
0.0
 10
363.7971091666666
 20
72.43938888888889
 30
0.0
 10
362.6893869444444
 20
76.6903611111111
 30
0.0
 10
360.615053611111
 20
84.68430555555555
 30
0.0
 10
368.1221647222221
 20
68.58
 30
0.0
 10
371.6181925
 20
56.45855555555556
 30
0.0
  0
SPLINE
  5
B1
330
1F
100
AcDbEntity
  8
DEFAULT
 62
     1
100
AcDbSpline
210
0.0
220
0.0
230
1.0
 70
    11
 71
     3
 72
    23
 73
    19
 74
     0
 42
0.000000001
 43
0.0000000001
 40
1.0
 40
1.0
 40
1.0
 40
1.0
 40
2.0
 40
2.0
 40
2.0
 40
3.0
 40
3.0
 40
3.0
 40
4.0
 40
4.0
 40
4.0
 40
5.0
 40
5.0
 40
5.0
 40
6.0
 40
6.0
 40
6.0
 40
7.0
 40
7.0
 40
7.0
 40
7.0
 10
347.7280813888888
 20
120.1843333333333
 30
0.0
 10
349.3931924999999
 20
123.8426388888889
 30
0.0
 10
348.3701369444444
 20
121.8776666666667
 30
0.0
 10
352.487053611111
 20
110.7510555555555
 30
0.0
 10
355.9336924999999
 20
101.4341944444444
 30
0.0
 10
366.1183869444444
 20
89.53147222222222
 30
0.0
 10
376.8251925
 20
57.17822222222222
 30
0.0
 10
382.8259424999999
 20
39.04897222222222
 30
0.0
 10
379.4674980555555
 20
28.60675000000001
 30
0.0
 10
372.1120813888888
 20
22.54602777777778
 30
0.0
 10
370.076553611111
 20
20.86327777777777
 30
0.0
 10
375.4211369444444
 20
24.83202777777777
 30
0.0
 10
377.3508313888888
 20
38.60447222222222
 30
0.0
 10
379.6544702777777
 20
55.0686111111111
 30
0.0
 10
360.2164147222222
 20
93.34852777777778
 30
0.0
 10
353.4360258333332
 20
105.7239722222222
 30
0.0
 10
349.7988869444444
 20
112.3526666666667
 30
0.0
 10
345.9606647222222
 20
116.3073055555555
 30
0.0
 10
347.7280813888888
 20
120.1843333333333
 30
0.0
  0
POLYLINE
  5
B2
330
1F
100
AcDbEntity
  8
DEFAULT
 62
    18
100
AcDb2dPolyline
 66
     1
 10
0.0
 20
0.0
 30
0.0
  0
VERTEX
  5
B3
330
B2
100
AcDbEntity
  8
DEFAULT
 62
    18
100
AcDbVertex
100
AcDb2dVertex
 10
295.4119836111111
 20
81.92840555555554
 30
0.0
  0
VERTEX
  5
B4
330
B2
100
AcDbEntity
  8
DEFAULT
 62
    18
100
AcDbVertex
100
AcDb2dVertex
 10
296.5362863888889
 20
81.92840555555554
 30
0.0
  0
VERTEX
  5
B5
330
B2
100
AcDbEntity
  8
DEFAULT
 62
    18
100
AcDbVertex
100
AcDb2dVertex
 10
296.5362863888889
 20
79.90734166666665
 30
0.0
  0
SEQEND
  5
B6
330
B2
100
AcDbEntity
  8
DEFAULT
 62
    18
  0
SPLINE
  5
B7
330
1F
100
AcDbEntity
  8
DEFAULT
 62
     1
100
AcDbSpline
210
0.0
220
0.0
230
1.0
 70
    11
 71
     3
 72
    56
 73
    52
 74
     0
 42
0.000000001
 43
0.0000000001
 40
1.0
 40
1.0
 40
1.0
 40
1.0
 40
2.0
 40
2.0
 40
2.0
 40
3.0
 40
3.0
 40
3.0
 40
12.91899999999998
 40
12.91899999999998
 40
12.91899999999998
 40
21.41800000000001
 40
21.41800000000001
 40
21.41800000000001
 40
31.33200408513129
 40
31.33200408513129
 40
31.33200408513129
 40
32.33200408513129
 40
32.33200408513129
 40
32.33200408513129
 40
33.34229971527228
 40
33.34229971527228
 40
33.34229971527228
 40
34.34229971527228
 40
34.34229971527228
 40
34.34229971527228
 40
35.34229971527228
 40
35.34229971527228
 40
35.34229971527228
 40
36.34229971527228
 40
36.34229971527228
 40
36.34229971527228
 40
37.34229971527228
 40
37.34229971527228
 40
37.34229971527228
 40
38.34229971527228
 40
38.34229971527228
 40
38.34229971527228
 40
39.34229971527228
 40
39.34229971527228
 40
39.34229971527228
 40
40.34229971527228
 40
40.34229971527228
 40
40.34229971527228
 40
41.34229971527228
 40
41.34229971527228
 40
41.34229971527228
 40
42.34229971527228
 40
42.34229971527228
 40
42.34229971527228
 40
43.34229971527228
 40
43.34229971527228
 40
43.34229971527228
 40
43.34229971527228
 10
294.4791333333333
 20
90.95965777777776
 30
0.0
 10
294.503475
 20
90.94554666666664
 30
0.0
 10
294.5264055555555
 20
90.16661333333332
 30
0.0
 10
294.5271111111111
 20
89.20882166666665
 30
0.0
 10
294.5278166666666
 20
88.2429161111111
 30
0.0
 10
294.4763111111111
 20
87.73068277777776
 30
0.0
 10
294.4741944444444
 20
87.45904388888887
 30
0.0
 10
294.4741944444444
 20
86.29264296296294
 30
0.0
 10
294.4741944444444
 20
85.12624203703703
 30
0.0
 10
294.4741944444444
 20
83.9598411111111
 30
0.0
 10
295.4736138888889
 20
83.9598411111111
 30
0.0
 10
296.4730333333334
 20
83.9598411111111
 30
0.0
 10
297.4724527777778
 20
83.9598411111111
 30
0.0
 10
297.4735111111111
 20
85.12565407407406
 30
0.0
 10
297.4745694444445
 20
86.29146703703702
 30
0.0
 10
297.4756277777778
 20
87.45727999999998
 30
0.0
 10
297.4745694444444
 20
87.73068277777776
 30
0.0
 10
297.4262388888889
 20
88.23938833333331
 30
0.0
 10
297.4272972222222
 20
89.2081161111111
 30
0.0
 10
297.4269444444444
 20
90.17402166666665
 30
0.0
 10
297.4470527777777
 20
90.95683555555554
 30
0.0
 10
297.4773916666667
 20
90.95965777777776
 30
0.0
 10
298.5949916666667
 20
90.95754111111111
 30
0.0
 10
300.4146194444444
 20
90.66755777777777
 30
0.0
 10
302.8879444444444
 20
92.43991333333332
 30
0.0
 10
304.6274916666667
 20
93.6862772222222
 30
0.0
 10
306.0177888888888
 20
95.41735777777777
 30
0.0
 10
304.7347361111111
 20
91.4066272222222
 30
0.0
 10
303.8270388888889
 20
88.56888277777777
 30
0.0
 10
302.5669166666667
 20
90.05901611111109
 30
0.0
 10
301.4722472222222
 20
87.54617999999999
 30
0.0
 10
299.7189416666666
 20
83.51922166666665
 30
0.0
 10
300.2339972222222
 20
78.33409388888887
 30
0.0
 10
297.7567916666667
 20
77.06585777777777
 30
0.0
 10
296.7467888888889
 20
76.54903833333333
 30
0.0
 10
295.3667222222222
 20
76.0382161111111
 30
0.0
 10
293.7601722222222
 20
77.15757999999998
 30
0.0
 10
292.1536222222222
 20
78.2765911111111
 30
0.0
 10
290.5262583333333
 20
77.07361888888887
 30
0.0
 10
289.7713138888889
 20
75.37111333333333
 30
0.0
 10
289.0160166666666
 20
73.66825499999999
 30
0.0
 10
289.4051305555555
 20
70.96033277777777
 30
0.0
 10
287.3960611111111
 20
74.7474022222222
 30
0.0
 10
285.7831611111111
 20
77.7876411111111
 30
0.0
 10
287.0327
 20
84.56697166666665
 30
0.0
 10
289.1144416666667
 20
87.53983
 30
0.0
 10
291.8474111111111
 20
91.44331611111109
 30
0.0
 10
288.5641083333333
 20
96.21463555555555
 30
0.0
 10
291.3609305555555
 20
93.36172166666665
 30
0.0
 10
292.8027333333333
 20
91.89134388888888
 30
0.0
 10
293.0500305555555
 20
90.85029666666665
 30
0.0
 10
294.4791333333333
 20
90.95965777777776
 30
0.0
  0
POLYLINE
  5
B8
330
1F
100
AcDbEntity
  8
DEFAULT
 62
    18
100
AcDb2dPolyline
 66
     1
 10
0.0
 20
0.0
 30
0.0
  0
VERTEX
  5
B9
330
B8
100
AcDbEntity
  8
DEFAULT
 62
    18
100
AcDbVertex
100
AcDb2dVertex
 10
383.4654227777777
 20
81.92840555555554
 30
0.0
  0
VERTEX
  5
BA
330
B8
100
AcDbEntity
  8
DEFAULT
 62
    18
100
AcDbVertex
100
AcDb2dVertex
 10
384.5897255555554
 20
81.92840555555554
 30
0.0
  0
VERTEX
  5
BB
330
B8
100
AcDbEntity
  8
DEFAULT
 62
    18
100
AcDbVertex
100
AcDb2dVertex
 10
384.5897255555554
 20
79.90734166666665
 30
0.0
  0
SEQEND
  5
BC
330
B8
100
AcDbEntity
  8
DEFAULT
 62
    18
  0
SPLINE
  5
BD
330
1F
100
AcDbEntity
  8
DEFAULT
 62
     1
100
AcDbSpline
210
0.0
220
0.0
230
1.0
 70
    11
 71
     3
 72
    56
 73
    52
 74
     0
 42
0.000000001
 43
0.0000000001
 40
1.0
 40
1.0
 40
1.0
 40
1.0
 40
2.0
 40
2.0
 40
2.0
 40
3.0
 40
3.0
 40
3.0
 40
12.91899999999998
 40
12.91899999999998
 40
12.91899999999998
 40
21.41799999999978
 40
21.41799999999978
 40
21.41799999999978
 40
31.33200408513106
 40
31.33200408513106
 40
31.33200408513106
 40
32.33200408513106
 40
32.33200408513106
 40
32.33200408513106
 40
33.34229971527211
 40
33.34229971527211
 40
33.34229971527211
 40
34.34229971527211
 40
34.34229971527211
 40
34.34229971527211
 40
35.34229971527211
 40
35.34229971527211
 40
35.34229971527211
 40
36.34229971527211
 40
36.34229971527211
 40
36.34229971527211
 40
37.34229971527211
 40
37.34229971527211
 40
37.34229971527211
 40
38.34229971527211
 40
38.34229971527211
 40
38.34229971527211
 40
39.34229971527211
 40
39.34229971527211
 40
39.34229971527211
 40
40.34229971527211
 40
40.34229971527211
 40
40.34229971527211
 40
41.34229971527211
 40
41.34229971527211
 40
41.34229971527211
 40
42.34229971527211
 40
42.34229971527211
 40
42.34229971527211
 40
43.34229971527211
 40
43.34229971527211
 40
43.34229971527211
 40
43.34229971527211
 10
385.5208825
 20
90.95965777777776
 30
0.0
 10
385.4965408333333
 20
90.94554666666664
 30
0.0
 10
385.4736102777778
 20
90.16661333333332
 30
0.0
 10
385.4729047222222
 20
89.20882166666665
 30
0.0
 10
385.4721991666667
 20
88.2429161111111
 30
0.0
 10
385.5237047222222
 20
87.73068277777776
 30
0.0
 10
385.5258213888888
 20
87.45904388888887
 30
0.0
 10
385.5258213888888
 20
86.29264296296294
 30
0.0
 10
385.5258213888888
 20
85.12624203703703
 30
0.0
 10
385.5258213888888
 20
83.9598411111111
 30
0.0
 10
384.5264019444444
 20
83.9598411111111
 30
0.0
 10
383.5269825
 20
83.9598411111111
 30
0.0
 10
382.5275630555556
 20
83.9598411111111
 30
0.0
 10
382.5265047222222
 20
85.12565407407406
 30
0.0
 10
382.5254463888889
 20
86.29146703703702
 30
0.0
 10
382.5243880555556
 20
87.45727999999998
 30
0.0
 10
382.5254463888889
 20
87.73068277777776
 30
0.0
 10
382.5737769444444
 20
88.23938833333331
 30
0.0
 10
382.5727186111111
 20
89.2081161111111
 30
0.0
 10
382.5730713888889
 20
90.17402166666665
 30
0.0
 10
382.5529630555556
 20
90.95683555555554
 30
0.0
 10
382.5226241666666
 20
90.95965777777776
 30
0.0
 10
381.4050241666667
 20
90.95754111111111
 30
0.0
 10
379.5857491666666
 20
90.66755777777777
 30
0.0
 10
377.1120713888889
 20
92.43991333333332
 30
0.0
 10
375.3728769444444
 20
93.6862772222222
 30
0.0
 10
373.9822269444444
 20
95.41735777777777
 30
0.0
 10
375.2652797222222
 20
91.4066272222222
 30
0.0
 10
376.1729769444444
 20
88.56888277777777
 30
0.0
 10
377.4334519444444
 20
90.05901611111109
 30
0.0
 10
378.5277686111111
 20
87.54617999999999
 30
0.0
 10
380.2810741666666
 20
83.51922166666665
 30
0.0
 10
379.7660186111111
 20
78.33409388888887
 30
0.0
 10
382.2432241666667
 20
77.06585777777777
 30
0.0
 10
383.2532269444444
 20
76.54903833333333
 30
0.0
 10
384.6332936111111
 20
76.0382161111111
 30
0.0
 10
386.2398436111111
 20
77.15757999999998
 30
0.0
 10
387.8463936111111
 20
78.2765911111111
 30
0.0
 10
389.4737575
 20
77.07361888888887
 30
0.0
 10
390.2287019444444
 20
75.37111333333333
 30
0.0
 10
390.9839991666667
 20
73.66825499999999
 30
0.0
 10
390.5948852777778
 20
70.96033277777777
 30
0.0
 10
392.6039547222222
 20
74.7474022222222
 30
0.0
 10
394.2168547222223
 20
77.7876411111111
 30
0.0
 10
392.9673158333333
 20
84.56697166666665
 30
0.0
 10
390.8859269444445
 20
87.53983
 30
0.0
 10
388.1526047222222
 20
91.44331611111109
 30
0.0
 10
391.4359075
 20
96.21463555555555
 30
0.0
 10
388.6390852777777
 20
93.36172166666665
 30
0.0
 10
387.1972825
 20
91.89134388888888
 30
0.0
 10
386.9499852777777
 20
90.85029666666665
 30
0.0
 10
385.5208825
 20
90.95965777777776
 30
0.0
  0
SPLINE
  5
BE
330
1F
100
AcDbEntity
  8
DEFAULT
 62
    18
100
AcDbSpline
210
0.0
220
0.0
230
1.0
 70
     8
 71
     3
 72
    11
 73
     7
 74
     0
 42
0.000000001
 43
0.0000000001
 40
0.0
 40
0.0
 40
0.0
 40
0.0
 40
1.0
 40
1.0
 40
1.0
 40
5.219677831304243
 40
5.219677831304243
 40
5.219677831304243
 40
5.219677831304243
 10
297.4719236111111
 20
204.3949288888889
 30
0.0
 10
297.4719236111111
 20
204.3949288888889
 30
0.0
 10
297.3018847222222
 20
203.0684844444444
 30
0.0
 10
297.3114097222222
 20
202.97394
 30
0.0
 10
297.8063569444444
 20
202.9386622222222
 30
0.0
 10
298.3013041666666
 20
202.9033844444444
 30
0.0
 10
298.7962513888888
 20
202.8681066666666
 30
0.0
  0
POLYLINE
  5
BF
330
1F
100
AcDbEntity
  8
DEFAULT
 62
    18
100
AcDb2dPolyline
 66
     1
 10
0.0
 20
0.0
 30
0.0
  0
VERTEX
  5
C0
330
BF
100
AcDbEntity
  8
DEFAULT
 62
    18
100
AcDbVertex
100
AcDb2dVertex
 10
297.9925530555556
 20
202.179555
 30
0.0
  0
VERTEX
  5
C1
330
BF
100
AcDbEntity
  8
DEFAULT
 62
    18
100
AcDbVertex
100
AcDb2dVertex
 10
296.6773975
 20
203.7137855555555
 30
0.0
  0
SEQEND
  5
C2
330
BF
100
AcDbEntity
  8
DEFAULT
 62
    18
  0
SPLINE
  5
C3
330
1F
100
AcDbEntity
  8
DEFAULT
 62
    18
100
AcDbSpline
210
0.0
220
0.0
230
1.0
 70
     8
 71
     3
 72
    14
 73
    10
 74
     0
 42
0.000000001
 43
0.0000000001
 40
0.0
 40
0.0
 40
0.0
 40
0.0
 40
3.832525277150821
 40
3.832525277150821
 40
3.832525277150821
 40
4.832525277150821
 40
4.832525277150821
 40
4.832525277150821
 40
5.832525277150821
 40
5.832525277150821
 40
5.832525277150821
 40
5.832525277150821
 10
289.7615419444444
 20
206.8827530555555
 30
0.0
 10
289.5441132407407
 20
207.2775113888889
 30
0.0
 10
289.326684537037
 20
207.6722697222222
 30
0.0
 10
289.1092558333333
 20
208.0670280555555
 30
0.0
 10
288.8503169444444
 20
208.5372808333333
 30
0.0
 10
289.0016586111111
 20
208.8089197222222
 30
0.0
 10
289.3064586111111
 20
208.9768419444444
 30
0.0
 10
289.3904197222222
 20
209.0230558333333
 30
0.0
 10
289.5026030555555
 20
209.0611558333333
 30
0.0
 10
289.5735113888888
 20
209.0692697222222
 30
0.0
  0
POLYLINE
  5
C4
330
1F
100
AcDbEntity
  8
DEFAULT
 62
    18
100
AcDb2dPolyline
 66
     1
 10
0.0
 20
0.0
 30
0.0
  0
VERTEX
  5
C5
330
C4
100
AcDbEntity
  8
DEFAULT
 62
    18
100
AcDbVertex
100
AcDb2dVertex
 10
302.8953175
 20
211.0935438888889
 30
0.0
  0
VERTEX
  5
C6
330
C4
100
AcDbEntity
  8
DEFAULT
 62
    18
100
AcDbVertex
100
AcDb2dVertex
 10
301.3370980555555
 20
212.3804772222223
 30
0.0
  0
SEQEND
  5
C7
330
C4
100
AcDbEntity
  8
DEFAULT
 62
    18
  0
POLYLINE
  5
C8
330
1F
100
AcDbEntity
  8
DEFAULT
 62
    18
100
AcDb2dPolyline
 66
     1
 10
0.0
 20
0.0
 30
0.0
  0
VERTEX
  5
C9
330
C8
100
AcDbEntity
  8
DEFAULT
 62
    18
100
AcDbVertex
100
AcDb2dVertex
 10
299.5876025
 20
218.4265944444445
 30
0.0
  0
VERTEX
  5
CA
330
C8
100
AcDbEntity
  8
DEFAULT
 62
    18
100
AcDbVertex
100
AcDb2dVertex
 10
301.5779747222222
 20
218.77655
 30
0.0
  0
SEQEND
  5
CB
330
C8
100
AcDbEntity
  8
DEFAULT
 62
    18
  0
POLYLINE
  5
CC
330
1F
100
AcDbEntity
  8
DEFAULT
 62
    18
100
AcDb2dPolyline
 66
     1
 10
0.0
 20
0.0
 30
0.0
  0
VERTEX
  5
CD
330
CC
100
AcDbEntity
  8
DEFAULT
 62
    18
100
AcDbVertex
100
AcDb2dVertex
 10
300.6448775
 20
218.6125083333334
 30
0.0
  0
VERTEX
  5
CE
330
CC
100
AcDbEntity
  8
DEFAULT
 62
    18
100
AcDbVertex
100
AcDb2dVertex
 10
300.9048747222222
 20
217.1329583333334
 30
0.0
  0
SEQEND
  5
CF
330
CC
100
AcDbEntity
  8
DEFAULT
 62
    18
  0
POLYLINE
  5
D0
330
1F
100
AcDbEntity
  8
DEFAULT
 62
    18
100
AcDb2dPolyline
 66
     1
 10
0.0
 20
0.0
 30
0.0
  0
VERTEX
  5
D1
330
D0
100
AcDbEntity
  8
DEFAULT
 62
    18
100
AcDbVertex
100
AcDb2dVertex
 10
301.8380777777778
 20
217.2972116666667
 30
0.0
  0
VERTEX
  5
D2
330
D0
100
AcDbEntity
  8
DEFAULT
 62
    18
100
AcDbVertex
100
AcDb2dVertex
 10
299.8477055555556
 20
216.9472561111112
 30
0.0
  0
SEQEND
  5
D3
330
D0
100
AcDbEntity
  8
DEFAULT
 62
    18
  0
SPLINE
  5
D4
330
1F
100
AcDbEntity
  8
DEFAULT
 62
    18
100
AcDbSpline
210
0.0
220
0.0
230
1.0
 70
     8
 71
     3
 72
    26
 73
    22
 74
     0
 42
0.000000001
 43
0.0000000001
 40
0.0
 40
0.0
 40
0.0
 40
0.0
 40
1.886999999999944
 40
1.886999999999944
 40
1.886999999999944
 40
4.640999999999963
 40
4.640999999999963
 40
4.640999999999963
 40
5.640999999999963
 40
5.640999999999963
 40
5.640999999999963
 40
6.640999999999963
 40
6.640999999999963
 40
6.640999999999963
 40
7.640999999999963
 40
7.640999999999963
 40
7.640999999999963
 40
8.640999999999963
 40
8.640999999999963
 40
8.640999999999963
 40
9.640999999999963
 40
9.640999999999963
 40
9.640999999999963
 40
9.640999999999963
 10
295.1433433333333
 20
211.6074352777777
 30
0.0
 10
294.9214461111111
 20
211.6074352777777
 30
0.0
 10
294.6995488888889
 20
211.6074352777777
 30
0.0
 10
294.4776516666666
 20
211.6074352777777
 30
0.0
 10
294.4776516666666
 20
211.9312852777778
 30
0.0
 10
294.4776516666666
 20
212.2551352777778
 30
0.0
 10
294.4776516666666
 20
212.5789852777777
 30
0.0
 10
294.5947738888889
 20
212.6209658333333
 30
0.0
 10
294.8254905555555
 20
212.6897575
 30
0.0
 10
295.0981877777778
 20
212.6897575
 30
0.0
 10
295.4040461111111
 20
212.6897575
 30
0.0
 10
295.6559294444444
 20
212.6117936111111
 30
0.0
 10
295.8538377777778
 20
212.4230575
 30
0.0
 10
296.0277572222222
 20
212.2551352777778
 30
0.0
 10
296.1357072222222
 20
211.9852602777778
 30
0.0
 10
296.1357072222222
 20
211.6705825
 30
0.0
 10
296.1328849999999
 20
211.0676852777778
 30
0.0
 10
295.7190766666666
 20
210.6270658333333
 30
0.0
 10
295.0413905555556
 20
210.6270658333333
 30
0.0
 10
294.8074988888889
 20
210.6270658333333
 30
0.0
 10
294.62476
 20
210.6778658333333
 30
0.0
 10
294.5376238888888
 20
210.7198463888889
 30
0.0
  0
SPLINE
  5
D5
330
1F
100
AcDbEntity
  8
DEFAULT
 62
     1
100
AcDbSpline
210
0.0
220
0.0
230
1.0
 70
    11
 71
     3
 72
   152
 73
   148
 74
     0
 42
0.000000001
 43
0.0000000001
 40
1.0
 40
1.0
 40
1.0
 40
1.0
 40
2.0
 40
2.0
 40
2.0
 40
3.0
 40
3.0
 40
3.0
 40
4.0
 40
4.0
 40
4.0
 40
13.91500322743262
 40
13.91500322743262
 40
13.91500322743262
 40
22.40700322743258
 40
22.40700322743258
 40
22.40700322743258
 40
32.32900448725918
 40
32.32900448725918
 40
32.32900448725918
 40
33.32900448725918
 40
33.32900448725918
 40
33.32900448725918
 40
34.32900448725918
 40
34.32900448725918
 40
34.32900448725918
 40
35.32900448725918
 40
35.32900448725918
 40
35.32900448725918
 40
43.82912260408558
 40
43.82912260408558
 40
43.82912260408558
 40
44.82912260408558
 40
44.82912260408558
 40
44.82912260408558
 40
45.82912260408558
 40
45.82912260408558
 40
45.82912260408558
 40
46.82912260408558
 40
46.82912260408558
 40
46.82912260408558
 40
47.82912260408558
 40
47.82912260408558
 40
47.82912260408558
 40
54.91499001746547
 40
54.91499001746547
 40
54.91499001746547
 40
63.41442676350927
 40
63.41442676350927
 40
63.41442676350927
 40
70.49212412917845
 40
70.49212412917845
 40
70.49212412917845
 40
71.49212412917845
 40
71.49212412917845
 40
71.49212412917845
 40
72.49212412917845
 40
72.49212412917845
 40
72.49212412917845
 40
73.49212412917845
 40
73.49212412917845
 40
73.49212412917845
 40
74.49212412917845
 40
74.49212412917845
 40
74.49212412917845
 40
75.49212412917845
 40
75.49212412917845
 40
75.49212412917845
 40
76.49212412917845
 40
76.49212412917845
 40
76.49212412917845
 40
86.41829086160848
 40
86.41829086160848
 40
86.41829086160848
 40
94.91221115791453
 40
94.91221115791453
 40
94.91221115791453
 40
104.8282543203862
 40
104.8282543203862
 40
104.8282543203862
 40
105.8282543203862
 40
105.8282543203862
 40
105.8282543203862
 40
106.8282543203862
 40
106.8282543203862
 40
106.8282543203862
 40
107.8282543203862
 40
107.8282543203862
 40
107.8282543203862
 40
108.8282543203862
 40
108.8282543203862
 40
108.8282543203862
 40
109.8282543203862
 40
109.8282543203862
 40
109.8282543203862
 40
110.8282543203862
 40
110.8282543203862
 40
110.8282543203862
 40
120.7477249211794
 40
120.7477249211794
 40
120.7477249211794
 40
129.2467348635197
 40
129.2467348635197
 40
129.2467348635197
 40
139.1743418762898
 40
139.1743418762898
 40
139.1743418762898
 40
140.1743418762898
 40
140.1743418762898
 40
140.1743418762898
 40
141.1743418762898
 40
141.1743418762898
 40
141.1743418762898
 40
142.1743418762898
 40
142.1743418762898
 40
142.1743418762898
 40
143.1743418762898
 40
143.1743418762898
 40
143.1743418762898
 40
144.1743418762898
 40
144.1743418762898
 40
144.1743418762898
 40
145.1743418762898
 40
145.1743418762898
 40
145.1743418762898
 40
146.1743418762898
 40
146.1743418762898
 40
146.1743418762898
 40
147.1743418762898
 40
147.1743418762898
 40
147.1743418762898
 40
157.0899574900579
 40
157.0899574900579
 40
157.0899574900579
 40
165.5888595956242
 40
165.5888595956242
 40
165.5888595956242
 40
175.5109102405262
 40
175.5109102405262
 40
175.5109102405262
 40
176.5109102405262
 40
176.5109102405262
 40
176.5109102405262
 40
177.5109102405262
 40
177.5109102405262
 40
177.5109102405262
 40
178.5109102405262
 40
178.5109102405262
 40
178.5109102405262
 40
178.5109102405262
 10
290.0323341666667
 20
220.0511361111111
 30
0.0
 10
291.2776397222222
 20
220.9217916666666
 30
0.0
 10
292.5666897222222
 20
221.67215
 30
0.0
 10
293.8088202777778
 20
221.6947277777778
 30
0.0
 10
293.8352786111111
 20
221.6855555555556
 30
0.0
 10
293.8536230555555
 20
220.9087388888889
 30
0.0
 10
293.8564452777778
 20
219.9502416666667
 30
0.0
 10
293.8603258333333
 20
218.9839833333333
 30
0.0
 10
293.8074091666667
 20
218.4713972222222
 30
0.0
 10
293.8081147222222
 20
218.1979944444444
 30
0.0
 10
293.8090554629629
 20
217.0320638888888
 30
0.0
 10
293.8099962037036
 20
215.8661333333333
 30
0.0
 10
293.8109369444444
 20
214.7002027777778
 30
0.0
 10
294.8095332407407
 20
214.7002027777778
 30
0.0
 10
295.808129537037
 20
214.7002027777778
 30
0.0
 10
296.8067258333333
 20
214.7002027777778
 30
0.0
 10
296.8073137962963
 20
215.8669564814815
 30
0.0
 10
296.8079017592593
 20
217.0337101851852
 30
0.0
 10
296.8084897222222
 20
218.2004638888889
 30
0.0
 10
296.8063730555555
 20
218.4703388888889
 30
0.0
 10
296.7580425
 20
218.9811611111111
 30
0.0
 10
296.7552202777778
 20
219.9505944444444
 30
0.0
 10
296.7580425
 20
220.9147361111111
 30
0.0
 10
296.7834425
 20
221.6986083333333
 30
0.0
 10
296.8091952777778
 20
221.6971972222222
 30
0.0
 10
300.2367841666667
 20
221.7130722222222
 30
0.0
 10
298.8824702777778
 20
224.3144555555556
 30
0.0
 10
300.9620952777777
 20
223.5820888888889
 30
0.0
 10
301.9049526851852
 20
223.2502425925926
 30
0.0
 10
302.8478100925925
 20
222.9183962962963
 30
0.0
 10
303.7906675
 20
222.58655
 30
0.0
 10
304.6359230555555
 20
222.2888055555555
 30
0.0
 10
305.3407730555555
 20
222.3360777777778
 30
0.0
 10
305.9990563888888
 20
222.87865
 30
0.0
 10
307.1709841666666
 20
223.15805
 30
0.0
 10
309.1708813888889
 20
221.9660138888889
 30
0.0
 10
309.3557369444444
 20
220.9034472222222
 30
0.0
 10
309.3398619444444
 20
220.8716972222222
 30
0.0
 10
308.5817425
 20
220.7185916666667
 30
0.0
 10
307.6433536111111
 20
220.5534916666666
 30
0.0
 10
306.6912063888889
 20
220.3838055555555
 30
0.0
 10
306.1765036111111
 20
220.3442944444444
 30
0.0
 10
305.9112147222222
 20
220.2970222222222
 30
0.0
 10
305.0905360185185
 20
220.1528537037037
 30
0.0
 10
304.2698573148148
 20
220.0086851851852
 30
0.0
 10
303.4491786111111
 20
219.8645166666667
 30
0.0
 10
303.6222749074074
 20
218.8801490740741
 30
0.0
 10
303.7953712037037
 20
217.8957814814815
 30
0.0
 10
303.9684675
 20
216.9114138888889
 30
0.0
 10
304.7880878703704
 20
217.0560527777778
 30
0.0
 10
305.6077082407408
 20
217.2006916666667
 30
0.0
 10
306.4273286111111
 20
217.3453305555556
 30
0.0
 10
306.6961452777778
 20
217.3908388888889
 30
0.0
 10
307.1921508333334
 20
217.5270111111111
 30
0.0
 10
308.1446508333333
 20
217.6966972222222
 30
0.0
 10
309.0950341666666
 20
217.8632083333333
 30
0.0
 10
309.8722036111111
 20
217.9753916666667
 30
0.0
 10
309.8750258333333
 20
217.9499916666666
 30
0.0
 10
310.0641147222222
 20
217.0592277777778
 30
0.0
 10
310.6207980555556
 20
217.3093472222222
 30
0.0
 10
311.0053258333333
 20
216.0855611111111
 30
0.0
 10
311.8442313888888
 20
213.4118583333333
 30
0.0
 10
312.1204563888888
 20
208.0803277777778
 30
0.0
 10
310.8120036111111
 20
206.4974138888889
 30
0.0
 10
310.7936591666667
 20
206.4713083333333
 30
0.0
 10
310.1777091666667
 20
206.9595527777778
 30
0.0
 10
309.4308786111111
 20
207.5744444444445
 30
0.0
 10
308.6854591666666
 20
208.18475
 30
0.0
 10
308.3228036111111
 20
208.5548138888889
 30
0.0
 10
308.1150175
 20
208.7245
 30
0.0
 10
307.2148462037037
 20
209.4675675925926
 30
0.0
 10
306.3146749074074
 20
210.2106351851852
 30
0.0
 10
305.4145036111111
 20
210.9537027777778
 30
0.0
 10
304.7784452777777
 20
210.1835888888889
 30
0.0
 10
304.1423869444444
 20
209.413475
 30
0.0
 10
303.5063286111111
 20
208.6433611111111
 30
0.0
 10
304.4054415740741
 20
207.9008814814815
 30
0.0
 10
305.3045545370371
 20
207.1584018518519
 30
0.0
 10
306.2036675
 20
206.4159222222222
 30
0.0
 10
306.4132175
 20
206.2412972222222
 30
0.0
 10
306.8379619444444
 20
205.9534305555556
 30
0.0
 10
307.5830286111111
 20
205.3357166666667
 30
0.0
 10
308.3252730555556
 20
204.7194138888889
 30
0.0
 10
308.9144119444445
 20
204.2054166666667
 30
0.0
 10
308.9020647222222
 20
204.1838972222222
 30
0.0
 10
308.5013091666667
 20
203.7640916666667
 30
0.0
 10
308.5842119444444
 20
203.5040944444445
 30
0.0
 10
308.2123841666667
 20
202.3632111111111
 30
0.0
 10
307.4846036111111
 20
200.136125
 30
0.0
 10
306.8033897222222
 20
197.7654583333333
 30
0.0
 10
305.4134452777778
 20
196.6429194444444
 30
0.0
 10
305.3894563888889
 20
196.6288083333333
 30
0.0
 10
304.8648758333333
 20
197.2098333333333
 30
0.0
 10
304.2323452777778
 20
197.9411416666667
 30
0.0
 10
303.6075758333333
 20
198.6735083333334
 30
0.0
 10
303.3098313888889
 20
199.0926083333333
 30
0.0
 10
303.1327369444444
 20
199.3007472222222
 30
0.0
 10
302.3735591666667
 20
200.186337037037
 30
0.0
 10
301.6143813888888
 20
201.0719268518518
 30
0.0
 10
300.8552036111111
 20
201.9575166666667
 30
0.0
 10
300.0963786111111
 20
201.307112037037
 30
0.0
 10
299.3375536111111
 20
200.6567074074074
 30
0.0
 10
298.5787286111111
 20
200.0063027777778
 30
0.0
 10
299.3389647222222
 20
199.1203601851851
 30
0.0
 10
300.0992008333333
 20
198.2344175925925
 30
0.0
 10
300.8594369444444
 20
197.348475
 30
0.0
 10
301.0322980555555
 20
197.1382194444444
 30
0.0
 10
301.4055369444445
 20
196.7857944444445
 30
0.0
 10
302.0338341666666
 20
196.0523694444445
 30
0.0
 10
302.6596619444445
 20
195.3235305555555
 30
0.0
 10
303.1440258333333
 20
194.72275
 30
0.0
 10
303.1369702777778
 20
194.6917055555556
 30
0.0
 10
302.0348925
 20
193.6545388888889
 30
0.0
 10
300.6371869444445
 20
193.5296555555556
 30
0.0
 10
299.2158452777778
 20
193.8055277777778
 30
0.0
 10
297.7355897222222
 20
194.0948055555556
 30
0.0
 10
296.2348730555555
 20
194.8250555555555
 30
0.0
 10
295.0262563888888
 20
195.4187805555556
 30
0.0
 10
292.0177675
 20
196.9120888888889
 30
0.0
 10
289.8654702777778
 20
199.9660861111111
 30
0.0
 10
286.8516897222222
 20
204.5578416666667
 30
0.0
 10
283.6311813888889
 20
209.4540444444444
 30
0.0
 10
280.8714008333333
 20
214.6180055555556
 30
0.0
 10
283.4988897222222
 20
216.0679222222222
 30
0.0
 10
283.5225258333333
 20
216.0820333333333
 30
0.0
 10
283.9204591666667
 20
215.4071694444444
 30
0.0
 10
284.3850675
 20
214.5590916666667
 30
0.0
 10
284.8539091666667
 20
213.7134833333333
 30
0.0
 10
285.0571091666667
 20
213.2382916666667
 30
0.0
 10
285.1869313888889
 20
213.0015777777778
 30
0.0
 10
285.7499647222222
 20
211.9805212962963
 30
0.0
 10
286.3129980555556
 20
210.9594648148148
 30
0.0
 10
286.8760313888889
 20
209.9384083333333
 30
0.0
 10
287.7513906481481
 20
210.4206555555555
 30
0.0
 10
288.6267499074074
 20
210.9029027777777
 30
0.0
 10
289.5021091666666
 20
211.38515
 30
0.0
 10
288.9394286111111
 20
212.4072648148148
 30
0.0
 10
288.3767480555555
 20
213.4293796296296
 30
0.0
 10
287.8140675
 20
214.4514944444444
 30
0.0
 10
287.6842452777778
 20
214.6882083333333
 30
0.0
 10
287.3924980555556
 20
215.1126
 30
0.0
 10
286.9278897222222
 20
215.960325
 30
0.0
 10
286.4653980555556
 20
216.7925277777778
 30
0.0
 10
286.1133258333333
 20
217.4815027777778
 30
0.0
 10
286.1239091666667
 20
217.5114888888889
 30
0.0
 10
287.2732591666667
 20
217.9182416666667
 30
0.0
 10
288.6176952777778
 20
219.0605361111111
 30
0.0
 10
290.0323341666667
 20
220.0511361111111
 30
0.0
  0
POLYLINE
  5
D6
330
1F
100
AcDbEntity
  8
DEFAULT
 62
    18
100
AcDb2dPolyline
 66
     1
 10
0.0
 20
0.0
 30
0.0
  0
VERTEX
  5
D7
330
D6
100
AcDbEntity
  8
DEFAULT
 62
    18
100
AcDbVertex
100
AcDb2dVertex
 10
352.5655113888889
 20
28.69099333333333
 30
0.0
  0
VERTEX
  5
D8
330
D6
100
AcDbEntity
  8
DEFAULT
 62
    18
100
AcDbVertex
100
AcDb2dVertex
 10
352.5655113888889
 20
26.67028222222222
 30
0.0
  0
SEQEND
  5
D9
330
D6
100
AcDbEntity
  8
DEFAULT
 62
    18
  0
POLYLINE
  5
DA
330
1F
100
AcDbEntity
  8
DEFAULT
 62
    18
100
AcDb2dPolyline
 66
     1
 10
0.0
 20
0.0
 30
0.0
  0
VERTEX
  5
DB
330
DA
100
AcDbEntity
  8
DEFAULT
 62
    18
100
AcDbVertex
100
AcDb2dVertex
 10
352.5655113888889
 20
27.61749055555555
 30
0.0
  0
VERTEX
  5
DC
330
DA
100
AcDbEntity
  8
DEFAULT
 62
    18
100
AcDbVertex
100
AcDb2dVertex
 10
351.063383611111
 20
27.61749055555555
 30
0.0
  0
SEQEND
  5
DD
330
DA
100
AcDbEntity
  8
DEFAULT
 62
    18
  0
POLYLINE
  5
DE
330
1F
100
AcDbEntity
  8
DEFAULT
 62
    18
100
AcDb2dPolyline
 66
     1
 10
0.0
 20
0.0
 30
0.0
  0
VERTEX
  5
DF
330
DE
100
AcDbEntity
  8
DEFAULT
 62
    18
100
AcDbVertex
100
AcDb2dVertex
 10
351.0634541666666
 20
26.67010583333333
 30
0.0
  0
VERTEX
  5
E0
330
DE
100
AcDbEntity
  8
DEFAULT
 62
    18
100
AcDbVertex
100
AcDb2dVertex
 10
351.0634541666666
 20
28.69081694444444
 30
0.0
  0
SEQEND
  5
E1
330
DE
100
AcDbEntity
  8
DEFAULT
 62
    18
  0
SPLINE
  5
E2
330
1F
100
AcDbEntity
  8
DEFAULT
 62
     1
100
AcDbSpline
210
0.0
220
0.0
230
1.0
 70
    11
 71
     3
 72
    44
 73
    40
 74
     0
 42
0.000000001
 43
0.0000000001
 40
1.0
 40
1.0
 40
1.0
 40
1.0
 40
25.54999999999995
 40
25.54999999999995
 40
25.54999999999995
 40
26.54999999999995
 40
26.54999999999995
 40
26.54999999999995
 40
27.54999999999995
 40
27.54999999999995
 40
27.54999999999995
 40
34.62999999999996
 40
34.62999999999996
 40
34.62999999999996
 40
43.12999999999996
 40
43.12999999999996
 40
43.12999999999996
 40
50.20999999999997
 40
50.20999999999997
 40
50.20999999999997
 40
51.20999999999997
 40
51.20999999999997
 40
51.20999999999997
 40
52.20999999999997
 40
52.20999999999997
 40
52.20999999999997
 40
76.78000000000002
 40
76.78000000000002
 40
76.78000000000002
 40
77.78000000000002
 40
77.78000000000002
 40
77.78000000000002
 40
78.78000000000002
 40
78.78000000000002
 40
78.78000000000002
 40
79.78000000000002
 40
79.78000000000002
 40
79.78000000000002
 40
80.78000000000002
 40
80.78000000000002
 40
80.78000000000002
 40
80.78000000000002
 10
361.9751530555556
 20
18.64144805555555
 30
0.0
 10
359.0882549074074
 20
18.64144805555555
 30
0.0
 10
356.2013567592592
 20
18.64144805555555
 30
0.0
 10
353.3144586111111
 20
18.64144805555555
 30
0.0
 10
353.2862363888889
 20
18.64144805555555
 30
0.0
 10
353.2650697222222
 20
19.42461472222222
 30
0.0
 10
353.2650697222222
 20
20.39122583333333
 30
0.0
 10
353.2650697222222
 20
21.35783694444444
 30
0.0
 10
353.3144586111111
 20
21.86936472222222
 30
0.0
 10
353.3144586111111
 20
22.14100361111111
 30
0.0
 10
353.3144586111111
 20
22.97355916666667
 30
0.0
 10
353.3144586111111
 20
23.80611472222223
 30
0.0
 10
353.3144586111111
 20
24.63867027777778
 30
0.0
 10
352.3149215740741
 20
24.63867027777778
 30
0.0
 10
351.3153845370371
 20
24.63867027777778
 30
0.0
 10
350.3158475
 20
24.63867027777778
 30
0.0
 10
350.3158475
 20
23.80611472222222
 30
0.0
 10
350.3158475
 20
22.97355916666667
 30
0.0
 10
350.3158475
 20
22.14100361111111
 30
0.0
 10
350.3158475
 20
21.86936472222222
 30
0.0
 10
350.3652363888889
 20
21.35783694444444
 30
0.0
 10
350.3652363888889
 20
20.39122583333333
 30
0.0
 10
350.3652363888889
 20
19.42461472222222
 30
0.0
 10
350.3405419444445
 20
18.64144805555555
 30
0.0
 10
350.3158475
 20
18.64144805555555
 30
0.0
 10
347.4265975
 20
18.64144805555555
 30
0.0
 10
344.5373475
 20
18.64144805555555
 30
0.0
 10
341.6480975
 20
18.64144805555555
 30
0.0
 10
338.1203197222222
 20
18.64144805555555
 30
0.0
 10
338.5401252777777
 20
21.70708694444444
 30
0.0
 10
343.1403475
 20
24.00719805555556
 30
0.0
 10
348.9505975
 20
26.91055916666667
 30
0.0
 10
346.7915975
 20
30.99925361111111
 30
0.0
 10
351.8116252777778
 20
30.99925361111111
 30
0.0
 10
356.8316530555555
 20
30.99925361111111
 30
0.0
 10
354.6726530555555
 20
26.91055916666667
 30
0.0
 10
360.4829030555555
 20
24.00719805555556
 30
0.0
 10
365.0831252777778
 20
21.70708694444444
 30
0.0
 10
365.5029308333333
 20
18.64144805555555
 30
0.0
 10
361.9751530555556
 20
18.64144805555555
 30
0.0
  0
POLYLINE
  5
E3
330
1F
100
AcDbEntity
  8
DEFAULT
 62
    18
100
AcDb2dPolyline
 66
     1
 10
0.0
 20
0.0
 30
0.0
  0
VERTEX
  5
E4
330
E3
100
AcDbEntity
  8
DEFAULT
 62
    18
100
AcDbVertex
100
AcDb2dVertex
 10
379.4700733333332
 20
211.5283072222222
 30
0.0
  0
VERTEX
  5
E5
330
E3
100
AcDbEntity
  8
DEFAULT
 62
    18
100
AcDbVertex
100
AcDb2dVertex
 10
379.8101511111109
 20
210.5609905555555
 30
0.0
  0
SEQEND
  5
E6
330
E3
100
AcDbEntity
  8
DEFAULT
 62
    18
  0
POLYLINE
  5
E7
330
1F
100
AcDbEntity
  8
DEFAULT
 62
    18
100
AcDb2dPolyline
 66
     1
 10
0.0
 20
0.0
 30
0.0
  0
VERTEX
  5
E8
330
E7
100
AcDbEntity
  8
DEFAULT
 62
    18
100
AcDbVertex
100
AcDb2dVertex
 10
378.4037319444445
 20
211.1533397222222
 30
0.0
  0
VERTEX
  5
E9
330
E7
100
AcDbEntity
  8
DEFAULT
 62
    18
100
AcDbVertex
100
AcDb2dVertex
 10
380.3101430555556
 20
211.8236175
 30
0.0
  0
VERTEX
  5
EA
330
E7
100
AcDbEntity
  8
DEFAULT
 62
    18
100
AcDbVertex
100
AcDb2dVertex
 10
380.6710347222221
 20
210.7970341666666
 30
0.0
  0
SEQEND
  5
EB
330
E7
100
AcDbEntity
  8
DEFAULT
 62
    18
  0
POLYLINE
  5
EC
330
1F
100
AcDbEntity
  8
DEFAULT
 62
    18
100
AcDb2dPolyline
 66
     1
 10
0.0
 20
0.0
 30
0.0
  0
VERTEX
  5
ED
330
EC
100
AcDbEntity
  8
DEFAULT
 62
    18
100
AcDbVertex
100
AcDb2dVertex
 10
384.6986280555556
 20
200.9579561111111
 30
0.0
  0
VERTEX
  5
EE
330
EC
100
AcDbEntity
  8
DEFAULT
 62
    18
100
AcDbVertex
100
AcDb2dVertex
 10
384.6986280555556
 20
202.004295
 30
0.0
  0
SEQEND
  5
EF
330
EC
100
AcDbEntity
  8
DEFAULT
 62
    18
  0
POLYLINE
  5
F0
330
1F
100
AcDbEntity
  8
DEFAULT
 62
    18
100
AcDb2dPolyline
 66
     1
 10
0.0
 20
0.0
 30
0.0
  0
VERTEX
  5
F1
330
F0
100
AcDbEntity
  8
DEFAULT
 62
    18
100
AcDbVertex
100
AcDb2dVertex
 10
383.7512080555555
 20
200.8680330555555
 30
0.0
  0
VERTEX
  5
F2
330
F0
100
AcDbEntity
  8
DEFAULT
 62
    18
100
AcDbVertex
100
AcDb2dVertex
 10
383.7512080555555
 20
202.0043302777777
 30
0.0
  0
VERTEX
  5
F3
330
F0
100
AcDbEntity
  8
DEFAULT
 62
    18
100
AcDbVertex
100
AcDb2dVertex
 10
385.7722719444445
 20
202.0043302777777
 30
0.0
  0
VERTEX
  5
F4
330
F0
100
AcDbEntity
  8
DEFAULT
 62
    18
100
AcDbVertex
100
AcDb2dVertex
 10
385.7722719444445
 20
200.9128358333333
 30
0.0
  0
SEQEND
  5
F5
330
F0
100
AcDbEntity
  8
DEFAULT
 62
    18
  0
SPLINE
  5
F6
330
1F
100
AcDbEntity
  8
DEFAULT
 62
    18
100
AcDbSpline
210
0.0
220
0.0
230
1.0
 70
    11
 71
     3
 72
    26
 73
    22
 74
     0
 42
0.000000001
 43
0.0000000001
 40
0.0
 40
0.0
 40
0.0
 40
0.0
 40
1.0
 40
1.0
 40
1.0
 40
2.0
 40
2.0
 40
2.0
 40
3.0
 40
3.0
 40
3.0
 40
4.0
 40
4.0
 40
4.0
 40
5.0
 40
5.0
 40
5.0
 40
6.0
 40
6.0
 40
6.0
 40
11.63460344656135
 40
11.63460344656135
 40
11.63460344656135
 40
11.63460344656135
 10
378.3971349999999
 20
217.2928019444444
 30
0.0
 10
378.3438655555555
 20
217.4441436111111
 30
0.0
 10
378.2905961111111
 20
217.6265297222222
 30
0.0
 10
378.2514377777777
 20
217.8297297222222
 30
0.0
 10
378.1808822222221
 20
218.1976769444444
 30
0.0
 10
378.2161599999999
 20
218.4763713888889
 30
0.0
 10
378.3449238888888
 20
218.6809824999999
 30
0.0
 10
378.4729822222221
 20
218.8887686111111
 30
0.0
 10
378.6828849999999
 20
219.0358769444444
 30
0.0
 10
379.0039127777777
 20
219.0972602777777
 30
0.0
 10
379.3277627777777
 20
219.1593491666667
 30
0.0
 10
379.6121016666666
 20
219.1099602777777
 30
0.0
 10
379.8301183333332
 20
218.9593241666666
 30
0.0
 10
380.0513099999999
 20
218.8097463888888
 30
0.0
 10
380.2100599999999
 20
218.5222325
 30
0.0
 10
380.2837905555555
 20
218.1366463888889
 30
0.0
 10
380.3187155555555
 20
217.9542602777777
 30
0.0
 10
380.3391766666666
 20
217.7993908333333
 30
0.0
 10
380.3494072222222
 20
217.6667463888888
 30
0.0
 10
379.6986498148148
 20
217.5420982407407
 30
0.0
 10
379.0478924074073
 20
217.4174500925925
 30
0.0
 10
378.3971349999999
 20
217.2928019444444
 30
0.0
  0
SPLINE
  5
F7
330
1F
100
AcDbEntity
  8
DEFAULT
 62
    18
100
AcDbSpline
210
0.0
220
0.0
230
1.0
 70
     8
 71
     3
 72
    17
 73
    13
 74
     0
 42
0.000000001
 43
0.0000000001
 40
0.0
 40
0.0
 40
0.0
 40
0.0
 40
1.0
 40
1.0
 40
1.0
 40
2.0
 40
2.0
 40
2.0
 40
3.0
 40
3.0
 40
3.0
 40
4.0
 40
4.0
 40
4.0
 40
4.0
 10
388.7626280555555
 20
210.7333577777778
 30
0.0
 10
388.7340530555556
 20
210.6299938888889
 30
0.0
 10
388.6409197222222
 20
210.4553688888889
 30
0.0
 10
388.4761725
 20
210.2729827777778
 30
0.0
 10
388.0941141666667
 20
209.850355
 30
0.0
 10
387.5399002777778
 20
209.7734494444445
 30
0.0
 10
387.0481280555556
 20
210.2175966666667
 30
0.0
 10
386.5785808333333
 20
210.6416355555556
 30
0.0
 10
386.5478891666667
 20
211.2470022222222
 30
0.0
 10
386.9680475
 20
211.7123161111111
 30
0.0
 10
387.1366752777778
 20
211.8989355555555
 30
0.0
 10
387.2834308333333
 20
211.98078
 30
0.0
 10
387.3564558333333
 20
212.0079438888889
 30
0.0
  0
SPLINE
  5
F8
330
1F
100
AcDbEntity
  8
DEFAULT
 62
     1
100
AcDbSpline
210
0.0
220
0.0
230
1.0
 70
    11
 71
     3
 72
   116
 73
   112
 74
     0
 42
0.000000001
 43
0.0000000001
 40
1.0
 40
1.0
 40
1.0
 40
1.0
 40
2.0
 40
2.0
 40
2.0
 40
3.0
 40
3.0
 40
3.0
 40
4.0
 40
4.0
 40
4.0
 40
5.0
 40
5.0
 40
5.0
 40
14.91788787998736
 40
14.91788787998736
 40
14.91788787998736
 40
23.41979942975064
 40
23.41979942975064
 40
23.41979942975064
 40
33.33768730973799
 40
33.33768730973799
 40
33.33768730973799
 40
34.33768730973799
 40
34.33768730973799
 40
34.33768730973799
 40
35.33768730973799
 40
35.33768730973799
 40
35.33768730973799
 40
36.33768730973799
 40
36.33768730973799
 40
36.33768730973799
 40
37.33768730973799
 40
37.33768730973799
 40
37.33768730973799
 40
38.33768730973799
 40
38.33768730973799
 40
38.33768730973799
 40
39.33768730973799
 40
39.33768730973799
 40
39.33768730973799
 40
49.2569665174223
 40
49.2569665174223
 40
49.2569665174223
 40
57.76026587708263
 40
57.76026587708263
 40
57.76026587708263
 40
67.68696724259169
 40
67.68696724259169
 40
67.68696724259169
 40
68.68696724259169
 40
68.68696724259169
 40
68.68696724259169
 40
69.68696724259169
 40
69.68696724259169
 40
69.68696724259169
 40
70.68696724259169
 40
70.68696724259169
 40
70.68696724259169
 40
71.68696724259169
 40
71.68696724259169
 40
71.68696724259169
 40
72.68696724259169
 40
72.68696724259169
 40
72.68696724259169
 40
73.68696724259169
 40
73.68696724259169
 40
73.68696724259169
 40
74.68696724259169
 40
74.68696724259169
 40
74.68696724259169
 40
87.43696724259169
 40
87.43696724259169
 40
87.43696724259169
 40
95.93696724259169
 40
95.93696724259169
 40
95.93696724259169
 40
108.6869672425917
 40
108.6869672425917
 40
108.6869672425917
 40
109.6869672425917
 40
109.6869672425917
 40
109.6869672425917
 40
110.6869672425917
 40
110.6869672425917
 40
110.6869672425917
 40
111.6869672425917
 40
111.6869672425917
 40
111.6869672425917
 40
112.6869672425917
 40
112.6869672425917
 40
112.6869672425917
 40
113.6869672425917
 40
113.6869672425917
 40
113.6869672425917
 40
123.5989095345947
 40
123.5989095345947
 40
123.5989095345947
 40
132.1002506052729
 40
132.1002506052729
 40
132.1002506052729
 40
142.0121928972761
 40
142.0121928972761
 40
142.0121928972761
 40
143.0121928972761
 40
143.0121928972761
 40
143.0121928972761
 40
144.0121928972761
 40
144.0121928972761
 40
144.0121928972761
 40
145.0121928972761
 40
145.0121928972761
 40
145.0121928972761
 40
145.0121928972761
 10
366.7619947222222
 20
212.0718319444444
 30
0.0
 10
364.9134391666666
 20
214.5694986111111
 30
0.0
 10
370.0710502777778
 20
221.3216652777778
 30
0.0
 10
375.7507725
 20
222.5669708333333
 30
0.0
 10
381.7797447222222
 20
223.8863597222222
 30
0.0
 10
388.2214669444444
 20
224.6024986111111
 30
0.0
 10
388.7894391666667
 20
221.6568041666666
 30
0.0
 10
388.7894391666667
 20
221.6285819444444
 30
0.0
 10
388.0239113888888
 20
221.4592486111111
 30
0.0
 10
387.0784669444444
 20
221.2793319444444
 30
0.0
 10
386.1294947222222
 20
221.0958875
 30
0.0
 10
385.6179669444444
 20
221.0464986111111
 30
0.0
 10
385.3498558333333
 20
220.9971097222222
 30
0.0
 10
384.2045039814814
 20
220.777211574074
 30
0.0
 10
383.0591521296296
 20
220.5573134259259
 30
0.0
 10
381.9138002777778
 20
220.3374152777778
 30
0.0
 10
382.1019484259259
 20
219.3555171296296
 30
0.0
 10
382.2900965740741
 20
218.3736189814815
 30
0.0
 10
382.4782447222222
 20
217.3917208333333
 30
0.0
 10
383.623596574074
 20
217.6116189814815
 30
0.0
 10
384.7689484259258
 20
217.8315171296296
 30
0.0
 10
385.9143002777777
 20
218.0514152777778
 30
0.0
 10
386.1824113888889
 20
218.1043319444444
 30
0.0
 10
386.6763002777778
 20
218.2489708333333
 30
0.0
 10
387.6252725
 20
218.4288875
 30
0.0
 10
388.5742447222221
 20
218.6123319444444
 30
0.0
 10
389.3468280555555
 20
218.7358041666666
 30
0.0
 10
389.3538836111111
 20
218.7111097222222
 30
0.0
 10
389.9183280555555
 20
215.7654152777778
 30
0.0
 10
391.0154669444444
 20
214.7564708333333
 30
0.0
 10
393.3508558333332
 20
212.0718319444444
 30
0.0
 10
395.3440502777777
 20
209.7823041666666
 30
0.0
 10
398.0181058333333
 20
207.4116375
 30
0.0
 10
396.0072725
 20
205.1856097222222
 30
0.0
 10
395.9861058333333
 20
205.1644430555555
 30
0.0
 10
395.3934391666667
 20
205.6724430555555
 30
0.0
 10
394.6737724999999
 20
206.3215541666667
 30
0.0
 10
393.9576336111111
 20
206.9671375
 30
0.0
 10
393.6119113888888
 20
207.3481375
 30
0.0
 10
393.4073002777777
 20
207.5280541666667
 30
0.0
 10
392.5418187962962
 20
208.3100449074074
 30
0.0
 10
391.6763373148148
 20
209.0920356481481
 30
0.0
 10
390.8108558333333
 20
209.8740263888889
 30
0.0
 10
390.1405780555556
 20
209.1320171296296
 30
0.0
 10
389.4703002777778
 20
208.3900078703704
 30
0.0
 10
388.8000225
 20
207.6479986111111
 30
0.0
 10
389.6666799074074
 20
206.8660078703704
 30
0.0
 10
390.5333373148148
 20
206.0840171296296
 30
0.0
 10
391.3999947222222
 20
205.3020263888889
 30
0.0
 10
391.6010780555555
 20
205.1221097222222
 30
0.0
 10
392.0138280555555
 20
204.8151930555555
 30
0.0
 10
392.7299669444444
 20
204.1660819444444
 30
0.0
 10
393.4390502777777
 20
203.5310819444444
 30
0.0
 10
393.9964391666667
 20
202.9948597222222
 30
0.0
 10
393.9964391666667
 20
202.9595819444444
 30
0.0
 10
391.9891336111111
 20
200.7300263888889
 30
0.0
 10
388.8741058333333
 20
197.4033319444444
 30
0.0
 10
382.9298002777777
 20
197.1916652777778
 30
0.0
 10
378.4177725
 20
197.0329152777778
 30
0.0
 10
375.9483280555555
 20
197.2093041666666
 30
0.0
 10
374.7312447222222
 20
197.9501375
 30
0.0
 10
374.0009947222222
 20
198.3911097222222
 30
0.0
 10
373.7223002777778
 20
199.0402208333333
 30
0.0
 10
373.7223002777778
 20
199.9362763888889
 30
0.0
 10
373.7223002777778
 20
199.9644986111111
 30
0.0
 10
374.5054669444444
 20
199.9856652777778
 30
0.0
 10
375.4720780555555
 20
199.9856652777778
 30
0.0
 10
376.4386891666667
 20
199.9856652777778
 30
0.0
 10
376.9502169444444
 20
199.9362763888889
 30
0.0
 10
377.2218558333333
 20
199.9362763888889
 30
0.0
 10
378.7211613888889
 20
199.9362763888888
 30
0.0
 10
380.2204669444445
 20
199.9362763888888
 30
0.0
 10
381.7197725
 20
199.9362763888889
 30
0.0
 10
381.7197725
 20
200.9358134259259
 30
0.0
 10
381.7197725
 20
201.9353504629629
 30
0.0
 10
381.7197725
 20
202.9348875
 30
0.0
 10
380.2204669444445
 20
202.9348875
 30
0.0
 10
378.7211613888889
 20
202.9348875
 30
0.0
 10
377.2218558333333
 20
202.9348875
 30
0.0
 10
376.9502169444444
 20
202.9348875
 30
0.0
 10
376.4386891666667
 20
202.8854986111111
 30
0.0
 10
375.4720780555555
 20
202.8854986111111
 30
0.0
 10
374.5054669444444
 20
202.8854986111111
 30
0.0
 10
373.7223002777778
 20
202.9101930555555
 30
0.0
 10
373.7223002777778
 20
202.9348875
 30
0.0
 10
373.7223002777778
 20
205.1397486111111
 30
0.0
 10
371.7185224999999
 20
202.9983875
 30
0.0
 10
370.5649391666666
 20
206.2263041666666
 30
0.0
 10
370.5649391666666
 20
206.2545263888889
 30
0.0
 10
371.2951891666666
 20
206.5367486111111
 30
0.0
 10
372.1983002777778
 20
206.8577763888889
 30
0.0
 10
373.1084669444444
 20
207.1752763888889
 30
0.0
 10
373.6094113888889
 20
207.3022763888889
 30
0.0
 10
373.8669391666667
 20
207.3904708333333
 30
0.0
 10
374.9664299074074
 20
207.777350462963
 30
0.0
 10
376.0659206481481
 20
208.1642300925926
 30
0.0
 10
377.1654113888889
 20
208.5511097222222
 30
0.0
 10
376.8338002777778
 20
209.4942023148148
 30
0.0
 10
376.5021891666666
 20
210.4372949074074
 30
0.0
 10
376.1705780555556
 20
211.3803875
 30
0.0
 10
375.0710873148148
 20
210.9935078703703
 30
0.0
 10
373.9715965740741
 20
210.6066282407407
 30
0.0
 10
372.8721058333333
 20
210.2197486111111
 30
0.0
 10
372.6145780555555
 20
210.1315541666667
 30
0.0
 10
372.1453836111111
 20
209.9128319444444
 30
0.0
 10
371.2352169444445
 20
209.5918041666667
 30
0.0
 10
370.3250502777777
 20
209.2707763888889
 30
0.0
 10
369.5771613888889
 20
209.0344152777778
 30
0.0
 10
369.5665780555556
 20
209.0555819444444
 30
0.0
 10
369.1326613888889
 20
210.2197486111111
 30
0.0
 10
367.9967169444444
 20
211.1863597222222
 30
0.0
 10
366.7619947222222
 20
212.0718319444444
 30
0.0
  0
POLYLINE
  5
F9
330
1F
100
AcDbEntity
  8
DEFAULT
 62
    18
100
AcDb2dPolyline
 66
     1
 10
0.0
 20
0.0
 30
0.0
  0
VERTEX
  5
FA
330
F9
100
AcDbEntity
  8
DEFAULT
 62
    18
100
AcDbVertex
100
AcDb2dVertex
 10
326.6646727777778
 20
30.23122111111111
 30
0.0
  0
VERTEX
  5
FB
330
F9
100
AcDbEntity
  8
DEFAULT
 62
    18
100
AcDbVertex
100
AcDb2dVertex
 10
325.6183338888889
 20
30.23122111111111
 30
0.0
  0
SEQEND
  5
FC
330
F9
100
AcDbEntity
  8
DEFAULT
 62
    18
  0
POLYLINE
  5
FD
330
1F
100
AcDbEntity
  8
DEFAULT
 62
    18
100
AcDb2dPolyline
 66
     1
 10
0.0
 20
0.0
 30
0.0
  0
VERTEX
  5
FE
330
FD
100
AcDbEntity
  8
DEFAULT
 62
    18
100
AcDbVertex
100
AcDb2dVertex
 10
326.7545958333333
 20
29.28383638888889
 30
0.0
  0
VERTEX
  5
FF
330
FD
100
AcDbEntity
  8
DEFAULT
 62
    18
100
AcDbVertex
100
AcDb2dVertex
 10
325.6182986111111
 20
29.28383638888889
 30
0.0
  0
VERTEX
  5
100
330
FD
100
AcDbEntity
  8
DEFAULT
 62
    18
100
AcDbVertex
100
AcDb2dVertex
 10
325.6182986111111
 20
31.30490027777777
 30
0.0
  0
VERTEX
  5
101
330
FD
100
AcDbEntity
  8
DEFAULT
 62
    18
100
AcDbVertex
100
AcDb2dVertex
 10
326.7097930555556
 20
31.30490027777777
 30
0.0
  0
SEQEND
  5
102
330
FD
100
AcDbEntity
  8
DEFAULT
 62
    18
  0
SPLINE
  5
103
330
1F
100
AcDbEntity
  8
DEFAULT
 62
     1
100
AcDbSpline
210
0.0
220
0.0
230
1.0
 70
    11
 71
     3
 72
    41
 73
    37
 74
     0
 42
0.000000001
 43
0.0000000001
 40
1.0
 40
1.0
 40
1.0
 40
1.0
 40
2.0
 40
2.0
 40
2.0
 40
3.0
 40
3.0
 40
3.0
 40
15.75999999999999
 40
15.75999999999999
 40
15.75999999999999
 40
24.25999999999999
 40
24.25999999999999
 40
24.25999999999999
 40
37.01999999999998
 40
37.01999999999998
 40
37.01999999999998
 40
38.01999999999998
 40
38.01999999999998
 40
38.01999999999998
 40
39.01999999999998
 40
39.01999999999998
 40
39.01999999999998
 40
40.01999999999998
 40
40.01999999999998
 40
40.01999999999998
 40
41.01999999999998
 40
41.01999999999998
 40
41.01999999999998
 40
49.52999999999997
 40
49.52999999999997
 40
49.52999999999997
 40
50.52999999999997
 40
50.52999999999997
 40
50.52999999999997
 40
51.52999999999997
 40
51.52999999999997
 40
51.52999999999997
 40
51.52999999999997
 10
327.6863877777778
 20
19.25133027777778
 30
0.0
 10
327.6581655555555
 20
19.25133027777778
 30
0.0
 10
327.6369988888889
 20
20.03449694444444
 30
0.0
 10
327.6369988888889
 20
21.00110805555556
 30
0.0
 10
327.6369988888889
 20
21.96771916666667
 30
0.0
 10
327.6863877777778
 20
22.47924694444444
 30
0.0
 10
327.6863877777778
 20
22.75088583333333
 30
0.0
 10
327.6863877777778
 20
24.25136731481481
 30
0.0
 10
327.6863877777778
 20
25.75184879629629
 30
0.0
 10
327.6863877777778
 20
27.25233027777777
 30
0.0
 10
326.6868507407407
 20
27.25233027777777
 30
0.0
 10
325.6873137037037
 20
27.25233027777777
 30
0.0
 10
324.6877766666667
 20
27.25233027777777
 30
0.0
 10
324.6877766666667
 20
25.75184879629629
 30
0.0
 10
324.6877766666667
 20
24.25136731481481
 30
0.0
 10
324.6877766666667
 20
22.75088583333333
 30
0.0
 10
324.6877766666667
 20
22.47924694444444
 30
0.0
 10
324.7371655555555
 20
21.96771916666667
 30
0.0
 10
324.7371655555555
 20
21.00110805555556
 30
0.0
 10
324.7371655555555
 20
20.03449694444444
 30
0.0
 10
324.7124711111111
 20
19.25133027777778
 30
0.0
 10
324.6877766666667
 20
19.25133027777778
 30
0.0
 10
321.0188877777778
 20
19.25133027777778
 30
0.0
 10
317.3888044444444
 20
22.1370525
 30
0.0
 10
318.4683044444444
 20
28.36358027777777
 30
0.0
 10
319.3573044444444
 20
33.50002472222222
 30
0.0
 10
321.6891655555555
 20
35.25333027777778
 30
0.0
 10
324.6877766666667
 20
35.25333027777778
 30
0.0
 10
325.6884896296296
 20
35.25333027777778
 30
0.0
 10
326.6892025925926
 20
35.25333027777778
 30
0.0
 10
327.6899155555556
 20
35.25333027777778
 30
0.0
 10
330.6849988888889
 20
35.25333027777778
 30
0.0
 10
333.01686
 20
33.50002472222222
 30
0.0
 10
333.9093877777777
 20
28.36358027777777
 30
0.0
 10
334.98536
 20
22.1370525
 30
0.0
 10
331.3552766666667
 20
19.25133027777778
 30
0.0
 10
327.6863877777778
 20
19.25133027777778
 30
0.0
  0
SPLINE
  5
104
330
1F
100
AcDbEntity
  8
DEFAULT
 62
    18
100
AcDbSpline
210
0.0
220
0.0
230
1.0
 70
    11
 71
     3
 72
    32
 73
    28
 74
     0
 42
0.000000001
 43
0.0000000001
 40
5.634999999999991
 40
5.634999999999991
 40
5.634999999999991
 40
5.634999999999991
 40
6.634999999999991
 40
6.634999999999991
 40
6.634999999999991
 40
7.634999999999991
 40
7.634999999999991
 40
7.634999999999991
 40
8.634999999999991
 40
8.634999999999991
 40
8.634999999999991
 40
9.634999999999991
 40
9.634999999999991
 40
9.634999999999991
 40
10.63499999999999
 40
10.63499999999999
 40
10.63499999999999
 40
11.63499999999999
 40
11.63499999999999
 40
11.63499999999999
 40
12.63499999999999
 40
12.63499999999999
 40
12.63499999999999
 40
13.63499999999999
 40
13.63499999999999
 40
13.63499999999999
 40
19.26999999999998
 40
19.26999999999998
 40
19.26999999999998
 40
19.26999999999998
 10
336.6802808333333
 20
74.94478138888888
 30
0.0
 10
336.7942280555555
 20
74.96877027777778
 30
0.0
 10
336.9741447222221
 20
74.98676194444444
 30
0.0
 10
337.1568836111111
 20
74.98676194444444
 30
0.0
 10
337.4179391666666
 20
74.98676194444444
 30
0.0
 10
337.5858613888888
 20
74.94195916666666
 30
0.0
 10
337.7118030555555
 20
74.84000638888888
 30
0.0
 10
337.8165780555555
 20
74.76168972222221
 30
0.0
 10
337.8793724999999
 20
74.64209805555555
 30
0.0
 10
337.8793724999999
 20
74.48299527777777
 30
0.0
 10
337.8793724999999
 20
74.28826194444444
 30
0.0
 10
337.6229030555555
 20
74.11716472222221
 30
0.0
 10
337.4098252777777
 20
74.03920083333333
 30
0.0
 10
337.4098252777777
 20
74.03920083333333
 30
0.0
 10
337.9545141666666
 20
73.82647583333333
 30
0.0
 10
337.9545141666666
 20
73.52661472222222
 30
0.0
 10
337.9545141666666
 20
73.35269527777777
 30
0.0
 10
337.8853697222222
 20
73.22075638888889
 30
0.0
 10
337.7834169444444
 20
73.1219786111111
 30
0.0
 10
337.6426586111111
 20
72.99286194444444
 30
0.0
 10
337.4147641666666
 20
72.93288972222221
 30
0.0
 10
337.0849169444444
 20
72.93288972222221
 30
0.0
 10
336.9050002777777
 20
72.93288972222221
 30
0.0
 10
336.7674169444444
 20
72.94488416666665
 30
0.0
 10
336.6802808333333
 20
72.95687861111111
 30
0.0
 10
336.6802808333333
 20
73.61951287037037
 30
0.0
 10
336.6802808333333
 20
74.28214712962962
 30
0.0
 10
336.6802808333333
 20
74.94478138888888
 30
0.0
  0
POLYLINE
  5
105
330
1F
100
AcDbEntity
  8
DEFAULT
 62
    18
100
AcDb2dPolyline
 66
     1
 10
0.0
 20
0.0
 30
0.0
  0
VERTEX
  5
106
330
105
100
AcDbEntity
  8
DEFAULT
 62
    18
100
AcDbVertex
100
AcDb2dVertex
 10
346.5205230555555
 20
69.56019305555556
 30
0.0
  0
VERTEX
  5
107
330
105
100
AcDbEntity
  8
DEFAULT
 62
    18
100
AcDbVertex
100
AcDb2dVertex
 10
347.3583702777778
 20
71.58125694444446
 30
0.0
  0
VERTEX
  5
108
330
105
100
AcDbEntity
  8
DEFAULT
 62
    18
100
AcDbVertex
100
AcDb2dVertex
 10
348.2117397222221
 20
69.56019305555556
 30
0.0
  0
SEQEND
  5
109
330
105
100
AcDbEntity
  8
DEFAULT
 62
    18
  0
POLYLINE
  5
10A
330
1F
100
AcDbEntity
  8
DEFAULT
 62
    18
100
AcDb2dPolyline
 66
     1
 10
0.0
 20
0.0
 30
0.0
  0
VERTEX
  5
10B
330
10A
100
AcDbEntity
  8
DEFAULT
 62
    18
100
AcDbVertex
100
AcDb2dVertex
 10
347.9448986111111
 20
70.19519305555555
 30
0.0
  0
VERTEX
  5
10C
330
10A
100
AcDbEntity
  8
DEFAULT
 62
    18
100
AcDbVertex
100
AcDb2dVertex
 10
346.7842597222222
 20
70.19519305555555
 30
0.0
  0
SEQEND
  5
10D
330
10A
100
AcDbEntity
  8
DEFAULT
 62
    18
  0
SPLINE
  5
10E
330
1F
100
AcDbEntity
  8
DEFAULT
 62
     1
100
AcDbSpline
210
0.0
220
0.0
230
1.0
 70
    11
 71
     3
 72
   257
 73
   253
 74
     0
 42
0.000000001
 43
0.0000000001
 40
1.0
 40
1.0
 40
1.0
 40
1.0
 40
2.0
 40
2.0
 40
2.0
 40
3.0
 40
3.0
 40
3.0
 40
4.0
 40
4.0
 40
4.0
 40
5.0
 40
5.0
 40
5.0
 40
6.0
 40
6.0
 40
6.0
 40
7.0
 40
7.0
 40
7.0
 40
8.0
 40
8.0
 40
8.0
 40
9.0
 40
9.0
 40
9.0
 40
10.0
 40
10.0
 40
10.0
 40
11.0
 40
11.0
 40
11.0
 40
12.0
 40
12.0
 40
12.0
 40
13.0
 40
13.0
 40
13.0
 40
14.0
 40
14.0
 40
14.0
 40
15.0
 40
15.0
 40
15.0
 40
16.0
 40
16.0
 40
16.0
 40
17.0
 40
17.0
 40
17.0
 40
18.0
 40
18.0
 40
18.0
 40
19.0
 40
19.0
 40
19.0
 40
20.0
 40
20.0
 40
20.0
 40
29.92700045330914
 40
29.92700045330914
 40
29.92700045330914
 40
38.4240004533091
 40
38.4240004533091
 40
38.4240004533091
 40
48.34400549363038
 40
48.34400549363038
 40
48.34400549363038
 40
49.34400549363038
 40
49.34400549363038
 40
49.34400549363038
 40
50.34400549363038
 40
50.34400549363038
 40
50.34400549363038
 40
51.34400549363038
 40
51.34400549363038
 40
51.34400549363038
 40
52.34400549363038
 40
52.34400549363038
 40
52.34400549363038
 40
53.34400549363038
 40
53.34400549363038
 40
53.34400549363038
 40
54.34400549363038
 40
54.34400549363038
 40
54.34400549363038
 40
55.34400549363038
 40
55.34400549363038
 40
55.34400549363038
 40
56.34400549363038
 40
56.34400549363038
 40
56.34400549363038
 40
57.34400549363038
 40
57.34400549363038
 40
57.34400549363038
 40
58.34400549363038
 40
58.34400549363038
 40
58.34400549363038
 40
59.34400549363038
 40
59.34400549363038
 40
59.34400549363038
 40
60.34400549363038
 40
60.34400549363038
 40
60.34400549363038
 40
61.34400549363038
 40
61.34400549363038
 40
61.34400549363038
 40
62.34400549363038
 40
62.34400549363038
 40
62.34400549363038
 40
63.34400549363038
 40
63.34400549363038
 40
63.34400549363038
 40
64.34400549363039
 40
64.34400549363039
 40
64.34400549363039
 40
65.34400549363039
 40
65.34400549363039
 40
65.34400549363039
 40
66.34400549363039
 40
66.34400549363039
 40
66.34400549363039
 40
67.34400549363039
 40
67.34400549363039
 40
67.34400549363039
 40
68.34400549363039
 40
68.34400549363039
 40
68.34400549363039
 40
69.34400549363039
 40
69.34400549363039
 40
69.34400549363039
 40
70.34400549363039
 40
70.34400549363039
 40
70.34400549363039
 40
71.34400549363039
 40
71.34400549363039
 40
71.34400549363039
 40
72.34400549363039
 40
72.34400549363039
 40
72.34400549363039
 40
73.34400549363039
 40
73.34400549363039
 40
73.34400549363039
 40
74.34400549363039
 40
74.34400549363039
 40
74.34400549363039
 40
75.34400549363039
 40
75.34400549363039
 40
75.34400549363039
 40
76.34400549363039
 40
76.34400549363039
 40
76.34400549363039
 40
77.34400549363039
 40
77.34400549363039
 40
77.34400549363039
 40
78.34400549363039
 40
78.34400549363039
 40
78.34400549363039
 40
79.34400549363039
 40
79.34400549363039
 40
79.34400549363039
 40
80.34400549363039
 40
80.34400549363039
 40
80.34400549363039
 40
81.34400549363039
 40
81.34400549363039
 40
81.34400549363039
 40
82.34400549363039
 40
82.34400549363039
 40
82.34400549363039
 40
83.34400549363039
 40
83.34400549363039
 40
83.34400549363039
 40
84.34400549363039
 40
84.34400549363039
 40
84.34400549363039
 40
85.34400549363039
 40
85.34400549363039
 40
85.34400549363039
 40
86.34400549363039
 40
86.34400549363039
 40
86.34400549363039
 40
87.34400549363039
 40
87.34400549363039
 40
87.34400549363039
 40
88.34400549363039
 40
88.34400549363039
 40
88.34400549363039
 40
89.34400549363039
 40
89.34400549363039
 40
89.34400549363039
 40
90.34400549363039
 40
90.34400549363039
 40
90.34400549363039
 40
91.34400549363039
 40
91.34400549363039
 40
91.34400549363039
 40
104.4640064463743
 40
104.4640064463743
 40
104.4640064463743
 40
112.9670102097511
 40
112.9670102097511
 40
112.9670102097511
 40
126.0950102478376
 40
126.0950102478376
 40
126.0950102478376
 40
127.0950102478376
 40
127.0950102478376
 40
127.0950102478376
 40
128.0950102478376
 40
128.0950102478376
 40
128.0950102478376
 40
129.0950102478376
 40
129.0950102478376
 40
129.0950102478376
 40
130.0950102478376
 40
130.0950102478376
 40
130.0950102478376
 40
131.0950102478376
 40
131.0950102478376
 40
131.0950102478376
 40
132.0950102478376
 40
132.0950102478376
 40
132.0950102478376
 40
133.0950102478376
 40
133.0950102478376
 40
133.0950102478376
 40
134.0950102478376
 40
134.0950102478376
 40
134.0950102478376
 40
135.0950102478376
 40
135.0950102478376
 40
135.0950102478376
 40
136.0950102478376
 40
136.0950102478376
 40
136.0950102478376
 40
137.0950102478376
 40
137.0950102478376
 40
137.0950102478376
 40
138.0950102478376
 40
138.0950102478376
 40
138.0950102478376
 40
139.0950102478376
 40
139.0950102478376
 40
139.0950102478376
 40
140.0950102478376
 40
140.0950102478376
 40
140.0950102478376
 40
141.0950102478376
 40
141.0950102478376
 40
141.0950102478376
 40
142.0950102478376
 40
142.0950102478376
 40
142.0950102478376
 40
142.0950102478376
 10
340.3302608333333
 20
32.70775638888889
 30
0.0
 10
340.2152552777777
 20
34.39967861111111
 30
0.0
 10
339.5171080555555
 20
35.53244805555556
 30
0.0
 10
338.8052025
 20
35.53174249999999
 30
0.0
 10
338.7766275
 20
35.56313972222222
 30
0.0
 10
338.7593413888889
 20
36.33572305555555
 30
0.0
 10
338.7558136111111
 20
37.28257861111111
 30
0.0
 10
338.7582830555555
 20
38.24918972222222
 30
0.0
 10
338.8069663888888
 20
38.75860083333333
 30
0.0
 10
338.8062608333333
 20
39.0337675
 30
0.0
 10
338.8052025
 20
39.3036425
 30
0.0
 10
338.7565191666666
 20
39.81552305555555
 30
0.0
 10
338.7589886111111
 20
40.78213416666667
 30
0.0
 10
338.7565191666666
 20
41.74874527777777
 30
0.0
 10
338.8080247222222
 20
42.26062583333334
 30
0.0
 10
338.8069663888888
 20
42.53050083333333
 30
0.0
 10
338.8087302777777
 20
42.80284527777778
 30
0.0
 10
338.7600469444444
 20
43.31472583333333
 30
0.0
 10
338.7575775
 20
44.28168972222222
 30
0.0
 10
338.7600469444444
 20
45.24794805555555
 30
0.0
 10
338.8090830555555
 20
45.75771194444444
 30
0.0
 10
338.8080247222222
 20
46.03252583333333
 30
0.0
 10
338.8097886111111
 20
46.3045175
 30
0.0
 10
338.7586358333333
 20
46.81428138888888
 30
0.0
 10
338.7611052777777
 20
47.7808925
 30
0.0
 10
338.7586358333333
 20
48.7475036111111
 30
0.0
 10
338.8097886111111
 20
49.25973694444443
 30
0.0
 10
338.8115524999999
 20
49.53172861111111
 30
0.0
 10
338.8104941666666
 20
49.8016036111111
 30
0.0
 10
338.7621636111111
 20
50.31348416666666
 30
0.0
 10
338.7593413888889
 20
51.28044805555555
 30
0.0
 10
338.7621636111111
 20
52.24705916666666
 30
0.0
 10
338.8133163888888
 20
52.75893972222222
 30
0.0
 10
338.8122580555555
 20
53.02881472222222
 30
0.0
 10
338.8119052777777
 20
53.3085675
 30
0.0
 10
338.7642802777777
 20
53.83561749999999
 30
0.0
 10
338.7628691666666
 20
54.82727583333332
 30
0.0
 10
338.7642802777777
 20
55.82140361111111
 30
0.0
 10
338.8115524999999
 20
56.34845361111111
 30
0.0
 10
338.8133163888888
 20
56.62538416666666
 30
0.0
 10
338.8129636111111
 20
56.90513694444444
 30
0.0
 10
338.7649858333333
 20
57.43218694444443
 30
0.0
 10
338.7639275
 20
58.42384527777778
 30
0.0
 10
338.7653386111111
 20
59.41797305555555
 30
0.0
 10
338.8126108333333
 20
59.94537583333333
 30
0.0
 10
338.8143747222222
 20
60.22230638888888
 30
0.0
 10
338.8136691666666
 20
60.50205916666666
 30
0.0
 10
338.7660441666666
 20
61.02910916666666
 30
0.0
 10
338.7649858333333
 20
62.02076749999999
 30
0.0
 10
338.7663969444444
 20
63.01489527777777
 30
0.0
 10
338.8157858333333
 20
63.53947583333333
 30
0.0
 10
338.8154330555555
 20
63.81922861111111
 30
0.0
 10
338.8147274999999
 20
64.09898138888889
 30
0.0
 10
338.7671025
 20
64.62603138888889
 30
0.0
 10
338.7685136111111
 20
65.62015916666667
 30
0.0
 10
338.7674552777777
 20
66.61181749999999
 30
0.0
 10
338.8168441666666
 20
67.13639805555556
 30
0.0
 10
338.8164913888888
 20
67.41615083333332
 30
0.0
 10
338.8168441666666
 20
68.58349249999999
 30
0.0
 10
338.8171969444443
 20
69.75083416666665
 30
0.0
 10
338.8175497222222
 20
70.91817583333332
 30
0.0
 10
337.8183654629629
 20
70.91817583333332
 30
0.0
 10
336.8191812037036
 20
70.91817583333332
 30
0.0
 10
335.8199969444444
 20
70.91817583333332
 30
0.0
 10
335.8188210185185
 20
69.7516573148148
 30
0.0
 10
335.8176450925926
 20
68.58513879629629
 30
0.0
 10
335.8164691666666
 20
67.41862027777778
 30
0.0
 10
335.8171747222222
 20
67.13886749999999
 30
0.0
 10
335.8676219444444
 20
66.61428694444444
 30
0.0
 10
335.8658580555555
 20
65.62015916666667
 30
0.0
 10
335.8672691666666
 20
64.62850083333332
 30
0.0
 10
335.8175274999999
 20
64.09898138888889
 30
0.0
 10
335.8154108333333
 20
63.82169805555555
 30
0.0
 10
335.8161163888888
 20
63.54194527777777
 30
0.0
 10
335.8665636111111
 20
63.01736472222222
 30
0.0
 10
335.8651525
 20
62.02323694444443
 30
0.0
 10
335.8662108333333
 20
61.03157861111111
 30
0.0
 10
335.8139997222221
 20
60.50488138888889
 30
0.0
 10
335.8147052777778
 20
60.22512861111111
 30
0.0
 10
335.8150580555555
 20
59.94537583333333
 30
0.0
 10
335.8655052777777
 20
59.42044249999999
 30
0.0
 10
335.8640941666666
 20
58.42631472222222
 30
0.0
 10
335.8626830555555
 20
57.43253972222222
 30
0.0
 10
335.8129413888889
 20
56.90795916666666
 30
0.0
 10
335.8136469444444
 20
56.62820638888888
 30
0.0
 10
335.8139997222221
 20
56.34845361111111
 30
0.0
 10
335.8644469444444
 20
55.82352027777777
 30
0.0
 10
335.8630358333333
 20
54.82974527777777
 30
0.0
 10
335.8616247222222
 20
53.83561749999999
 30
0.0
 10
335.8122358333333
 20
53.31103694444444
 30
0.0
 10
335.812588611111
 20
53.03128416666667
 30
0.0
 10
335.8136469444444
 20
52.76140916666666
 30
0.0
 10
335.8619775
 20
52.24952861111111
 30
0.0
 10
335.8619775
 20
51.28009527777778
 30
0.0
 10
335.8619775
 20
50.31595361111111
 30
0.0
 10
335.8108247222222
 20
49.80407305555555
 30
0.0
 10
335.8139997222221
 20
49.53172861111111
 30
0.0
 10
335.812588611111
 20
49.25973694444443
 30
0.0
 10
335.8609191666666
 20
48.7475036111111
 30
0.0
 10
335.8612719444444
 20
47.78336194444444
 30
0.0
 10
335.8609191666666
 20
46.81428138888888
 30
0.0
 10
335.8122358333333
 20
46.3045175
 30
0.0
 10
335.8108247222222
 20
46.03252583333333
 30
0.0
 10
335.8090608333333
 20
45.76018138888888
 30
0.0
 10
335.8602136111111
 20
45.2504175
 30
0.0
 10
335.8602136111111
 20
44.28133694444444
 30
0.0
 10
335.8577441666666
 20
43.31472583333333
 30
0.0
 10
335.8087080555555
 20
42.80531472222222
 30
0.0
 10
335.8072969444444
 20
42.53332305555556
 30
0.0
 10
335.8104719444444
 20
42.26062583333334
 30
0.0
 10
335.8591552777777
 20
41.74874527777777
 30
0.0
 10
335.8566858333333
 20
40.78213416666667
 30
0.0
 10
335.8591552777777
 20
39.81517027777777
 30
0.0
 10
335.8076497222222
 20
39.30328972222222
 30
0.0
 10
335.8087080555555
 20
39.0337675
 30
0.0
 10
335.8072969444444
 20
38.76142305555555
 30
0.0
 10
335.8556275
 20
38.24918972222222
 30
0.0
 10
335.8580969444444
 20
37.28257861111111
 30
0.0
 10
335.8563330555555
 20
36.33078416666666
 30
0.0
 10
335.8316386111111
 20
35.55784805555555
 30
0.0
 10
335.8051802777778
 20
35.53421194444444
 30
0.0
 10
332.8055108333333
 20
35.53703416666666
 30
0.0
 10
332.8323219444444
 20
37.7461286111111
 30
0.0
 10
332.1123025
 20
42.85893694444444
 30
0.0
 10
331.9062802777777
 20
44.32155361111111
 30
0.0
 10
329.9942247222222
 20
47.94881472222222
 30
0.0
 10
331.1799108333333
 20
47.94740361111111
 30
0.0
 10
332.4051080555555
 20
47.94669805555555
 30
0.0
 10
327.5826358333333
 20
64.71810638888888
 30
0.0
 10
328.6067497222222
 20
64.71740083333333
 30
0.0
 10
329.8915663888889
 20
64.7163425
 30
0.0
 10
328.4966830555555
 20
78.98373416666665
 30
0.0
 10
329.7388136111111
 20
78.98267583333333
 30
0.0
 10
330.7036608333333
 20
78.98197027777776
 30
0.0
 10
329.7606858333333
 20
92.48136472222222
 30
0.0
 10
331.1164108333332
 20
92.75053416666665
 30
0.0
 10
332.1708636111111
 20
92.95973138888888
 30
0.0
 10
333.4313386111111
 20
106.7321758333333
 30
0.0
 10
338.0072191666666
 20
108.0279286111111
 30
0.0
 10
345.8170136111111
 20
110.2391397222222
 30
0.0
 10
349.2615358333333
 20
92.72337027777776
 30
0.0
 10
350.3089330555555
 20
92.73360083333333
 30
0.0
 10
351.7232191666666
 20
92.74735916666666
 30
0.0
 10
352.4721663888889
 20
78.96256749999999
 30
0.0
 10
353.6906608333333
 20
78.96150916666666
 30
0.0
 10
355.2390025
 20
78.96009805555555
 30
0.0
 10
354.1482136111111
 20
64.69482305555555
 30
0.0
 10
355.2608747222222
 20
64.69376472222221
 30
0.0
 10
356.5269941666666
 20
64.69270638888888
 30
0.0
 10
353.3093080555555
 20
47.92800083333333
 30
0.0
 10
353.9894636111111
 20
47.92729527777777
 30
0.0
 10
355.9625497222222
 20
47.92588416666666
 30
0.0
 10
350.6807608333333
 20
38.1288925
 30
0.0
 10
348.8572525
 20
38.20720916666667
 30
0.0
 10
348.8272663888889
 20
38.20862027777778
 30
0.0
 10
348.807863611111
 20
38.99390361111111
 30
0.0
 10
348.807863611111
 20
39.95804527777777
 30
0.0
 10
348.8103330555555
 20
40.92465638888888
 30
0.0
 10
348.8568997222222
 20
41.43688972222222
 30
0.0
 10
348.8583108333333
 20
41.70888138888888
 30
0.0
 10
348.8600747222222
 20
41.98122583333333
 30
0.0
 10
348.8089219444444
 20
42.49098972222222
 30
0.0
 10
348.8113913888889
 20
43.45724805555555
 30
0.0
 10
348.8089219444444
 20
44.42421194444444
 30
0.0
 10
348.8600747222222
 20
44.93609249999999
 30
0.0
 10
348.8618386111111
 20
45.20808416666666
 30
0.0
 10
348.8607802777777
 20
45.47795916666666
 30
0.0
 10
348.8124497222222
 20
45.9901925
 30
0.0
 10
348.8096275
 20
46.95680361111111
 30
0.0
 10
348.8120969444444
 20
47.92341472222222
 30
0.0
 10
348.8611330555555
 20
48.4381175
 30
0.0
 10
348.8604275
 20
48.70799249999999
 30
0.0
 10
348.8618386111111
 20
48.97998416666666
 30
0.0
 10
348.8106858333333
 20
49.48974805555555
 30
0.0
 10
348.8131552777778
 20
50.45635916666667
 30
0.0
 10
348.8131552777778
 20
51.42543972222222
 30
0.0
 10
348.8621913888888
 20
51.93485083333333
 30
0.0
 10
348.8636025
 20
52.20719527777777
 30
0.0
 10
348.8625441666666
 20
52.47707027777777
 30
0.0
 10
348.8142136111111
 20
52.98895083333333
 30
0.0
 10
348.8142136111111
 20
53.95803138888888
 30
0.0
 10
348.8142136111111
 20
54.92217305555555
 30
0.0
 10
348.8657191666666
 20
55.4340536111111
 30
0.0
 10
348.8621913888888
 20
55.70675083333333
 30
0.0
 10
348.8639552777777
 20
55.98368138888888
 30
0.0
 10
348.8163302777777
 20
56.51073138888889
 30
0.0
 10
348.8149191666666
 20
57.5027425
 30
0.0
 10
348.8142136111111
 20
58.49933972222222
 30
0.0
 10
348.8636025
 20
59.0235675
 30
0.0
 10
348.8632497222222
 20
59.30367305555554
 30
0.0
 10
348.8650136111111
 20
59.58060361111111
 30
0.0
 10
348.8173886111111
 20
60.1076536111111
 30
0.0
 10
348.8187997222222
 20
61.10178138888888
 30
0.0
 10
348.8173886111111
 20
62.09343972222221
 30
0.0
 10
348.8646608333333
 20
62.62048972222222
 30
0.0
 10
348.8643080555555
 20
62.90024249999999
 30
0.0
 10
348.8648960185185
 20
64.4430573148148
 30
0.0
 10
348.8654839814815
 20
65.98587212962961
 30
0.0
 10
348.8660719444444
 20
67.52868694444443
 30
0.0
 10
347.8661821296296
 20
67.52962768518518
 30
0.0
 10
346.8662923148148
 20
67.53056842592592
 30
0.0
 10
345.8664024999999
 20
67.53150916666665
 30
0.0
 10
345.8665200925925
 20
65.98775361111109
 30
0.0
 10
345.8666376851851
 20
64.44399805555554
 30
0.0
 10
345.8667552777777
 20
62.90024249999999
 30
0.0
 10
345.8671080555555
 20
62.62048972222222
 30
0.0
 10
345.9175552777778
 20
62.09590916666667
 30
0.0
 10
345.9161441666666
 20
61.10178138888888
 30
0.0
 10
345.9175552777778
 20
60.11012305555555
 30
0.0
 10
345.8653441666667
 20
59.58342583333332
 30
0.0
 10
345.8656969444444
 20
59.30367305555554
 30
0.0
 10
345.8664024999999
 20
59.0235675
 30
0.0
 10
345.9164969444444
 20
58.49898694444443
 30
0.0
 10
345.9150858333333
 20
57.50485916666666
 30
0.0
 10
345.9164969444444
 20
56.51320083333334
 30
0.0
 10
345.8642858333333
 20
55.9865036111111
 30
0.0
 10
345.864638611111
 20
55.70675083333333
 30
0.0
 10
345.8656969444444
 20
55.43687583333333
 30
0.0
 10
345.9143802777777
 20
54.9246425
 30
0.0
 10
345.9140275
 20
53.95556194444443
 30
0.0
 10
345.9143802777777
 20
52.99142027777778
 30
0.0
 10
345.8628747222222
 20
52.47953972222221
 30
0.0
 10
345.8639330555555
 20
52.20966472222222
 30
0.0
 10
345.864638611111
 20
51.93485083333333
 30
0.0
 10
345.9133219444444
 20
51.42297027777777
 30
0.0
 10
345.9133219444444
 20
50.4588286111111
 30
0.0
 10
345.9108524999999
 20
49.4922175
 30
0.0
 10
345.8642858333333
 20
48.97998416666666
 30
0.0
 10
345.8628747222222
 20
48.70799249999999
 30
0.0
 10
345.8611108333333
 20
48.43564805555555
 30
0.0
 10
345.9122636111111
 20
47.92588416666666
 30
0.0
 10
345.9097941666666
 20
46.95927305555555
 30
0.0
 10
345.9122636111111
 20
45.99266194444444
 30
0.0
 10
345.8611108333333
 20
45.48078138888889
 30
0.0
 10
345.8593469444444
 20
45.20843694444444
 30
0.0
 10
345.8604052777778
 20
44.93891472222221
 30
0.0
 10
345.9087358333333
 20
44.42668138888888
 30
0.0
 10
345.9115580555555
 20
43.4597175
 30
0.0
 10
345.9087358333333
 20
42.49345916666667
 30
0.0
 10
345.8596997222222
 20
41.97875638888888
 30
0.0
 10
345.8607580555555
 20
41.70888138888888
 30
0.0
 10
345.8593469444444
 20
41.43688972222222
 30
0.0
 10
345.9104997222222
 20
40.92712583333333
 30
0.0
 10
345.9080302777778
 20
39.96051472222221
 30
0.0
 10
345.9087358333333
 20
39.00625083333333
 30
0.0
 10
345.883688611111
 20
38.23331472222222
 30
0.0
 10
345.8575830555555
 20
38.20967861111111
 30
0.0
 10
342.8575608333333
 20
38.21214805555555
 30
0.0
 10
342.8878997222222
 20
34.63886194444444
 30
0.0
 10
342.5224219444444
 20
31.62543416666666
 30
0.0
 10
342.3925997222222
 20
30.42069805555555
 30
0.0
 10
340.4442080555555
 20
31.04828972222222
 30
0.0
 10
340.3302608333333
 20
32.70775638888889
 30
0.0
  0
SPLINE
  5
10F
330
1F
100
AcDbEntity
  8
DEFAULT
 62
     1
100
AcDbSpline
210
0.0
220
0.0
230
1.0
 70
    11
 71
     3
 72
    29
 73
    25
 74
     0
 42
0.000000001
 43
0.0000000001
 40
0.0
 40
0.0
 40
0.0
 40
0.0
 40
300.472
 40
300.472
 40
300.472
 40
301.472
 40
301.472
 40
301.472
 40
857.062
 40
857.062
 40
857.062
 40
858.062
 40
858.062
 40
858.062
 40
1158.534
 40
1158.534
 40
1158.534
 40
1159.534
 40
1159.534
 40
1159.534
 40
1715.124
 40
1715.124
 40
1715.124
 40
1716.124
 40
1716.124
 40
1716.124
 40
1716.124
 10
258.0000061111111
 20
9.999979999999999
 30
0.0
 10
222.6667246296296
 20
9.999979999999999
 30
0.0
 10
187.3334431481481
 20
9.999979999999999
 30
0.0
 10
152.0001616666667
 20
9.999979999999999
 30
0.0
 10
145.3725255555555
 20
9.999979999999999
 30
0.0
 10
140.0000727777778
 20
15.37243277777778
 30
0.0
 10
140.0000727777778
 20
22.00006888888888
 30
0.0
 10
140.0000727777778
 20
87.3333374074074
 30
0.0
 10
140.0000727777778
 20
152.6666059259259
 30
0.0
 10
140.0000727777778
 20
217.9998744444444
 30
0.0
 10
140.0000727777778
 20
224.6275105555555
 30
0.0
 10
145.3725255555555
 20
229.9999633333333
 30
0.0
 10
152.0001616666667
 20
229.9999633333333
 30
0.0
 10
187.3334431481481
 20
229.9999633333333
 30
0.0
 10
222.6667246296296
 20
229.9999633333333
 30
0.0
 10
258.0000061111111
 20
229.9999633333333
 30
0.0
 10
264.6272894444444
 20
229.9999633333333
 30
0.0
 10
270.000095
 20
224.6275105555555
 30
0.0
 10
270.000095
 20
217.9998744444444
 30
0.0
 10
270.000095
 20
152.6666059259259
 30
0.0
 10
270.000095
 20
87.33333740740738
 30
0.0
 10
270.000095
 20
22.00006888888888
 30
0.0
 10
270.000095
 20
15.37243277777778
 30
0.0
 10
264.6272894444444
 20
9.999979999999999
 30
0.0
 10
258.0000061111111
 20
9.999979999999999
 30
0.0
  0
POLYLINE
  5
110
330
1F
100
AcDbEntity
  8
DEFAULT
 62
    18
100
AcDb2dPolyline
 66
     1
 10
0.0
 20
0.0
 30
0.0
  0
VERTEX
  5
111
330
110
100
AcDbEntity
  8
DEFAULT
 62
    18
100
AcDbVertex
100
AcDb2dVertex
 10
216.3814711111111
 20
36.30270305555555
 30
0.0
  0
VERTEX
  5
112
330
110
100
AcDbEntity
  8
DEFAULT
 62
    18
100
AcDbVertex
100
AcDb2dVertex
 10
216.0597377777777
 20
36.30270305555555
 30
0.0
  0
SEQEND
  5
113
330
110
100
AcDbEntity
  8
DEFAULT
 62
    18
  0
POLYLINE
  5
114
330
1F
100
AcDbEntity
  8
DEFAULT
 62
    18
100
AcDb2dPolyline
 66
     1
 10
0.0
 20
0.0
 30
0.0
  0
VERTEX
  5
115
330
114
100
AcDbEntity
  8
DEFAULT
 62
    18
100
AcDbVertex
100
AcDb2dVertex
 10
218.2976894444444
 20
36.30270305555555
 30
0.0
  0
VERTEX
  5
116
330
114
100
AcDbEntity
  8
DEFAULT
 62
    18
100
AcDbVertex
100
AcDb2dVertex
 10
216.8463616666666
 20
36.30270305555555
 30
0.0
  0
SEQEND
  5
117
330
114
100
AcDbEntity
  8
DEFAULT
 62
    18
  0
SPLINE
  5
118
330
1F
100
AcDbEntity
  8
DEFAULT
 62
     1
100
AcDbSpline
210
0.0
220
0.0
230
1.0
 70
    11
 71
     3
 72
    59
 73
    55
 74
     0
 42
0.000000001
 43
0.0000000001
 40
1.0
 40
1.0
 40
1.0
 40
1.0
 40
2.0
 40
2.0
 40
2.0
 40
3.0
 40
3.0
 40
3.0
 40
4.0
 40
4.0
 40
4.0
 40
5.0
 40
5.0
 40
5.0
 40
6.0
 40
6.0
 40
6.0
 40
7.0
 40
7.0
 40
7.0
 40
8.0
 40
8.0
 40
8.0
 40
9.0
 40
9.0
 40
9.0
 40
10.0
 40
10.0
 40
10.0
 40
11.0
 40
11.0
 40
11.0
 40
12.0
 40
12.0
 40
12.0
 40
13.0
 40
13.0
 40
13.0
 40
14.0
 40
14.0
 40
14.0
 40
23.91599999999994
 40
23.91599999999994
 40
23.91599999999994
 40
32.42000288099663
 40
32.42000288099663
 40
32.42000288099663
 40
42.3350028809966
 40
42.3350028809966
 40
42.3350028809966
 40
43.3350028809966
 40
43.3350028809966
 40
43.3350028809966
 40
44.3350028809966
 40
44.3350028809966
 40
44.3350028809966
 40
44.3350028809966
 10
227.2771538888888
 20
37.79816333333333
 30
0.0
 10
227.2799761111111
 20
39.37966611111111
 30
0.0
 10
227.6041788888889
 20
40.34909944444444
 30
0.0
 10
228.5552677777777
 20
40.86944666666667
 30
0.0
 10
229.5197622222222
 20
42.21776333333333
 30
0.0
 10
222.3530816666666
 20
41.87239388888889
 30
0.0
 10
214.7203816666666
 20
41.26279388888889
 30
0.0
 10
196.4468455555555
 20
39.79664944444445
 30
0.0
 10
194.4388344444444
 20
38.65858833333333
 30
0.0
 10
189.5355761111111
 20
38.30475222222222
 30
0.0
 10
185.5354288888889
 20
38.01723833333333
 30
0.0
 10
180.1594483333333
 20
36.56873277777778
 30
0.0
 10
175.0480511111111
 20
36.43961611111111
 30
0.0
 10
169.9377122222222
 20
36.31367444444444
 30
0.0
 10
170.5645983333333
 20
41.422955
 30
0.0
 10
165.791515
 20
40.08980777777777
 30
0.0
 10
161.0149038888889
 20
38.75771888888889
 30
0.0
 10
168.7749566666666
 20
37.68562722222222
 30
0.0
 10
168.7276844444444
 20
34.51344944444445
 30
0.0
 10
168.6737094444444
 20
31.34409388888889
 30
0.0
 10
172.5535594444444
 20
33.22969111111111
 30
0.0
 10
173.2086677777777
 20
30.28434944444444
 30
0.0
 10
173.7388927777777
 20
27.89145777777777
 30
0.0
 10
175.7052761111111
 20
27.83113277777778
 30
0.0
 10
179.7798594444444
 20
30.805755
 30
0.0
 10
182.485665
 20
32.77249111111111
 30
0.0
 10
203.339065
 20
31.307405
 30
0.0
 10
217.1220927777777
 20
31.35644111111111
 30
0.0
 10
223.9896177777778
 20
31.37972444444444
 30
0.0
 10
229.0699705555555
 20
30.85690777777777
 30
0.0
 10
228.3905205555555
 20
32.05000222222222
 30
0.0
 10
227.5519677777777
 20
32.52272444444444
 30
0.0
 10
227.2750372222222
 20
33.36092444444444
 30
0.0
 10
227.2760955555555
 20
34.80166888888889
 30
0.0
 10
227.2760955555555
 20
34.82848
 30
0.0
 10
226.4932816666666
 20
34.84929388888889
 30
0.0
 10
225.5270233333333
 20
34.85141055555555
 30
0.0
 10
224.5593538888889
 20
34.84999944444444
 30
0.0
 10
224.0502955555555
 20
34.80272722222222
 30
0.0
 10
223.7751288888888
 20
34.80272722222222
 30
0.0
 10
222.6090807407407
 20
34.80272722222222
 30
0.0
 10
221.4430325925925
 20
34.80272722222222
 30
0.0
 10
220.2769844444444
 20
34.80272722222222
 30
0.0
 10
220.2778075925926
 20
35.80273462962963
 30
0.0
 10
220.2786307407407
 20
36.80274203703704
 30
0.0
 10
220.2794538888888
 20
37.80274944444444
 30
0.0
 10
221.4453844444444
 20
37.80274944444444
 30
0.0
 10
222.611315
 20
37.80274944444444
 30
0.0
 10
223.7772455555555
 20
37.80274944444444
 30
0.0
 10
224.0478261111111
 20
37.80063277777778
 30
0.0
 10
224.5621761111111
 20
37.75053833333333
 30
0.0
 10
225.5266705555555
 20
37.75300777777777
 30
0.0
 10
226.4851677777777
 20
37.75053833333333
 30
0.0
 10
227.2676288888888
 20
37.77523277777777
 30
0.0
 10
227.2771538888888
 20
37.79816333333333
 30
0.0
  0
POLYLINE
  5
119
330
1F
100
AcDbEntity
  8
DEFAULT
 62
    18
100
AcDb2dPolyline
 66
     1
 10
0.0
 20
0.0
 30
0.0
  0
VERTEX
  5
11A
330
119
100
AcDbEntity
  8
DEFAULT
 62
    18
100
AcDbVertex
100
AcDb2dVertex
 10
193.6185202777777
 20
23.78787611111111
 30
0.0
  0
VERTEX
  5
11B
330
119
100
AcDbEntity
  8
DEFAULT
 62
    18
100
AcDbVertex
100
AcDb2dVertex
 10
193.9402536111111
 20
23.78787611111111
 30
0.0
  0
SEQEND
  5
11C
330
119
100
AcDbEntity
  8
DEFAULT
 62
    18
  0
POLYLINE
  5
11D
330
1F
100
AcDbEntity
  8
DEFAULT
 62
    18
100
AcDb2dPolyline
 66
     1
 10
0.0
 20
0.0
 30
0.0
  0
VERTEX
  5
11E
330
11D
100
AcDbEntity
  8
DEFAULT
 62
    18
100
AcDbVertex
100
AcDb2dVertex
 10
191.7023019444444
 20
23.78787611111111
 30
0.0
  0
VERTEX
  5
11F
330
11D
100
AcDbEntity
  8
DEFAULT
 62
    18
100
AcDbVertex
100
AcDb2dVertex
 10
193.1536297222222
 20
23.78787611111111
 30
0.0
  0
SEQEND
  5
120
330
11D
100
AcDbEntity
  8
DEFAULT
 62
    18
  0
SPLINE
  5
121
330
1F
100
AcDbEntity
  8
DEFAULT
 62
     1
100
AcDbSpline
210
0.0
220
0.0
230
1.0
 70
    11
 71
     3
 72
    59
 73
    55
 74
     0
 42
0.000000001
 43
0.0000000001
 40
1.0
 40
1.0
 40
1.0
 40
1.0
 40
2.0
 40
2.0
 40
2.0
 40
3.0
 40
3.0
 40
3.0
 40
4.0
 40
4.0
 40
4.0
 40
5.0
 40
5.0
 40
5.0
 40
6.0
 40
6.0
 40
6.0
 40
7.0
 40
7.0
 40
7.0
 40
8.0
 40
8.0
 40
8.0
 40
9.0
 40
9.0
 40
9.0
 40
10.0
 40
10.0
 40
10.0
 40
11.0
 40
11.0
 40
11.0
 40
12.0
 40
12.0
 40
12.0
 40
13.0
 40
13.0
 40
13.0
 40
14.0
 40
14.0
 40
14.0
 40
23.91599999999994
 40
23.91599999999994
 40
23.91599999999994
 40
32.42000288099663
 40
32.42000288099663
 40
32.42000288099663
 40
42.3350028809966
 40
42.3350028809966
 40
42.3350028809966
 40
43.3350028809966
 40
43.3350028809966
 40
43.3350028809966
 40
44.3350028809966
 40
44.3350028809966
 40
44.3350028809966
 40
44.3350028809966
 10
182.7228375
 20
25.28333638888889
 30
0.0
 10
182.7200152777778
 20
26.86483916666667
 30
0.0
 10
182.3958125
 20
27.8342725
 30
0.0
 10
181.4443708333333
 20
28.35461972222222
 30
0.0
 10
180.4802291666666
 20
29.70293638888889
 30
0.0
 10
187.6469097222222
 20
29.35756694444444
 30
0.0
 10
195.2796097222222
 20
28.74796694444444
 30
0.0
 10
213.5531458333333
 20
27.2818225
 30
0.0
 10
215.5611569444445
 20
26.14376138888889
 30
0.0
 10
220.4644152777778
 20
25.78992527777778
 30
0.0
 10
224.4645625
 20
25.50241138888889
 30
0.0
 10
229.8405430555556
 20
24.05390583333334
 30
0.0
 10
234.9519402777777
 20
23.92478916666667
 30
0.0
 10
240.0622791666667
 20
23.7988475
 30
0.0
 10
239.4353930555556
 20
28.90812805555556
 30
0.0
 10
244.2084763888889
 20
27.57498083333333
 30
0.0
 10
248.9850875
 20
26.24289194444444
 30
0.0
 10
241.2250347222222
 20
25.17115305555556
 30
0.0
 10
241.2723069444444
 20
21.9986225
 30
0.0
 10
241.3262819444444
 20
18.82926694444444
 30
0.0
 10
237.4464319444445
 20
20.71486416666666
 30
0.0
 10
236.7913236111111
 20
17.7695225
 30
0.0
 10
236.2610986111111
 20
15.37663083333333
 30
0.0
 10
234.2947152777778
 20
15.31630583333333
 30
0.0
 10
230.2201319444445
 20
18.29092805555556
 30
0.0
 10
227.5143263888889
 20
20.25766416666667
 30
0.0
 10
206.6609263888889
 20
18.79257805555556
 30
0.0
 10
192.8778986111111
 20
18.84196694444444
 30
0.0
 10
186.0103736111111
 20
18.8648975
 30
0.0
 10
180.9300208333333
 20
18.34208083333333
 30
0.0
 10
181.6091180555555
 20
19.53517527777778
 30
0.0
 10
182.4480236111111
 20
20.0078975
 30
0.0
 10
182.7249541666667
 20
20.8460975
 30
0.0
 10
182.7238958333334
 20
22.28684194444444
 30
0.0
 10
182.7238958333334
 20
22.31365305555556
 30
0.0
 10
183.5067097222222
 20
22.33446694444444
 30
0.0
 10
184.4729680555556
 20
22.33658361111111
 30
0.0
 10
185.4406375
 20
22.3351725
 30
0.0
 10
185.9496958333334
 20
22.28790027777778
 30
0.0
 10
186.2248625
 20
22.28790027777778
 30
0.0
 10
187.3909106481482
 20
22.28790027777778
 30
0.0
 10
188.5569587962963
 20
22.28790027777778
 30
0.0
 10
189.7230069444444
 20
22.28790027777778
 30
0.0
 10
189.7221837962963
 20
23.28790768518519
 30
0.0
 10
189.7213606481481
 20
24.28791509259259
 30
0.0
 10
189.7205375
 20
25.2879225
 30
0.0
 10
188.5546069444445
 20
25.2879225
 30
0.0
 10
187.3886763888889
 20
25.2879225
 30
0.0
 10
186.2227458333334
 20
25.2879225
 30
0.0
 10
185.9521652777778
 20
25.28580583333333
 30
0.0
 10
185.4378152777778
 20
25.23571138888889
 30
0.0
 10
184.4733208333333
 20
25.23818083333333
 30
0.0
 10
183.5151763888889
 20
25.23571138888889
 30
0.0
 10
182.7323625
 20
25.26040583333333
 30
0.0
 10
182.7228375
 20
25.28333638888889
 30
0.0
  0
POLYLINE
  5
122
330
1F
100
AcDbEntity
  8
DEFAULT
 62
    18
100
AcDb2dPolyline
 66
     1
 10
0.0
 20
0.0
 30
0.0
  0
VERTEX
  5
123
330
122
100
AcDbEntity
  8
DEFAULT
 62
    18
100
AcDbVertex
100
AcDb2dVertex
 10
227.4959819444444
 20
62.70113472222221
 30
0.0
  0
VERTEX
  5
124
330
122
100
AcDbEntity
  8
DEFAULT
 62
    18
100
AcDbVertex
100
AcDb2dVertex
 10
227.1742486111111
 20
62.70113472222221
 30
0.0
  0
SEQEND
  5
125
330
122
100
AcDbEntity
  8
DEFAULT
 62
    18
  0
POLYLINE
  5
126
330
1F
100
AcDbEntity
  8
DEFAULT
 62
    18
100
AcDb2dPolyline
 66
     1
 10
0.0
 20
0.0
 30
0.0
  0
VERTEX
  5
127
330
126
100
AcDbEntity
  8
DEFAULT
 62
    18
100
AcDbVertex
100
AcDb2dVertex
 10
229.4122002777777
 20
62.70113472222221
 30
0.0
  0
VERTEX
  5
128
330
126
100
AcDbEntity
  8
DEFAULT
 62
    18
100
AcDbVertex
100
AcDb2dVertex
 10
227.9608724999999
 20
62.70113472222221
 30
0.0
  0
SEQEND
  5
129
330
126
100
AcDbEntity
  8
DEFAULT
 62
    18
  0
SPLINE
  5
12A
330
1F
100
AcDbEntity
  8
DEFAULT
 62
    18
100
AcDbSpline
210
0.0
220
0.0
230
1.0
 70
     8
 71
     3
 72
    17
 73
    13
 74
     0
 42
0.000000001
 43
0.0000000001
 40
0.0
 40
0.0
 40
0.0
 40
0.0
 40
2.363001904358268
 40
2.363001904358268
 40
2.363001904358268
 40
3.363001904358268
 40
3.363001904358268
 40
3.363001904358268
 40
4.363001904358269
 40
4.363001904358269
 40
4.363001904358269
 40
5.363001904358269
 40
5.363001904358269
 40
5.363001904358269
 40
5.363001904358269
 10
219.0383463888889
 20
62.28277555555555
 30
0.0
 10
219.3162176851853
 20
62.28312833333333
 30
0.0
 10
219.5940889814816
 20
62.28348111111111
 30
0.0
 10
219.8719602777778
 20
62.28383388888888
 30
0.0
 10
220.1058519444444
 20
62.28383388888888
 30
0.0
 10
220.3034075
 20
62.38437555555555
 30
0.0
 10
220.3030547222222
 20
62.67153666666666
 30
0.0
 10
220.3027019444444
 20
62.86873944444444
 30
0.0
 10
220.1827575
 20
63.02466722222222
 30
0.0
 10
220.0388241666667
 20
63.07970055555555
 30
0.0
 10
220.0028408333334
 20
63.09698666666666
 30
0.0
 10
219.9640352777778
 20
63.10051444444444
 30
0.0
 10
219.9128825
 20
63.10016166666666
 30
0.0
  0
POLYLINE
  5
12B
330
1F
100
AcDbEntity
  8
DEFAULT
 62
    18
100
AcDb2dPolyline
 66
     1
 10
0.0
 20
0.0
 30
0.0
  0
VERTEX
  5
12C
330
12B
100
AcDbEntity
  8
DEFAULT
 62
    18
100
AcDbVertex
100
AcDb2dVertex
 10
219.0373938888889
 20
63.099315
 30
0.0
  0
VERTEX
  5
12D
330
12B
100
AcDbEntity
  8
DEFAULT
 62
    18
100
AcDbVertex
100
AcDb2dVertex
 10
221.166055
 20
63.10178444444445
 30
0.0
  0
SEQEND
  5
12E
330
12B
100
AcDbEntity
  8
DEFAULT
 62
    18
  0
SPLINE
  5
12F
330
1F
100
AcDbEntity
  8
DEFAULT
 62
     1
100
AcDbSpline
210
0.0
220
0.0
230
1.0
 70
    11
 71
     3
 72
    71
 73
    67
 74
     0
 42
0.000000001
 43
0.0000000001
 40
1.0
 40
1.0
 40
1.0
 40
1.0
 40
2.0
 40
2.0
 40
2.0
 40
3.0
 40
3.0
 40
3.0
 40
4.0
 40
4.0
 40
4.0
 40
5.0
 40
5.0
 40
5.0
 40
25.40200245074002
 40
25.40200245074002
 40
25.40200245074002
 40
33.90200833309093
 40
33.90200833309093
 40
33.90200833309093
 40
54.30401078383083
 40
54.30401078383083
 40
54.30401078383083
 40
55.30401078383083
 40
55.30401078383083
 40
55.30401078383083
 40
56.30401078383083
 40
56.30401078383083
 40
56.30401078383083
 40
57.30401078383083
 40
57.30401078383083
 40
57.30401078383083
 40
58.30401078383083
 40
58.30401078383083
 40
58.30401078383083
 40
59.30401078383083
 40
59.30401078383083
 40
59.30401078383083
 40
60.30401078383083
 40
60.30401078383083
 40
60.30401078383083
 40
61.30401078383083
 40
61.30401078383083
 40
61.30401078383083
 40
62.30401078383083
 40
62.30401078383083
 40
62.30401078383083
 40
82.68401323721636
 40
82.68401323721636
 40
82.68401323721636
 40
91.1840180019209
 40
91.1840180019209
 40
91.1840180019209
 40
111.5650204551861
 40
111.5650204551861
 40
111.5650204551861
 40
112.5650204551861
 40
112.5650204551861
 40
112.5650204551861
 40
113.5650204551861
 40
113.5650204551861
 40
113.5650204551861
 40
114.5650204551861
 40
114.5650204551861
 40
114.5650204551861
 40
115.5650204551861
 40
115.5650204551861
 40
115.5650204551861
 40
115.5650204551861
 10
212.6128519444444
 20
68.59531055555554
 30
0.0
 10
214.9799908333333
 20
67.47700499999999
 30
0.0
 10
222.0461297222222
 20
66.69736611111111
 30
0.0
 10
227.3695463888889
 20
67.07131055555556
 30
0.0
 10
232.6682686111111
 20
67.44172722222221
 30
0.0
 10
241.9851297222222
 20
67.159505
 30
0.0
 10
242.0874352777777
 20
64.20675499999999
 30
0.0
 10
242.0874352777777
 20
64.17853277777776
 30
0.0
 10
241.3042686111111
 20
64.1573661111111
 30
0.0
 10
240.3376575
 20
64.15383833333333
 30
0.0
 10
239.3710463888889
 20
64.15383833333333
 30
0.0
 10
238.8595186111111
 20
64.20322722222222
 30
0.0
 10
238.5878797222222
 20
64.20322722222222
 30
0.0
 10
236.1887556481481
 20
64.20205129629629
 30
0.0
 10
233.7896315740741
 20
64.20087537037035
 30
0.0
 10
231.3905075
 20
64.19969944444443
 30
0.0
 10
231.3916834259259
 20
63.2001624074074
 30
0.0
 10
231.3928593518518
 20
62.20062537037037
 30
0.0
 10
231.3940352777778
 20
61.20108833333332
 30
0.0
 10
233.7931593518518
 20
61.20226425925926
 30
0.0
 10
236.1922834259259
 20
61.20344018518518
 30
0.0
 10
238.5914075
 20
61.20461611111111
 30
0.0
 10
238.8630463888888
 20
61.20461611111111
 30
0.0
 10
239.3745741666666
 20
61.25400499999999
 30
0.0
 10
240.3411852777778
 20
61.25400499999999
 30
0.0
 10
241.3077963888889
 20
61.25753277777777
 30
0.0
 10
242.0909630555555
 20
61.23283833333333
 30
0.0
 10
242.0909630555555
 20
61.20814388888888
 30
0.0
 10
242.0944908333333
 20
58.20953277777777
 30
0.0
 10
232.7000186111111
 20
57.920255
 30
0.0
 10
227.3730741666666
 20
58.29419944444444
 30
0.0
 10
222.0496575
 20
58.66814388888888
 30
0.0
 10
214.9835186111111
 20
57.88850499999999
 30
0.0
 10
212.6163797222222
 20
56.76667166666666
 30
0.0
 10
210.2492408333333
 20
55.64836611111111
 30
0.0
 10
212.3976575
 20
58.41414388888888
 30
0.0
 10
208.8028519444444
 20
58.12133833333333
 30
0.0
 10
206.6121019444444
 20
57.94494944444444
 30
0.0
 10
206.6791297222222
 20
57.983755
 30
0.0
 10
206.7073519444444
 20
61.18344944444444
 30
0.0
 10
206.7073519444444
 20
61.21167166666666
 30
0.0
 10
207.4905186111111
 20
61.23283833333333
 30
0.0
 10
208.4571297222222
 20
61.2363661111111
 30
0.0
 10
209.4237408333333
 20
61.2363661111111
 30
0.0
 10
209.9352686111111
 20
61.18697722222222
 30
0.0
 10
210.2069075
 20
61.18697722222222
 30
0.0
 10
212.603444537037
 20
61.18815314814814
 30
0.0
 10
214.999981574074
 20
61.18932907407407
 30
0.0
 10
217.3965186111111
 20
61.19050499999999
 30
0.0
 10
217.3954602777777
 20
62.19004203703702
 30
0.0
 10
217.3944019444444
 20
63.18957907407406
 30
0.0
 10
217.3933436111111
 20
64.1891161111111
 30
0.0
 10
214.9966889814815
 20
64.18794018518518
 30
0.0
 10
212.6000343518518
 20
64.18676425925925
 30
0.0
 10
210.2033797222222
 20
64.18558833333333
 30
0.0
 10
209.9317408333333
 20
64.18558833333333
 30
0.0
 10
209.4202130555555
 20
64.13619944444444
 30
0.0
 10
208.4536019444444
 20
64.13619944444444
 30
0.0
 10
207.4869908333333
 20
64.13267166666665
 30
0.0
 10
206.7038241666666
 20
64.1573661111111
 30
0.0
 10
206.7038241666666
 20
64.18206055555555
 30
0.0
 10
206.6756019444444
 20
67.381755
 30
0.0
 10
206.6085741666666
 20
67.42056055555554
 30
0.0
 10
208.7993241666667
 20
67.24417166666666
 30
0.0
 10
212.3941297222222
 20
66.9513661111111
 30
0.0
 10
210.2457130555555
 20
69.71714388888888
 30
0.0
 10
212.6128519444444
 20
68.59531055555554
 30
0.0
  0
POLYLINE
  5
130
330
1F
100
AcDbEntity
  8
DEFAULT
 62
    18
100
AcDb2dPolyline
 66
     1
 10
0.0
 20
0.0
 30
0.0
  0
VERTEX
  5
131
330
130
100
AcDbEntity
  8
DEFAULT
 62
    18
100
AcDbVertex
100
AcDb2dVertex
 10
189.8343083333333
 20
62.70113472222221
 30
0.0
  0
VERTEX
  5
132
330
130
100
AcDbEntity
  8
DEFAULT
 62
    18
100
AcDbVertex
100
AcDb2dVertex
 10
189.512575
 20
62.70113472222221
 30
0.0
  0
SEQEND
  5
133
330
130
100
AcDbEntity
  8
DEFAULT
 62
    18
  0
POLYLINE
  5
134
330
1F
100
AcDbEntity
  8
DEFAULT
 62
    18
100
AcDb2dPolyline
 66
     1
 10
0.0
 20
0.0
 30
0.0
  0
VERTEX
  5
135
330
134
100
AcDbEntity
  8
DEFAULT
 62
    18
100
AcDbVertex
100
AcDb2dVertex
 10
191.7505266666666
 20
62.70113472222221
 30
0.0
  0
VERTEX
  5
136
330
134
100
AcDbEntity
  8
DEFAULT
 62
    18
100
AcDbVertex
100
AcDb2dVertex
 10
190.2991988888889
 20
62.70113472222221
 30
0.0
  0
SEQEND
  5
137
330
134
100
AcDbEntity
  8
DEFAULT
 62
    18
  0
SPLINE
  5
138
330
1F
100
AcDbEntity
  8
DEFAULT
 62
    18
100
AcDbSpline
210
0.0
220
0.0
230
1.0
 70
     8
 71
     3
 72
    17
 73
    13
 74
     0
 42
0.000000001
 43
0.0000000001
 40
0.0
 40
0.0
 40
0.0
 40
0.0
 40
2.363001904358268
 40
2.363001904358268
 40
2.363001904358268
 40
3.363001904358268
 40
3.363001904358268
 40
3.363001904358268
 40
4.363001904358269
 40
4.363001904358269
 40
4.363001904358269
 40
5.363001904358269
 40
5.363001904358269
 40
5.363001904358269
 40
5.363001904358269
 10
181.3766727777778
 20
62.28277555555556
 30
0.0
 10
181.6545440740741
 20
62.28312833333334
 30
0.0
 10
181.9324153703704
 20
62.28348111111112
 30
0.0
 10
182.2102866666667
 20
62.28383388888889
 30
0.0
 10
182.4441783333333
 20
62.28383388888888
 30
0.0
 10
182.6417338888889
 20
62.38437555555555
 30
0.0
 10
182.6413811111111
 20
62.67153666666666
 30
0.0
 10
182.6410283333333
 20
62.86873944444444
 30
0.0
 10
182.5210838888889
 20
63.02466722222222
 30
0.0
 10
182.3771505555555
 20
63.07970055555555
 30
0.0
 10
182.3411672222222
 20
63.09698666666666
 30
0.0
 10
182.3023616666667
 20
63.10051444444444
 30
0.0
 10
182.2512088888889
 20
63.10016166666666
 30
0.0
  0
POLYLINE
  5
139
330
1F
100
AcDbEntity
  8
DEFAULT
 62
    18
100
AcDb2dPolyline
 66
     1
 10
0.0
 20
0.0
 30
0.0
  0
VERTEX
  5
13A
330
139
100
AcDbEntity
  8
DEFAULT
 62
    18
100
AcDbVertex
100
AcDb2dVertex
 10
181.3757202777778
 20
63.099315
 30
0.0
  0
VERTEX
  5
13B
330
139
100
AcDbEntity
  8
DEFAULT
 62
    18
100
AcDbVertex
100
AcDb2dVertex
 10
183.5043813888889
 20
63.10178444444445
 30
0.0
  0
SEQEND
  5
13C
330
139
100
AcDbEntity
  8
DEFAULT
 62
    18
  0
SPLINE
  5
13D
330
1F
100
AcDbEntity
  8
DEFAULT
 62
     1
100
AcDbSpline
210
0.0
220
0.0
230
1.0
 70
    11
 71
     3
 72
    71
 73
    67
 74
     0
 42
0.000000001
 43
0.0000000001
 40
1.0
 40
1.0
 40
1.0
 40
1.0
 40
2.0
 40
2.0
 40
2.0
 40
3.0
 40
3.0
 40
3.0
 40
4.0
 40
4.0
 40
4.0
 40
5.0
 40
5.0
 40
5.0
 40
25.40200245073991
 40
25.40200245073991
 40
25.40200245073991
 40
33.90200833309081
 40
33.90200833309081
 40
33.90200833309081
 40
54.30401078383083
 40
54.30401078383083
 40
54.30401078383083
 40
55.30401078383083
 40
55.30401078383083
 40
55.30401078383083
 40
56.30401078383083
 40
56.30401078383083
 40
56.30401078383083
 40
57.30401078383083
 40
57.30401078383083
 40
57.30401078383083
 40
58.30401078383083
 40
58.30401078383083
 40
58.30401078383083
 40
59.30401078383083
 40
59.30401078383083
 40
59.30401078383083
 40
60.30401078383083
 40
60.30401078383083
 40
60.30401078383083
 40
61.30401078383083
 40
61.30401078383083
 40
61.30401078383083
 40
62.30401078383083
 40
62.30401078383083
 40
62.30401078383083
 40
82.68401323721636
 40
82.68401323721636
 40
82.68401323721636
 40
91.1840180019209
 40
91.1840180019209
 40
91.1840180019209
 40
111.565020455186
 40
111.565020455186
 40
111.565020455186
 40
112.565020455186
 40
112.565020455186
 40
112.565020455186
 40
113.565020455186
 40
113.565020455186
 40
113.565020455186
 40
114.565020455186
 40
114.565020455186
 40
114.565020455186
 40
115.565020455186
 40
115.565020455186
 40
115.565020455186
 40
115.565020455186
 10
174.9511783333333
 20
68.59531055555554
 30
0.0
 10
177.3183172222222
 20
67.47700499999999
 30
0.0
 10
184.3844561111111
 20
66.69736611111111
 30
0.0
 10
189.7078727777778
 20
67.07131055555556
 30
0.0
 10
195.006595
 20
67.44172722222221
 30
0.0
 10
204.3234561111111
 20
67.159505
 30
0.0
 10
204.4257616666667
 20
64.20675499999999
 30
0.0
 10
204.4257616666667
 20
64.17853277777776
 30
0.0
 10
203.642595
 20
64.1573661111111
 30
0.0
 10
202.6759838888889
 20
64.15383833333333
 30
0.0
 10
201.7093727777778
 20
64.15383833333333
 30
0.0
 10
201.197845
 20
64.20322722222222
 30
0.0
 10
200.9262061111111
 20
64.20322722222222
 30
0.0
 10
198.527082037037
 20
64.20205129629629
 30
0.0
 10
196.127957962963
 20
64.20087537037035
 30
0.0
 10
193.7288338888889
 20
64.19969944444443
 30
0.0
 10
193.7300098148148
 20
63.2001624074074
 30
0.0
 10
193.7311857407408
 20
62.20062537037037
 30
0.0
 10
193.7323616666667
 20
61.20108833333332
 30
0.0
 10
196.1314857407407
 20
61.20226425925926
 30
0.0
 10
198.5306098148148
 20
61.20344018518518
 30
0.0
 10
200.9297338888889
 20
61.20461611111111
 30
0.0
 10
201.2013727777778
 20
61.20461611111111
 30
0.0
 10
201.7129005555555
 20
61.25400499999999
 30
0.0
 10
202.6795116666666
 20
61.25400499999999
 30
0.0
 10
203.6461227777777
 20
61.25753277777777
 30
0.0
 10
204.4292894444444
 20
61.23283833333333
 30
0.0
 10
204.4292894444444
 20
61.20814388888888
 30
0.0
 10
204.4328172222222
 20
58.20953277777777
 30
0.0
 10
195.038345
 20
57.920255
 30
0.0
 10
189.7114005555555
 20
58.29419944444444
 30
0.0
 10
184.3879838888889
 20
58.66814388888888
 30
0.0
 10
177.321845
 20
57.88850499999999
 30
0.0
 10
174.9547061111111
 20
56.76667166666666
 30
0.0
 10
172.5875672222222
 20
55.64836611111111
 30
0.0
 10
174.7359838888889
 20
58.41414388888888
 30
0.0
 10
171.1411783333333
 20
58.12133833333333
 30
0.0
 10
168.9504283333333
 20
57.94494944444444
 30
0.0
 10
169.0174561111111
 20
57.983755
 30
0.0
 10
169.0456783333333
 20
61.18344944444444
 30
0.0
 10
169.0456783333333
 20
61.21167166666666
 30
0.0
 10
169.828845
 20
61.23283833333333
 30
0.0
 10
170.7954561111111
 20
61.2363661111111
 30
0.0
 10
171.7620672222222
 20
61.2363661111111
 30
0.0
 10
172.273595
 20
61.18697722222222
 30
0.0
 10
172.5452338888889
 20
61.18697722222222
 30
0.0
 10
174.9417709259259
 20
61.18815314814814
 30
0.0
 10
177.338307962963
 20
61.18932907407407
 30
0.0
 10
179.734845
 20
61.19050499999999
 30
0.0
 10
179.7337866666666
 20
62.19004203703702
 30
0.0
 10
179.7327283333333
 20
63.18957907407406
 30
0.0
 10
179.73167
 20
64.1891161111111
 30
0.0
 10
177.3350153703703
 20
64.18794018518518
 30
0.0
 10
174.9383607407407
 20
64.18676425925925
 30
0.0
 10
172.5417061111111
 20
64.18558833333333
 30
0.0
 10
172.2700672222222
 20
64.18558833333333
 30
0.0
 10
171.7585394444444
 20
64.13619944444444
 30
0.0
 10
170.7919283333333
 20
64.13619944444444
 30
0.0
 10
169.8253172222222
 20
64.13267166666665
 30
0.0
 10
169.0421505555555
 20
64.1573661111111
 30
0.0
 10
169.0421505555555
 20
64.18206055555555
 30
0.0
 10
169.0139283333333
 20
67.381755
 30
0.0
 10
168.9469005555555
 20
67.42056055555554
 30
0.0
 10
171.1376505555556
 20
67.24417166666666
 30
0.0
 10
174.7324561111111
 20
66.9513661111111
 30
0.0
 10
172.5840394444444
 20
69.71714388888888
 30
0.0
 10
174.9511783333333
 20
68.59531055555554
 30
0.0
  0
SPLINE
  5
13E
330
1F
100
AcDbEntity
  8
DEFAULT
 62
    18
100
AcDbSpline
210
0.0
220
0.0
230
1.0
 70
     8
 71
     3
 72
    20
 73
    16
 74
     0
 42
0.000000001
 43
0.0000000001
 40
0.0
 40
0.0
 40
0.0
 40
0.0
 40
1.002999999999997
 40
1.002999999999997
 40
1.002999999999997
 40
2.005999999999994
 40
2.005999999999994
 40
2.005999999999994
 40
3.008999999999992
 40
3.008999999999992
 40
3.008999999999992
 40
4.011999999999989
 40
4.011999999999989
 40
4.011999999999989
 40
5.014999999999986
 40
5.014999999999986
 40
5.014999999999986
 40
5.014999999999986
 10
221.1811186111111
 20
49.8389275
 30
0.0
 10
221.1811186111111
 20
49.8389275
 30
0.0
 10
219.3502019444444
 20
49.84492472222222
 30
0.0
 10
219.2514241666666
 20
49.8389275
 30
0.0
 10
219.0884408333333
 20
49.93453027777777
 30
0.0
 10
219.0192963888888
 20
50.06188305555555
 30
0.0
 10
219.0192963888888
 20
50.24779694444444
 30
0.0
 10
219.0192963888888
 20
50.53460527777778
 30
0.0
 10
219.2383713888889
 20
50.82423583333333
 30
0.0
 10
219.6796963888889
 20
50.82423583333333
 30
0.0
 10
220.0543463888889
 20
50.82670527777778
 30
0.0
 10
220.3090519444444
 20
50.60128027777778
 30
0.0
 10
220.3090519444444
 20
50.28236916666666
 30
0.0
 10
220.3090519444444
 20
50.07528861111111
 30
0.0
 10
220.2201519444444
 20
49.92641638888888
 30
0.0
 10
220.0822158333333
 20
49.8389275
 30
0.0
  0
SPLINE
  5
13F
330
1F
100
AcDbEntity
  8
DEFAULT
 62
    18
100
AcDbSpline
210
0.0
220
0.0
230
1.0
 70
     8
 71
     3
 72
    17
 73
    13
 74
     0
 42
0.000000001
 43
0.0000000001
 40
0.0
 40
0.0
 40
0.0
 40
0.0
 40
1.0
 40
1.0
 40
1.0
 40
2.0
 40
2.0
 40
2.0
 40
3.0
 40
3.0
 40
3.0
 40
4.0
 40
4.0
 40
4.0
 40
4.0
 10
229.35565
 20
50.90791472222222
 30
0.0
 10
229.3916333333333
 20
50.83877027777778
 30
0.0
 10
229.4399638888889
 20
50.6860175
 30
0.0
 10
229.4399638888889
 20
50.49128416666666
 30
0.0
 10
229.4406694444444
 20
50.05348694444444
 30
0.0
 10
229.1439833333333
 20
49.76808972222222
 30
0.0
 10
228.7001888888889
 20
49.76773694444444
 30
0.0
 10
228.2535722222222
 20
49.76703138888888
 30
0.0
 10
227.9293694444444
 20
50.07288972222222
 30
0.0
 10
227.9286638888889
 20
50.54631749999999
 30
0.0
 10
227.9286638888889
 20
50.70224527777778
 30
0.0
 10
227.9674694444445
 20
50.84053416666666
 30
0.0
 10
228.0034527777778
 20
50.91250083333333
 30
0.0
  0
SPLINE
  5
140
330
1F
100
AcDbEntity
  8
DEFAULT
 62
     1
100
AcDbSpline
210
0.0
220
0.0
230
1.0
 70
    11
 71
     3
 72
    71
 73
    67
 74
     0
 42
0.000000001
 43
0.0000000001
 40
1.0
 40
1.0
 40
1.0
 40
1.0
 40
2.0
 40
2.0
 40
2.0
 40
3.0
 40
3.0
 40
3.0
 40
4.0
 40
4.0
 40
4.0
 40
5.0
 40
5.0
 40
5.0
 40
25.40200245074002
 40
25.40200245074002
 40
25.40200245074002
 40
33.90200833309093
 40
33.90200833309093
 40
33.90200833309093
 40
54.30401078383095
 40
54.30401078383095
 40
54.30401078383095
 40
55.30401078383095
 40
55.30401078383095
 40
55.30401078383095
 40
56.30401078383095
 40
56.30401078383095
 40
56.30401078383095
 40
57.30401078383095
 40
57.30401078383095
 40
57.30401078383095
 40
58.30401078383095
 40
58.30401078383095
 40
58.30401078383095
 40
59.30401078383095
 40
59.30401078383095
 40
59.30401078383095
 40
60.30401078383095
 40
60.30401078383095
 40
60.30401078383095
 40
61.30401078383095
 40
61.30401078383095
 40
61.30401078383095
 40
62.30401078383095
 40
62.30401078383095
 40
62.30401078383095
 40
82.68401323721648
 40
82.68401323721648
 40
82.68401323721648
 40
91.18401800192102
 40
91.18401800192102
 40
91.18401800192102
 40
111.5650204551862
 40
111.5650204551862
 40
111.5650204551862
 40
112.5650204551862
 40
112.5650204551862
 40
112.5650204551862
 40
113.5650204551862
 40
113.5650204551862
 40
113.5650204551862
 40
114.5650204551862
 40
114.5650204551862
 40
114.5650204551862
 40
115.5650204551862
 40
115.5650204551862
 40
115.5650204551862
 40
115.5650204551862
 10
236.1739977777778
 20
44.43737055555555
 30
0.0
 10
233.8068588888889
 20
45.5556761111111
 30
0.0
 10
226.74072
 20
46.33531499999999
 30
0.0
 10
221.4173033333333
 20
45.96137055555555
 30
0.0
 10
216.1185811111111
 20
45.59095388888889
 30
0.0
 10
206.80172
 20
45.87317611111111
 30
0.0
 10
206.6994144444444
 20
48.82592611111111
 30
0.0
 10
206.6994144444444
 20
48.85414833333333
 30
0.0
 10
207.4825811111111
 20
48.875315
 30
0.0
 10
208.4491922222222
 20
48.87884277777778
 30
0.0
 10
209.4158033333333
 20
48.87884277777778
 30
0.0
 10
209.9273311111111
 20
48.82945388888889
 30
0.0
 10
210.19897
 20
48.82945388888889
 30
0.0
 10
212.5980940740741
 20
48.83062981481481
 30
0.0
 10
214.9972181481481
 20
48.83180574074074
 30
0.0
 10
217.3963422222222
 20
48.83298166666667
 30
0.0
 10
217.3951662962963
 20
49.83251870370371
 30
0.0
 10
217.3939903703704
 20
50.83205574074074
 30
0.0
 10
217.3928144444444
 20
51.83159277777778
 30
0.0
 10
214.9936903703704
 20
51.83041685185185
 30
0.0
 10
212.5945662962963
 20
51.82924092592592
 30
0.0
 10
210.1954422222222
 20
51.828065
 30
0.0
 10
209.9238033333333
 20
51.828065
 30
0.0
 10
209.4122755555555
 20
51.77867611111111
 30
0.0
 10
208.4456644444444
 20
51.77867611111111
 30
0.0
 10
207.4790533333333
 20
51.77514833333333
 30
0.0
 10
206.6958866666666
 20
51.79984277777778
 30
0.0
 10
206.6958866666666
 20
51.82453722222222
 30
0.0
 10
206.6923588888889
 20
54.82314833333333
 30
0.0
 10
216.0868311111111
 20
55.11242611111111
 30
0.0
 10
221.4137755555555
 20
54.73848166666666
 30
0.0
 10
226.7371922222222
 20
54.36453722222222
 30
0.0
 10
233.8033311111111
 20
55.14417611111111
 30
0.0
 10
236.17047
 20
56.26600944444444
 30
0.0
 10
238.5376088888889
 20
57.38431499999999
 30
0.0
 10
236.3891922222222
 20
54.61853722222222
 30
0.0
 10
239.9839977777777
 20
54.91134277777778
 30
0.0
 10
242.1747477777778
 20
55.08773166666666
 30
0.0
 10
242.10772
 20
55.0489261111111
 30
0.0
 10
242.0794977777778
 20
51.84923166666666
 30
0.0
 10
242.0794977777778
 20
51.82100944444444
 30
0.0
 10
241.2963311111111
 20
51.79984277777778
 30
0.0
 10
240.32972
 20
51.796315
 30
0.0
 10
239.3631088888889
 20
51.796315
 30
0.0
 10
238.8515811111111
 20
51.84570388888888
 30
0.0
 10
238.5799422222222
 20
51.84570388888888
 30
0.0
 10
236.1834051851852
 20
51.84452796296296
 30
0.0
 10
233.7868681481482
 20
51.84335203703703
 30
0.0
 10
231.3903311111111
 20
51.84217611111111
 30
0.0
 10
231.3913894444445
 20
50.84263907407407
 30
0.0
 10
231.3924477777778
 20
49.84310203703703
 30
0.0
 10
231.3935061111111
 20
48.843565
 30
0.0
 10
233.7901607407407
 20
48.84474092592592
 30
0.0
 10
236.1868153703704
 20
48.84591685185185
 30
0.0
 10
238.58347
 20
48.84709277777777
 30
0.0
 10
238.8551088888889
 20
48.84709277777777
 30
0.0
 10
239.3666366666666
 20
48.89648166666666
 30
0.0
 10
240.3332477777778
 20
48.89648166666666
 30
0.0
 10
241.2998588888888
 20
48.90000944444444
 30
0.0
 10
242.0830255555555
 20
48.875315
 30
0.0
 10
242.0830255555555
 20
48.85062055555555
 30
0.0
 10
242.1112477777778
 20
45.65092611111111
 30
0.0
 10
242.1782755555555
 20
45.61212055555556
 30
0.0
 10
239.9875255555555
 20
45.78850944444444
 30
0.0
 10
236.39272
 20
46.081315
 30
0.0
 10
238.5411366666667
 20
43.31553722222222
 30
0.0
 10
236.1739977777778
 20
44.43737055555555
 30
0.0
  0
SPLINE
  5
141
330
1F
100
AcDbEntity
  8
DEFAULT
 62
    18
100
AcDbSpline
210
0.0
220
0.0
230
1.0
 70
     8
 71
     3
 72
    20
 73
    16
 74
     0
 42
0.000000001
 43
0.0000000001
 40
0.0
 40
0.0
 40
0.0
 40
0.0
 40
1.002999999999997
 40
1.002999999999997
 40
1.002999999999997
 40
2.005999999999994
 40
2.005999999999994
 40
2.005999999999994
 40
3.008999999999992
 40
3.008999999999992
 40
3.008999999999992
 40
4.011999999999989
 40
4.011999999999989
 40
4.011999999999989
 40
5.014999999999986
 40
5.014999999999986
 40
5.014999999999986
 40
5.014999999999986
 10
183.519445
 20
49.8389275
 30
0.0
 10
183.519445
 20
49.8389275
 30
0.0
 10
181.6885283333333
 20
49.84492472222222
 30
0.0
 10
181.5897505555555
 20
49.8389275
 30
0.0
 10
181.4267672222222
 20
49.93453027777777
 30
0.0
 10
181.3576227777777
 20
50.06188305555555
 30
0.0
 10
181.3576227777777
 20
50.24779694444444
 30
0.0
 10
181.3576227777777
 20
50.53460527777778
 30
0.0
 10
181.5770505555555
 20
50.82423583333333
 30
0.0
 10
182.0180227777778
 20
50.82423583333333
 30
0.0
 10
182.3926727777778
 20
50.82670527777778
 30
0.0
 10
182.6473783333333
 20
50.60128027777778
 30
0.0
 10
182.6473783333333
 20
50.28236916666666
 30
0.0
 10
182.6473783333333
 20
50.07528861111111
 30
0.0
 10
182.5584783333333
 20
49.92641638888888
 30
0.0
 10
182.4205422222222
 20
49.8389275
 30
0.0
  0
SPLINE
  5
142
330
1F
100
AcDbEntity
  8
DEFAULT
 62
    18
100
AcDbSpline
210
0.0
220
0.0
230
1.0
 70
     8
 71
     3
 72
    17
 73
    13
 74
     0
 42
0.000000001
 43
0.0000000001
 40
0.0
 40
0.0
 40
0.0
 40
0.0
 40
1.0
 40
1.0
 40
1.0
 40
2.0
 40
2.0
 40
2.0
 40
3.0
 40
3.0
 40
3.0
 40
4.0
 40
4.0
 40
4.0
 40
4.0
 10
191.6939763888889
 20
50.90791472222222
 30
0.0
 10
191.7299597222222
 20
50.83877027777778
 30
0.0
 10
191.7782902777778
 20
50.6860175
 30
0.0
 10
191.7782902777778
 20
50.49128416666666
 30
0.0
 10
191.7789958333333
 20
50.05348694444444
 30
0.0
 10
191.4823097222222
 20
49.76808972222222
 30
0.0
 10
191.0385152777778
 20
49.76773694444444
 30
0.0
 10
190.5918986111111
 20
49.76703138888888
 30
0.0
 10
190.2676958333333
 20
50.07288972222222
 30
0.0
 10
190.2669902777778
 20
50.54631749999999
 30
0.0
 10
190.2669902777778
 20
50.70224527777778
 30
0.0
 10
190.3057958333333
 20
50.84053416666666
 30
0.0
 10
190.3417791666667
 20
50.91250083333333
 30
0.0
  0
SPLINE
  5
143
330
1F
100
AcDbEntity
  8
DEFAULT
 62
     1
100
AcDbSpline
210
0.0
220
0.0
230
1.0
 70
    11
 71
     3
 72
    71
 73
    67
 74
     0
 42
0.000000001
 43
0.0000000001
 40
1.0
 40
1.0
 40
1.0
 40
1.0
 40
2.0
 40
2.0
 40
2.0
 40
3.0
 40
3.0
 40
3.0
 40
4.0
 40
4.0
 40
4.0
 40
5.0
 40
5.0
 40
5.0
 40
25.40200245073996
 40
25.40200245073996
 40
25.40200245073996
 40
33.90200833309087
 40
33.90200833309087
 40
33.90200833309087
 40
54.30401078383083
 40
54.30401078383083
 40
54.30401078383083
 40
55.30401078383083
 40
55.30401078383083
 40
55.30401078383083
 40
56.30401078383083
 40
56.30401078383083
 40
56.30401078383083
 40
57.30401078383083
 40
57.30401078383083
 40
57.30401078383083
 40
58.30401078383083
 40
58.30401078383083
 40
58.30401078383083
 40
59.30401078383083
 40
59.30401078383083
 40
59.30401078383083
 40
60.30401078383083
 40
60.30401078383083
 40
60.30401078383083
 40
61.30401078383083
 40
61.30401078383083
 40
61.30401078383083
 40
62.30401078383083
 40
62.30401078383083
 40
62.30401078383083
 40
82.68401323721636
 40
82.68401323721636
 40
82.68401323721636
 40
91.1840180019209
 40
91.1840180019209
 40
91.1840180019209
 40
111.5650204551861
 40
111.5650204551861
 40
111.5650204551861
 40
112.5650204551861
 40
112.5650204551861
 40
112.5650204551861
 40
113.5650204551861
 40
113.5650204551861
 40
113.5650204551861
 40
114.5650204551861
 40
114.5650204551861
 40
114.5650204551861
 40
115.5650204551861
 40
115.5650204551861
 40
115.5650204551861
 40
115.5650204551861
 10
198.5123241666666
 20
44.43737055555555
 30
0.0
 10
196.1451852777777
 20
45.5556761111111
 30
0.0
 10
189.0790463888889
 20
46.33531499999999
 30
0.0
 10
183.7556297222222
 20
45.96137055555555
 30
0.0
 10
178.4569075
 20
45.59095388888889
 30
0.0
 10
169.1400463888889
 20
45.87317611111111
 30
0.0
 10
169.0377408333333
 20
48.82592611111111
 30
0.0
 10
169.0377408333333
 20
48.85414833333333
 30
0.0
 10
169.8209075
 20
48.875315
 30
0.0
 10
170.7875186111111
 20
48.87884277777778
 30
0.0
 10
171.7541297222222
 20
48.87884277777778
 30
0.0
 10
172.2656575
 20
48.82945388888889
 30
0.0
 10
172.5372963888889
 20
48.82945388888889
 30
0.0
 10
174.936420462963
 20
48.83062981481481
 30
0.0
 10
177.335544537037
 20
48.83180574074074
 30
0.0
 10
179.7346686111111
 20
48.83298166666667
 30
0.0
 10
179.7334926851852
 20
49.83251870370371
 30
0.0
 10
179.7323167592592
 20
50.83205574074074
 30
0.0
 10
179.7311408333333
 20
51.83159277777778
 30
0.0
 10
177.3320167592592
 20
51.83041685185185
 30
0.0
 10
174.9328926851852
 20
51.82924092592592
 30
0.0
 10
172.5337686111111
 20
51.828065
 30
0.0
 10
172.2621297222222
 20
51.828065
 30
0.0
 10
171.7506019444444
 20
51.77867611111111
 30
0.0
 10
170.7839908333333
 20
51.77867611111111
 30
0.0
 10
169.8173797222222
 20
51.77514833333333
 30
0.0
 10
169.0342130555555
 20
51.79984277777778
 30
0.0
 10
169.0342130555555
 20
51.82453722222222
 30
0.0
 10
169.0306852777778
 20
54.82314833333333
 30
0.0
 10
178.4251575
 20
55.11242611111111
 30
0.0
 10
183.7521019444444
 20
54.73848166666666
 30
0.0
 10
189.0755186111111
 20
54.36453722222222
 30
0.0
 10
196.1416575
 20
55.14417611111111
 30
0.0
 10
198.5087963888889
 20
56.26600944444444
 30
0.0
 10
200.8759352777778
 20
57.38431499999999
 30
0.0
 10
198.7275186111111
 20
54.61853722222222
 30
0.0
 10
202.3223241666666
 20
54.91134277777778
 30
0.0
 10
204.5130741666666
 20
55.08773166666666
 30
0.0
 10
204.4460463888889
 20
55.0489261111111
 30
0.0
 10
204.4178241666666
 20
51.84923166666666
 30
0.0
 10
204.4178241666666
 20
51.82100944444444
 30
0.0
 10
203.6346575
 20
51.79984277777778
 30
0.0
 10
202.6680463888889
 20
51.796315
 30
0.0
 10
201.7014352777777
 20
51.796315
 30
0.0
 10
201.1899075
 20
51.84570388888888
 30
0.0
 10
200.9182686111111
 20
51.84570388888888
 30
0.0
 10
198.5217315740741
 20
51.84452796296296
 30
0.0
 10
196.125194537037
 20
51.84335203703703
 30
0.0
 10
193.7286575
 20
51.84217611111111
 30
0.0
 10
193.7297158333333
 20
50.84263907407407
 30
0.0
 10
193.7307741666666
 20
49.84310203703703
 30
0.0
 10
193.7318325
 20
48.843565
 30
0.0
 10
196.1284871296296
 20
48.84474092592592
 30
0.0
 10
198.5251417592592
 20
48.84591685185185
 30
0.0
 10
200.9217963888889
 20
48.84709277777777
 30
0.0
 10
201.1934352777778
 20
48.84709277777777
 30
0.0
 10
201.7049630555555
 20
48.89648166666666
 30
0.0
 10
202.6715741666666
 20
48.89648166666666
 30
0.0
 10
203.6381852777778
 20
48.90000944444444
 30
0.0
 10
204.4213519444444
 20
48.875315
 30
0.0
 10
204.4213519444444
 20
48.85062055555555
 30
0.0
 10
204.4495741666667
 20
45.65092611111111
 30
0.0
 10
204.5166019444444
 20
45.61212055555556
 30
0.0
 10
202.3258519444444
 20
45.78850944444444
 30
0.0
 10
198.7310463888889
 20
46.081315
 30
0.0
 10
200.8794630555555
 20
43.31553722222222
 30
0.0
 10
198.5123241666666
 20
44.43737055555555
 30
0.0
  0
POLYLINE
  5
144
330
1F
100
AcDbEntity
  8
DEFAULT
 62
    18
100
AcDb2dPolyline
 66
     1
 10
0.0
 20
0.0
 30
0.0
  0
VERTEX
  5
145
330
144
100
AcDbEntity
  8
DEFAULT
 62
    18
100
AcDbVertex
100
AcDb2dVertex
 10
200.1276936111111
 20
210.0135147222222
 30
0.0
  0
VERTEX
  5
146
330
144
100
AcDbEntity
  8
DEFAULT
 62
    18
100
AcDbVertex
100
AcDb2dVertex
 10
198.8153602777778
 20
209.2568063888889
 30
0.0
  0
VERTEX
  5
147
330
144
100
AcDbEntity
  8
DEFAULT
 62
    18
100
AcDbVertex
100
AcDb2dVertex
 10
199.1766047222222
 20
211.6627508333333
 30
0.0
  0
VERTEX
  5
148
330
144
100
AcDbEntity
  8
DEFAULT
 62
    18
100
AcDbVertex
100
AcDb2dVertex
 10
197.8501602777778
 20
210.8979286111111
 30
0.0
  0
SEQEND
  5
149
330
144
100
AcDbEntity
  8
DEFAULT
 62
    18
  0
POLYLINE
  5
14A
330
1F
100
AcDbEntity
  8
DEFAULT
 62
    18
100
AcDb2dPolyline
 66
     1
 10
0.0
 20
0.0
 30
0.0
  0
VERTEX
  5
14B
330
14A
100
AcDbEntity
  8
DEFAULT
 62
    18
100
AcDbVertex
100
AcDb2dVertex
 10
211.2021641666666
 20
209.2486219444444
 30
0.0
  0
VERTEX
  5
14C
330
14A
100
AcDbEntity
  8
DEFAULT
 62
    18
100
AcDbVertex
100
AcDb2dVertex
 10
209.8898308333333
 20
210.0053302777778
 30
0.0
  0
VERTEX
  5
14D
330
14A
100
AcDbEntity
  8
DEFAULT
 62
    18
100
AcDbVertex
100
AcDb2dVertex
 10
212.1532530555556
 20
210.8982108333333
 30
0.0
  0
VERTEX
  5
14E
330
14A
100
AcDbEntity
  8
DEFAULT
 62
    18
100
AcDbVertex
100
AcDb2dVertex
 10
210.8268086111111
 20
211.6630330555556
 30
0.0
  0
SEQEND
  5
14F
330
14A
100
AcDbEntity
  8
DEFAULT
 62
    18
  0
SPLINE
  5
150
330
1F
100
AcDbEntity
  8
DEFAULT
 62
    18
100
AcDbSpline
210
0.0
220
0.0
230
1.0
 70
    11
 71
     3
 72
    26
 73
    22
 74
     0
 42
0.000000001
 43
0.0000000001
 40
0.0
 40
0.0
 40
0.0
 40
0.0
 40
1.0
 40
1.0
 40
1.0
 40
2.0
 40
2.0
 40
2.0
 40
3.0
 40
3.0
 40
3.0
 40
4.0
 40
4.0
 40
4.0
 40
5.0
 40
5.0
 40
5.0
 40
6.0
 40
6.0
 40
6.0
 40
11.63499999999999
 40
11.63499999999999
 40
11.63499999999999
 40
11.63499999999999
 10
204.1702447222222
 20
217.1480572222222
 30
0.0
 10
204.3289947222222
 20
217.1720461111111
 30
0.0
 10
204.5180836111111
 20
217.1900377777777
 30
0.0
 10
204.7248113888889
 20
217.1900377777777
 30
0.0
 10
205.0998141666666
 20
217.1900377777777
 30
0.0
 10
205.3665141666667
 20
217.1029016666666
 30
0.0
 10
205.5436086111111
 20
216.9381544444444
 30
0.0
 10
205.7231725
 20
216.7734072222222
 30
0.0
 10
205.8283002777778
 20
216.5395155555555
 30
0.0
 10
205.8283002777778
 20
216.2124905555555
 30
0.0
 10
205.8283002777778
 20
215.8829961111111
 30
0.0
 10
205.7263475
 20
215.6127683333333
 30
0.0
 10
205.5372586111111
 20
215.4272072222222
 30
0.0
 10
205.3485225
 20
215.2381183333333
 30
0.0
 10
205.0366669444444
 20
215.1361655555555
 30
0.0
 10
204.6440252777778
 20
215.1361655555555
 30
0.0
 10
204.4581113888889
 20
215.1361655555555
 30
0.0
 10
204.3021836111111
 20
215.1453377777777
 30
0.0
 10
204.1702447222222
 20
215.1601544444444
 30
0.0
 10
204.1702447222222
 20
215.8227887037037
 30
0.0
 10
204.1702447222222
 20
216.4854229629629
 30
0.0
 10
204.1702447222222
 20
217.1480572222222
 30
0.0
  0
SPLINE
  5
151
330
1F
100
AcDbEntity
  8
DEFAULT
 62
     1
100
AcDbSpline
210
0.0
220
0.0
230
1.0
 70
    11
 71
     3
 72
    86
 73
    82
 74
     0
 42
0.000000001
 43
0.0000000001
 40
1.0
 40
1.0
 40
1.0
 40
1.0
 40
2.0
 40
2.0
 40
2.0
 40
3.0
 40
3.0
 40
3.0
 40
12.92416243317277
 40
12.92416243317277
 40
12.92416243317277
 40
21.43177079275304
 40
21.43177079275304
 40
21.43177079275304
 40
31.35593322592582
 40
31.35593322592582
 40
31.35593322592582
 40
32.35593322592582
 40
32.35593322592582
 40
32.35593322592582
 40
33.35593322592582
 40
33.35593322592582
 40
33.35593322592582
 40
34.35593322592582
 40
34.35593322592582
 40
34.35593322592582
 40
35.35593322592582
 40
35.35593322592582
 40
35.35593322592582
 40
36.35593322592582
 40
36.35593322592582
 40
36.35593322592582
 40
37.35593322592582
 40
37.35593322592582
 40
37.35593322592582
 40
47.28009565909865
 40
47.28009565909865
 40
47.28009565909865
 40
55.78770401867892
 40
55.78770401867892
 40
55.78770401867892
 40
65.70686224909338
 40
65.70686224909338
 40
65.70686224909338
 40
66.70686224909338
 40
66.70686224909338
 40
66.70686224909338
 40
67.70686224909338
 40
67.70686224909338
 40
67.70686224909338
 40
68.70686224909338
 40
68.70686224909338
 40
68.70686224909338
 40
69.70686224909338
 40
69.70686224909338
 40
69.70686224909338
 40
70.70686224909338
 40
70.70686224909338
 40
70.70686224909338
 40
71.70686224909338
 40
71.70686224909338
 40
71.70686224909338
 40
81.62686224909334
 40
81.62686224909334
 40
81.62686224909334
 40
90.12686224909334
 40
90.12686224909334
 40
90.12686224909334
 40
100.0468622490933
 40
100.0468622490933
 40
100.0468622490933
 40
101.0468622490933
 40
101.0468622490933
 40
101.0468622490933
 40
102.0468622490933
 40
102.0468622490933
 40
102.0468622490933
 40
103.0468622490933
 40
103.0468622490933
 40
103.0468622490933
 40
104.0468622490933
 40
104.0468622490933
 40
104.0468622490933
 40
104.0468622490933
 10
192.6668669444444
 20
218.4023586111111
 30
0.0
 10
192.7021447222222
 20
218.4023586111111
 30
0.0
 10
193.1078391666667
 20
217.7391363888889
 30
0.0
 10
193.5876169444444
 20
216.9136363888888
 30
0.0
 10
194.0709225
 20
216.0810808333333
 30
0.0
 10
194.2825891666667
 20
215.6083586111111
 30
0.0
 10
194.4166447222222
 20
215.3719975
 30
0.0
 10
195.0010799074074
 20
214.3618771296296
 30
0.0
 10
195.5855150925926
 20
213.3517567592592
 30
0.0
 10
196.1699502777777
 20
212.3416363888889
 30
0.0
 10
197.0366076851851
 20
212.8414049074074
 30
0.0
 10
197.9032650925925
 20
213.3411734259259
 30
0.0
 10
198.7699225
 20
213.8409419444444
 30
0.0
 10
198.1854873148148
 20
214.8510623148148
 30
0.0
 10
197.6010521296296
 20
215.8611826851851
 30
0.0
 10
197.0166169444444
 20
216.8713030555555
 30
0.0
 10
196.8825613888889
 20
217.1076641666667
 30
0.0
 10
196.5791725
 20
217.5274697222222
 30
0.0
 10
196.0993947222222
 20
218.3600252777778
 30
0.0
 10
195.6160891666667
 20
219.1996363888889
 30
0.0
 10
195.2421447222222
 20
219.8910808333333
 30
0.0
 10
195.2668391666666
 20
219.9016641666666
 30
0.0
 10
197.8668113888889
 20
221.4044975
 30
0.0
 10
200.2551169444444
 20
220.5013863888889
 30
0.0
 10
204.9999780555555
 20
220.5013863888889
 30
0.0
 10
209.7448391666666
 20
220.5013863888889
 30
0.0
 10
212.1366725
 20
221.4044975
 30
0.0
 10
214.7331169444444
 20
219.9016641666666
 30
0.0
 10
214.7578113888889
 20
219.8910808333333
 30
0.0
 10
214.3873947222222
 20
219.1996363888889
 30
0.0
 10
213.9005613888889
 20
218.3600252777778
 30
0.0
 10
213.4207836111111
 20
217.5274697222222
 30
0.0
 10
213.1209225
 20
217.1076641666667
 30
0.0
 10
212.9868669444444
 20
216.8713030555555
 30
0.0
 10
212.4024317592592
 20
215.8611826851851
 30
0.0
 10
211.817996574074
 20
214.8510623148148
 30
0.0
 10
211.2335613888889
 20
213.8409419444444
 30
0.0
 10
212.1002187962963
 20
213.3411734259259
 30
0.0
 10
212.9668762037037
 20
212.8414049074074
 30
0.0
 10
213.8335336111111
 20
212.3416363888889
 30
0.0
 10
214.4167928703704
 20
213.3517567592592
 30
0.0
 10
215.0000521296296
 20
214.3618771296296
 30
0.0
 10
215.5833113888889
 20
215.3719975
 30
0.0
 10
215.7173669444444
 20
215.6083586111111
 30
0.0
 10
215.9290336111111
 20
216.0810808333333
 30
0.0
 10
216.4123391666666
 20
216.9136363888888
 30
0.0
 10
216.8921169444444
 20
217.7391363888889
 30
0.0
 10
217.2978113888888
 20
218.4023586111111
 30
0.0
 10
217.3330891666666
 20
218.4023586111111
 30
0.0
 10
220.8502836111111
 20
216.3915252777777
 30
0.0
 10
220.1905891666666
 20
217.0300530555555
 30
0.0
 10
218.5748669444444
 20
212.6168030555556
 30
0.0
 10
215.6080058333333
 20
204.5134975
 30
0.0
 10
218.3455613888889
 20
206.1221641666667
 30
0.0
 10
206.4992836111111
 20
206.1221641666667
 30
0.0
 10
206.4710613888889
 20
206.1221641666667
 30
0.0
 10
206.4498947222222
 20
206.9053308333333
 30
0.0
 10
206.4498947222222
 20
207.8719419444444
 30
0.0
 10
206.4498947222222
 20
208.8385530555555
 30
0.0
 10
206.4992836111111
 20
209.3500808333333
 30
0.0
 10
206.4992836111111
 20
209.6217197222222
 30
0.0
 10
206.4992836111111
 20
210.7882382407407
 30
0.0
 10
206.4992836111111
 20
211.9547567592592
 30
0.0
 10
206.4992836111111
 20
213.1212752777778
 30
0.0
 10
205.4997465740741
 20
213.1212752777778
 30
0.0
 10
204.500209537037
 20
213.1212752777778
 30
0.0
 10
203.5006725
 20
213.1212752777778
 30
0.0
 10
203.5006725
 20
211.9547567592592
 30
0.0
 10
203.5006725
 20
210.7882382407407
 30
0.0
 10
203.5006725
 20
209.6217197222222
 30
0.0
 10
203.5006725
 20
209.3500808333333
 30
0.0
 10
203.5500613888889
 20
208.8385530555555
 30
0.0
 10
203.5500613888889
 20
207.8719419444444
 30
0.0
 10
203.5500613888889
 20
206.9053308333333
 30
0.0
 10
203.5253669444444
 20
206.1221641666667
 30
0.0
 10
203.5006725
 20
206.1221641666667
 30
0.0
 10
191.6543947222222
 20
206.1221641666667
 30
0.0
 10
194.3919502777777
 20
204.5134975
 30
0.0
 10
191.4250891666667
 20
212.6168030555556
 30
0.0
 10
189.8093669444444
 20
217.0300530555555
 30
0.0
 10
189.1496725
 20
216.3915252777777
 30
0.0
 10
192.6668669444444
 20
218.4023586111111
 30
0.0
  0
SPLINE
  5
152
330
1F
100
AcDbEntity
  8
DEFAULT
 62
    18
100
AcDbSpline
210
0.0
220
0.0
230
1.0
 70
     8
 71
     3
 72
    11
 73
     7
 74
     0
 42
0.000000001
 43
0.0000000001
 40
0.0
 40
0.0
 40
0.0
 40
0.0
 40
1.01999999999997
 40
1.01999999999997
 40
1.01999999999997
 40
2.01999999999997
 40
2.01999999999997
 40
2.01999999999997
 40
2.01999999999997
 10
236.2376036111111
 20
86.6267
 30
0.0
 10
236.2376036111111
 20
86.6267
 30
0.0
 10
236.7170286111111
 20
88.28475555555555
 30
0.0
 10
236.8059286111111
 20
88.53452222222221
 30
0.0
 10
236.6069619444444
 20
88.36624722222223
 30
0.0
 10
235.1729202777777
 20
87.37211944444444
 30
0.0
 10
235.1729202777777
 20
87.37211944444444
 30
0.0
  0
SPLINE
  5
153
330
1F
100
AcDbEntity
  8
DEFAULT
 62
    18
100
AcDbSpline
210
0.0
220
0.0
230
1.0
 70
     8
 71
     3
 72
    20
 73
    16
 74
     0
 42
0.000000001
 43
0.0000000001
 40
0.0
 40
0.0
 40
0.0
 40
0.0
 40
5.651999999999987
 40
5.651999999999987
 40
5.651999999999987
 40
6.651999999999987
 40
6.651999999999987
 40
6.651999999999987
 40
7.651999999999987
 40
7.651999999999987
 40
7.651999999999987
 40
8.651999999999987
 40
8.651999999999987
 40
8.651999999999987
 40
9.651999999999987
 40
9.651999999999987
 40
9.651999999999987
 40
9.651999999999987
 10
248.9034547222222
 20
91.91092305555554
 30
0.0
 10
248.9034547222222
 20
92.57555638888887
 30
0.0
 10
248.9034547222222
 20
93.24018972222221
 30
0.0
 10
248.9034547222222
 20
93.90482305555554
 30
0.0
 10
249.0353936111111
 20
93.93163416666665
 30
0.0
 10
249.2241297222222
 20
93.94680361111111
 30
0.0
 10
249.4040463888888
 20
93.94680361111111
 30
0.0
 10
249.6827408333333
 20
93.94680361111111
 30
0.0
 10
249.8630102777778
 20
93.89565083333332
 30
0.0
 10
249.9889519444444
 20
93.7817036111111
 30
0.0
 10
250.0909047222222
 20
93.69174527777777
 30
0.0
 10
250.1477019444444
 20
93.55416194444444
 30
0.0
 10
250.1477019444444
 20
93.39788138888886
 30
0.0
 10
250.1477019444444
 20
93.13118138888888
 30
0.0
 10
249.9621408333333
 20
92.83837583333333
 30
0.0
 10
249.5843158333333
 20
92.83837583333333
 30
0.0
  0
SPLINE
  5
154
330
1F
100
AcDbEntity
  8
DEFAULT
 62
    18
100
AcDbSpline
210
0.0
220
0.0
230
1.0
 70
     8
 71
     3
 72
    14
 73
    10
 74
     0
 42
0.000000001
 43
0.0000000001
 40
0.0
 40
0.0
 40
0.0
 40
0.0
 40
1.0
 40
1.0
 40
1.0
 40
2.0
 40
2.0
 40
2.0
 40
3.658000000000015
 40
3.658000000000015
 40
3.658000000000015
 40
3.658000000000015
 10
250.1987136111111
 20
91.91092305555554
 30
0.0
 10
250.1553219444444
 20
91.96807305555554
 30
0.0
 10
250.0992302777777
 20
92.14269805555554
 30
0.0
 10
250.0209136111111
 20
92.39352305555555
 30
0.0
 10
249.9122580555555
 20
92.74100916666666
 30
0.0
 10
249.8000747222222
 20
92.8355536111111
 30
0.0
 10
249.4882191666666
 20
92.84472583333331
 30
0.0
 10
249.2932506481481
 20
92.84472583333331
 30
0.0
 10
249.0982821296296
 20
92.84472583333331
 30
0.0
 10
248.9033136111111
 20
92.84472583333331
 30
0.0
  0
SPLINE
  5
155
330
1F
100
AcDbEntity
  8
DEFAULT
 62
     1
100
AcDbSpline
210
0.0
220
0.0
230
1.0
 70
    11
 71
     3
 72
   110
 73
   106
 74
     0
 42
0.000000001
 43
0.0000000001
 40
1.0
 40
1.0
 40
1.0
 40
1.0
 40
2.0
 40
2.0
 40
2.0
 40
3.0
 40
3.0
 40
3.0
 40
4.0
 40
4.0
 40
4.0
 40
5.0
 40
5.0
 40
5.0
 40
6.0
 40
6.0
 40
6.0
 40
7.0
 40
7.0
 40
7.0
 40
8.0
 40
8.0
 40
8.0
 40
9.0
 40
9.0
 40
9.0
 40
10.0
 40
10.0
 40
10.0
 40
11.0
 40
11.0
 40
11.0
 40
12.0
 40
12.0
 40
12.0
 40
13.0
 40
13.0
 40
13.0
 40
21.49900000000002
 40
21.49900000000002
 40
21.49900000000002
 40
22.49900000000002
 40
22.49900000000002
 40
22.49900000000002
 40
23.49900000000002
 40
23.49900000000002
 40
23.49900000000002
 40
24.49900000000002
 40
24.49900000000002
 40
24.49900000000002
 40
25.49900000000002
 40
25.49900000000002
 40
25.49900000000002
 40
26.49900000000002
 40
26.49900000000002
 40
26.49900000000002
 40
27.49900000000002
 40
27.49900000000002
 40
27.49900000000002
 40
28.49900000000002
 40
28.49900000000002
 40
28.49900000000002
 40
29.49900000000002
 40
29.49900000000002
 40
29.49900000000002
 40
30.49900000000002
 40
30.49900000000002
 40
30.49900000000002
 40
31.49900000000002
 40
31.49900000000002
 40
31.49900000000002
 40
32.49900000000002
 40
32.49900000000002
 40
32.49900000000002
 40
33.49900000000002
 40
33.49900000000002
 40
33.49900000000002
 40
34.49900000000002
 40
34.49900000000002
 40
34.49900000000002
 40
35.49900000000002
 40
35.49900000000002
 40
35.49900000000002
 40
36.49900000000002
 40
36.49900000000002
 40
36.49900000000002
 40
37.49900000000002
 40
37.49900000000002
 40
37.49900000000002
 40
47.41826030508329
 40
47.41826030508329
 40
47.41826030508329
 40
55.91820112840669
 40
55.91820112840669
 40
55.91820112840669
 40
65.83885418150761
 40
65.83885418150761
 40
65.83885418150761
 40
66.83885418150761
 40
66.83885418150761
 40
66.83885418150761
 40
67.83885418150761
 40
67.83885418150761
 40
67.83885418150761
 40
68.83885418150761
 40
68.83885418150761
 40
68.83885418150761
 40
68.83885418150761
 10
234.9306325
 20
93.73919388888888
 30
0.0
 10
233.2690491666666
 20
89.65684944444443
 30
0.0
 10
230.7294019444444
 20
88.67506888888889
 30
0.0
 10
232.2407019444444
 20
85.90682166666666
 30
0.0
 10
235.4696769444444
 20
79.98897444444444
 30
0.0
 10
244.7981797222222
 20
86.58803555555554
 30
0.0
 10
244.2707769444444
 20
82.61963833333333
 30
0.0
 10
243.6812852777778
 20
78.20568277777778
 30
0.0
 10
243.6354241666666
 20
74.2570411111111
 30
0.0
 10
243.8051102777777
 20
69.61307444444444
 30
0.0
 10
243.9247019444444
 20
66.23593277777778
 30
0.0
 10
246.0099713888889
 20
64.21839666666666
 30
0.0
 10
246.3733325
 20
65.12327166666667
 30
0.0
 10
246.9765825
 20
66.62398833333333
 30
0.0
 10
245.6212102777777
 20
72.88614666666666
 30
0.0
 10
248.0458519444445
 20
72.887205
 30
0.0
 10
248.0744269444444
 20
72.887205
 30
0.0
 10
248.0945352777777
 20
73.67001888888888
 30
0.0
 10
248.0941825
 20
74.63557166666666
 30
0.0
 10
248.0952408333333
 20
75.60429944444444
 30
0.0
 10
248.0469102777778
 20
76.11300499999999
 30
0.0
 10
248.0458519444445
 20
76.38640777777778
 30
0.0
 10
248.0479686111111
 20
76.65839944444444
 30
0.0
 10
248.0945352777777
 20
77.16922166666666
 30
0.0
 10
248.0991213888889
 20
78.13618555555556
 30
0.0
 10
248.0984158333333
 20
79.10173833333333
 30
0.0
 10
248.0486741666667
 20
79.61538277777777
 30
0.0
 10
248.0490269444444
 20
79.88384666666666
 30
0.0
 10
248.0479686111111
 20
80.15760222222221
 30
0.0
 10
248.0977102777777
 20
80.66666055555555
 30
0.0
 10
248.0991213888889
 20
81.63538833333332
 30
0.0
 10
248.0984158333333
 20
82.6009411111111
 30
0.0
 10
248.0486741666667
 20
83.11458555555555
 30
0.0
 10
248.0490269444444
 20
83.38340222222222
 30
0.0
 10
248.0522019444444
 20
85.01111888888889
 30
0.0
 10
248.0525547222222
 20
89.88686055555556
 30
0.0
 10
248.0525547222222
 20
89.88686055555556
 30
0.0
 10
249.0519741666667
 20
89.88686055555554
 30
0.0
 10
250.0513936111111
 20
89.88686055555554
 30
0.0
 10
251.0508130555556
 20
89.88686055555556
 30
0.0
 10
251.0508130555556
 20
89.88686055555556
 30
0.0
 10
251.0486963888889
 20
85.00794388888887
 30
0.0
 10
251.0472852777778
 20
83.38340222222222
 30
0.0
 10
251.0501075
 20
83.11282166666665
 30
0.0
 10
250.9986019444444
 20
82.60058833333332
 30
0.0
 10
250.9993075
 20
81.63503555555555
 30
0.0
 10
250.9978963888888
 20
80.66630777777776
 30
0.0
 10
251.0462269444444
 20
80.15760222222221
 30
0.0
 10
251.0472852777778
 20
79.88384666666666
 30
0.0
 10
251.0451686111111
 20
79.61220777777777
 30
0.0
 10
250.9986019444444
 20
79.10138555555555
 30
0.0
 10
250.9975436111111
 20
78.13265777777777
 30
0.0
 10
250.9947213888888
 20
77.16886888888888
 30
0.0
 10
251.0444630555556
 20
76.65522444444444
 30
0.0
 10
251.0472852777778
 20
76.38464388888887
 30
0.0
 10
251.0451686111111
 20
76.11300499999999
 30
0.0
 10
250.9936630555555
 20
75.60077166666666
 30
0.0
 10
250.9943686111111
 20
74.63521888888889
 30
0.0
 10
250.9947213888888
 20
73.85275777777777
 30
0.0
 10
251.0102436111111
 20
73.18812444444444
 30
0.0
 10
251.0314102777778
 20
72.96375777777777
 30
0.0
 10
254.0557741666667
 20
72.81841333333332
 30
0.0
 10
255.1680825
 20
66.08176888888889
 30
0.0
 10
253.7481519444444
 20
63.62255499999999
 30
0.0
 10
252.2114519444444
 20
60.96155222222221
 30
0.0
 10
254.8622241666667
 20
61.86007722222222
 30
0.0
 10
257.1616297222222
 20
64.45369944444444
 30
0.0
 10
259.3534380555556
 20
66.92631888888889
 30
0.0
 10
259.0200630555555
 20
72.14072722222222
 30
0.0
 10
258.7964019444444
 20
74.75904388888888
 30
0.0
 10
258.3557825
 20
79.89372444444443
 30
0.0
 10
258.3349686111111
 20
81.59905222222221
 30
0.0
 10
256.9605463888889
 20
81.52249944444443
 30
0.0
 10
254.6300963888889
 20
81.39197166666666
 30
0.0
 10
254.4237213888889
 20
88.11979666666666
 30
0.0
 10
253.9167797222222
 20
94.34491333333332
 30
0.0
 10
252.8062352777778
 20
107.9896522222222
 30
0.0
 10
250.8081019444444
 20
99.79815222222221
 30
0.0
 10
247.1508547222222
 20
98.63222166666665
 30
0.0
 10
245.4180102777777
 20
98.07977166666664
 30
0.0
 10
243.7818269444444
 20
94.75448833333331
 30
0.0
 10
243.2353741666667
 20
95.13725222222222
 30
0.0
 10
243.2124436111111
 20
95.15348
 30
0.0
 10
242.7457186111111
 20
94.52412444444444
 30
0.0
 10
242.1915047222222
 20
93.73213833333332
 30
0.0
 10
241.6369380555555
 20
92.94050499999999
 30
0.0
 10
241.3839963888889
 20
92.49318277777778
 30
0.0
 10
241.2280686111111
 20
92.27057999999998
 30
0.0
 10
240.5589667592592
 20
91.31514018518517
 30
0.0
 10
239.8898649074074
 20
90.35970037037036
 30
0.0
 10
239.2207630555555
 20
89.40426055555554
 30
0.0
 10
238.4019658333333
 20
89.97752444444443
 30
0.0
 10
237.5831686111111
 20
90.5507883333333
 30
0.0
 10
236.7643713888889
 20
91.1240522222222
 30
0.0
 10
237.4335908333333
 20
92.07960962962962
 30
0.0
 10
238.1028102777778
 20
93.03516703703703
 30
0.0
 10
238.7720297222222
 20
93.99072444444444
 30
0.0
 10
238.9276047222222
 20
94.2133272222222
 30
0.0
 10
239.2616852777778
 20
94.60385222222222
 30
0.0
 10
239.8158991666666
 20
95.39548555555554
 30
0.0
 10
240.3704658333333
 20
96.18747166666665
 30
0.0
 10
240.7994436111111
 20
96.84293277777778
 30
0.0
 10
240.7793352777778
 20
96.85739666666666
 30
0.0
 10
238.7681491666667
 20
98.26568555555555
 30
0.0
 10
236.5922158333333
 20
97.82153833333332
 30
0.0
 10
234.9306325
 20
93.73919388888888
 30
0.0
  0
SPLINE
  5
156
330
1F
100
AcDbEntity
  8
DEFAULT
 62
    18
100
AcDbSpline
210
0.0
220
0.0
230
1.0
 70
     8
 71
     3
 72
    11
 73
     7
 74
     0
 42
0.000000001
 43
0.0000000001
 40
0.0
 40
0.0
 40
0.0
 40
0.0
 40
1.019416487838961
 40
1.019416487838961
 40
1.019416487838961
 40
2.019416487838961
 40
2.019416487838961
 40
2.019416487838961
 40
2.019416487838961
 10
174.8256952777778
 20
87.3713786111111
 30
0.0
 10
174.8256952777778
 20
87.3713786111111
 30
0.0
 10
173.4315175
 20
88.38878972222221
 30
0.0
 10
173.2272591666666
 20
88.55777027777776
 30
0.0
 10
173.3172175
 20
88.31294249999999
 30
0.0
 10
173.7610119444444
 20
86.62595916666666
 30
0.0
 10
173.7610119444444
 20
86.62595916666666
 30
0.0
  0
SPLINE
  5
157
330
1F
100
AcDbEntity
  8
DEFAULT
 62
    18
100
AcDbSpline
210
0.0
220
0.0
230
1.0
 70
     8
 71
     3
 72
    20
 73
    16
 74
     0
 42
0.000000001
 43
0.0000000001
 40
0.0
 40
0.0
 40
0.0
 40
0.0
 40
5.651999999999987
 40
5.651999999999987
 40
5.651999999999987
 40
6.651999999999987
 40
6.651999999999987
 40
6.651999999999987
 40
7.651999999999987
 40
7.651999999999987
 40
7.651999999999987
 40
8.651999999999987
 40
8.651999999999987
 40
8.651999999999987
 40
9.651999999999987
 40
9.651999999999987
 40
9.651999999999987
 40
9.651999999999987
 10
159.8014188888889
 20
91.91092305555554
 30
0.0
 10
159.8014188888889
 20
92.57555638888887
 30
0.0
 10
159.8014188888889
 20
93.24018972222221
 30
0.0
 10
159.8014188888889
 20
93.90482305555554
 30
0.0
 10
159.9333577777778
 20
93.93163416666665
 30
0.0
 10
160.1220938888889
 20
93.94680361111111
 30
0.0
 10
160.3020105555555
 20
93.94680361111111
 30
0.0
 10
160.5810577777777
 20
93.94680361111111
 30
0.0
 10
160.7609744444444
 20
93.89565083333332
 30
0.0
 10
160.8869161111111
 20
93.7817036111111
 30
0.0
 10
160.9888688888889
 20
93.69174527777777
 30
0.0
 10
161.0456661111111
 20
93.55416194444444
 30
0.0
 10
161.0456661111111
 20
93.39788138888886
 30
0.0
 10
161.0456661111111
 20
93.13118138888888
 30
0.0
 10
160.860105
 20
92.83837583333333
 30
0.0
 10
160.48228
 20
92.83837583333333
 30
0.0
  0
SPLINE
  5
158
330
1F
100
AcDbEntity
  8
DEFAULT
 62
    18
100
AcDbSpline
210
0.0
220
0.0
230
1.0
 70
     8
 71
     3
 72
    14
 73
    10
 74
     0
 42
0.000000001
 43
0.0000000001
 40
0.0
 40
0.0
 40
0.0
 40
0.0
 40
1.0
 40
1.0
 40
1.0
 40
2.0
 40
2.0
 40
2.0
 40
3.658000000000015
 40
3.658000000000015
 40
3.658000000000015
 40
3.658000000000015
 10
161.0966777777778
 20
91.91092305555554
 30
0.0
 10
161.0532861111111
 20
91.96807305555554
 30
0.0
 10
160.9971944444444
 20
92.14269805555554
 30
0.0
 10
160.9188777777778
 20
92.39352305555555
 30
0.0
 10
160.8102222222222
 20
92.74100916666666
 30
0.0
 10
160.6980388888889
 20
92.8355536111111
 30
0.0
 10
160.3861833333333
 20
92.84472583333331
 30
0.0
 10
160.1912148148148
 20
92.84472583333331
 30
0.0
 10
159.9962462962963
 20
92.84472583333331
 30
0.0
 10
159.8012777777778
 20
92.84472583333331
 30
0.0
  0
SPLINE
  5
159
330
1F
100
AcDbEntity
  8
DEFAULT
 62
     1
100
AcDbSpline
210
0.0
220
0.0
230
1.0
 70
    11
 71
     3
 72
   110
 73
   106
 74
     0
 42
0.000000001
 43
0.0000000001
 40
1.0
 40
1.0
 40
1.0
 40
1.0
 40
2.0
 40
2.0
 40
2.0
 40
3.0
 40
3.0
 40
3.0
 40
4.0
 40
4.0
 40
4.0
 40
5.0
 40
5.0
 40
5.0
 40
6.0
 40
6.0
 40
6.0
 40
7.0
 40
7.0
 40
7.0
 40
8.0
 40
8.0
 40
8.0
 40
9.0
 40
9.0
 40
9.0
 40
10.0
 40
10.0
 40
10.0
 40
11.0
 40
11.0
 40
11.0
 40
12.0
 40
12.0
 40
12.0
 40
13.0
 40
13.0
 40
13.0
 40
21.49899999999997
 40
21.49899999999997
 40
21.49899999999997
 40
22.49899999999997
 40
22.49899999999997
 40
22.49899999999997
 40
23.49899999999997
 40
23.49899999999997
 40
23.49899999999997
 40
24.49899999999997
 40
24.49899999999997
 40
24.49899999999997
 40
25.49899999999997
 40
25.49899999999997
 40
25.49899999999997
 40
26.49899999999997
 40
26.49899999999997
 40
26.49899999999997
 40
27.49899999999997
 40
27.49899999999997
 40
27.49899999999997
 40
28.49899999999997
 40
28.49899999999997
 40
28.49899999999997
 40
29.49899999999997
 40
29.49899999999997
 40
29.49899999999997
 40
30.49899999999997
 40
30.49899999999997
 40
30.49899999999997
 40
31.49899999999997
 40
31.49899999999997
 40
31.49899999999997
 40
32.49899999999997
 40
32.49899999999997
 40
32.49899999999997
 40
33.49899999999997
 40
33.49899999999997
 40
33.49899999999997
 40
34.49899999999997
 40
34.49899999999997
 40
34.49899999999997
 40
35.49899999999997
 40
35.49899999999997
 40
35.49899999999997
 40
36.49899999999997
 40
36.49899999999997
 40
36.49899999999997
 40
37.49899999999997
 40
37.49899999999997
 40
37.49899999999997
 40
47.4182603050832
 40
47.4182603050832
 40
47.4182603050832
 40
55.91820112840664
 40
55.91820112840664
 40
55.91820112840664
 40
65.83885418150757
 40
65.83885418150757
 40
65.83885418150757
 40
66.83885418150757
 40
66.83885418150757
 40
66.83885418150757
 40
67.83885418150757
 40
67.83885418150757
 40
67.83885418150757
 40
68.83885418150757
 40
68.83885418150757
 40
68.83885418150757
 40
68.83885418150757
 10
175.0693588888889
 20
93.73919388888888
 30
0.0
 10
176.7309422222222
 20
89.65684944444443
 30
0.0
 10
179.2705894444444
 20
88.67506888888889
 30
0.0
 10
177.7592894444444
 20
85.90682166666666
 30
0.0
 10
174.5303144444444
 20
79.98897444444444
 30
0.0
 10
165.2018116666666
 20
86.58803555555554
 30
0.0
 10
165.7292144444444
 20
82.61963833333333
 30
0.0
 10
166.3187061111111
 20
78.20568277777778
 30
0.0
 10
166.3645672222222
 20
74.2570411111111
 30
0.0
 10
166.1948811111111
 20
69.61307444444444
 30
0.0
 10
166.0752894444444
 20
66.23593277777778
 30
0.0
 10
163.99002
 20
64.21839666666666
 30
0.0
 10
163.6266588888889
 20
65.12327166666667
 30
0.0
 10
163.0234088888889
 20
66.62398833333333
 30
0.0
 10
164.3787811111111
 20
72.88614666666666
 30
0.0
 10
161.9541394444444
 20
72.887205
 30
0.0
 10
161.9255644444444
 20
72.887205
 30
0.0
 10
161.9054561111111
 20
73.67001888888888
 30
0.0
 10
161.9058088888889
 20
74.63557166666666
 30
0.0
 10
161.9047505555555
 20
75.60429944444444
 30
0.0
 10
161.9530811111111
 20
76.11300499999999
 30
0.0
 10
161.9541394444444
 20
76.38640777777778
 30
0.0
 10
161.9520227777778
 20
76.65839944444444
 30
0.0
 10
161.9054561111111
 20
77.16922166666666
 30
0.0
 10
161.90087
 20
78.13618555555556
 30
0.0
 10
161.9015755555555
 20
79.10173833333333
 30
0.0
 10
161.9513172222222
 20
79.61538277777777
 30
0.0
 10
161.9509644444444
 20
79.88384666666666
 30
0.0
 10
161.9520227777778
 20
80.15760222222221
 30
0.0
 10
161.9022811111111
 20
80.66666055555555
 30
0.0
 10
161.90087
 20
81.63538833333332
 30
0.0
 10
161.9015755555555
 20
82.6009411111111
 30
0.0
 10
161.9513172222222
 20
83.11458555555555
 30
0.0
 10
161.9509644444444
 20
83.38340222222222
 30
0.0
 10
161.9477894444444
 20
85.01111888888889
 30
0.0
 10
161.9474366666666
 20
89.88686055555556
 30
0.0
 10
161.9474366666666
 20
89.88686055555556
 30
0.0
 10
160.9480172222222
 20
89.88686055555554
 30
0.0
 10
159.9485977777778
 20
89.88686055555554
 30
0.0
 10
158.9491783333333
 20
89.88686055555556
 30
0.0
 10
158.9491783333333
 20
89.88686055555556
 30
0.0
 10
158.951295
 20
85.00794388888887
 30
0.0
 10
158.9527061111111
 20
83.38340222222222
 30
0.0
 10
158.9498838888889
 20
83.11282166666665
 30
0.0
 10
159.0013894444444
 20
82.60058833333332
 30
0.0
 10
159.0006838888889
 20
81.63503555555555
 30
0.0
 10
159.002095
 20
80.66630777777776
 30
0.0
 10
158.9537644444444
 20
80.15760222222221
 30
0.0
 10
158.9527061111111
 20
79.88384666666666
 30
0.0
 10
158.9548227777778
 20
79.61220777777777
 30
0.0
 10
159.0013894444444
 20
79.10138555555555
 30
0.0
 10
159.0024477777778
 20
78.13265777777777
 30
0.0
 10
159.00527
 20
77.16886888888888
 30
0.0
 10
158.9555283333333
 20
76.65522444444444
 30
0.0
 10
158.9527061111111
 20
76.38464388888887
 30
0.0
 10
158.9548227777778
 20
76.11300499999999
 30
0.0
 10
159.0063283333333
 20
75.60077166666666
 30
0.0
 10
159.0056227777778
 20
74.63521888888889
 30
0.0
 10
159.00527
 20
73.85275777777777
 30
0.0
 10
158.9897477777778
 20
73.18812444444444
 30
0.0
 10
158.9685811111111
 20
72.96375777777777
 30
0.0
 10
155.9442172222222
 20
72.81841333333332
 30
0.0
 10
154.8319088888889
 20
66.08176888888889
 30
0.0
 10
156.2518394444444
 20
63.62255499999999
 30
0.0
 10
157.7885394444444
 20
60.96155222222221
 30
0.0
 10
155.1377672222222
 20
61.86007722222222
 30
0.0
 10
152.8383616666667
 20
64.45369944444444
 30
0.0
 10
150.6465533333333
 20
66.92631888888889
 30
0.0
 10
150.9799283333333
 20
72.14072722222222
 30
0.0
 10
151.2035894444444
 20
74.75904388888888
 30
0.0
 10
151.6442088888889
 20
79.89372444444443
 30
0.0
 10
151.6650227777778
 20
81.59905222222221
 30
0.0
 10
153.039445
 20
81.52249944444443
 30
0.0
 10
155.369895
 20
81.39197166666666
 30
0.0
 10
155.57627
 20
88.11979666666666
 30
0.0
 10
156.0832116666666
 20
94.34491333333332
 30
0.0
 10
157.1937561111111
 20
107.9896522222222
 30
0.0
 10
159.1918894444444
 20
99.79815222222221
 30
0.0
 10
162.8491366666667
 20
98.63222166666665
 30
0.0
 10
164.5819811111111
 20
98.07977166666664
 30
0.0
 10
166.2181644444444
 20
94.75448833333331
 30
0.0
 10
166.7646172222222
 20
95.13725222222222
 30
0.0
 10
166.7875477777777
 20
95.15348
 30
0.0
 10
167.2542727777777
 20
94.52412444444444
 30
0.0
 10
167.8084866666667
 20
93.73213833333332
 30
0.0
 10
168.3630533333333
 20
92.94050499999999
 30
0.0
 10
168.615995
 20
92.49318277777778
 30
0.0
 10
168.7719227777777
 20
92.27057999999998
 30
0.0
 10
169.4410246296296
 20
91.31514018518517
 30
0.0
 10
170.1101264814814
 20
90.35970037037036
 30
0.0
 10
170.7792283333333
 20
89.40426055555554
 30
0.0
 10
171.5980255555555
 20
89.97752444444443
 30
0.0
 10
172.4168227777778
 20
90.5507883333333
 30
0.0
 10
173.23562
 20
91.1240522222222
 30
0.0
 10
172.5664005555555
 20
92.07960962962962
 30
0.0
 10
171.8971811111111
 20
93.03516703703703
 30
0.0
 10
171.2279616666666
 20
93.99072444444444
 30
0.0
 10
171.0723866666667
 20
94.2133272222222
 30
0.0
 10
170.7383061111111
 20
94.60385222222222
 30
0.0
 10
170.1840922222222
 20
95.39548555555554
 30
0.0
 10
169.6295255555555
 20
96.18747166666665
 30
0.0
 10
169.2005477777778
 20
96.84293277777778
 30
0.0
 10
169.2206561111111
 20
96.85739666666666
 30
0.0
 10
171.2318422222222
 20
98.26568555555555
 30
0.0
 10
173.4077755555555
 20
97.82153833333332
 30
0.0
 10
175.0693588888889
 20
93.73919388888888
 30
0.0
  0
SPLINE
  5
15A
330
1F
100
AcDbEntity
  8
DEFAULT
 62
    18
100
AcDbSpline
210
0.0
220
0.0
230
1.0
 70
     8
 71
     3
 72
    17
 73
    13
 74
     0
 42
0.000000001
 43
0.0000000001
 40
0.0
 40
0.0
 40
0.0
 40
0.0
 40
3.340000000000032
 40
3.340000000000032
 40
3.340000000000032
 40
4.340000000000032
 40
4.340000000000032
 40
4.340000000000032
 40
5.340000000000032
 40
5.340000000000032
 40
5.340000000000032
 40
8.714000000000055
 40
8.714000000000055
 40
8.714000000000055
 40
8.714000000000055
 10
193.0686102777778
 20
164.8936602777778
 30
0.0
 10
192.6758510185185
 20
164.8936602777778
 30
0.0
 10
192.2830917592592
 20
164.8936602777778
 30
0.0
 10
191.8903325
 20
164.8936602777778
 30
0.0
 10
191.2694436111111
 20
164.8936602777778
 30
0.0
 10
191.0147380555555
 20
165.2203325
 30
0.0
 10
191.0147380555555
 20
165.6581297222222
 30
0.0
 10
191.0147380555555
 20
166.0719380555555
 30
0.0
 10
191.2518047222222
 20
166.3837936111111
 30
0.0
 10
191.8783380555555
 20
166.3837936111111
 30
0.0
 10
192.2750954629629
 20
166.3837936111111
 30
0.0
 10
192.6718528703703
 20
166.3837936111111
 30
0.0
 10
193.0686102777778
 20
166.3837936111111
 30
0.0
  0
SPLINE
  5
15B
330
1F
100
AcDbEntity
  8
DEFAULT
 62
    18
100
AcDbSpline
210
0.0
220
0.0
230
1.0
 70
     8
 71
     3
 72
    17
 73
    13
 74
     0
 42
0.000000001
 43
0.0000000001
 40
0.0
 40
0.0
 40
0.0
 40
0.0
 40
3.340000000000032
 40
3.340000000000032
 40
3.340000000000032
 40
4.340000000000032
 40
4.340000000000032
 40
4.340000000000032
 40
5.340000000000032
 40
5.340000000000032
 40
5.340000000000032
 40
8.714000000000055
 40
8.714000000000055
 40
8.714000000000055
 40
8.714000000000055
 10
216.9313458333333
 20
166.38397
 30
0.0
 10
217.3241050925925
 20
166.38397
 30
0.0
 10
217.7168643518518
 20
166.38397
 30
0.0
 10
218.1096236111111
 20
166.38397
 30
0.0
 10
218.7305125
 20
166.38397
 30
0.0
 10
218.9852180555555
 20
166.0572977777778
 30
0.0
 10
218.9852180555555
 20
165.6195005555555
 30
0.0
 10
218.9852180555555
 20
165.2056922222222
 30
0.0
 10
218.7481513888889
 20
164.8938366666667
 30
0.0
 10
218.1216180555555
 20
164.8938366666667
 30
0.0
 10
217.7248606481481
 20
164.8938366666667
 30
0.0
 10
217.3281032407407
 20
164.8938366666667
 30
0.0
 10
216.9313458333333
 20
164.8938366666667
 30
0.0
  0
SPLINE
  5
15C
330
1F
100
AcDbEntity
  8
DEFAULT
 62
    18
100
AcDbSpline
210
0.0
220
0.0
230
1.0
 70
     8
 71
     3
 72
    23
 73
    19
 74
     0
 42
0.000000001
 43
0.0000000001
 40
0.0
 40
0.0
 40
0.0
 40
0.0
 40
1.0
 40
1.0
 40
1.0
 40
2.0
 40
2.0
 40
2.0
 40
3.0
 40
3.0
 40
3.0
 40
4.0
 40
4.0
 40
4.0
 40
5.0
 40
5.0
 40
5.0
 40
6.0
 40
6.0
 40
6.0
 40
6.0
 10
207.8833013888889
 20
156.5284172222222
 30
0.0
 10
207.9849013888889
 20
156.468445
 30
0.0
 10
208.1468263888889
 20
156.4155283333333
 30
0.0
 10
208.3313291666666
 20
156.4155283333333
 30
0.0
 10
208.7229125
 20
156.4155283333333
 30
0.0
 10
208.9596263888889
 20
156.6564755555555
 30
0.0
 10
208.9596263888889
 20
156.9499866666667
 30
0.0
 10
208.9596263888889
 20
157.1683561111111
 30
0.0
 10
208.7020986111111
 20
157.3151116666667
 30
0.0
 10
208.4234041666666
 20
157.3151116666667
 30
0.0
 10
207.9937208333333
 20
157.3151116666667
 30
0.0
 10
207.8194486111111
 20
157.4996144444444
 30
0.0
 10
207.8194486111111
 20
157.7705477777778
 30
0.0
 10
207.8194486111111
 20
158.0905172222222
 30
0.0
 10
208.0678041666666
 20
158.316295
 30
0.0
 10
208.5006625
 20
158.316295
 30
0.0
 10
208.6999819444444
 20
158.316295
 30
0.0
 10
208.8844847222222
 20
158.2676116666667
 30
0.0
 10
209.0125430555555
 20
158.1921172222222
 30
0.0
  0
SPLINE
  5
15D
330
1F
100
AcDbEntity
  8
DEFAULT
 62
    18
100
AcDbSpline
210
0.0
220
0.0
230
1.0
 70
     8
 71
     3
 72
    23
 73
    19
 74
     0
 42
0.000000001
 43
0.0000000001
 40
0.0
 40
0.0
 40
0.0
 40
0.0
 40
1.0
 40
1.0
 40
1.0
 40
2.0
 40
2.0
 40
2.0
 40
3.0
 40
3.0
 40
3.0
 40
4.0
 40
4.0
 40
4.0
 40
5.0
 40
5.0
 40
5.0
 40
6.0
 40
6.0
 40
6.0
 40
6.0
 10
201.0499252777778
 20
156.5284172222222
 30
0.0
 10
201.1515252777778
 20
156.468445
 30
0.0
 10
201.3134502777777
 20
156.4155283333333
 30
0.0
 10
201.4979530555555
 20
156.4155283333333
 30
0.0
 10
201.8895363888889
 20
156.4155283333333
 30
0.0
 10
202.1266030555555
 20
156.6564755555555
 30
0.0
 10
202.1266030555555
 20
156.9499866666667
 30
0.0
 10
202.1266030555555
 20
157.1683561111111
 30
0.0
 10
201.8690752777778
 20
157.3151116666667
 30
0.0
 10
201.5900280555555
 20
157.3151116666667
 30
0.0
 10
201.1603447222222
 20
157.3151116666667
 30
0.0
 10
200.9860725
 20
157.4996144444444
 30
0.0
 10
200.9860725
 20
157.7705477777778
 30
0.0
 10
200.9860725
 20
158.0905172222222
 30
0.0
 10
201.2344280555556
 20
158.316295
 30
0.0
 10
201.6672863888889
 20
158.316295
 30
0.0
 10
201.8666058333333
 20
158.316295
 30
0.0
 10
202.0511086111111
 20
158.2676116666667
 30
0.0
 10
202.1791669444444
 20
158.1921172222222
 30
0.0
  0
SPLINE
  5
15E
330
1F
100
AcDbEntity
  8
DEFAULT
 62
     1
100
AcDbSpline
210
0.0
220
0.0
230
1.0
 70
    11
 71
     3
 72
   134
 73
   130
 74
     0
 42
0.000000001
 43
0.0000000001
 40
1.0
 40
1.0
 40
1.0
 40
1.0
 40
2.0
 40
2.0
 40
2.0
 40
3.0
 40
3.0
 40
3.0
 40
4.0
 40
4.0
 40
4.0
 40
5.0
 40
5.0
 40
5.0
 40
6.0
 40
6.0
 40
6.0
 40
7.0
 40
7.0
 40
7.0
 40
8.0
 40
8.0
 40
8.0
 40
9.0
 40
9.0
 40
9.0
 40
10.0
 40
10.0
 40
10.0
 40
11.0
 40
11.0
 40
11.0
 40
12.0
 40
12.0
 40
12.0
 40
21.91999999999996
 40
21.91999999999996
 40
21.91999999999996
 40
30.41999999999996
 40
30.41999999999996
 40
30.41999999999996
 40
40.33999999999992
 40
40.33999999999992
 40
40.33999999999992
 40
41.33999999999992
 40
41.33999999999992
 40
41.33999999999992
 40
42.33999999999992
 40
42.33999999999992
 40
42.33999999999992
 40
43.33999999999992
 40
43.33999999999992
 40
43.33999999999992
 40
44.33999999999992
 40
44.33999999999992
 40
44.33999999999992
 40
45.33999999999992
 40
45.33999999999992
 40
45.33999999999992
 40
46.33999999999992
 40
46.33999999999992
 40
46.33999999999992
 40
47.33999999999992
 40
47.33999999999992
 40
47.33999999999992
 40
57.25999999999993
 40
57.25999999999993
 40
57.25999999999993
 40
65.75999999999993
 40
65.75999999999993
 40
65.75999999999993
 40
75.67999999999995
 40
75.67999999999995
 40
75.67999999999995
 40
76.67999999999995
 40
76.67999999999995
 40
76.67999999999995
 40
77.67999999999995
 40
77.67999999999995
 40
77.67999999999995
 40
88.54999999999995
 40
88.54999999999995
 40
88.54999999999995
 40
89.54999999999995
 40
89.54999999999995
 40
89.54999999999995
 40
90.54999999999995
 40
90.54999999999995
 40
90.54999999999995
 40
100.47
 40
100.47
 40
100.47
 40
108.97
 40
108.97
 40
108.97
 40
118.89
 40
118.89
 40
118.89
 40
119.89
 40
119.89
 40
119.89
 40
120.89
 40
120.89
 40
120.89
 40
121.89
 40
121.89
 40
121.89
 40
122.89
 40
122.89
 40
122.89
 40
123.89
 40
123.89
 40
123.89
 40
124.89
 40
124.89
 40
124.89
 40
125.89
 40
125.89
 40
125.89
 40
135.8099999999999
 40
135.8099999999999
 40
135.8099999999999
 40
144.3099999999999
 40
144.3099999999999
 40
144.3099999999999
 40
154.2299999999999
 40
154.2299999999999
 40
154.2299999999999
 40
155.2299999999999
 40
155.2299999999999
 40
155.2299999999999
 40
155.2299999999999
 10
226.2495122222222
 20
164.1896569444444
 30
0.0
 10
227.2161233333333
 20
164.1896569444444
 30
0.0
 10
227.99929
 20
164.1684902777778
 30
0.0
 10
227.99929
 20
164.1402680555556
 30
0.0
 10
227.99929
 20
162.6374347222222
 30
0.0
 10
226.3659288888889
 20
161.5967402777778
 30
0.0
 10
223.8188733333333
 20
160.8770736111111
 30
0.0
 10
217.8428177777778
 20
159.1978513888889
 30
0.0
 10
215.7896511111111
 20
164.1402680555556
 30
0.0
 10
212.8615955555555
 20
158.6969069444444
 30
0.0
 10
209.7712622222222
 20
152.9501569444444
 30
0.0
 10
215.4721511111111
 20
152.6573513888889
 30
0.0
 10
211.2423455555556
 20
149.7963236111111
 30
0.0
 10
203.1496233333333
 20
144.3176847222222
 30
0.0
 10
214.6043177777778
 20
152.8796013888889
 30
0.0
 10
205.0017066666666
 20
152.8796013888889
 30
0.0
 10
195.3955677777778
 20
152.8796013888889
 30
0.0
 10
206.8502622222222
 20
144.3176847222222
 30
0.0
 10
198.75754
 20
149.7963236111111
 30
0.0
 10
194.5277344444445
 20
152.6573513888889
 30
0.0
 10
200.2286233333333
 20
152.9501569444444
 30
0.0
 10
197.13829
 20
158.6969069444444
 30
0.0
 10
194.2102344444444
 20
164.1402680555556
 30
0.0
 10
192.1570677777778
 20
159.1978513888889
 30
0.0
 10
186.1810122222222
 20
160.8770736111111
 30
0.0
 10
183.6339566666667
 20
161.5967402777778
 30
0.0
 10
182.0005955555556
 20
162.6374347222222
 30
0.0
 10
182.0005955555556
 20
164.1402680555556
 30
0.0
 10
182.0005955555556
 20
164.1684902777778
 30
0.0
 10
182.7837622222222
 20
164.1896569444444
 30
0.0
 10
183.7503733333333
 20
164.1896569444444
 30
0.0
 10
184.7169844444444
 20
164.1896569444444
 30
0.0
 10
185.2285122222222
 20
164.1402680555556
 30
0.0
 10
185.5001511111111
 20
164.1402680555556
 30
0.0
 10
186.6666696296296
 20
164.1402680555556
 30
0.0
 10
187.8331881481481
 20
164.1402680555556
 30
0.0
 10
188.9997066666667
 20
164.1402680555556
 30
0.0
 10
188.9997066666666
 20
165.1398050925926
 30
0.0
 10
188.9997066666666
 20
166.1393421296297
 30
0.0
 10
188.9997066666667
 20
167.1388791666667
 30
0.0
 10
187.8331881481481
 20
167.1388791666667
 30
0.0
 10
186.6666696296296
 20
167.1388791666667
 30
0.0
 10
185.5001511111111
 20
167.1388791666667
 30
0.0
 10
185.2285122222222
 20
167.1388791666667
 30
0.0
 10
184.7169844444444
 20
167.0894902777778
 30
0.0
 10
183.7503733333333
 20
167.0894902777778
 30
0.0
 10
182.7837622222222
 20
167.0894902777778
 30
0.0
 10
182.0005955555556
 20
167.1141847222222
 30
0.0
 10
182.0005955555556
 20
167.1388791666667
 30
0.0
 10
182.0005955555556
 20
168.3841847222222
 30
0.0
 10
183.5986788888889
 20
169.1567680555555
 30
0.0
 10
186.8971511111111
 20
170.1868791666667
 30
0.0
 10
190.1956233333333
 20
171.2134625
 30
0.0
 10
192.8061788888889
 20
167.8726569444444
 30
0.0
 10
196.6126511111111
 20
170.1445458333333
 30
0.0
 10
199.6994566666667
 20
171.9860458333333
 30
0.0
 10
198.1719288888889
 20
167.4069902777778
 30
0.0
 10
200.0839844444445
 20
167.4069902777778
 30
0.0
 10
200.1122066666667
 20
167.4069902777778
 30
0.0
 10
200.1333733333333
 20
166.6238236111111
 30
0.0
 10
200.1333733333333
 20
165.6572125
 30
0.0
 10
200.1333733333333
 20
164.6906013888889
 30
0.0
 10
200.0839844444445
 20
164.1790736111111
 30
0.0
 10
200.0839844444445
 20
163.9074347222222
 30
0.0
 10
200.0839844444445
 20
162.7409162037037
 30
0.0
 10
200.0839844444445
 20
161.5743976851852
 30
0.0
 10
200.0839844444445
 20
160.4078791666666
 30
0.0
 10
201.0835214814815
 20
160.4078791666666
 30
0.0
 10
202.0830585185186
 20
160.4078791666666
 30
0.0
 10
203.0825955555556
 20
160.4078791666666
 30
0.0
 10
203.0825955555556
 20
161.5743976851852
 30
0.0
 10
203.0825955555556
 20
162.7409162037037
 30
0.0
 10
203.0825955555556
 20
163.9074347222222
 30
0.0
 10
203.0825955555556
 20
164.1790736111111
 30
0.0
 10
203.0332066666666
 20
164.6906013888889
 30
0.0
 10
203.0332066666666
 20
165.6572125
 30
0.0
 10
203.0332066666666
 20
166.6238236111111
 30
0.0
 10
203.0579011111111
 20
167.4069902777778
 30
0.0
 10
203.0825955555556
 20
167.4069902777778
 30
0.0
 10
204.3608270370371
 20
167.4069902777778
 30
0.0
 10
205.6390585185185
 20
167.4069902777778
 30
0.0
 10
206.91729
 20
167.4069902777778
 30
0.0
 10
206.9419844444444
 20
167.4069902777778
 30
0.0
 10
206.9666788888889
 20
166.6238236111111
 30
0.0
 10
206.9666788888889
 20
165.6572125
 30
0.0
 10
206.9666788888889
 20
164.6906013888889
 30
0.0
 10
206.91729
 20
164.1790736111111
 30
0.0
 10
206.91729
 20
163.9074347222222
 30
0.0
 10
206.91729
 20
162.7409162037037
 30
0.0
 10
206.91729
 20
161.5743976851852
 30
0.0
 10
206.91729
 20
160.4078791666666
 30
0.0
 10
207.9168270370371
 20
160.4078791666666
 30
0.0
 10
208.9163640740741
 20
160.4078791666666
 30
0.0
 10
209.9159011111111
 20
160.4078791666666
 30
0.0
 10
209.9159011111111
 20
161.5743976851852
 30
0.0
 10
209.9159011111111
 20
162.7409162037037
 30
0.0
 10
209.9159011111111
 20
163.9074347222222
 30
0.0
 10
209.9159011111111
 20
164.1790736111111
 30
0.0
 10
209.8665122222222
 20
164.6906013888889
 30
0.0
 10
209.8665122222222
 20
165.6572125
 30
0.0
 10
209.8665122222222
 20
166.6238236111111
 30
0.0
 10
209.8876788888889
 20
167.4069902777778
 30
0.0
 10
209.9159011111111
 20
167.4069902777778
 30
0.0
 10
211.8279566666667
 20
167.4069902777778
 30
0.0
 10
210.3004288888889
 20
171.9860458333333
 30
0.0
 10
213.3872344444444
 20
170.1445458333333
 30
0.0
 10
217.1937066666667
 20
167.8726569444444
 30
0.0
 10
219.8042622222222
 20
171.2134625
 30
0.0
 10
223.1027344444445
 20
170.1868791666667
 30
0.0
 10
226.4012066666666
 20
169.1567680555555
 30
0.0
 10
227.99929
 20
168.3841847222222
 30
0.0
 10
227.99929
 20
167.1388791666667
 30
0.0
 10
227.99929
 20
167.1141847222222
 30
0.0
 10
227.2161233333333
 20
167.0894902777778
 30
0.0
 10
226.2495122222222
 20
167.0894902777778
 30
0.0
 10
225.2829011111111
 20
167.0894902777778
 30
0.0
 10
224.7713733333333
 20
167.1388791666667
 30
0.0
 10
224.4997344444444
 20
167.1388791666667
 30
0.0
 10
223.3332159259259
 20
167.1388791666667
 30
0.0
 10
222.1666974074074
 20
167.1388791666667
 30
0.0
 10
221.0001788888889
 20
167.1388791666667
 30
0.0
 10
221.0001788888889
 20
166.1393421296297
 30
0.0
 10
221.0001788888889
 20
165.1398050925926
 30
0.0
 10
221.0001788888889
 20
164.1402680555556
 30
0.0
 10
222.1666974074074
 20
164.1402680555556
 30
0.0
 10
223.3332159259259
 20
164.1402680555556
 30
0.0
 10
224.4997344444444
 20
164.1402680555556
 30
0.0
 10
224.7713733333333
 20
164.1402680555556
 30
0.0
 10
225.2829011111111
 20
164.1896569444444
 30
0.0
 10
226.2495122222222
 20
164.1896569444444
 30
0.0
  0
SPLINE
  5
15F
330
1F
100
AcDbEntity
  8
DEFAULT
 62
    18
100
AcDbSpline
210
0.0
220
0.0
230
1.0
 70
     8
 71
     3
 72
    17
 73
    13
 74
     0
 42
0.000000001
 43
0.0000000001
 40
0.0
 40
0.0
 40
0.0
 40
0.0
 40
3.339999999999975
 40
3.339999999999975
 40
3.339999999999975
 40
4.339999999999975
 40
4.339999999999975
 40
4.339999999999975
 40
5.339999999999975
 40
5.339999999999975
 40
5.339999999999975
 40
8.713999999999999
 40
8.713999999999999
 40
8.713999999999999
 40
8.713999999999999
 10
177.461545
 20
183.8204702777778
 30
0.0
 10
177.8543042592592
 20
183.8204702777778
 30
0.0
 10
178.2470635185185
 20
183.8204702777778
 30
0.0
 10
178.6398227777777
 20
183.8204702777778
 30
0.0
 10
179.2607116666667
 20
183.8204702777778
 30
0.0
 10
179.5154172222222
 20
183.4937980555555
 30
0.0
 10
179.5154172222222
 20
183.0560008333333
 30
0.0
 10
179.5154172222222
 20
182.6421925
 30
0.0
 10
179.2783505555555
 20
182.3303369444444
 30
0.0
 10
178.6518172222222
 20
182.3303369444444
 30
0.0
 10
178.2550598148148
 20
182.3303369444444
 30
0.0
 10
177.8583024074074
 20
182.3303369444444
 30
0.0
 10
177.461545
 20
182.3303369444444
 30
0.0
  0
SPLINE
  5
160
330
1F
100
AcDbEntity
  8
DEFAULT
 62
     1
100
AcDbSpline
210
0.0
220
0.0
230
1.0
 70
    11
 71
     3
 72
    41
 73
    37
 74
     0
 42
0.000000001
 43
0.0000000001
 40
1.0
 40
1.0
 40
1.0
 40
1.0
 40
2.0
 40
2.0
 40
2.0
 40
3.0
 40
3.0
 40
3.0
 40
4.0
 40
4.0
 40
4.0
 40
5.0
 40
5.0
 40
5.0
 40
6.0
 40
6.0
 40
6.0
 40
7.0
 40
7.0
 40
7.0
 40
8.0
 40
8.0
 40
8.0
 40
9.0
 40
9.0
 40
9.0
 40
18.91999999999996
 40
18.91999999999996
 40
18.91999999999996
 40
27.41999999999996
 40
27.41999999999996
 40
27.41999999999996
 40
37.33999999999992
 40
37.33999999999992
 40
37.33999999999992
 40
38.33999999999992
 40
38.33999999999992
 40
38.33999999999992
 40
38.33999999999992
 10
186.7797819444444
 20
181.6260866666667
 30
0.0
 10
187.7463930555556
 20
181.6260866666667
 30
0.0
 10
188.5295597222222
 20
181.6013922222222
 30
0.0
 10
188.5295597222222
 20
181.5766977777778
 30
0.0
 10
188.5295597222222
 20
180.3313922222222
 30
0.0
 10
186.9314763888889
 20
179.5588088888889
 30
0.0
 10
183.6330041666667
 20
178.5286977777778
 30
0.0
 10
181.7103652777778
 20
177.9325033333333
 30
0.0
 10
177.9991430555555
 20
179.44592
 30
0.0
 10
175.3638930555556
 20
180.58892
 30
0.0
 10
173.5682541666667
 20
181.3720866666666
 30
0.0
 10
172.8591708333333
 20
183.2171144444444
 30
0.0
 10
173.5753097222222
 20
184.0778922222222
 30
0.0
 10
175.8330875
 20
186.7836977777777
 30
0.0
 10
178.3730875
 20
189.5177255555555
 30
0.0
 10
184.3491430555556
 20
187.8385033333333
 30
0.0
 10
186.8997263888889
 20
187.1188366666667
 30
0.0
 10
188.5295597222222
 20
186.0781422222222
 30
0.0
 10
188.5295597222222
 20
184.5753088888889
 30
0.0
 10
188.5295597222222
 20
184.5470866666666
 30
0.0
 10
187.7463930555556
 20
184.52592
 30
0.0
 10
186.7797819444444
 20
184.52592
 30
0.0
 10
185.8131708333333
 20
184.52592
 30
0.0
 10
185.3016430555555
 20
184.5753088888889
 30
0.0
 10
185.0300041666667
 20
184.5753088888889
 30
0.0
 10
183.8634856481482
 20
184.5753088888889
 30
0.0
 10
182.6969671296296
 20
184.5753088888889
 30
0.0
 10
181.5304486111111
 20
184.5753088888889
 30
0.0
 10
181.5304486111112
 20
183.5757718518518
 30
0.0
 10
181.5304486111112
 20
182.5762348148148
 30
0.0
 10
181.5304486111111
 20
181.5766977777778
 30
0.0
 10
182.6969671296296
 20
181.5766977777778
 30
0.0
 10
183.8634856481482
 20
181.5766977777778
 30
0.0
 10
185.0300041666667
 20
181.5766977777778
 30
0.0
 10
185.3016430555555
 20
181.5766977777778
 30
0.0
 10
185.8131708333333
 20
181.6260866666667
 30
0.0
 10
186.7797819444444
 20
181.6260866666667
 30
0.0
  0
SPLINE
  5
161
330
1F
100
AcDbEntity
  8
DEFAULT
 62
    18
100
AcDbSpline
210
0.0
220
0.0
230
1.0
 70
     8
 71
     3
 72
    17
 73
    13
 74
     0
 42
0.000000001
 43
0.0000000001
 40
0.0
 40
0.0
 40
0.0
 40
0.0
 40
3.340000000000032
 40
3.340000000000032
 40
3.340000000000032
 40
4.340000000000032
 40
4.340000000000032
 40
4.340000000000032
 40
5.340000000000032
 40
5.340000000000032
 40
5.340000000000032
 40
8.714000000000055
 40
8.714000000000055
 40
8.714000000000055
 40
8.714000000000055
 10
232.5384463888888
 20
182.3301605555556
 30
0.0
 10
232.1456871296296
 20
182.3301605555556
 30
0.0
 10
231.7529278703704
 20
182.3301605555556
 30
0.0
 10
231.3601686111111
 20
182.3301605555556
 30
0.0
 10
230.7392797222222
 20
182.3301605555556
 30
0.0
 10
230.4845741666666
 20
182.6568327777778
 30
0.0
 10
230.4845741666666
 20
183.09463
 30
0.0
 10
230.4845741666666
 20
183.5084383333333
 30
0.0
 10
230.7216408333333
 20
183.8202938888889
 30
0.0
 10
231.3481741666666
 20
183.8202938888889
 30
0.0
 10
231.7449315740741
 20
183.8202938888889
 30
0.0
 10
232.1416889814815
 20
183.8202938888889
 30
0.0
 10
232.5384463888888
 20
183.8202938888889
 30
0.0
  0
SPLINE
  5
162
330
1F
100
AcDbEntity
  8
DEFAULT
 62
     1
100
AcDbSpline
210
0.0
220
0.0
230
1.0
 70
    11
 71
     3
 72
    41
 73
    37
 74
     0
 42
0.000000001
 43
0.0000000001
 40
1.0
 40
1.0
 40
1.0
 40
1.0
 40
2.0
 40
2.0
 40
2.0
 40
3.0
 40
3.0
 40
3.0
 40
4.0
 40
4.0
 40
4.0
 40
5.0
 40
5.0
 40
5.0
 40
6.0
 40
6.0
 40
6.0
 40
7.0
 40
7.0
 40
7.0
 40
8.0
 40
8.0
 40
8.0
 40
9.0
 40
9.0
 40
9.0
 40
18.91999999999996
 40
18.91999999999996
 40
18.91999999999996
 40
27.41999999999996
 40
27.41999999999996
 40
27.41999999999996
 40
37.33999999999992
 40
37.33999999999992
 40
37.33999999999992
 40
38.33999999999992
 40
38.33999999999992
 40
38.33999999999992
 40
38.33999999999992
 10
223.2202094444444
 20
181.6260866666667
 30
0.0
 10
222.2535983333333
 20
181.6260866666667
 30
0.0
 10
221.4704316666666
 20
181.6013922222222
 30
0.0
 10
221.4704316666666
 20
181.5766977777778
 30
0.0
 10
221.4704316666666
 20
180.3313922222222
 30
0.0
 10
223.068515
 20
179.5588088888889
 30
0.0
 10
226.3669872222222
 20
178.5286977777778
 30
0.0
 10
228.2896261111111
 20
177.9325033333333
 30
0.0
 10
232.0008483333333
 20
179.44592
 30
0.0
 10
234.6360983333333
 20
180.58892
 30
0.0
 10
236.4317372222222
 20
181.3720866666666
 30
0.0
 10
237.1408205555555
 20
183.2171144444444
 30
0.0
 10
236.4246816666666
 20
184.0778922222222
 30
0.0
 10
234.1669038888888
 20
186.7836977777777
 30
0.0
 10
231.6269038888889
 20
189.5177255555555
 30
0.0
 10
225.6508483333333
 20
187.8385033333333
 30
0.0
 10
223.100265
 20
187.1188366666667
 30
0.0
 10
221.4704316666666
 20
186.0781422222222
 30
0.0
 10
221.4704316666666
 20
184.5753088888889
 30
0.0
 10
221.4704316666666
 20
184.5470866666666
 30
0.0
 10
222.2535983333333
 20
184.52592
 30
0.0
 10
223.2202094444444
 20
184.52592
 30
0.0
 10
224.1868205555555
 20
184.52592
 30
0.0
 10
224.6983483333333
 20
184.5753088888889
 30
0.0
 10
224.9699872222222
 20
184.5753088888889
 30
0.0
 10
226.1365057407407
 20
184.5753088888889
 30
0.0
 10
227.3030242592592
 20
184.5753088888889
 30
0.0
 10
228.4695427777777
 20
184.5753088888889
 30
0.0
 10
228.4695427777777
 20
183.5757718518518
 30
0.0
 10
228.4695427777777
 20
182.5762348148148
 30
0.0
 10
228.4695427777777
 20
181.5766977777778
 30
0.0
 10
227.3030242592592
 20
181.5766977777778
 30
0.0
 10
226.1365057407407
 20
181.5766977777778
 30
0.0
 10
224.9699872222222
 20
181.5766977777778
 30
0.0
 10
224.6983483333333
 20
181.5766977777778
 30
0.0
 10
224.1868205555555
 20
181.6260866666667
 30
0.0
 10
223.2202094444444
 20
181.6260866666667
 30
0.0
  0
POLYLINE
  5
163
330
1F
100
AcDbEntity
  8
DEFAULT
 62
    18
100
AcDb2dPolyline
 66
     1
 10
0.0
 20
0.0
 30
0.0
  0
VERTEX
  5
164
330
163
100
AcDbEntity
  8
DEFAULT
 62
    18
100
AcDbVertex
100
AcDb2dVertex
 10
244.2865813888889
 20
194.9831705555555
 30
0.0
  0
VERTEX
  5
165
330
163
100
AcDbEntity
  8
DEFAULT
 62
    18
100
AcDbVertex
100
AcDb2dVertex
 10
245.0193008333333
 20
196.28739
 30
0.0
  0
SEQEND
  5
166
330
163
100
AcDbEntity
  8
DEFAULT
 62
    18
  0
POLYLINE
  5
167
330
1F
100
AcDbEntity
  8
DEFAULT
 62
    18
100
AcDb2dPolyline
 66
     1
 10
0.0
 20
0.0
 30
0.0
  0
VERTEX
  5
168
330
167
100
AcDbEntity
  8
DEFAULT
 62
    18
100
AcDbVertex
100
AcDb2dVertex
 10
244.6528705555556
 20
195.6353155555555
 30
0.0
  0
VERTEX
  5
169
330
167
100
AcDbEntity
  8
DEFAULT
 62
    18
100
AcDbVertex
100
AcDb2dVertex
 10
246.4149955555555
 20
194.6457738888889
 30
0.0
  0
SEQEND
  5
16A
330
167
100
AcDbEntity
  8
DEFAULT
 62
    18
  0
SPLINE
  5
16B
330
1F
100
AcDbEntity
  8
DEFAULT
 62
    18
100
AcDbSpline
210
0.0
220
0.0
230
1.0
 70
     8
 71
     3
 72
    23
 73
    19
 74
     0
 42
0.000000001
 43
0.0000000001
 40
0.0
 40
0.0
 40
0.0
 40
0.0
 40
1.0
 40
1.0
 40
1.0
 40
2.0
 40
2.0
 40
2.0
 40
3.0
 40
3.0
 40
3.0
 40
4.0
 40
4.0
 40
4.0
 40
5.0
 40
5.0
 40
5.0
 40
6.0
 40
6.0
 40
6.0
 40
6.0
 10
245.3896822222222
 20
190.0309113888889
 30
0.0
 10
245.4919877777778
 20
190.0901780555555
 30
0.0
 10
245.6172238888889
 20
190.2055363888889
 30
0.0
 10
245.707535
 20
190.3664030555555
 30
0.0
 10
245.8990933333333
 20
190.7075391666667
 30
0.0
 10
245.8052544444444
 20
191.0320947222222
 30
0.0
 10
245.5491377777778
 20
191.1760280555555
 30
0.0
 10
245.3589905555556
 20
191.2829197222222
 30
0.0
 10
245.1049905555555
 20
191.1301669444444
 30
0.0
 10
244.9684655555556
 20
190.8871030555555
 30
0.0
 10
244.7578572222222
 20
190.5124530555555
 30
0.0
 10
244.5116183333333
 20
190.4507169444445
 30
0.0
 10
244.2752572222222
 20
190.5833613888889
 30
0.0
 10
243.99621
 20
190.7399947222222
 30
0.0
 10
243.9210683333333
 20
191.0673725
 30
0.0
 10
244.1330877777777
 20
191.4448447222222
 30
0.0
 10
244.2308072222222
 20
191.6187641666666
 30
0.0
 10
244.3638044444444
 20
191.7556419444444
 30
0.0
 10
244.4918627777778
 20
191.8304308333333
 30
0.0
  0
SPLINE
  5
16C
330
1F
100
AcDbEntity
  8
DEFAULT
 62
    18
100
AcDbSpline
210
0.0
220
0.0
230
1.0
 70
     8
 71
     3
 72
    26
 73
    22
 74
     0
 42
0.000000001
 43
0.0000000001
 40
0.0
 40
0.0
 40
0.0
 40
0.0
 40
1.0
 40
1.0
 40
1.0
 40
2.0
 40
2.0
 40
2.0
 40
3.0
 40
3.0
 40
3.0
 40
4.0
 40
4.0
 40
4.0
 40
5.0
 40
5.0
 40
5.0
 40
6.0
 40
6.0
 40
6.0
 40
7.0
 40
7.0
 40
7.0
 40
7.0
 10
246.2379716666666
 20
206.2228469444444
 30
0.0
 10
246.5106688888889
 20
206.1508802777778
 30
0.0
 10
246.7777216666666
 20
206.0697413888889
 30
0.0
 10
247.0116133333333
 20
205.9889552777778
 30
0.0
 10
247.0535938888889
 20
205.9741386111111
 30
0.0
 10
247.0955744444444
 20
205.9589691666666
 30
0.0
 10
247.1347327777777
 20
205.9589691666666
 30
0.0
 10
247.6141577777777
 20
205.9409775
 30
0.0
 10
248.0247911111111
 20
205.5871413888889
 30
0.0
 10
248.0247911111111
 20
204.9366191666667
 30
0.0
 10
248.0247911111111
 20
204.2889191666667
 30
0.0
 10
247.6293272222222
 20
203.8722886111111
 30
0.0
 10
247.08358
 20
203.8722886111111
 30
0.0
 10
246.5346577777777
 20
203.8722886111111
 30
0.0
 10
246.1779994444444
 20
204.2977386111111
 30
0.0
 10
246.1779994444444
 20
204.8946386111111
 30
0.0
 10
246.1779994444444
 20
205.4135747222222
 30
0.0
 10
246.4923244444444
 20
205.7839913888889
 30
0.0
 10
246.7205716666666
 20
205.8679525
 30
0.0
 10
246.9491716666666
 20
205.9515608333333
 30
0.0
 10
247.1015716666666
 20
205.9624969444444
 30
0.0
 10
247.1015716666666
 20
205.9624969444444
 30
0.0
  0
SPLINE
  5
16D
330
1F
100
AcDbEntity
  8
DEFAULT
 62
     1
100
AcDbSpline
210
0.0
220
0.0
230
1.0
 70
    11
 71
     3
 72
   101
 73
    97
 74
     0
 42
0.000000001
 43
0.0000000001
 40
1.0
 40
1.0
 40
1.0
 40
1.0
 40
2.0
 40
2.0
 40
2.0
 40
3.0
 40
3.0
 40
3.0
 40
12.91543791266928
 40
12.91543791266928
 40
12.91543791266928
 40
21.41515349614625
 40
21.41515349614625
 40
21.41515349614625
 40
31.33799285794179
 40
31.33799285794179
 40
31.33799285794179
 40
32.33799285794179
 40
32.33799285794179
 40
32.33799285794179
 40
33.33799285794179
 40
33.33799285794179
 40
33.33799285794179
 40
34.33799285794179
 40
34.33799285794179
 40
34.33799285794179
 40
35.33799285794179
 40
35.33799285794179
 40
35.33799285794179
 40
36.33799285794179
 40
36.33799285794179
 40
36.33799285794179
 40
37.33799285794179
 40
37.33799285794179
 40
37.33799285794179
 40
38.33799285794179
 40
38.33799285794179
 40
38.33799285794179
 40
39.33799285794179
 40
39.33799285794179
 40
39.33799285794179
 40
40.33799285794179
 40
40.33799285794179
 40
40.33799285794179
 40
50.26399305943276
 40
50.26399305943276
 40
50.26399305943276
 40
58.76099305943271
 40
58.76099305943271
 40
58.76099305943271
 40
68.67299310987666
 40
68.67299310987666
 40
68.67299310987666
 40
69.67299310987666
 40
69.67299310987666
 40
69.67299310987666
 40
70.67299310987666
 40
70.67299310987666
 40
70.67299310987666
 40
71.67299310987666
 40
71.67299310987666
 40
71.67299310987666
 40
72.67299310987666
 40
72.67299310987666
 40
72.67299310987666
 40
73.67299310987666
 40
73.67299310987666
 40
73.67299310987666
 40
74.67299310987666
 40
74.67299310987666
 40
74.67299310987666
 40
75.67299310987666
 40
75.67299310987666
 40
75.67299310987666
 40
85.58204861481755
 40
85.58204861481755
 40
85.58204861481755
 40
94.08089230087282
 40
94.08089230087282
 40
94.08089230087282
 40
103.9983327468749
 40
103.9983327468749
 40
103.9983327468749
 40
104.9983327468749
 40
104.9983327468749
 40
104.9983327468749
 40
105.9983327468749
 40
105.9983327468749
 40
105.9983327468749
 40
106.9983327468749
 40
106.9983327468749
 40
106.9983327468749
 40
107.9983327468749
 40
107.9983327468749
 40
107.9983327468749
 40
108.9983327468749
 40
108.9983327468749
 40
108.9983327468749
 40
108.9983327468749
 10
235.4321766666667
 20
194.5111891666667
 30
0.0
 10
235.4642794444444
 20
194.5260058333333
 30
0.0
 10
236.1504322222222
 20
194.1661725
 30
0.0
 10
236.9798127777777
 20
193.6973308333333
 30
0.0
 10
237.8233044444444
 20
193.2239030555556
 30
0.0
 10
238.2448738888889
 20
192.9325086111111
 30
0.0
 10
238.4819405555555
 20
192.7970419444444
 30
0.0
 10
239.4991164814815
 20
192.2270706481481
 30
0.0
 10
240.5162924074074
 20
191.6570993518518
 30
0.0
 10
241.5334683333333
 20
191.0871280555556
 30
0.0
 10
242.0228887037037
 20
191.9586067592593
 30
0.0
 10
242.5123090740741
 20
192.830085462963
 30
0.0
 10
243.0017294444444
 20
193.7015641666667
 30
0.0
 10
241.9840831481481
 20
194.2724762037037
 30
0.0
 10
240.9664368518519
 20
194.8433882407408
 30
0.0
 10
239.9487905555555
 20
195.4143002777778
 30
0.0
 10
239.713135
 20
195.5465919444444
 30
0.0
 10
239.2446461111111
 20
195.7540252777778
 30
0.0
 10
238.4011544444444
 20
196.2281586111111
 30
0.0
 10
237.5576627777778
 20
196.7015863888889
 30
0.0
 10
236.8870322222222
 20
197.1037530555556
 30
0.0
 10
236.8990266666667
 20
197.1284475
 30
0.0
 10
238.1460961111111
 20
199.3456558333333
 30
0.0
 10
241.9003572222222
 20
199.4691280555555
 30
0.0
 10
244.2636155555555
 20
198.7395836111111
 30
0.0
 10
247.4587238888889
 20
197.7563919444444
 30
0.0
 10
246.6836711111111
 20
199.4578391666667
 30
0.0
 10
243.1964627777778
 20
203.3980141666667
 30
0.0
 10
241.7250266666667
 20
205.0620669444444
 30
0.0
 10
239.6884405555556
 20
208.7002641666667
 30
0.0
 10
239.2446461111111
 20
211.8883169444445
 30
0.0
 10
238.7825072222222
 20
215.2333558333333
 30
0.0
 10
239.0911877777777
 20
213.3015447222222
 30
0.0
 10
241.9493933333333
 20
213.6377419444444
 30
0.0
 10
244.4082544444444
 20
213.9280780555555
 30
0.0
 10
243.4105988888889
 20
215.0904808333333
 30
0.0
 10
245.60276
 20
215.0880113888889
 30
0.0
 10
245.6330988888889
 20
215.0901280555556
 30
0.0
 10
245.6549711111111
 20
214.3048447222222
 30
0.0
 10
245.6525016666666
 20
213.3368225
 30
0.0
 10
245.6525016666666
 20
212.3712697222222
 30
0.0
 10
245.6034655555555
 20
211.8597419444444
 30
0.0
 10
245.6024072222222
 20
211.5912780555555
 30
0.0
 10
245.602172037037
 20
210.4240539814815
 30
0.0
 10
245.6019368518519
 20
209.2568299074074
 30
0.0
 10
245.6017016666667
 20
208.0896058333333
 30
0.0
 10
246.6008859259259
 20
208.0896058333334
 30
0.0
 10
247.6000701851851
 20
208.0896058333334
 30
0.0
 10
248.5992544444444
 20
208.0896058333333
 30
0.0
 10
248.599372037037
 20
209.2551836111111
 30
0.0
 10
248.5994896296296
 20
210.4207613888889
 30
0.0
 10
248.5996072222222
 20
211.5863391666667
 30
0.0
 10
248.6010183333333
 20
211.8597419444444
 30
0.0
 10
248.552335
 20
212.3688002777778
 30
0.0
 10
248.5498655555555
 20
213.3375280555555
 30
0.0
 10
248.5509238888889
 20
214.2907336111111
 30
0.0
 10
248.5780877777778
 20
215.0654336111111
 30
0.0
 10
248.6027822222222
 20
215.0855419444445
 30
0.0
 10
251.600335
 20
215.0855419444445
 30
0.0
 10
251.517785
 20
210.0344697222222
 30
0.0
 10
251.1551294444444
 20
206.3627586111111
 30
0.0
 10
250.7025155555556
 20
201.7752363888889
 30
0.0
 10
249.4021766666667
 20
200.4689002777778
 30
0.0
 10
252.5232016666666
 20
197.7359308333333
 30
0.0
 10
254.7128933333333
 20
195.8231697222222
 30
0.0
 10
255.7334794444444
 20
192.7984530555555
 30
0.0
 10
255.0219266666666
 20
191.5348030555556
 30
0.0
 10
254.9898238888888
 20
191.5199863888889
 30
0.0
 10
254.3036711111111
 20
191.8798197222222
 30
0.0
 10
253.4711155555555
 20
192.3468975
 30
0.0
 10
252.6276238888889
 20
192.8206780555555
 30
0.0
 10
252.2092294444444
 20
193.1134836111111
 30
0.0
 10
251.9689877777778
 20
193.2475391666667
 30
0.0
 10
250.9528701851852
 20
193.8178632407407
 30
0.0
 10
249.9367525925926
 20
194.3881873148148
 30
0.0
 10
248.920635
 20
194.9585113888889
 30
0.0
 10
248.4312146296296
 20
194.0871502777778
 30
0.0
 10
247.9417942592593
 20
193.2157891666667
 30
0.0
 10
247.4523738888889
 20
192.3444280555555
 30
0.0
 10
248.4689618518518
 20
191.7729280555556
 30
0.0
 10
249.4855498148148
 20
191.2014280555556
 30
0.0
 10
250.5021377777777
 20
190.6299280555556
 30
0.0
 10
250.7409683333333
 20
190.4994002777778
 30
0.0
 10
251.2094572222222
 20
190.2916141666666
 30
0.0
 10
252.0529488888889
 20
189.8178336111111
 30
0.0
 10
252.8964405555555
 20
189.3440530555555
 30
0.0
 10
253.5670711111111
 20
188.9422391666667
 30
0.0
 10
253.5536655555556
 20
188.9203669444445
 30
0.0
 10
252.0868155555555
 20
186.3031086111111
 30
0.0
 10
249.9105294444444
 20
187.3748475
 30
0.0
 10
246.9930572222222
 20
185.8385002777778
 30
0.0
 10
242.7794794444444
 20
183.6195280555555
 30
0.0
 10
245.1346238888889
 20
185.9425697222222
 30
0.0
 10
240.1442294444444
 20
188.4783363888889
 30
0.0
 10
236.91596
 20
190.1191058333333
 30
0.0
 10
234.4863794444444
 20
192.8287919444444
 30
0.0
 10
235.4321766666667
 20
194.5111891666667
 30
0.0
  0
POLYLINE
  5
16E
330
1F
100
AcDbEntity
  8
DEFAULT
 62
    18
100
AcDb2dPolyline
 66
     1
 10
0.0
 20
0.0
 30
0.0
  0
VERTEX
  5
16F
330
16E
100
AcDbEntity
  8
DEFAULT
 62
    18
100
AcDbVertex
100
AcDb2dVertex
 10
164.9800908333333
 20
196.2888716666666
 30
0.0
  0
VERTEX
  5
170
330
16E
100
AcDbEntity
  8
DEFAULT
 62
    18
100
AcDbVertex
100
AcDb2dVertex
 10
165.7128102777777
 20
194.9846522222222
 30
0.0
  0
SEQEND
  5
171
330
16E
100
AcDbEntity
  8
DEFAULT
 62
    18
  0
POLYLINE
  5
172
330
1F
100
AcDbEntity
  8
DEFAULT
 62
    18
100
AcDb2dPolyline
 66
     1
 10
0.0
 20
0.0
 30
0.0
  0
VERTEX
  5
173
330
172
100
AcDbEntity
  8
DEFAULT
 62
    18
100
AcDbVertex
100
AcDb2dVertex
 10
165.34638
 20
195.6367266666666
 30
0.0
  0
VERTEX
  5
174
330
172
100
AcDbEntity
  8
DEFAULT
 62
    18
100
AcDbVertex
100
AcDb2dVertex
 10
163.584255
 20
194.647185
 30
0.0
  0
SEQEND
  5
175
330
172
100
AcDbEntity
  8
DEFAULT
 62
    18
  0
SPLINE
  5
176
330
1F
100
AcDbEntity
  8
DEFAULT
 62
    18
100
AcDbSpline
210
0.0
220
0.0
230
1.0
 70
     8
 71
     3
 72
    23
 73
    19
 74
     0
 42
0.000000001
 43
0.0000000001
 40
0.0
 40
0.0
 40
0.0
 40
0.0
 40
1.0
 40
1.0
 40
1.0
 40
2.0
 40
2.0
 40
2.0
 40
3.0
 40
3.0
 40
3.0
 40
4.0
 40
4.0
 40
4.0
 40
5.0
 40
5.0
 40
5.0
 40
6.0
 40
6.0
 40
6.0
 40
6.0
 10
164.0894680555555
 20
190.9583288888889
 30
0.0
 10
164.0869986111111
 20
190.8401483333333
 30
0.0
 10
164.1201597222222
 20
190.6732844444444
 30
0.0
 10
164.2104708333333
 20
190.5124177777778
 30
0.0
 10
164.4020291666667
 20
190.1709288888889
 30
0.0
 10
164.7283486111111
 20
190.0823816666667
 30
0.0
 10
164.9841125
 20
190.226315
 30
0.0
 10
165.1746125
 20
190.3332066666667
 30
0.0
 10
165.1763763888889
 20
190.62954
 30
0.0
 10
165.0398513888889
 20
190.8726038888889
 30
0.0
 10
164.8292430555555
 20
191.2472538888889
 30
0.0
 10
164.9047375
 20
191.4896122222222
 30
0.0
 10
165.1410986111111
 20
191.6222566666667
 30
0.0
 10
165.4201458333333
 20
191.7792427777778
 30
0.0
 10
165.7387041666667
 20
191.6730566666666
 30
0.0
 10
165.9507236111111
 20
191.2955844444444
 30
0.0
 10
166.0484430555555
 20
191.121665
 30
0.0
 10
166.0960680555555
 20
190.9368094444444
 30
0.0
 10
166.0932458333333
 20
190.7886427777778
 30
0.0
  0
SPLINE
  5
177
330
1F
100
AcDbEntity
  8
DEFAULT
 62
    18
100
AcDbSpline
210
0.0
220
0.0
230
1.0
 70
     8
 71
     3
 72
    26
 73
    22
 74
     0
 42
0.000000001
 43
0.0000000001
 40
0.0
 40
0.0
 40
0.0
 40
0.0
 40
1.0
 40
1.0
 40
1.0
 40
2.0
 40
2.0
 40
2.0
 40
3.0
 40
3.0
 40
3.0
 40
4.0
 40
4.0
 40
4.0
 40
5.0
 40
5.0
 40
5.0
 40
6.0
 40
6.0
 40
6.0
 40
7.0
 40
7.0
 40
7.0
 40
7.0
 10
162.0371480555555
 20
206.2228469444444
 30
0.0
 10
162.3098452777778
 20
206.1508802777778
 30
0.0
 10
162.5768980555555
 20
206.0697413888889
 30
0.0
 10
162.8107897222222
 20
205.9889552777778
 30
0.0
 10
162.8527702777778
 20
205.9741386111111
 30
0.0
 10
162.8947508333333
 20
205.9589691666666
 30
0.0
 10
162.9335563888889
 20
205.9589691666666
 30
0.0
 10
163.4133341666667
 20
205.9409775
 30
0.0
 10
163.8239675
 20
205.5871413888889
 30
0.0
 10
163.8239675
 20
204.9366191666667
 30
0.0
 10
163.8239675
 20
204.2889191666667
 30
0.0
 10
163.4285036111111
 20
203.8722886111111
 30
0.0
 10
162.8827563888889
 20
203.8722886111111
 30
0.0
 10
162.3338341666667
 20
203.8722886111111
 30
0.0
 10
161.9771758333333
 20
204.2977386111111
 30
0.0
 10
161.9771758333333
 20
204.8946386111111
 30
0.0
 10
161.9771758333333
 20
205.4135747222222
 30
0.0
 10
162.2915008333333
 20
205.7839913888889
 30
0.0
 10
162.5197480555555
 20
205.8679525
 30
0.0
 10
162.7479952777778
 20
205.9515608333333
 30
0.0
 10
162.9007480555555
 20
205.9624969444444
 30
0.0
 10
162.9007480555555
 20
205.9624969444444
 30
0.0
  0
SPLINE
  5
178
330
1F
100
AcDbEntity
  8
DEFAULT
 62
     1
100
AcDbSpline
210
0.0
220
0.0
230
1.0
 70
    11
 71
     3
 72
   101
 73
    97
 74
     0
 42
0.000000001
 43
0.0000000001
 40
1.0
 40
1.0
 40
1.0
 40
1.0
 40
2.0
 40
2.0
 40
2.0
 40
3.0
 40
3.0
 40
3.0
 40
12.91543791266933
 40
12.91543791266933
 40
12.91543791266933
 40
21.41515349614627
 40
21.41515349614627
 40
21.41515349614627
 40
31.33799285794181
 40
31.33799285794181
 40
31.33799285794181
 40
32.33799285794181
 40
32.33799285794181
 40
32.33799285794181
 40
33.33799285794181
 40
33.33799285794181
 40
33.33799285794181
 40
34.33799285794181
 40
34.33799285794181
 40
34.33799285794181
 40
35.33799285794181
 40
35.33799285794181
 40
35.33799285794181
 40
36.33799285794181
 40
36.33799285794181
 40
36.33799285794181
 40
37.33799285794181
 40
37.33799285794181
 40
37.33799285794181
 40
38.33799285794181
 40
38.33799285794181
 40
38.33799285794181
 40
39.33799285794181
 40
39.33799285794181
 40
39.33799285794181
 40
40.33799285794181
 40
40.33799285794181
 40
40.33799285794181
 40
50.26399305943278
 40
50.26399305943278
 40
50.26399305943278
 40
58.76099305943279
 40
58.76099305943279
 40
58.76099305943279
 40
68.67299310987673
 40
68.67299310987673
 40
68.67299310987673
 40
69.67299310987673
 40
69.67299310987673
 40
69.67299310987673
 40
70.67299310987673
 40
70.67299310987673
 40
70.67299310987673
 40
71.67299310987673
 40
71.67299310987673
 40
71.67299310987673
 40
72.67299310987673
 40
72.67299310987673
 40
72.67299310987673
 40
73.67299310987673
 40
73.67299310987673
 40
73.67299310987673
 40
74.67299310987673
 40
74.67299310987673
 40
74.67299310987673
 40
75.67299310987673
 40
75.67299310987673
 40
75.67299310987673
 40
85.58204861481764
 40
85.58204861481764
 40
85.58204861481764
 40
94.0808923008729
 40
94.0808923008729
 40
94.0808923008729
 40
103.9983327468751
 40
103.9983327468751
 40
103.9983327468751
 40
104.9983327468751
 40
104.9983327468751
 40
104.9983327468751
 40
105.9983327468751
 40
105.9983327468751
 40
105.9983327468751
 40
106.9983327468751
 40
106.9983327468751
 40
106.9983327468751
 40
107.9983327468751
 40
107.9983327468751
 40
107.9983327468751
 40
108.9983327468751
 40
108.9983327468751
 40
108.9983327468751
 40
108.9983327468751
 10
174.5678147222222
 20
194.5111891666667
 30
0.0
 10
174.5357119444444
 20
194.5260058333333
 30
0.0
 10
173.8495591666666
 20
194.1661725
 30
0.0
 10
173.0201786111111
 20
193.6973308333333
 30
0.0
 10
172.1766869444444
 20
193.2239030555556
 30
0.0
 10
171.7551175
 20
192.9325086111111
 30
0.0
 10
171.5180508333333
 20
192.7970419444444
 30
0.0
 10
170.5008749074074
 20
192.2270706481481
 30
0.0
 10
169.4836989814815
 20
191.6570993518518
 30
0.0
 10
168.4665230555555
 20
191.0871280555556
 30
0.0
 10
167.9771026851852
 20
191.9586067592593
 30
0.0
 10
167.4876823148148
 20
192.830085462963
 30
0.0
 10
166.9982619444444
 20
193.7015641666667
 30
0.0
 10
168.0159082407407
 20
194.2724762037037
 30
0.0
 10
169.033554537037
 20
194.8433882407408
 30
0.0
 10
170.0512008333333
 20
195.4143002777778
 30
0.0
 10
170.2868563888889
 20
195.5465919444444
 30
0.0
 10
170.7553452777778
 20
195.7540252777778
 30
0.0
 10
171.5988369444444
 20
196.2281586111111
 30
0.0
 10
172.4423286111111
 20
196.7015863888889
 30
0.0
 10
173.1129591666666
 20
197.1037530555556
 30
0.0
 10
173.1009647222222
 20
197.1284475
 30
0.0
 10
171.8538952777778
 20
199.3456558333333
 30
0.0
 10
168.0996341666666
 20
199.4691280555555
 30
0.0
 10
165.7363758333333
 20
198.7395836111111
 30
0.0
 10
162.5412675
 20
197.7563919444444
 30
0.0
 10
163.3163202777777
 20
199.4578391666667
 30
0.0
 10
166.8035286111111
 20
203.3980141666667
 30
0.0
 10
168.2749647222222
 20
205.0620669444444
 30
0.0
 10
170.3115508333333
 20
208.7002641666667
 30
0.0
 10
170.7553452777778
 20
211.8883169444445
 30
0.0
 10
171.2174841666667
 20
215.2333558333333
 30
0.0
 10
170.9088036111111
 20
213.3015447222222
 30
0.0
 10
168.0505980555556
 20
213.6377419444444
 30
0.0
 10
165.5917369444444
 20
213.9280780555555
 30
0.0
 10
166.5893925
 20
215.0904808333333
 30
0.0
 10
164.3972313888889
 20
215.0880113888889
 30
0.0
 10
164.3668925
 20
215.0901280555556
 30
0.0
 10
164.3450202777778
 20
214.3048447222222
 30
0.0
 10
164.3474897222222
 20
213.3368225
 30
0.0
 10
164.3474897222222
 20
212.3712697222222
 30
0.0
 10
164.3965258333333
 20
211.8597419444444
 30
0.0
 10
164.3975841666666
 20
211.5912780555555
 30
0.0
 10
164.3978193518518
 20
210.4240539814815
 30
0.0
 10
164.398054537037
 20
209.2568299074074
 30
0.0
 10
164.3982897222222
 20
208.0896058333333
 30
0.0
 10
163.399105462963
 20
208.0896058333334
 30
0.0
 10
162.3999212037037
 20
208.0896058333334
 30
0.0
 10
161.4007369444444
 20
208.0896058333333
 30
0.0
 10
161.4006193518518
 20
209.2551836111111
 30
0.0
 10
161.4005017592592
 20
210.4207613888889
 30
0.0
 10
161.4003841666666
 20
211.5863391666667
 30
0.0
 10
161.3989730555555
 20
211.8597419444444
 30
0.0
 10
161.4476563888889
 20
212.3688002777778
 30
0.0
 10
161.4501258333333
 20
213.3375280555555
 30
0.0
 10
161.4490675
 20
214.2907336111111
 30
0.0
 10
161.4219036111111
 20
215.0654336111111
 30
0.0
 10
161.3972091666666
 20
215.0855419444445
 30
0.0
 10
158.3996563888889
 20
215.0855419444445
 30
0.0
 10
158.4822063888889
 20
210.0344697222222
 30
0.0
 10
158.8448619444444
 20
206.3627586111111
 30
0.0
 10
159.2974758333333
 20
201.7752363888889
 30
0.0
 10
160.5978147222222
 20
200.4689002777778
 30
0.0
 10
157.4767897222222
 20
197.7359308333333
 30
0.0
 10
155.2870980555555
 20
195.8231697222222
 30
0.0
 10
154.2665119444444
 20
192.7984530555555
 30
0.0
 10
154.9780647222222
 20
191.5348030555556
 30
0.0
 10
155.0101675
 20
191.5199863888889
 30
0.0
 10
155.6963202777777
 20
191.8798197222222
 30
0.0
 10
156.5288758333333
 20
192.3468975
 30
0.0
 10
157.3723675
 20
192.8206780555555
 30
0.0
 10
157.7907619444444
 20
193.1134836111111
 30
0.0
 10
158.0310036111111
 20
193.2475391666667
 30
0.0
 10
159.0471212037037
 20
193.8178632407407
 30
0.0
 10
160.0632387962962
 20
194.3881873148148
 30
0.0
 10
161.0793563888889
 20
194.9585113888889
 30
0.0
 10
161.5687767592592
 20
194.0871502777778
 30
0.0
 10
162.0581971296296
 20
193.2157891666667
 30
0.0
 10
162.5476175
 20
192.3444280555555
 30
0.0
 10
161.531029537037
 20
191.7729280555556
 30
0.0
 10
160.514441574074
 20
191.2014280555556
 30
0.0
 10
159.4978536111111
 20
190.6299280555556
 30
0.0
 10
159.2590230555555
 20
190.4994002777778
 30
0.0
 10
158.7905341666666
 20
190.2916141666666
 30
0.0
 10
157.9470425
 20
189.8178336111111
 30
0.0
 10
157.1035508333333
 20
189.3440530555555
 30
0.0
 10
156.4329202777778
 20
188.9422391666667
 30
0.0
 10
156.4463258333333
 20
188.9203669444445
 30
0.0
 10
157.9131758333333
 20
186.3031086111111
 30
0.0
 10
160.0894619444444
 20
187.3748475
 30
0.0
 10
163.0069341666666
 20
185.8385002777778
 30
0.0
 10
167.2205119444444
 20
183.6195280555555
 30
0.0
 10
164.8653675
 20
185.9425697222222
 30
0.0
 10
169.8557619444444
 20
188.4783363888889
 30
0.0
 10
173.0840313888889
 20
190.1191058333333
 30
0.0
 10
175.5136119444444
 20
192.8287919444444
 30
0.0
 10
174.5678147222222
 20
194.5111891666667
 30
0.0
  0
POLYLINE
  5
179
330
1F
100
AcDbEntity
  8
DEFAULT
 62
    18
100
AcDb2dPolyline
 66
     1
 10
0.0
 20
0.0
 30
0.0
  0
VERTEX
  5
17A
330
179
100
AcDbEntity
  8
DEFAULT
 62
    18
100
AcDbVertex
100
AcDb2dVertex
 10
198.7833280555556
 20
183.64962
 30
0.0
  0
VERTEX
  5
17B
330
179
100
AcDbEntity
  8
DEFAULT
 62
    18
100
AcDbVertex
100
AcDb2dVertex
 10
200.2794586111111
 20
183.64962
 30
0.0
  0
SEQEND
  5
17C
330
179
100
AcDbEntity
  8
DEFAULT
 62
    18
  0
POLYLINE
  5
17D
330
1F
100
AcDbEntity
  8
DEFAULT
 62
    18
100
AcDb2dPolyline
 66
     1
 10
0.0
 20
0.0
 30
0.0
  0
VERTEX
  5
17E
330
17D
100
AcDbEntity
  8
DEFAULT
 62
    18
100
AcDbVertex
100
AcDb2dVertex
 10
199.5313227777777
 20
183.64962
 30
0.0
  0
VERTEX
  5
17F
330
17D
100
AcDbEntity
  8
DEFAULT
 62
    18
100
AcDbVertex
100
AcDb2dVertex
 10
199.5313227777777
 20
181.6285561111111
 30
0.0
  0
SEQEND
  5
180
330
17D
100
AcDbEntity
  8
DEFAULT
 62
    18
  0
SPLINE
  5
181
330
1F
100
AcDbEntity
  8
DEFAULT
 62
     1
100
AcDbSpline
210
0.0
220
0.0
230
1.0
 70
    11
 71
     3
 72
    53
 73
    49
 74
     0
 42
0.000000001
 43
0.0000000001
 40
1.0
 40
1.0
 40
1.0
 40
1.0
 40
2.0
 40
2.0
 40
2.0
 40
28.53000000000003
 40
28.53000000000003
 40
28.53000000000003
 40
29.53000000000003
 40
29.53000000000003
 40
29.53000000000003
 40
30.53000000000003
 40
30.53000000000003
 40
30.53000000000003
 40
31.53000000000003
 40
31.53000000000003
 40
31.53000000000003
 40
32.53000000000003
 40
32.53000000000003
 40
32.53000000000003
 40
33.53000000000003
 40
33.53000000000003
 40
33.53000000000003
 40
34.53000000000003
 40
34.53000000000003
 40
34.53000000000003
 40
35.53000000000003
 40
35.53000000000003
 40
35.53000000000003
 40
36.53000000000003
 40
36.53000000000003
 40
36.53000000000003
 40
37.53000000000003
 40
37.53000000000003
 40
37.53000000000003
 40
47.44999999999999
 40
47.44999999999999
 40
47.44999999999999
 40
55.94999999999999
 40
55.94999999999999
 40
55.94999999999999
 40
65.86999999999995
 40
65.86999999999995
 40
65.86999999999995
 40
66.86999999999995
 40
66.86999999999995
 40
66.86999999999995
 40
67.86999999999995
 40
67.86999999999995
 40
67.86999999999995
 40
67.86999999999995
 10
201.0312633333333
 20
172.5981505555555
 30
0.0
 10
203.0315133333333
 20
172.5981505555555
 30
0.0
 10
203.0315133333333
 20
172.5981505555555
 30
0.0
 10
203.0315133333333
 20
175.9297838888889
 30
0.0
 10
203.0315133333333
 20
179.0495153703704
 30
0.0
 10
203.0315133333333
 20
182.1692468518519
 30
0.0
 10
203.0315133333333
 20
185.2889783333333
 30
0.0
 10
203.0315133333333
 20
186.28487
 30
0.0
 10
202.36053
 20
186.6457616666667
 30
0.0
 10
202.0310355555555
 20
186.7385422222222
 30
0.0
 10
195.7614688888889
 20
188.5013727777778
 30
0.0
 10
184.596405
 20
214.8196533333333
 30
0.0
 10
171.2300077777778
 20
221.5630005555555
 30
0.0
 10
166.6474244444444
 20
223.873695
 30
0.0
 10
164.5060633333333
 20
224.3044366666666
 30
0.0
 10
171.1065355555555
 20
219.0723894444444
 30
0.0
 10
177.70348
 20
213.8442227777778
 30
0.0
 10
191.2247466666666
 20
195.4567394444445
 30
0.0
 10
193.8917466666666
 20
190.7256366666666
 30
0.0
 10
195.7861633333333
 20
187.3601366666666
 30
0.0
 10
196.1699855555555
 20
187.4419811111111
 30
0.0
 10
193.6440966666666
 20
185.7274811111111
 30
0.0
 10
188.9944855555555
 20
182.5736477777778
 30
0.0
 10
195.9689022222222
 20
183.7819116666666
 30
0.0
 10
195.0340411111111
 20
181.0972727777778
 30
0.0
 10
193.4147911111111
 20
176.4476616666666
 30
0.0
 10
195.0340411111111
 20
172.5981505555555
 30
0.0
 10
198.0326522222222
 20
172.5981505555555
 30
0.0
 10
198.0573466666667
 20
172.5981505555555
 30
0.0
 10
198.0820411111111
 20
173.3813172222222
 30
0.0
 10
198.0820411111111
 20
174.3479283333333
 30
0.0
 10
198.0820411111111
 20
175.3145394444444
 30
0.0
 10
198.0326522222222
 20
175.8260672222222
 30
0.0
 10
198.0326522222222
 20
176.0977061111111
 30
0.0
 10
198.0326522222222
 20
177.2642246296296
 30
0.0
 10
198.0326522222222
 20
178.4307431481481
 30
0.0
 10
198.0326522222222
 20
179.5972616666666
 30
0.0
 10
199.0321892592592
 20
179.5972616666666
 30
0.0
 10
200.0317262962963
 20
179.5972616666666
 30
0.0
 10
201.0312633333333
 20
179.5972616666666
 30
0.0
 10
201.0312633333333
 20
178.4307431481481
 30
0.0
 10
201.0312633333333
 20
177.2642246296296
 30
0.0
 10
201.0312633333333
 20
176.0977061111111
 30
0.0
 10
201.0312633333333
 20
175.8260672222222
 30
0.0
 10
200.9818744444444
 20
175.3145394444444
 30
0.0
 10
200.9818744444444
 20
174.3479283333333
 30
0.0
 10
200.9818744444444
 20
173.3813172222222
 30
0.0
 10
201.0030411111111
 20
172.5981505555555
 30
0.0
 10
201.0312633333333
 20
172.5981505555555
 30
0.0
  0
POLYLINE
  5
182
330
1F
100
AcDbEntity
  8
DEFAULT
 62
    18
100
AcDb2dPolyline
 66
     1
 10
0.0
 20
0.0
 30
0.0
  0
VERTEX
  5
183
330
182
100
AcDbEntity
  8
DEFAULT
 62
    18
100
AcDbVertex
100
AcDb2dVertex
 10
209.7194038888888
 20
183.64962
 30
0.0
  0
VERTEX
  5
184
330
182
100
AcDbEntity
  8
DEFAULT
 62
    18
100
AcDbVertex
100
AcDb2dVertex
 10
211.2155344444444
 20
183.64962
 30
0.0
  0
SEQEND
  5
185
330
182
100
AcDbEntity
  8
DEFAULT
 62
    18
  0
POLYLINE
  5
186
330
1F
100
AcDbEntity
  8
DEFAULT
 62
    18
100
AcDb2dPolyline
 66
     1
 10
0.0
 20
0.0
 30
0.0
  0
VERTEX
  5
187
330
186
100
AcDbEntity
  8
DEFAULT
 62
    18
100
AcDbVertex
100
AcDb2dVertex
 10
210.4673986111111
 20
183.64962
 30
0.0
  0
VERTEX
  5
188
330
186
100
AcDbEntity
  8
DEFAULT
 62
    18
100
AcDbVertex
100
AcDb2dVertex
 10
210.4673986111111
 20
181.6285561111111
 30
0.0
  0
SEQEND
  5
189
330
186
100
AcDbEntity
  8
DEFAULT
 62
    18
  0
SPLINE
  5
18A
330
1F
100
AcDbEntity
  8
DEFAULT
 62
     1
100
AcDbSpline
210
0.0
220
0.0
230
1.0
 70
    11
 71
     3
 72
    53
 73
    49
 74
     0
 42
0.000000001
 43
0.0000000001
 40
1.0
 40
1.0
 40
1.0
 40
1.0
 40
2.0
 40
2.0
 40
2.0
 40
28.53000000000003
 40
28.53000000000003
 40
28.53000000000003
 40
29.53000000000003
 40
29.53000000000003
 40
29.53000000000003
 40
30.53000000000003
 40
30.53000000000003
 40
30.53000000000003
 40
31.53000000000003
 40
31.53000000000003
 40
31.53000000000003
 40
32.53000000000003
 40
32.53000000000003
 40
32.53000000000003
 40
33.53000000000003
 40
33.53000000000003
 40
33.53000000000003
 40
34.53000000000003
 40
34.53000000000003
 40
34.53000000000003
 40
35.53000000000003
 40
35.53000000000003
 40
35.53000000000003
 40
36.53000000000003
 40
36.53000000000003
 40
36.53000000000003
 40
37.53000000000003
 40
37.53000000000003
 40
37.53000000000003
 40
47.44999999999999
 40
47.44999999999999
 40
47.44999999999999
 40
55.94999999999999
 40
55.94999999999999
 40
55.94999999999999
 40
65.86999999999995
 40
65.86999999999995
 40
65.86999999999995
 40
66.86999999999995
 40
66.86999999999995
 40
66.86999999999995
 40
67.86999999999995
 40
67.86999999999995
 40
67.86999999999995
 40
67.86999999999995
 10
208.9687280555555
 20
172.5981505555555
 30
0.0
 10
206.9684780555556
 20
172.5981505555555
 30
0.0
 10
206.9684780555556
 20
172.5981505555555
 30
0.0
 10
206.9684780555556
 20
175.9297838888889
 30
0.0
 10
206.9684780555556
 20
179.0495153703704
 30
0.0
 10
206.9684780555556
 20
182.1692468518519
 30
0.0
 10
206.9684780555556
 20
185.2889783333333
 30
0.0
 10
206.9684780555556
 20
186.28487
 30
0.0
 10
207.6394613888889
 20
186.6457616666667
 30
0.0
 10
207.9689558333333
 20
186.7385422222222
 30
0.0
 10
214.2385225
 20
188.5013727777778
 30
0.0
 10
225.4035863888889
 20
214.8196533333333
 30
0.0
 10
238.7699836111111
 20
221.5630005555555
 30
0.0
 10
243.3525669444444
 20
223.873695
 30
0.0
 10
245.4939280555556
 20
224.3044366666666
 30
0.0
 10
238.8934558333333
 20
219.0723894444444
 30
0.0
 10
232.2965113888889
 20
213.8442227777778
 30
0.0
 10
218.7752447222222
 20
195.4567394444445
 30
0.0
 10
216.1082447222222
 20
190.7256366666666
 30
0.0
 10
214.2138280555556
 20
187.3601366666666
 30
0.0
 10
213.8300058333333
 20
187.4419811111111
 30
0.0
 10
216.3558947222222
 20
185.7274811111111
 30
0.0
 10
221.0055058333333
 20
182.5736477777778
 30
0.0
 10
214.0310891666666
 20
183.7819116666666
 30
0.0
 10
214.9659502777778
 20
181.0972727777778
 30
0.0
 10
216.5852002777778
 20
176.4476616666666
 30
0.0
 10
214.9659502777778
 20
172.5981505555555
 30
0.0
 10
211.9673391666666
 20
172.5981505555555
 30
0.0
 10
211.9426447222222
 20
172.5981505555555
 30
0.0
 10
211.9179502777778
 20
173.3813172222222
 30
0.0
 10
211.9179502777778
 20
174.3479283333333
 30
0.0
 10
211.9179502777778
 20
175.3145394444444
 30
0.0
 10
211.9673391666666
 20
175.8260672222222
 30
0.0
 10
211.9673391666666
 20
176.0977061111111
 30
0.0
 10
211.9673391666666
 20
177.2642246296296
 30
0.0
 10
211.9673391666666
 20
178.4307431481481
 30
0.0
 10
211.9673391666666
 20
179.5972616666666
 30
0.0
 10
210.9678021296296
 20
179.5972616666666
 30
0.0
 10
209.9682650925926
 20
179.5972616666666
 30
0.0
 10
208.9687280555555
 20
179.5972616666666
 30
0.0
 10
208.9687280555555
 20
178.4307431481481
 30
0.0
 10
208.9687280555555
 20
177.2642246296296
 30
0.0
 10
208.9687280555555
 20
176.0977061111111
 30
0.0
 10
208.9687280555555
 20
175.8260672222222
 30
0.0
 10
209.0181169444444
 20
175.3145394444444
 30
0.0
 10
209.0181169444444
 20
174.3479283333333
 30
0.0
 10
209.0181169444444
 20
173.3813172222222
 30
0.0
 10
208.9969502777778
 20
172.5981505555555
 30
0.0
 10
208.9687280555555
 20
172.5981505555555
 30
0.0
  0
SPLINE
  5
18B
330
1F
100
AcDbEntity
  8
DEFAULT
 62
    18
100
AcDbSpline
210
0.0
220
0.0
230
1.0
 70
     8
 71
     3
 72
    20
 73
    16
 74
     0
 42
0.000000001
 43
0.0000000001
 40
0.0
 40
0.0
 40
0.0
 40
0.0
 40
5.652000000000044
 40
5.652000000000044
 40
5.652000000000044
 40
6.652000000000044
 40
6.652000000000044
 40
6.652000000000044
 40
7.652000000000044
 40
7.652000000000044
 40
7.652000000000044
 40
8.652000000000044
 40
8.652000000000044
 40
8.652000000000044
 40
9.652000000000044
 40
9.652000000000044
 40
9.652000000000044
 40
9.652000000000044
 10
190.4575255555555
 20
98.55256444444444
 30
0.0
 10
191.1221588888889
 20
98.55256444444444
 30
0.0
 10
191.7867922222222
 20
98.55256444444444
 30
0.0
 10
192.4514255555555
 20
98.55256444444444
 30
0.0
 10
192.4785894444444
 20
98.42062555555555
 30
0.0
 10
192.4934061111111
 20
98.23188944444445
 30
0.0
 10
192.4934061111111
 20
98.05197277777778
 30
0.0
 10
192.4934061111111
 20
97.77292555555556
 30
0.0
 10
192.4426061111111
 20
97.59300888888887
 30
0.0
 10
192.3283061111111
 20
97.46706722222221
 30
0.0
 10
192.2383477777778
 20
97.36511444444444
 30
0.0
 10
192.1007644444444
 20
97.30831722222221
 30
0.0
 10
191.9444838888889
 20
97.30831722222221
 30
0.0
 10
191.6777838888889
 20
97.30831722222221
 30
0.0
 10
191.3849783333333
 20
97.49387833333334
 30
0.0
 10
191.3849783333333
 20
97.87170333333333
 30
0.0
  0
SPLINE
  5
18C
330
1F
100
AcDbEntity
  8
DEFAULT
 62
    18
100
AcDbSpline
210
0.0
220
0.0
230
1.0
 70
     8
 71
     3
 72
    14
 73
    10
 74
     0
 42
0.000000001
 43
0.0000000001
 40
0.0
 40
0.0
 40
0.0
 40
0.0
 40
1.0
 40
1.0
 40
1.0
 40
2.0
 40
2.0
 40
2.0
 40
3.658000000000015
 40
3.658000000000015
 40
3.658000000000015
 40
3.658000000000015
 10
190.4575255555555
 20
97.25730555555555
 30
0.0
 10
190.5146755555556
 20
97.30105
 30
0.0
 10
190.6893005555555
 20
97.35678888888887
 30
0.0
 10
190.9401255555555
 20
97.43510555555555
 30
0.0
 10
191.2876116666666
 20
97.54376111111111
 30
0.0
 10
191.3821561111111
 20
97.65594444444443
 30
0.0
 10
191.3913283333333
 20
97.9678
 30
0.0
 10
191.3913283333333
 20
98.16276851851852
 30
0.0
 10
191.3913283333333
 20
98.35773703703701
 30
0.0
 10
191.3913283333333
 20
98.55270555555555
 30
0.0
  0
SPLINE
  5
18D
330
1F
100
AcDbEntity
  8
DEFAULT
 62
    18
100
AcDbSpline
210
0.0
220
0.0
230
1.0
 70
     8
 71
     3
 72
    20
 73
    16
 74
     0
 42
0.000000001
 43
0.0000000001
 40
0.0
 40
0.0
 40
0.0
 40
0.0
 40
5.652000000000044
 40
5.652000000000044
 40
5.652000000000044
 40
6.652000000000044
 40
6.652000000000044
 40
6.652000000000044
 40
7.652000000000044
 40
7.652000000000044
 40
7.652000000000044
 40
8.652000000000044
 40
8.652000000000044
 40
8.652000000000044
 40
9.652000000000044
 40
9.652000000000044
 40
9.652000000000044
 40
9.652000000000044
 10
190.4575255555555
 20
110.5505366666667
 30
0.0
 10
191.1221588888889
 20
110.5505366666667
 30
0.0
 10
191.7867922222222
 20
110.5505366666667
 30
0.0
 10
192.4514255555555
 20
110.5505366666667
 30
0.0
 10
192.4785894444444
 20
110.4185977777778
 30
0.0
 10
192.4934061111111
 20
110.2298616666667
 30
0.0
 10
192.4934061111111
 20
110.049945
 30
0.0
 10
192.4934061111111
 20
109.7708977777778
 30
0.0
 10
192.4426061111111
 20
109.5909811111111
 30
0.0
 10
192.3283061111111
 20
109.4650394444444
 30
0.0
 10
192.2383477777778
 20
109.3630866666667
 30
0.0
 10
192.1007644444444
 20
109.3062894444444
 30
0.0
 10
191.9444838888889
 20
109.3062894444444
 30
0.0
 10
191.6777838888889
 20
109.3062894444444
 30
0.0
 10
191.3849783333333
 20
109.4918505555556
 30
0.0
 10
191.3849783333333
 20
109.8696755555555
 30
0.0
  0
SPLINE
  5
18E
330
1F
100
AcDbEntity
  8
DEFAULT
 62
    18
100
AcDbSpline
210
0.0
220
0.0
230
1.0
 70
     8
 71
     3
 72
    14
 73
    10
 74
     0
 42
0.000000001
 43
0.0000000001
 40
0.0
 40
0.0
 40
0.0
 40
0.0
 40
1.0
 40
1.0
 40
1.0
 40
2.0
 40
2.0
 40
2.0
 40
3.658000000000015
 40
3.658000000000015
 40
3.658000000000015
 40
3.658000000000015
 10
190.4575255555555
 20
109.2552777777778
 30
0.0
 10
190.5146755555556
 20
109.2986694444444
 30
0.0
 10
190.6893005555555
 20
109.3547611111111
 30
0.0
 10
190.9401255555555
 20
109.4330777777778
 30
0.0
 10
191.2876116666666
 20
109.5417333333333
 30
0.0
 10
191.3821561111111
 20
109.6539166666666
 30
0.0
 10
191.3913283333333
 20
109.9657722222222
 30
0.0
 10
191.3913283333333
 20
110.1607407407407
 30
0.0
 10
191.3913283333333
 20
110.3557092592593
 30
0.0
 10
191.3913283333333
 20
110.5506777777778
 30
0.0
  0
SPLINE
  5
18F
330
1F
100
AcDbEntity
  8
DEFAULT
 62
    18
100
AcDbSpline
210
0.0
220
0.0
230
1.0
 70
    11
 71
     3
 72
    17
 73
    13
 74
     0
 42
0.000000001
 43
0.0000000001
 40
0.0
 40
0.0
 40
0.0
 40
0.0
 40
1.0
 40
1.0
 40
1.0
 40
2.0
 40
2.0
 40
2.0
 40
3.0
 40
3.0
 40
3.0
 40
4.0
 40
4.0
 40
4.0
 40
4.0
 10
189.4962061111111
 20
102.9786908333333
 30
0.0
 10
188.8005283333333
 20
102.9786908333333
 30
0.0
 10
188.4318755555555
 20
103.4013186111111
 30
0.0
 10
188.4318755555555
 20
103.9170797222222
 30
0.0
 10
188.4318755555555
 20
104.4508325
 30
0.0
 10
188.8456838888888
 20
104.8254825
 30
0.0
 10
189.4570477777777
 20
104.8254825
 30
0.0
 10
190.0987505555555
 20
104.8254825
 30
0.0
 10
190.5185561111111
 20
104.4268436111111
 30
0.0
 10
190.5185561111111
 20
103.8870936111111
 30
0.0
 10
190.5185561111111
 20
103.3353491666667
 30
0.0
 10
190.0959283333333
 20
102.9786908333333
 30
0.0
 10
189.4962061111111
 20
102.9786908333333
 30
0.0
  0
POLYLINE
  5
190
330
1F
100
AcDbEntity
  8
DEFAULT
 62
    18
100
AcDb2dPolyline
 66
     1
 10
0.0
 20
0.0
 30
0.0
  0
VERTEX
  5
191
330
190
100
AcDbEntity
  8
DEFAULT
 62
    18
100
AcDbVertex
100
AcDb2dVertex
 10
222.5653833333333
 20
98.46715694444444
 30
0.0
  0
VERTEX
  5
192
330
190
100
AcDbEntity
  8
DEFAULT
 62
    18
100
AcDbVertex
100
AcDb2dVertex
 10
222.5653833333333
 20
97.34285416666665
 30
0.0
  0
VERTEX
  5
193
330
190
100
AcDbEntity
  8
DEFAULT
 62
    18
100
AcDbVertex
100
AcDb2dVertex
 10
220.5443194444444
 20
97.34285416666665
 30
0.0
  0
SEQEND
  5
194
330
190
100
AcDbEntity
  8
DEFAULT
 62
    18
  0
POLYLINE
  5
195
330
1F
100
AcDbEntity
  8
DEFAULT
 62
    18
100
AcDb2dPolyline
 66
     1
 10
0.0
 20
0.0
 30
0.0
  0
VERTEX
  5
196
330
195
100
AcDbEntity
  8
DEFAULT
 62
    18
100
AcDbVertex
100
AcDb2dVertex
 10
222.5653833333333
 20
110.4651291666667
 30
0.0
  0
VERTEX
  5
197
330
195
100
AcDbEntity
  8
DEFAULT
 62
    18
100
AcDbVertex
100
AcDb2dVertex
 10
222.5653833333333
 20
109.3408263888889
 30
0.0
  0
VERTEX
  5
198
330
195
100
AcDbEntity
  8
DEFAULT
 62
    18
100
AcDbVertex
100
AcDb2dVertex
 10
220.5443194444444
 20
109.3408263888889
 30
0.0
  0
SEQEND
  5
199
330
195
100
AcDbEntity
  8
DEFAULT
 62
    18
  0
SPLINE
  5
19A
330
1F
100
AcDbEntity
  8
DEFAULT
 62
    18
100
AcDbSpline
210
0.0
220
0.0
230
1.0
 70
     8
 71
     3
 72
    11
 73
     7
 74
     0
 42
0.000000001
 43
0.0000000001
 40
0.0
 40
0.0
 40
0.0
 40
0.0
 40
1.0
 40
1.0
 40
1.0
 40
5.219370687673766
 40
5.219370687673766
 40
5.219370687673766
 40
5.219370687673766
 10
220.5444958333333
 20
104.4230336111111
 30
0.0
 10
220.5444958333333
 20
104.4230336111111
 30
0.0
 10
221.4412569444444
 20
103.4306697222222
 30
0.0
 10
221.5188680555555
 20
103.3766947222222
 30
0.0
 10
221.8677652777777
 20
103.7294725
 30
0.0
 10
222.2166625
 20
104.0822502777778
 30
0.0
 10
222.5655597222222
 20
104.4350280555555
 30
0.0
  0
POLYLINE
  5
19B
330
1F
100
AcDbEntity
  8
DEFAULT
 62
    18
100
AcDb2dPolyline
 66
     1
 10
0.0
 20
0.0
 30
0.0
  0
VERTEX
  5
19C
330
19B
100
AcDbEntity
  8
DEFAULT
 62
    18
100
AcDbVertex
100
AcDb2dVertex
 10
222.5653833333333
 20
103.3765888888889
 30
0.0
  0
VERTEX
  5
19D
330
19B
100
AcDbEntity
  8
DEFAULT
 62
    18
100
AcDbVertex
100
AcDb2dVertex
 10
220.5443194444444
 20
103.3765888888889
 30
0.0
  0
SEQEND
  5
19E
330
19B
100
AcDbEntity
  8
DEFAULT
 62
    18
  0
SPLINE
  5
19F
330
1F
100
AcDbEntity
  8
DEFAULT
 62
     1
100
AcDbSpline
210
0.0
220
0.0
230
1.0
 70
    11
 71
     3
 72
   173
 73
   169
 74
     0
 42
0.000000001
 43
0.0000000001
 40
8.509999999999991
 40
8.509999999999991
 40
8.509999999999991
 40
8.509999999999991
 40
9.509999999999991
 40
9.509999999999991
 40
9.509999999999991
 40
10.50999999999999
 40
10.50999999999999
 40
10.50999999999999
 40
20.43000000000006
 40
20.43000000000006
 40
20.43000000000006
 40
28.93000000000006
 40
28.93000000000006
 40
28.93000000000006
 40
38.85000000000014
 40
38.85000000000014
 40
38.85000000000014
 40
39.85000000000014
 40
39.85000000000014
 40
39.85000000000014
 40
40.85000000000014
 40
40.85000000000014
 40
40.85000000000014
 40
41.85000000000014
 40
41.85000000000014
 40
41.85000000000014
 40
42.85000000000014
 40
42.85000000000014
 40
42.85000000000014
 40
43.85000000000014
 40
43.85000000000014
 40
43.85000000000014
 40
44.85000000000014
 40
44.85000000000014
 40
44.85000000000014
 40
45.85000000000014
 40
45.85000000000014
 40
45.85000000000014
 40
46.85000000000014
 40
46.85000000000014
 40
46.85000000000014
 40
47.85000000000014
 40
47.85000000000014
 40
47.85000000000014
 40
63.44000000000005
 40
63.44000000000005
 40
63.44000000000005
 40
71.94000000000005
 40
71.94000000000005
 40
71.94000000000005
 40
87.52999999999997
 40
87.52999999999997
 40
87.52999999999997
 40
88.52999999999997
 40
88.52999999999997
 40
88.52999999999997
 40
89.52999999999997
 40
89.52999999999997
 40
89.52999999999997
 40
90.52999999999997
 40
90.52999999999997
 40
90.52999999999997
 40
91.52999999999997
 40
91.52999999999997
 40
91.52999999999997
 40
92.52999999999997
 40
92.52999999999997
 40
92.52999999999997
 40
110.86
 40
110.86
 40
110.86
 40
119.36
 40
119.36
 40
119.36
 40
137.6900000000001
 40
137.6900000000001
 40
137.6900000000001
 40
138.6900000000001
 40
138.6900000000001
 40
138.6900000000001
 40
139.6900000000001
 40
139.6900000000001
 40
139.6900000000001
 40
140.6900000000001
 40
140.6900000000001
 40
140.6900000000001
 40
141.6900000000001
 40
141.6900000000001
 40
141.6900000000001
 40
142.6900000000001
 40
142.6900000000001
 40
142.6900000000001
 40
158.28
 40
158.28
 40
158.28
 40
166.78
 40
166.78
 40
166.78
 40
182.3699999999999
 40
182.3699999999999
 40
182.3699999999999
 40
183.3699999999999
 40
183.3699999999999
 40
183.3699999999999
 40
184.3699999999999
 40
184.3699999999999
 40
184.3699999999999
 40
185.3699999999999
 40
185.3699999999999
 40
185.3699999999999
 40
186.3699999999999
 40
186.3699999999999
 40
186.3699999999999
 40
187.3699999999999
 40
187.3699999999999
 40
187.3699999999999
 40
188.3699999999999
 40
188.3699999999999
 40
188.3699999999999
 40
189.3699999999999
 40
189.3699999999999
 40
189.3699999999999
 40
190.3699999999999
 40
190.3699999999999
 40
190.3699999999999
 40
191.3699999999999
 40
191.3699999999999
 40
191.3699999999999
 40
201.29
 40
201.29
 40
201.29
 40
209.79
 40
209.79
 40
209.79
 40
219.71
 40
219.71
 40
219.71
 40
220.71
 40
220.71
 40
220.71
 40
221.71
 40
221.71
 40
221.71
 40
230.21
 40
230.21
 40
230.21
 40
231.21
 40
231.21
 40
231.21
 40
232.21
 40
232.21
 40
232.21
 40
242.1300000000001
 40
242.1300000000001
 40
242.1300000000001
 40
250.6300000000001
 40
250.6300000000001
 40
250.6300000000001
 40
260.5500000000002
 40
260.5500000000002
 40
260.5500000000002
 40
261.5500000000002
 40
261.5500000000002
 40
261.5500000000002
 40
262.5500000000002
 40
262.5500000000002
 40
262.5500000000002
 40
271.0600000000002
 40
271.0600000000002
 40
271.0600000000002
 40
271.0600000000002
 10
231.5959652777777
 20
99.40498138888887
 30
0.0
 10
231.5959652777777
 20
99.37675916666666
 30
0.0
 10
230.812798611111
 20
99.35559249999999
 30
0.0
 10
229.8461875
 20
99.35559249999999
 30
0.0
 10
228.8795763888888
 20
99.35559249999999
 30
0.0
 10
228.3680486111111
 20
99.40498138888887
 30
0.0
 10
228.0964097222222
 20
99.40498138888887
 30
0.0
 10
226.9298912037037
 20
99.40498138888887
 30
0.0
 10
225.7633726851851
 20
99.40498138888887
 30
0.0
 10
224.5968541666666
 20
99.40498138888887
 30
0.0
 10
224.5968541666666
 20
98.40544435185184
 30
0.0
 10
224.5968541666666
 20
97.4059073148148
 30
0.0
 10
224.5968541666666
 20
96.40637027777777
 30
0.0
 10
225.7633726851851
 20
96.40637027777775
 30
0.0
 10
226.9298912037037
 20
96.40637027777775
 30
0.0
 10
228.0964097222222
 20
96.40637027777777
 30
0.0
 10
228.3680486111111
 20
96.40637027777777
 30
0.0
 10
228.8795763888888
 20
96.45575916666665
 30
0.0
 10
229.8461875
 20
96.45575916666665
 30
0.0
 10
230.812798611111
 20
96.45575916666665
 30
0.0
 10
231.5959652777777
 20
96.4310647222222
 30
0.0
 10
231.5959652777777
 20
96.40637027777777
 30
0.0
 10
231.5959652777777
 20
93.67234249999998
 30
0.0
 10
230.6011319444444
 20
93.2278425
 30
0.0
 10
227.4508263888889
 20
93.2278425
 30
0.0
 10
217.2096875
 20
93.2278425
 30
0.0
 10
217.0368263888889
 20
98.24081472222221
 30
0.0
 10
214.5956041666666
 20
100.0470369444444
 30
0.0
 10
214.1934375
 20
100.3398425
 30
0.0
 10
213.3891041666666
 20
100.2975091666666
 30
0.0
 10
212.9728263888889
 20
100.0470369444444
 30
0.0
 10
208.9158819444444
 20
97.60228694444443
 30
0.0
 10
203.3067152777778
 20
93.67234249999998
 30
0.0
 10
195.3586319444444
 20
93.40775916666665
 30
0.0
 10
184.9975486111111
 20
93.05850916666665
 30
0.0
 10
179.4342430555555
 20
93.40775916666665
 30
0.0
 10
179.4342430555555
 20
96.40637027777777
 30
0.0
 10
179.4342430555555
 20
96.43459249999998
 30
0.0
 10
180.2174097222222
 20
96.45575916666665
 30
0.0
 10
181.1840208333333
 20
96.45575916666665
 30
0.0
 10
182.1506319444444
 20
96.45575916666665
 30
0.0
 10
182.6621597222222
 20
96.40637027777777
 30
0.0
 10
182.9337986111111
 20
96.40637027777777
 30
0.0
 10
184.7670671296296
 20
96.40637027777775
 30
0.0
 10
186.6003356481481
 20
96.40637027777775
 30
0.0
 10
188.4336041666666
 20
96.40637027777777
 30
0.0
 10
188.4336041666666
 20
97.4059073148148
 30
0.0
 10
188.4336041666666
 20
98.40544435185183
 30
0.0
 10
188.4336041666666
 20
99.40498138888887
 30
0.0
 10
186.6003356481481
 20
99.40498138888887
 30
0.0
 10
184.7670671296296
 20
99.40498138888887
 30
0.0
 10
182.9337986111111
 20
99.40498138888887
 30
0.0
 10
182.6621597222222
 20
99.40498138888887
 30
0.0
 10
182.1506319444444
 20
99.35559249999999
 30
0.0
 10
181.1840208333333
 20
99.35559249999999
 30
0.0
 10
180.2174097222222
 20
99.35559249999999
 30
0.0
 10
179.4342430555555
 20
99.38028694444444
 30
0.0
 10
179.4342430555555
 20
99.40498138888887
 30
0.0
 10
179.4342430555555
 20
100.3539536111111
 30
0.0
 10
176.4673819444444
 20
100.7455369444444
 30
0.0
 10
176.4673819444444
 20
102.4035925
 30
0.0
 10
176.4673819444444
 20
102.4318147222222
 30
0.0
 10
177.2505486111111
 20
102.4529813888889
 30
0.0
 10
178.2171597222222
 20
102.4529813888889
 30
0.0
 10
179.1837708333333
 20
102.4529813888889
 30
0.0
 10
179.6952986111111
 20
102.4035925
 30
0.0
 10
179.9669375
 20
102.4035925
 30
0.0
 10
182.1224097222222
 20
102.4035925
 30
0.0
 10
184.2778819444444
 20
102.4035925
 30
0.0
 10
186.4333541666666
 20
102.4035925
 30
0.0
 10
186.4333541666666
 20
103.403129537037
 30
0.0
 10
186.4333541666666
 20
104.4026665740741
 30
0.0
 10
186.4333541666666
 20
105.4022036111111
 30
0.0
 10
184.2778819444444
 20
105.4022036111111
 30
0.0
 10
182.1224097222222
 20
105.4022036111111
 30
0.0
 10
179.9669375
 20
105.4022036111111
 30
0.0
 10
179.6952986111111
 20
105.4022036111111
 30
0.0
 10
179.1837708333333
 20
105.3528147222222
 30
0.0
 10
178.2171597222222
 20
105.3528147222222
 30
0.0
 10
177.2505486111111
 20
105.3528147222222
 30
0.0
 10
176.4673819444444
 20
105.3775091666667
 30
0.0
 10
176.4673819444444
 20
105.4022036111111
 30
0.0
 10
176.4673819444444
 20
107.0602591666667
 30
0.0
 10
179.4342430555555
 20
107.4553702777778
 30
0.0
 10
179.4342430555555
 20
108.4043425
 30
0.0
 10
179.4342430555555
 20
108.4290369444444
 30
0.0
 10
180.2174097222222
 20
108.4537313888889
 30
0.0
 10
181.1840208333333
 20
108.4537313888889
 30
0.0
 10
182.1506319444444
 20
108.4537313888889
 30
0.0
 10
182.6621597222222
 20
108.4043425
 30
0.0
 10
182.9337986111111
 20
108.4043425
 30
0.0
 10
184.7670671296296
 20
108.4043425
 30
0.0
 10
186.6003356481481
 20
108.4043425
 30
0.0
 10
188.4336041666666
 20
108.4043425
 30
0.0
 10
188.4336041666666
 20
109.403879537037
 30
0.0
 10
188.4336041666666
 20
110.4034165740741
 30
0.0
 10
188.4336041666666
 20
111.4029536111111
 30
0.0
 10
186.6003356481481
 20
111.4029536111111
 30
0.0
 10
184.7670671296296
 20
111.4029536111111
 30
0.0
 10
182.9337986111111
 20
111.4029536111111
 30
0.0
 10
182.6621597222222
 20
111.4029536111111
 30
0.0
 10
182.1506319444444
 20
111.3535647222222
 30
0.0
 10
181.1840208333333
 20
111.3535647222222
 30
0.0
 10
180.2174097222222
 20
111.3535647222222
 30
0.0
 10
179.4342430555555
 20
111.3747313888889
 30
0.0
 10
179.4342430555555
 20
111.4029536111111
 30
0.0
 10
179.4342430555555
 20
114.4015647222222
 30
0.0
 10
184.9975486111111
 20
114.7508147222222
 30
0.0
 10
195.3586319444444
 20
114.4015647222222
 30
0.0
 10
203.3067152777778
 20
114.1334536111111
 30
0.0
 10
208.9158819444444
 20
110.2035091666667
 30
0.0
 10
212.9728263888889
 20
107.7587591666666
 30
0.0
 10
213.3891041666666
 20
107.5082869444444
 30
0.0
 10
214.1934375
 20
107.4659536111111
 30
0.0
 10
214.5956041666666
 20
107.7587591666666
 30
0.0
 10
217.0368263888889
 20
109.5649813888889
 30
0.0
 10
217.2096875
 20
114.5814813888889
 30
0.0
 10
227.4508263888889
 20
114.5814813888889
 30
0.0
 10
230.6011319444444
 20
114.5814813888889
 30
0.0
 10
231.5959652777777
 20
114.1369813888889
 30
0.0
 10
231.5959652777777
 20
111.4029536111111
 30
0.0
 10
231.5959652777777
 20
111.3782591666667
 30
0.0
 10
230.812798611111
 20
111.3535647222222
 30
0.0
 10
229.8461875
 20
111.3535647222222
 30
0.0
 10
228.8795763888888
 20
111.3535647222222
 30
0.0
 10
228.3680486111111
 20
111.4029536111111
 30
0.0
 10
228.0964097222222
 20
111.4029536111111
 30
0.0
 10
226.9298912037037
 20
111.4029536111111
 30
0.0
 10
225.7633726851851
 20
111.4029536111111
 30
0.0
 10
224.5968541666666
 20
111.4029536111111
 30
0.0
 10
224.5968541666666
 20
110.4034165740741
 30
0.0
 10
224.5968541666666
 20
109.403879537037
 30
0.0
 10
224.5968541666666
 20
108.4043425
 30
0.0
 10
225.7633726851851
 20
108.4043425
 30
0.0
 10
226.9298912037037
 20
108.4043425
 30
0.0
 10
228.0964097222222
 20
108.4043425
 30
0.0
 10
228.3680486111111
 20
108.4043425
 30
0.0
 10
228.8795763888888
 20
108.4537313888889
 30
0.0
 10
229.8461875
 20
108.4537313888889
 30
0.0
 10
230.812798611111
 20
108.4537313888889
 30
0.0
 10
231.5959652777777
 20
108.4325647222222
 30
0.0
 10
231.5959652777777
 20
108.4043425
 30
0.0
 10
231.5959652777777
 20
107.4048054629629
 30
0.0
 10
231.5959652777777
 20
106.4052684259259
 30
0.0
 10
231.5959652777777
 20
105.4057313888889
 30
0.0
 10
231.5959652777777
 20
105.3810369444444
 30
0.0
 10
230.812798611111
 20
105.3563425
 30
0.0
 10
229.8461875
 20
105.3563425
 30
0.0
 10
228.8795763888888
 20
105.3563425
 30
0.0
 10
228.3680486111111
 20
105.4057313888889
 30
0.0
 10
228.0964097222222
 20
105.4057313888889
 30
0.0
 10
226.9298912037037
 20
105.4057313888889
 30
0.0
 10
225.7633726851851
 20
105.4057313888889
 30
0.0
 10
224.5968541666666
 20
105.4057313888889
 30
0.0
 10
224.5968541666666
 20
104.4061943518518
 30
0.0
 10
224.5968541666666
 20
103.4066573148148
 30
0.0
 10
224.5968541666666
 20
102.4071202777778
 30
0.0
 10
225.7633726851851
 20
102.4071202777778
 30
0.0
 10
226.9298912037037
 20
102.4071202777778
 30
0.0
 10
228.0964097222222
 20
102.4071202777778
 30
0.0
 10
228.3680486111111
 20
102.4071202777778
 30
0.0
 10
228.8795763888888
 20
102.4565091666666
 30
0.0
 10
229.8461875
 20
102.4565091666666
 30
0.0
 10
230.812798611111
 20
102.4565091666666
 30
0.0
 10
231.5959652777777
 20
102.4353425
 30
0.0
 10
231.5959652777777
 20
102.4071202777778
 30
0.0
 10
231.5959652777777
 20
101.4064073148148
 30
0.0
 10
231.5959652777777
 20
100.4056943518518
 30
0.0
 10
231.5959652777777
 20
99.40498138888887
 30
0.0
  0
SPLINE
  5
1A0
330
1F
100
AcDbEntity
  8
DEFAULT
 62
    18
100
AcDbSpline
210
0.0
220
0.0
230
1.0
 70
     8
 71
     3
 72
    26
 73
    22
 74
     0
 42
0.000000001
 43
0.0000000001
 40
0.0
 40
0.0
 40
0.0
 40
0.0
 40
1.0
 40
1.0
 40
1.0
 40
2.0
 40
2.0
 40
2.0
 40
3.0
 40
3.0
 40
3.0
 40
4.0
 40
4.0
 40
4.0
 40
5.0
 40
5.0
 40
5.0
 40
6.0
 40
6.0
 40
6.0
 40
7.0
 40
7.0
 40
7.0
 40
7.0
 10
212.6460483333333
 20
78.23221166666666
 30
0.0
 10
212.5740816666667
 20
77.95951444444444
 30
0.0
 10
212.4929427777778
 20
77.69246166666666
 30
0.0
 10
212.4121566666666
 20
77.45857
 30
0.0
 10
212.39734
 20
77.41658944444444
 30
0.0
 10
212.3821705555555
 20
77.37460888888889
 30
0.0
 10
212.3821705555555
 20
77.33580333333333
 30
0.0
 10
212.3641788888889
 20
76.85602555555555
 30
0.0
 10
212.0103427777778
 20
76.44539222222222
 30
0.0
 10
211.3598205555556
 20
76.44539222222222
 30
0.0
 10
210.7121205555555
 20
76.44539222222222
 30
0.0
 10
210.29549
 20
76.84085611111111
 30
0.0
 10
210.29549
 20
77.38660333333333
 30
0.0
 10
210.29549
 20
77.93552555555554
 30
0.0
 10
210.7212927777778
 20
78.29218388888889
 30
0.0
 10
211.31784
 20
78.29218388888889
 30
0.0
 10
211.8367761111111
 20
78.29218388888889
 30
0.0
 10
212.2075455555555
 20
77.97785888888889
 30
0.0
 10
212.2911538888889
 20
77.74961166666667
 30
0.0
 10
212.375115
 20
77.52136444444444
 30
0.0
 10
212.3860511111111
 20
77.36861166666667
 30
0.0
 10
212.3860511111111
 20
77.36861166666667
 30
0.0
  0
SPLINE
  5
1A1
330
1F
100
AcDbEntity
  8
DEFAULT
 62
    18
100
AcDbSpline
210
0.0
220
0.0
230
1.0
 70
     8
 71
     3
 72
    26
 73
    22
 74
     0
 42
0.000000001
 43
0.0000000001
 40
0.0
 40
0.0
 40
0.0
 40
0.0
 40
1.0
 40
1.0
 40
1.0
 40
2.0
 40
2.0
 40
2.0
 40
3.0
 40
3.0
 40
3.0
 40
4.0
 40
4.0
 40
4.0
 40
5.0
 40
5.0
 40
5.0
 40
6.0
 40
6.0
 40
6.0
 40
7.0
 40
7.0
 40
7.0
 40
7.0
 10
212.6460483333333
 20
85.23132277777776
 30
0.0
 10
212.5740816666667
 20
84.95862555555554
 30
0.0
 10
212.4929427777778
 20
84.69157277777776
 30
0.0
 10
212.4121566666666
 20
84.4576811111111
 30
0.0
 10
212.39734
 20
84.41570055555555
 30
0.0
 10
212.3821705555555
 20
84.37371999999998
 30
0.0
 10
212.3821705555555
 20
84.33491444444444
 30
0.0
 10
212.3641788888889
 20
83.85513666666665
 30
0.0
 10
212.0103427777778
 20
83.44450333333332
 30
0.0
 10
211.3598205555556
 20
83.44450333333332
 30
0.0
 10
210.7121205555555
 20
83.44450333333332
 30
0.0
 10
210.29549
 20
83.83996722222221
 30
0.0
 10
210.29549
 20
84.38571444444443
 30
0.0
 10
210.29549
 20
84.93463666666665
 30
0.0
 10
210.7212927777778
 20
85.29129499999998
 30
0.0
 10
211.31784
 20
85.29129499999998
 30
0.0
 10
211.8367761111111
 20
85.29129499999998
 30
0.0
 10
212.2075455555555
 20
84.97696999999998
 30
0.0
 10
212.2911538888889
 20
84.74872277777777
 30
0.0
 10
212.375115
 20
84.52047555555555
 30
0.0
 10
212.3860511111111
 20
84.36772277777776
 30
0.0
 10
212.3860511111111
 20
84.36772277777776
 30
0.0
  0
SPLINE
  5
1A2
330
1F
100
AcDbEntity
  8
DEFAULT
 62
    18
100
AcDbSpline
210
0.0
220
0.0
230
1.0
 70
     8
 71
     3
 72
    26
 73
    22
 74
     0
 42
0.000000001
 43
0.0000000001
 40
0.0
 40
0.0
 40
0.0
 40
0.0
 40
5.660999999999945
 40
5.660999999999945
 40
5.660999999999945
 40
6.660999999999945
 40
6.660999999999945
 40
6.660999999999945
 40
7.660999999999945
 40
7.660999999999945
 40
7.660999999999945
 40
8.660999999999945
 40
8.660999999999945
 40
8.660999999999945
 40
9.660999999999945
 40
9.660999999999945
 40
9.660999999999945
 40
10.66099999999994
 40
10.66099999999994
 40
10.66099999999994
 40
11.66099999999994
 40
11.66099999999994
 40
11.66099999999994
 40
11.66099999999994
 10
209.1987744444444
 20
81.49022027777777
 30
0.0
 10
209.8644661111111
 20
81.49022027777777
 30
0.0
 10
210.5301577777778
 20
81.49022027777777
 30
0.0
 10
211.1958494444444
 20
81.49022027777777
 30
0.0
 10
211.2166633333333
 20
81.3642786111111
 30
0.0
 10
211.234655
 20
81.19953138888889
 30
0.0
 10
211.234655
 20
80.9896286111111
 30
0.0
 10
211.234655
 20
80.73174805555554
 30
0.0
 10
211.1746827777778
 20
80.54265916666665
 30
0.0
 10
211.0667327777778
 20
80.42271472222221
 30
0.0
 10
210.9707772222222
 20
80.3119425
 30
0.0
 10
210.8236688888889
 20
80.24597305555555
 30
0.0
 10
210.644105
 20
80.24597305555555
 30
0.0
 10
210.4610133333333
 20
80.24597305555555
 30
0.0
 10
210.31708
 20
80.29994805555555
 30
0.0
 10
210.212305
 20
80.40190083333333
 30
0.0
 10
210.0651966666667
 20
80.53983694444445
 30
0.0
 10
209.9904077777778
 20
80.76455638888889
 30
0.0
 10
209.9904077777778
 20
81.01961472222222
 30
0.0
 10
209.9904077777778
 20
81.0975786111111
 30
0.0
 10
210.04403
 20
81.43977305555555
 30
0.0
 10
210.0955355555556
 20
81.49022027777777
 30
0.0
  0
SPLINE
  5
1A3
330
1F
100
AcDbEntity
  8
DEFAULT
 62
     1
100
AcDbSpline
210
0.0
220
0.0
230
1.0
 70
    11
 71
     3
 72
   122
 73
   118
 74
     0
 42
0.000000001
 43
0.0000000001
 40
1.0
 40
1.0
 40
1.0
 40
1.0
 40
2.0
 40
2.0
 40
2.0
 40
3.0
 40
3.0
 40
3.0
 40
4.0
 40
4.0
 40
4.0
 40
5.0
 40
5.0
 40
5.0
 40
6.0
 40
6.0
 40
6.0
 40
7.0
 40
7.0
 40
7.0
 40
8.0
 40
8.0
 40
8.0
 40
9.0
 40
9.0
 40
9.0
 40
10.0
 40
10.0
 40
10.0
 40
24.85000000000002
 40
24.85000000000002
 40
24.85000000000002
 40
33.35000000000002
 40
33.35000000000002
 40
33.35000000000002
 40
48.20000000000005
 40
48.20000000000005
 40
48.20000000000005
 40
49.20000000000005
 40
49.20000000000005
 40
49.20000000000005
 40
50.20000000000005
 40
50.20000000000005
 40
50.20000000000005
 40
51.20000000000005
 40
51.20000000000005
 40
51.20000000000005
 40
52.20000000000005
 40
52.20000000000005
 40
52.20000000000005
 40
53.20000000000005
 40
53.20000000000005
 40
53.20000000000005
 40
54.20000000000005
 40
54.20000000000005
 40
54.20000000000005
 40
55.20000000000005
 40
55.20000000000005
 40
55.20000000000005
 40
56.20000000000005
 40
56.20000000000005
 40
56.20000000000005
 40
57.20000000000005
 40
57.20000000000005
 40
57.20000000000005
 40
58.20000000000005
 40
58.20000000000005
 40
58.20000000000005
 40
59.20000000000005
 40
59.20000000000005
 40
59.20000000000005
 40
60.20000000000005
 40
60.20000000000005
 40
60.20000000000005
 40
70.12
 40
70.12
 40
70.12
 40
78.62
 40
78.62
 40
78.62
 40
88.53999999999996
 40
88.53999999999996
 40
88.53999999999996
 40
89.53999999999996
 40
89.53999999999996
 40
89.53999999999996
 40
90.53999999999996
 40
90.53999999999996
 40
90.53999999999996
 40
91.53999999999996
 40
91.53999999999996
 40
91.53999999999996
 40
92.53999999999996
 40
92.53999999999996
 40
92.53999999999996
 40
93.53999999999996
 40
93.53999999999996
 40
93.53999999999996
 40
94.53999999999996
 40
94.53999999999996
 40
94.53999999999996
 40
104.4599999999999
 40
104.4599999999999
 40
104.4599999999999
 40
112.9599999999999
 40
112.9599999999999
 40
112.9599999999999
 40
122.8799999999999
 40
122.8799999999999
 40
122.8799999999999
 40
123.8799999999999
 40
123.8799999999999
 40
123.8799999999999
 40
124.8799999999999
 40
124.8799999999999
 40
124.8799999999999
 40
125.8799999999999
 40
125.8799999999999
 40
125.8799999999999
 40
125.8799999999999
 10
207.2101308333333
 20
72.23287277777777
 30
0.0
 10
196.0023808333333
 20
72.23287277777777
 30
0.0
 10
187.8426308333333
 20
74.60001166666666
 30
0.0
 10
187.8426308333333
 20
79.36956722222222
 30
0.0
 10
187.8426308333333
 20
79.39778944444444
 30
0.0
 10
188.6257975
 20
79.41895611111111
 30
0.0
 10
189.5924086111111
 20
79.41895611111111
 30
0.0
 10
190.5590197222222
 20
79.41895611111111
 30
0.0
 10
191.0705475
 20
79.36956722222222
 30
0.0
 10
191.3421863888889
 20
79.36956722222222
 30
0.0
 10
191.6138252777777
 20
79.36956722222222
 30
0.0
 10
192.1253530555555
 20
79.41895611111111
 30
0.0
 10
193.0919641666667
 20
79.41895611111111
 30
0.0
 10
194.0585752777778
 20
79.41895611111111
 30
0.0
 10
194.5701030555555
 20
79.36956722222222
 30
0.0
 10
194.8417419444444
 20
79.36956722222222
 30
0.0
 10
195.1133808333333
 20
79.36956722222222
 30
0.0
 10
195.6249086111111
 20
79.41895611111111
 30
0.0
 10
196.5915197222222
 20
79.41895611111111
 30
0.0
 10
197.5581308333333
 20
79.41895611111111
 30
0.0
 10
198.0696586111111
 20
79.36956722222222
 30
0.0
 10
198.3412975
 20
79.36956722222222
 30
0.0
 10
198.6199919444444
 20
79.36956722222222
 30
0.0
 10
199.1456308333333
 20
79.41895611111111
 30
0.0
 10
200.1404641666667
 20
79.41895611111111
 30
0.0
 10
201.1317697222222
 20
79.41895611111111
 30
0.0
 10
201.6574086111111
 20
79.36956722222222
 30
0.0
 10
201.9361030555555
 20
79.36956722222222
 30
0.0
 10
203.6823530555555
 20
79.36956722222222
 30
0.0
 10
205.4286030555555
 20
79.36956722222222
 30
0.0
 10
207.1748530555555
 20
79.36956722222222
 30
0.0
 10
207.1748530555555
 20
80.36910425925925
 30
0.0
 10
207.1748530555555
 20
81.36864129629629
 30
0.0
 10
207.1748530555555
 20
82.36817833333333
 30
0.0
 10
205.4286030555555
 20
82.36817833333333
 30
0.0
 10
203.6823530555555
 20
82.36817833333333
 30
0.0
 10
201.9361030555555
 20
82.36817833333333
 30
0.0
 10
201.6574086111111
 20
82.36817833333333
 30
0.0
 10
201.1317697222222
 20
82.31878944444445
 30
0.0
 10
200.1404641666667
 20
82.31878944444445
 30
0.0
 10
199.1456308333333
 20
82.31878944444445
 30
0.0
 10
198.6199919444444
 20
82.36817833333333
 30
0.0
 10
198.3412975
 20
82.36817833333333
 30
0.0
 10
198.0696586111111
 20
82.36817833333333
 30
0.0
 10
197.5581308333333
 20
82.31878944444445
 30
0.0
 10
196.5915197222222
 20
82.31878944444445
 30
0.0
 10
195.6249086111111
 20
82.31878944444445
 30
0.0
 10
195.1133808333333
 20
82.36817833333333
 30
0.0
 10
194.8417419444444
 20
82.36817833333333
 30
0.0
 10
194.5701030555555
 20
82.36817833333333
 30
0.0
 10
194.0585752777778
 20
82.31878944444445
 30
0.0
 10
193.0919641666667
 20
82.31878944444445
 30
0.0
 10
192.1253530555555
 20
82.31878944444445
 30
0.0
 10
191.6138252777777
 20
82.36817833333333
 30
0.0
 10
191.3421863888889
 20
82.36817833333333
 30
0.0
 10
191.0705475
 20
82.36817833333333
 30
0.0
 10
190.5590197222222
 20
82.31878944444445
 30
0.0
 10
189.5924086111111
 20
82.31878944444445
 30
0.0
 10
188.6257975
 20
82.31878944444445
 30
0.0
 10
187.8426308333333
 20
82.34348388888888
 30
0.0
 10
187.8426308333333
 20
82.36817833333333
 30
0.0
 10
187.8426308333333
 20
87.13773388888889
 30
0.0
 10
196.0023808333333
 20
89.50487277777778
 30
0.0
 10
207.2101308333333
 20
89.50487277777778
 30
0.0
 10
214.5126308333333
 20
89.50487277777778
 30
0.0
 10
221.5117419444444
 20
88.866345
 30
0.0
 10
221.5117419444444
 20
85.86773388888889
 30
0.0
 10
221.5117419444444
 20
85.83951166666667
 30
0.0
 10
220.7285752777778
 20
85.818345
 30
0.0
 10
219.7619641666667
 20
85.818345
 30
0.0
 10
218.7953530555556
 20
85.818345
 30
0.0
 10
218.2838252777778
 20
85.86773388888889
 30
0.0
 10
218.0121863888889
 20
85.86773388888889
 30
0.0
 10
216.8456678703703
 20
85.86773388888889
 30
0.0
 10
215.6791493518518
 20
85.86773388888889
 30
0.0
 10
214.5126308333333
 20
85.86773388888889
 30
0.0
 10
214.5126308333333
 20
84.86819685185185
 30
0.0
 10
214.5126308333333
 20
83.8686598148148
 30
0.0
 10
214.5126308333333
 20
82.86912277777778
 30
0.0
 10
215.6791493518518
 20
82.86912277777778
 30
0.0
 10
216.8456678703703
 20
82.86912277777778
 30
0.0
 10
218.0121863888889
 20
82.86912277777778
 30
0.0
 10
218.2838252777778
 20
82.86912277777778
 30
0.0
 10
218.7953530555556
 20
82.91851166666666
 30
0.0
 10
219.7619641666667
 20
82.91851166666666
 30
0.0
 10
220.7285752777778
 20
82.91851166666666
 30
0.0
 10
221.5117419444444
 20
82.89381722222222
 30
0.0
 10
221.5117419444444
 20
82.86912277777778
 30
0.0
 10
221.5117419444444
 20
82.51281722222222
 30
0.0
 10
222.1573252777778
 20
81.97306722222221
 30
0.0
 10
222.1573252777778
 20
80.86887277777777
 30
0.0
 10
222.1573252777778
 20
79.76115055555556
 30
0.0
 10
221.5117419444444
 20
79.22140055555555
 30
0.0
 10
221.5117419444444
 20
78.86862277777777
 30
0.0
 10
221.5117419444444
 20
78.84040055555555
 30
0.0
 10
220.7285752777778
 20
78.81923388888887
 30
0.0
 10
219.7619641666667
 20
78.81923388888887
 30
0.0
 10
218.7953530555556
 20
78.81923388888887
 30
0.0
 10
218.2838252777778
 20
78.86862277777777
 30
0.0
 10
218.0121863888889
 20
78.86862277777777
 30
0.0
 10
216.8456678703703
 20
78.86862277777777
 30
0.0
 10
215.6791493518518
 20
78.86862277777777
 30
0.0
 10
214.5126308333333
 20
78.86862277777777
 30
0.0
 10
214.5126308333333
 20
77.86908574074074
 30
0.0
 10
214.5126308333333
 20
76.8695487037037
 30
0.0
 10
214.5126308333333
 20
75.87001166666667
 30
0.0
 10
215.6791493518518
 20
75.87001166666667
 30
0.0
 10
216.8456678703703
 20
75.87001166666667
 30
0.0
 10
218.0121863888889
 20
75.87001166666667
 30
0.0
 10
218.2838252777778
 20
75.87001166666667
 30
0.0
 10
218.7953530555556
 20
75.91940055555555
 30
0.0
 10
219.7619641666667
 20
75.91940055555555
 30
0.0
 10
220.7285752777778
 20
75.91940055555555
 30
0.0
 10
221.5117419444444
 20
75.8947061111111
 30
0.0
 10
221.5117419444444
 20
75.87001166666667
 30
0.0
 10
221.5117419444444
 20
72.87140055555555
 30
0.0
 10
214.5126308333333
 20
72.23287277777777
 30
0.0
 10
207.2101308333333
 20
72.23287277777777
 30
0.0
  0
SPLINE
  5
1A4
330
1F
100
AcDbEntity
  8
DEFAULT
 62
    18
100
AcDbSpline
210
0.0
220
0.0
230
1.0
 70
     8
 71
     3
 72
    26
 73
    22
 74
     0
 42
0.000000001
 43
0.0000000001
 40
0.0
 40
0.0
 40
0.0
 40
0.0
 40
1.886999999999944
 40
1.886999999999944
 40
1.886999999999944
 40
4.640999999999963
 40
4.640999999999963
 40
4.640999999999963
 40
5.640999999999963
 40
5.640999999999963
 40
5.640999999999963
 40
6.640999999999963
 40
6.640999999999963
 40
6.640999999999963
 40
7.640999999999963
 40
7.640999999999963
 40
7.640999999999963
 40
8.640999999999963
 40
8.640999999999963
 40
8.640999999999963
 40
9.640999999999963
 40
9.640999999999963
 40
9.640999999999963
 40
9.640999999999963
 10
204.8359011111111
 20
135.1796819444444
 30
0.0
 10
204.6140038888889
 20
135.1796819444444
 30
0.0
 10
204.3921066666667
 20
135.1796819444444
 30
0.0
 10
204.1702094444445
 20
135.1796819444444
 30
0.0
 10
204.1702094444445
 20
135.5035319444444
 30
0.0
 10
204.1702094444445
 20
135.8273819444444
 30
0.0
 10
204.1702094444445
 20
136.1512319444444
 30
0.0
 10
204.2873316666667
 20
136.1932125
 30
0.0
 10
204.5180483333333
 20
136.2620041666667
 30
0.0
 10
204.7907455555555
 20
136.2620041666667
 30
0.0
 10
205.0966038888889
 20
136.2620041666667
 30
0.0
 10
205.3484872222222
 20
136.1840402777778
 30
0.0
 10
205.5463955555555
 20
135.9953041666667
 30
0.0
 10
205.720315
 20
135.8273819444445
 30
0.0
 10
205.828265
 20
135.5575069444444
 30
0.0
 10
205.828265
 20
135.2428291666667
 30
0.0
 10
205.8254427777777
 20
134.6399319444444
 30
0.0
 10
205.4116344444444
 20
134.1993125
 30
0.0
 10
204.7339483333333
 20
134.1993125
 30
0.0
 10
204.5000566666666
 20
134.1993125
 30
0.0
 10
204.3173177777778
 20
134.2501125
 30
0.0
 10
204.2301816666667
 20
134.2920930555555
 30
0.0
  0
POLYLINE
  5
1A5
330
1F
100
AcDbEntity
  8
DEFAULT
 62
    18
100
AcDb2dPolyline
 66
     1
 10
0.0
 20
0.0
 30
0.0
  0
VERTEX
  5
1A6
330
1A5
100
AcDbEntity
  8
DEFAULT
 62
    18
100
AcDbVertex
100
AcDb2dVertex
 10
204.4551480555556
 20
127.4326113888889
 30
0.0
  0
VERTEX
  5
1A7
330
1A5
100
AcDbEntity
  8
DEFAULT
 62
    18
100
AcDbVertex
100
AcDb2dVertex
 10
205.4806730555556
 20
127.4326113888889
 30
0.0
  0
SEQEND
  5
1A8
330
1A5
100
AcDbEntity
  8
DEFAULT
 62
    18
  0
POLYLINE
  5
1A9
330
1F
100
AcDbEntity
  8
DEFAULT
 62
    18
100
AcDb2dPolyline
 66
     1
 10
0.0
 20
0.0
 30
0.0
  0
VERTEX
  5
1AA
330
1A9
100
AcDbEntity
  8
DEFAULT
 62
    18
100
AcDbVertex
100
AcDb2dVertex
 10
204.4551480555556
 20
126.3022761111111
 30
0.0
  0
VERTEX
  5
1AB
330
1A9
100
AcDbEntity
  8
DEFAULT
 62
    18
100
AcDbVertex
100
AcDb2dVertex
 10
204.4551480555556
 20
128.32334
 30
0.0
  0
VERTEX
  5
1AC
330
1A9
100
AcDbEntity
  8
DEFAULT
 62
    18
100
AcDbVertex
100
AcDb2dVertex
 10
205.5434675
 20
128.32334
 30
0.0
  0
SEQEND
  5
1AD
330
1A9
100
AcDbEntity
  8
DEFAULT
 62
    18
  0
SPLINE
  5
1AE
330
1F
100
AcDbEntity
  8
DEFAULT
 62
     1
100
AcDbSpline
210
0.0
220
0.0
230
1.0
 70
    11
 71
     3
 72
    77
 73
    73
 74
     0
 42
0.000000001
 43
0.0000000001
 40
1.0
 40
1.0
 40
1.0
 40
1.0
 40
2.0
 40
2.0
 40
2.0
 40
3.0
 40
3.0
 40
3.0
 40
4.0
 40
4.0
 40
4.0
 40
5.0
 40
5.0
 40
5.0
 40
6.0
 40
6.0
 40
6.0
 40
7.0
 40
7.0
 40
7.0
 40
8.0
 40
8.0
 40
8.0
 40
17.91999999999996
 40
17.91999999999996
 40
17.91999999999996
 40
26.41999999999996
 40
26.41999999999996
 40
26.41999999999996
 40
36.33999999999992
 40
36.33999999999992
 40
36.33999999999992
 40
37.33999999999992
 40
37.33999999999992
 40
37.33999999999992
 40
38.33999999999992
 40
38.33999999999992
 40
38.33999999999992
 40
39.33999999999992
 40
39.33999999999992
 40
39.33999999999992
 40
40.33999999999992
 40
40.33999999999992
 40
40.33999999999992
 40
41.33999999999992
 40
41.33999999999992
 40
41.33999999999992
 40
42.33999999999992
 40
42.33999999999992
 40
42.33999999999992
 40
43.33999999999992
 40
43.33999999999992
 40
43.33999999999992
 40
44.33999999999992
 40
44.33999999999992
 40
44.33999999999992
 40
45.33999999999992
 40
45.33999999999992
 40
45.33999999999992
 40
55.25999999999988
 40
55.25999999999988
 40
55.25999999999988
 40
63.75999999999988
 40
63.75999999999988
 40
63.75999999999988
 40
73.67999999999984
 40
73.67999999999984
 40
73.67999999999984
 40
74.67999999999984
 40
74.67999999999984
 40
74.67999999999984
 40
75.67999999999984
 40
75.67999999999984
 40
75.67999999999984
 40
75.67999999999984
 10
203.5006725
 20
117.2716941666666
 30
0.0
 10
192.7049669444444
 20
117.2716941666666
 30
0.0
 10
192.7797558333333
 20
116.7224191666667
 30
0.0
 10
192.2929225
 20
120.7712497222222
 30
0.0
 10
191.5845447222222
 20
126.6647552777778
 30
0.0
 10
195.9053669444444
 20
128.7087497222222
 30
0.0
 10
200.7666447222222
 20
130.8289441666666
 30
0.0
 10
201.1229502777778
 20
130.9876941666666
 30
0.0
 10
201.0594502777778
 20
131.5344997222222
 30
0.0
 10
200.6043669444444
 20
131.6826663888889
 30
0.0
 10
195.6972280555555
 20
133.2878052777777
 30
0.0
 10
189.7395169444444
 20
134.1496413888889
 30
0.0
 10
191.2927975
 20
140.9818886111111
 30
0.0
 10
192.3691225
 20
145.7147552777778
 30
0.0
 10
193.2443641666667
 20
145.2716663888889
 30
0.0
 10
203.5006725
 20
145.2716663888889
 30
0.0
 10
203.5288947222222
 20
145.2716663888889
 30
0.0
 10
203.5500613888889
 20
144.4884997222222
 30
0.0
 10
203.5500613888889
 20
143.5218886111111
 30
0.0
 10
203.5500613888889
 20
142.5552775
 30
0.0
 10
203.5006725
 20
142.0437497222222
 30
0.0
 10
203.5006725
 20
141.7721108333333
 30
0.0
 10
203.5006725
 20
140.6055923148148
 30
0.0
 10
203.5006725
 20
139.4390737962963
 30
0.0
 10
203.5006725
 20
138.2725552777778
 30
0.0
 10
204.500209537037
 20
138.2725552777778
 30
0.0
 10
205.4997465740741
 20
138.2725552777778
 30
0.0
 10
206.4992836111111
 20
138.2725552777778
 30
0.0
 10
206.4992836111111
 20
139.4390737962963
 30
0.0
 10
206.4992836111111
 20
140.6055923148148
 30
0.0
 10
206.4992836111111
 20
141.7721108333333
 30
0.0
 10
206.4992836111111
 20
142.0437497222222
 30
0.0
 10
206.4498947222222
 20
142.5552775
 30
0.0
 10
206.4498947222222
 20
143.5218886111111
 30
0.0
 10
206.4498947222222
 20
144.4884997222222
 30
0.0
 10
206.4745891666666
 20
145.2716663888889
 30
0.0
 10
206.4992836111111
 20
145.2716663888889
 30
0.0
 10
216.7552391666667
 20
145.2716663888889
 30
0.0
 10
217.6308336111111
 20
145.7147552777778
 30
0.0
 10
218.7071586111111
 20
140.9818886111111
 30
0.0
 10
220.2604391666667
 20
134.1496413888889
 30
0.0
 10
214.3027280555555
 20
133.2878052777777
 30
0.0
 10
209.3955891666667
 20
131.6826663888889
 30
0.0
 10
208.9405058333333
 20
131.5344997222222
 30
0.0
 10
208.8770058333333
 20
130.9876941666666
 30
0.0
 10
209.2333113888889
 20
130.8289441666666
 30
0.0
 10
214.0945891666667
 20
128.7087497222222
 30
0.0
 10
218.4154113888889
 20
126.6647552777778
 30
0.0
 10
217.7070336111111
 20
120.7712497222222
 30
0.0
 10
217.2202002777778
 20
116.7224191666667
 30
0.0
 10
217.2949891666667
 20
117.2716941666666
 30
0.0
 10
206.4992836111111
 20
117.2716941666666
 30
0.0
 10
206.4710613888889
 20
117.2716941666666
 30
0.0
 10
206.4498947222222
 20
118.0548608333333
 30
0.0
 10
206.4498947222222
 20
119.0214719444444
 30
0.0
 10
206.4498947222222
 20
119.9880830555555
 30
0.0
 10
206.4992836111111
 20
120.4996108333333
 30
0.0
 10
206.4992836111111
 20
120.7712497222222
 30
0.0
 10
206.4992836111111
 20
121.9377682407407
 30
0.0
 10
206.4992836111111
 20
123.1042867592593
 30
0.0
 10
206.4992836111111
 20
124.2708052777778
 30
0.0
 10
205.4997465740741
 20
124.2708052777778
 30
0.0
 10
204.500209537037
 20
124.2708052777778
 30
0.0
 10
203.5006725
 20
124.2708052777778
 30
0.0
 10
203.5006725
 20
123.1042867592593
 30
0.0
 10
203.5006725
 20
121.9377682407407
 30
0.0
 10
203.5006725
 20
120.7712497222222
 30
0.0
 10
203.5006725
 20
120.4996108333333
 30
0.0
 10
203.5500613888889
 20
119.9880830555555
 30
0.0
 10
203.5500613888889
 20
119.0214719444444
 30
0.0
 10
203.5500613888889
 20
118.0548608333333
 30
0.0
 10
203.5253669444444
 20
117.2716941666666
 30
0.0
 10
203.5006725
 20
117.2716941666666
 30
0.0
  0
SPLINE
  5
1AF
330
1F
100
AcDbEntity
  8
DEFAULT
 62
    18
100
AcDbSpline
210
0.0
220
0.0
230
1.0
 70
     8
 71
     3
 72
    17
 73
    13
 74
     0
 42
0.000000001
 43
0.0000000001
 40
0.0
 40
0.0
 40
0.0
 40
0.0
 40
1.0
 40
1.0
 40
1.0
 40
2.0
 40
2.0
 40
2.0
 40
3.0
 40
3.0
 40
3.0
 40
4.0
 40
4.0
 40
4.0
 40
4.0
 10
244.8412891666667
 20
168.8259330555555
 30
0.0
 10
244.9372447222222
 20
168.8739108333333
 30
0.0
 10
245.1291558333333
 20
168.9218886111111
 30
0.0
 10
245.3750419444445
 20
168.9218886111111
 30
0.0
 10
245.9444252777778
 20
168.9218886111111
 30
0.0
 10
246.3734030555555
 20
168.5620552777777
 30
0.0
 10
246.3734030555555
 20
167.8995386111111
 30
0.0
 10
246.3734030555555
 20
167.2670080555556
 30
0.0
 10
245.9444252777778
 20
166.8380302777778
 30
0.0
 10
245.3178919444444
 20
166.8380302777778
 30
0.0
 10
245.0660086111111
 20
166.8380302777778
 30
0.0
 10
244.9072586111111
 20
166.8920052777777
 30
0.0
 10
244.8381141666667
 20
166.9279886111111
 30
0.0
  0
POLYLINE
  5
1B0
330
1F
100
AcDbEntity
  8
DEFAULT
 62
    18
100
AcDb2dPolyline
 66
     1
 10
0.0
 20
0.0
 30
0.0
  0
VERTEX
  5
1B1
330
1B0
100
AcDbEntity
  8
DEFAULT
 62
    18
100
AcDbVertex
100
AcDb2dVertex
 10
244.7637838888888
 20
136.6313272222222
 30
0.0
  0
VERTEX
  5
1B2
330
1B0
100
AcDbEntity
  8
DEFAULT
 62
    18
100
AcDbVertex
100
AcDb2dVertex
 10
245.601631111111
 20
138.6523911111111
 30
0.0
  0
VERTEX
  5
1B3
330
1B0
100
AcDbEntity
  8
DEFAULT
 62
    18
100
AcDbVertex
100
AcDb2dVertex
 10
246.4550005555555
 20
136.6313272222222
 30
0.0
  0
SEQEND
  5
1B4
330
1B0
100
AcDbEntity
  8
DEFAULT
 62
    18
  0
POLYLINE
  5
1B5
330
1F
100
AcDbEntity
  8
DEFAULT
 62
    18
100
AcDb2dPolyline
 66
     1
 10
0.0
 20
0.0
 30
0.0
  0
VERTEX
  5
1B6
330
1B5
100
AcDbEntity
  8
DEFAULT
 62
    18
100
AcDbVertex
100
AcDb2dVertex
 10
246.1881594444444
 20
137.2663272222222
 30
0.0
  0
VERTEX
  5
1B7
330
1B5
100
AcDbEntity
  8
DEFAULT
 62
    18
100
AcDbVertex
100
AcDb2dVertex
 10
245.0275205555555
 20
137.2663272222222
 30
0.0
  0
SEQEND
  5
1B8
330
1B5
100
AcDbEntity
  8
DEFAULT
 62
    18
  0
SPLINE
  5
1B9
330
1F
100
AcDbEntity
  8
DEFAULT
 62
     1
100
AcDbSpline
210
0.0
220
0.0
230
1.0
 70
    11
 71
     3
 72
   179
 73
   175
 74
     0
 42
0.000000001
 43
0.0000000001
 40
1.0
 40
1.0
 40
1.0
 40
1.0
 40
2.0
 40
2.0
 40
2.0
 40
3.0
 40
3.0
 40
3.0
 40
4.0
 40
4.0
 40
4.0
 40
5.0
 40
5.0
 40
5.0
 40
6.0
 40
6.0
 40
6.0
 40
7.0
 40
7.0
 40
7.0
 40
8.0
 40
8.0
 40
8.0
 40
9.0
 40
9.0
 40
9.0
 40
18.91999999999996
 40
18.91999999999996
 40
18.91999999999996
 40
27.41999999999996
 40
27.41999999999996
 40
27.41999999999996
 40
37.33999999999992
 40
37.33999999999992
 40
37.33999999999992
 40
38.33999999999992
 40
38.33999999999992
 40
38.33999999999992
 40
39.33999999999992
 40
39.33999999999992
 40
39.33999999999992
 40
40.33999999999992
 40
40.33999999999992
 40
40.33999999999992
 40
41.33999999999992
 40
41.33999999999992
 40
41.33999999999992
 40
42.33999999999992
 40
42.33999999999992
 40
42.33999999999992
 40
43.33999999999992
 40
43.33999999999992
 40
43.33999999999992
 40
44.33999999999992
 40
44.33999999999992
 40
44.33999999999992
 40
45.33999999999992
 40
45.33999999999992
 40
45.33999999999992
 40
46.33999999999992
 40
46.33999999999992
 40
46.33999999999992
 40
47.33999999999992
 40
47.33999999999992
 40
47.33999999999992
 40
48.33999999999992
 40
48.33999999999992
 40
48.33999999999992
 40
49.33999999999992
 40
49.33999999999992
 40
49.33999999999992
 40
50.33999999999992
 40
50.33999999999992
 40
50.33999999999992
 40
51.33999999999992
 40
51.33999999999992
 40
51.33999999999992
 40
52.33999999999992
 40
52.33999999999992
 40
52.33999999999992
 40
53.33999999999992
 40
53.33999999999992
 40
53.33999999999992
 40
54.33999999999992
 40
54.33999999999992
 40
54.33999999999992
 40
55.33999999999992
 40
55.33999999999992
 40
55.33999999999992
 40
56.33999999999992
 40
56.33999999999992
 40
56.33999999999992
 40
57.33999999999992
 40
57.33999999999992
 40
57.33999999999992
 40
58.33999999999992
 40
58.33999999999992
 40
58.33999999999992
 40
59.33999999999992
 40
59.33999999999992
 40
59.33999999999992
 40
60.33999999999992
 40
60.33999999999992
 40
60.33999999999992
 40
61.33999999999992
 40
61.33999999999992
 40
61.33999999999992
 40
62.33999999999992
 40
62.33999999999992
 40
62.33999999999992
 40
63.33999999999992
 40
63.33999999999992
 40
63.33999999999992
 40
76.46000381097498
 40
76.46000381097498
 40
76.46000381097498
 40
84.96000381097498
 40
84.96000381097498
 40
84.96000381097498
 40
98.08000762195005
 40
98.08000762195005
 40
98.08000762195005
 40
99.08000762195005
 40
99.08000762195005
 40
99.08000762195005
 40
100.08000762195
 40
100.08000762195
 40
100.08000762195
 40
101.08000762195
 40
101.08000762195
 40
101.08000762195
 40
102.08000762195
 40
102.08000762195
 40
102.08000762195
 40
103.08000762195
 40
103.08000762195
 40
103.08000762195
 40
104.08000762195
 40
104.08000762195
 40
104.08000762195
 40
105.08000762195
 40
105.08000762195
 40
105.08000762195
 40
106.08000762195
 40
106.08000762195
 40
106.08000762195
 40
107.08000762195
 40
107.08000762195
 40
107.08000762195
 40
108.08000762195
 40
108.08000762195
 40
108.08000762195
 40
109.08000762195
 40
109.08000762195
 40
109.08000762195
 40
110.08000762195
 40
110.08000762195
 40
110.08000762195
 40
111.08000762195
 40
111.08000762195
 40
111.08000762195
 40
112.08000762195
 40
112.08000762195
 40
112.08000762195
 40
113.08000762195
 40
113.08000762195
 40
113.08000762195
 40
114.08000762195
 40
114.08000762195
 40
114.08000762195
 40
115.08000762195
 40
115.08000762195
 40
115.08000762195
 40
116.08000762195
 40
116.08000762195
 40
116.08000762195
 40
116.08000762195
 10
254.4752975
 20
154.1966972222222
 30
0.0
 10
255.7523530555555
 20
154.1966972222222
 30
0.0
 10
251.6883530555556
 20
160.804225
 30
0.0
 10
249.5822697222222
 20
163.1078638888889
 30
0.0
 10
249.2612419444444
 20
163.4571138888889
 30
0.0
 10
249.2189086111111
 20
163.9121972222222
 30
0.0
 10
249.5434641666666
 20
164.0497805555555
 30
0.0
 10
252.2598530555555
 20
165.0375583333333
 30
0.0
 10
257.3186863888889
 20
166.3640027777778
 30
0.0
 10
256.0310475
 20
168.2090305555555
 30
0.0
 10
255.3219641666666
 20
169.2250305555555
 30
0.0
 10
257.5127141666666
 20
170.7913638888889
 30
0.0
 10
257.5127141666666
 20
173.9945861111111
 30
0.0
 10
257.5127141666666
 20
176.4428638888889
 30
0.0
 10
255.4172141666666
 20
174.5731416666667
 30
0.0
 10
255.4172141666666
 20
176.8132805555555
 30
0.0
 10
255.4172141666666
 20
178.3125861111111
 30
0.0
 10
251.4096586111111
 20
177.9210027777778
 30
0.0
 10
247.1057697222222
 20
177.9210027777778
 30
0.0
 10
247.0810752777778
 20
177.9210027777778
 30
0.0
 10
247.0563808333333
 20
177.1378361111111
 30
0.0
 10
247.0563808333333
 20
176.171225
 30
0.0
 10
247.0563808333333
 20
175.2046138888889
 30
0.0
 10
247.1057697222222
 20
174.6930861111111
 30
0.0
 10
247.1057697222222
 20
174.4214472222222
 30
0.0
 10
247.1057697222222
 20
173.2549287037037
 30
0.0
 10
247.1057697222222
 20
172.0884101851852
 30
0.0
 10
247.1057697222222
 20
170.9218916666667
 30
0.0
 10
246.1062326851852
 20
170.9218916666667
 30
0.0
 10
245.1066956481481
 20
170.9218916666667
 30
0.0
 10
244.1071586111111
 20
170.9218916666667
 30
0.0
 10
244.1071586111111
 20
172.0884101851852
 30
0.0
 10
244.1071586111111
 20
173.2549287037037
 30
0.0
 10
244.1071586111111
 20
174.4214472222222
 30
0.0
 10
244.1071586111111
 20
174.6930861111111
 30
0.0
 10
244.1565475
 20
175.2046138888889
 30
0.0
 10
244.1565475
 20
176.171225
 30
0.0
 10
244.1565475
 20
177.1378361111111
 30
0.0
 10
244.1353808333333
 20
177.9210027777778
 30
0.0
 10
244.1071586111111
 20
177.9210027777778
 30
0.0
 10
239.8032697222222
 20
177.9210027777778
 30
0.0
 10
235.7957141666667
 20
178.3125861111111
 30
0.0
 10
235.7957141666667
 20
176.8132805555555
 30
0.0
 10
235.7957141666667
 20
174.5731416666667
 30
0.0
 10
233.7002141666667
 20
176.4428638888889
 30
0.0
 10
233.7002141666667
 20
173.9945861111111
 30
0.0
 10
233.7002141666667
 20
170.7913638888889
 30
0.0
 10
235.8874363888889
 20
169.2250305555555
 30
0.0
 10
235.1783530555556
 20
168.2090305555555
 30
0.0
 10
233.8907141666666
 20
166.3640027777778
 30
0.0
 10
238.9460197222222
 20
165.0375583333333
 30
0.0
 10
241.6659363888889
 20
164.0497805555555
 30
0.0
 10
241.9904919444444
 20
163.9121972222222
 30
0.0
 10
241.9516863888889
 20
163.4571138888889
 30
0.0
 10
241.6306586111111
 20
163.1078638888889
 30
0.0
 10
239.5175197222222
 20
160.804225
 30
0.0
 10
235.4570475
 20
154.1966972222222
 30
0.0
 10
236.7305752777778
 20
154.1966972222222
 30
0.0
 10
237.3832141666667
 20
154.1966972222222
 30
0.0
 10
233.9295197222222
 20
137.4291694444444
 30
0.0
 10
235.1042697222222
 20
137.4291694444444
 30
0.0
 10
236.1484919444445
 20
137.4291694444444
 30
0.0
 10
234.5468808333333
 20
123.1628361111111
 30
0.0
 10
236.0673530555556
 20
123.1628361111111
 30
0.0
 10
237.6724919444444
 20
123.1628361111111
 30
0.0
 10
238.4732975
 20
109.3939194444444
 30
0.0
 10
239.7009641666667
 20
109.3939194444444
 30
0.0
 10
240.8862975
 20
109.3939194444444
 30
0.0
 10
240.8757141666667
 20
105.4216416666667
 30
0.0
 10
244.1177419444444
 20
105.2840583333333
 30
0.0
 10
244.1424363888889
 20
105.3651972222222
 30
0.0
 10
244.1636030555555
 20
106.1166138888889
 30
0.0
 10
244.1636030555555
 20
107.0267805555556
 30
0.0
 10
244.1636030555555
 20
107.9933916666667
 30
0.0
 10
244.1142141666666
 20
108.5049194444445
 30
0.0
 10
244.1142141666666
 20
108.7765583333333
 30
0.0
 10
244.1142141666666
 20
109.0481972222222
 30
0.0
 10
244.1636030555555
 20
109.559725
 30
0.0
 10
244.1636030555555
 20
110.5263361111111
 30
0.0
 10
244.1636030555555
 20
111.4929472222222
 30
0.0
 10
244.1142141666666
 20
112.004475
 30
0.0
 10
244.1142141666666
 20
112.2761138888889
 30
0.0
 10
244.1142141666666
 20
112.5477527777778
 30
0.0
 10
244.1636030555555
 20
113.0592805555555
 30
0.0
 10
244.1636030555555
 20
114.0258916666667
 30
0.0
 10
244.1636030555555
 20
114.9925027777778
 30
0.0
 10
244.1142141666666
 20
115.5040305555555
 30
0.0
 10
244.1142141666666
 20
115.7756694444444
 30
0.0
 10
244.1142141666666
 20
116.0473083333333
 30
0.0
 10
244.1636030555555
 20
116.5588361111111
 30
0.0
 10
244.1636030555555
 20
117.5254472222222
 30
0.0
 10
244.1636030555555
 20
118.4920583333333
 30
0.0
 10
244.1142141666666
 20
119.0035861111111
 30
0.0
 10
244.1142141666666
 20
119.275225
 30
0.0
 10
244.1142141666666
 20
119.5468638888889
 30
0.0
 10
244.1636030555555
 20
120.0583916666667
 30
0.0
 10
244.1636030555555
 20
121.0250027777778
 30
0.0
 10
244.1636030555555
 20
121.9916138888889
 30
0.0
 10
244.1142141666666
 20
122.5031416666667
 30
0.0
 10
244.1142141666666
 20
122.7747805555556
 30
0.0
 10
244.1142141666666
 20
123.0570027777778
 30
0.0
 10
244.1636030555555
 20
123.5826416666666
 30
0.0
 10
244.1636030555555
 20
124.5739472222222
 30
0.0
 10
244.1636030555555
 20
125.5687805555556
 30
0.0
 10
244.1142141666666
 20
126.0944194444444
 30
0.0
 10
244.1142141666666
 20
126.3731138888889
 30
0.0
 10
244.1142141666666
 20
126.6518083333333
 30
0.0
 10
244.1636030555555
 20
127.1774472222222
 30
0.0
 10
244.1636030555555
 20
128.1722805555555
 30
0.0
 10
244.1636030555555
 20
129.1635861111111
 30
0.0
 10
244.1142141666666
 20
129.689225
 30
0.0
 10
244.1142141666666
 20
129.9714472222222
 30
0.0
 10
244.1130382407407
 20
131.514262037037
 30
0.0
 10
244.1118623148148
 20
133.0570768518519
 30
0.0
 10
244.1106863888889
 20
134.5998916666667
 30
0.0
 10
245.1102234259259
 20
134.5998916666667
 30
0.0
 10
246.109760462963
 20
134.5998916666667
 30
0.0
 10
247.1092975
 20
134.5998916666667
 30
0.0
 10
247.1104734259259
 20
133.0570768518519
 30
0.0
 10
247.1116493518518
 20
131.514262037037
 30
0.0
 10
247.1128252777778
 20
129.9714472222222
 30
0.0
 10
247.1128252777778
 20
129.689225
 30
0.0
 10
247.0634363888889
 20
129.1635861111111
 30
0.0
 10
247.0634363888889
 20
128.1722805555555
 30
0.0
 10
247.0634363888889
 20
127.1774472222222
 30
0.0
 10
247.1128252777778
 20
126.6518083333333
 30
0.0
 10
247.1128252777778
 20
126.3731138888889
 30
0.0
 10
247.1128252777778
 20
126.0944194444444
 30
0.0
 10
247.0634363888889
 20
125.5687805555556
 30
0.0
 10
247.0634363888889
 20
124.5739472222222
 30
0.0
 10
247.0634363888889
 20
123.5826416666666
 30
0.0
 10
247.1128252777778
 20
123.0570027777778
 30
0.0
 10
247.1128252777778
 20
122.7747805555556
 30
0.0
 10
247.1128252777778
 20
122.5031416666667
 30
0.0
 10
247.0634363888889
 20
121.9916138888889
 30
0.0
 10
247.0634363888889
 20
121.0250027777778
 30
0.0
 10
247.0634363888889
 20
120.0583916666667
 30
0.0
 10
247.1128252777778
 20
119.5468638888889
 30
0.0
 10
247.1128252777778
 20
119.275225
 30
0.0
 10
247.1128252777778
 20
119.0035861111111
 30
0.0
 10
247.0634363888889
 20
118.4920583333333
 30
0.0
 10
247.0634363888889
 20
117.5254472222222
 30
0.0
 10
247.0634363888889
 20
116.5588361111111
 30
0.0
 10
247.1128252777778
 20
116.0473083333333
 30
0.0
 10
247.1128252777778
 20
115.7756694444444
 30
0.0
 10
247.1128252777778
 20
115.5040305555555
 30
0.0
 10
247.0634363888889
 20
114.9925027777778
 30
0.0
 10
247.0634363888889
 20
114.0258916666667
 30
0.0
 10
247.0634363888889
 20
113.0592805555555
 30
0.0
 10
247.1128252777778
 20
112.5477527777778
 30
0.0
 10
247.1128252777778
 20
112.2761138888889
 30
0.0
 10
247.1128252777778
 20
112.004475
 30
0.0
 10
247.0634363888889
 20
111.4929472222222
 30
0.0
 10
247.0634363888889
 20
110.5263361111111
 30
0.0
 10
247.0634363888889
 20
109.559725
 30
0.0
 10
247.1128252777778
 20
109.0481972222222
 30
0.0
 10
247.1128252777778
 20
108.7765583333333
 30
0.0
 10
247.1128252777778
 20
108.5049194444445
 30
0.0
 10
247.0634363888889
 20
107.9933916666667
 30
0.0
 10
247.0634363888889
 20
107.0267805555556
 30
0.0
 10
247.0634363888889
 20
106.1236694444444
 30
0.0
 10
247.0810752777778
 20
105.3793083333333
 30
0.0
 10
247.1128252777778
 20
105.2840583333333
 30
0.0
 10
250.3372141666667
 20
105.4392805555556
 30
0.0
 10
250.3195752777778
 20
109.3939194444444
 30
0.0
 10
251.5084363888889
 20
109.3939194444444
 30
0.0
 10
252.7325752777778
 20
109.3939194444444
 30
0.0
 10
253.5333808333333
 20
123.1628361111111
 30
0.0
 10
255.1420475
 20
123.1628361111111
 30
0.0
 10
256.6625197222222
 20
123.1628361111111
 30
0.0
 10
255.0609086111111
 20
137.4291694444444
 30
0.0
 10
256.1051308333333
 20
137.4291694444444
 30
0.0
 10
257.2798808333333
 20
137.4291694444444
 30
0.0
 10
253.8226586111111
 20
154.1966972222222
 30
0.0
 10
254.4752975
 20
154.1966972222222
 30
0.0
  0
SPLINE
  5
1BA
330
1F
100
AcDbEntity
  8
DEFAULT
 62
     1
100
AcDbSpline
210
0.0
220
0.0
230
1.0
 70
    11
 71
     3
 72
    20
 73
    16
 74
     0
 42
0.000000001
 43
0.0000000001
 40
1.0
 40
1.0
 40
1.0
 40
1.0
 40
2.0
 40
2.0
 40
2.0
 40
3.0
 40
3.0
 40
3.0
 40
29.44999999999999
 40
29.44999999999999
 40
29.44999999999999
 40
30.44999999999999
 40
30.44999999999999
 40
30.44999999999999
 40
31.44999999999999
 40
31.44999999999999
 40
31.44999999999999
 40
31.44999999999999
 10
237.2738530555555
 20
143.532225
 30
0.0
 10
237.3655752777778
 20
146.3332805555555
 30
0.0
 10
237.7571586111111
 20
150.0445027777778
 30
0.0
 10
239.0941863888889
 20
152.4751416666667
 30
0.0
 10
239.6656863888889
 20
153.5193638888889
 30
0.0
 10
242.3432697222222
 20
154.1543638888889
 30
0.0
 10
242.3432697222222
 20
153.4241138888889
 30
0.0
 10
242.3432697222222
 20
150.3137898148148
 30
0.0
 10
242.3432697222222
 20
147.2034657407407
 30
0.0
 10
242.3432697222222
 20
144.0931416666667
 30
0.0
 10
242.3432697222222
 20
141.0627805555555
 30
0.0
 10
241.4436863888889
 20
142.1140583333333
 30
0.0
 10
238.6779086111111
 20
140.7805583333333
 30
0.0
 10
237.2809086111111
 20
140.1067527777778
 30
0.0
 10
237.1609641666666
 20
140.0644194444444
 30
0.0
 10
237.2738530555555
 20
143.532225
 30
0.0
  0
SPLINE
  5
1BB
330
1F
100
AcDbEntity
  8
DEFAULT
 62
     1
100
AcDbSpline
210
0.0
220
0.0
230
1.0
 70
    11
 71
     3
 72
    20
 73
    16
 74
     0
 42
0.000000001
 43
0.0000000001
 40
1.0
 40
1.0
 40
1.0
 40
1.0
 40
2.0
 40
2.0
 40
2.0
 40
3.0
 40
3.0
 40
3.0
 40
30.04000000000002
 40
30.04000000000002
 40
30.04000000000002
 40
31.04000000000002
 40
31.04000000000002
 40
31.04000000000002
 40
32.04000000000002
 40
32.04000000000002
 40
32.04000000000002
 40
32.04000000000002
 10
237.1856586111111
 20
128.3416138888889
 30
0.0
 10
237.2138808333333
 20
130.7087527777778
 30
0.0
 10
237.1468530555555
 20
135.9686694444444
 30
0.0
 10
237.8841586111111
 20
137.8348638888889
 30
0.0
 10
238.4344919444444
 20
139.2353916666667
 30
0.0
 10
242.3432697222222
 20
140.1314472222222
 30
0.0
 10
242.3432697222222
 20
138.8931972222222
 30
0.0
 10
242.3432697222222
 20
135.7134935185185
 30
0.0
 10
242.3432697222222
 20
132.5337898148148
 30
0.0
 10
242.3432697222222
 20
129.3540861111111
 30
0.0
 10
242.3432697222222
 20
125.9145027777778
 30
0.0
 10
241.1826308333333
 20
127.5725583333333
 30
0.0
 10
239.0800752777778
 20
126.4613083333333
 30
0.0
 10
237.5384363888889
 20
125.6463916666667
 30
0.0
 10
237.1397975
 20
124.8738083333333
 30
0.0
 10
237.1856586111111
 20
128.3416138888889
 30
0.0
  0
SPLINE
  5
1BC
330
1F
100
AcDbEntity
  8
DEFAULT
 62
     1
100
AcDbSpline
210
0.0
220
0.0
230
1.0
 70
    11
 71
     3
 72
    14
 73
    10
 74
     0
 42
0.000000001
 43
0.0000000001
 40
3.939999999999998
 40
3.939999999999998
 40
3.939999999999998
 40
3.939999999999998
 40
4.939999999999998
 40
4.939999999999998
 40
4.939999999999998
 40
5.939999999999998
 40
5.939999999999998
 40
5.939999999999998
 40
9.879999999999995
 40
9.879999999999995
 40
9.879999999999995
 40
9.879999999999995
 10
242.3432697222222
 20
109.115225
 30
0.0
 10
242.3432697222222
 20
107.8699194444444
 30
0.0
 10
240.8333808333333
 20
110.1065305555556
 30
0.0
 10
241.5354086111111
 20
110.8261972222222
 30
0.0
 10
241.9904919444444
 20
111.2953916666667
 30
0.0
 10
242.3432697222222
 20
111.2989194444444
 30
0.0
 10
242.3432697222222
 20
110.5051694444444
 30
0.0
 10
242.3432697222222
 20
110.0418546296296
 30
0.0
 10
242.3432697222222
 20
109.5785398148148
 30
0.0
 10
242.3432697222222
 20
109.115225
 30
0.0
  0
SPLINE
  5
1BD
330
1F
100
AcDbEntity
  8
DEFAULT
 62
     1
100
AcDbSpline
210
0.0
220
0.0
230
1.0
 70
    11
 71
     3
 72
    20
 73
    16
 74
     0
 42
0.000000001
 43
0.0000000001
 40
1.0
 40
1.0
 40
1.0
 40
1.0
 40
2.0
 40
2.0
 40
2.0
 40
3.0
 40
3.0
 40
3.0
 40
4.0
 40
4.0
 40
4.0
 40
29.87
 40
29.87
 40
29.87
 40
30.87
 40
30.87
 40
30.87
 40
30.87
 10
240.9568530555556
 20
112.8158638888889
 30
0.0
 10
240.3112697222222
 20
112.5477527777778
 30
0.0
 10
240.3112697222222
 20
112.5265861111111
 30
0.0
 10
239.6586308333333
 20
115.9520583333333
 30
0.0
 10
239.1753252777778
 20
118.4744194444444
 30
0.0
 10
238.3251308333333
 20
123.116975
 30
0.0
 10
239.1682697222222
 20
123.8648638888889
 30
0.0
 10
240.5370475
 20
125.0748916666667
 30
0.0
 10
242.3432697222222
 20
125.2689194444444
 30
0.0
 10
242.3432697222222
 20
124.2529194444444
 30
0.0
 10
242.3432697222222
 20
121.2107990740741
 30
0.0
 10
242.3432697222222
 20
118.1686787037037
 30
0.0
 10
242.3432697222222
 20
115.1265583333333
 30
0.0
 10
242.3432697222222
 20
112.4630861111111
 30
0.0
 10
242.5231863888889
 20
113.4543916666667
 30
0.0
 10
240.9568530555556
 20
112.8158638888889
 30
0.0
  0
SPLINE
  5
1BE
330
1F
100
AcDbEntity
  8
DEFAULT
 62
     1
100
AcDbSpline
210
0.0
220
0.0
230
1.0
 70
    11
 71
     3
 72
    17
 73
    13
 74
     0
 42
0.000000001
 43
0.0000000001
 40
1.0
 40
1.0
 40
1.0
 40
1.0
 40
2.0
 40
2.0
 40
2.0
 40
3.850000000000023
 40
3.850000000000023
 40
3.850000000000023
 40
9.160000000000025
 40
9.160000000000025
 40
9.160000000000025
 40
10.16000000000003
 40
10.16000000000003
 40
10.16000000000003
 40
10.16000000000003
 10
239.8138530555556
 20
155.3396972222222
 30
0.0
 10
237.2562141666667
 20
153.9638638888889
 30
0.0
 10
242.3432697222222
 20
162.4199472222222
 30
0.0
 10
242.3432697222222
 20
160.1939194444444
 30
0.0
 10
242.3432697222222
 20
159.9763731481481
 30
0.0
 10
242.3432697222222
 20
159.7588268518518
 30
0.0
 10
242.3432697222222
 20
159.5412805555555
 30
0.0
 10
242.3432697222222
 20
158.9168638888889
 30
0.0
 10
242.3432697222222
 20
158.2924472222222
 30
0.0
 10
242.3432697222222
 20
157.6680305555555
 30
0.0
 10
242.3432697222222
 20
154.8422805555555
 30
0.0
 10
242.6149086111111
 20
156.8460583333333
 30
0.0
 10
239.8138530555556
 20
155.3396972222222
 30
0.0
  0
SPLINE
  5
1BF
330
1F
100
AcDbEntity
  8
DEFAULT
 62
     1
100
AcDbSpline
210
0.0
220
0.0
230
1.0
 70
    11
 71
     3
 72
    20
 73
    16
 74
     0
 42
0.000000001
 43
0.0000000001
 40
1.0
 40
1.0
 40
1.0
 40
1.0
 40
2.0
 40
2.0
 40
2.0
 40
3.0
 40
3.0
 40
3.0
 40
29.44999999999999
 40
29.44999999999999
 40
29.44999999999999
 40
30.44999999999999
 40
30.44999999999999
 40
30.44999999999999
 40
31.44999999999999
 40
31.44999999999999
 40
31.44999999999999
 40
31.44999999999999
 10
253.9390752777778
 20
143.532225
 30
0.0
 10
254.0519641666667
 20
140.0644194444444
 30
0.0
 10
253.9320197222222
 20
140.1067527777778
 30
0.0
 10
252.5350197222222
 20
140.7805583333333
 30
0.0
 10
249.7692419444444
 20
142.1140583333333
 30
0.0
 10
248.8696586111111
 20
141.0627805555555
 30
0.0
 10
248.8696586111111
 20
144.0931416666667
 30
0.0
 10
248.8696586111111
 20
147.2034657407407
 30
0.0
 10
248.8696586111111
 20
150.3137898148148
 30
0.0
 10
248.8696586111111
 20
153.4241138888889
 30
0.0
 10
248.8696586111111
 20
154.1543638888889
 30
0.0
 10
251.5472419444444
 20
153.5193638888889
 30
0.0
 10
252.1187419444445
 20
152.4751416666667
 30
0.0
 10
253.4557697222222
 20
150.0445027777778
 30
0.0
 10
253.8473530555555
 20
146.3332805555555
 30
0.0
 10
253.9390752777778
 20
143.532225
 30
0.0
  0
SPLINE
  5
1C0
330
1F
100
AcDbEntity
  8
DEFAULT
 62
     1
100
AcDbSpline
210
0.0
220
0.0
230
1.0
 70
    11
 71
     3
 72
    17
 73
    13
 74
     0
 42
0.000000001
 43
0.0000000001
 40
1.0
 40
1.0
 40
1.0
 40
1.0
 40
6.310000000000002
 40
6.310000000000002
 40
6.310000000000002
 40
8.160000000000025
 40
8.160000000000025
 40
8.160000000000025
 40
9.160000000000025
 40
9.160000000000025
 40
9.160000000000025
 40
10.16000000000003
 40
10.16000000000003
 40
10.16000000000003
 40
10.16000000000003
 10
248.8696586111111
 20
157.6680305555555
 30
0.0
 10
248.8696586111111
 20
158.2924472222222
 30
0.0
 10
248.8696586111111
 20
158.9168638888889
 30
0.0
 10
248.8696586111111
 20
159.5412805555555
 30
0.0
 10
248.8696586111111
 20
159.7588268518518
 30
0.0
 10
248.8696586111111
 20
159.9763731481482
 30
0.0
 10
248.8696586111111
 20
160.1939194444444
 30
0.0
 10
248.8696586111111
 20
162.4199472222222
 30
0.0
 10
253.9567141666666
 20
153.9638638888889
 30
0.0
 10
251.3990752777777
 20
155.3396972222222
 30
0.0
 10
248.5980197222222
 20
156.8460583333333
 30
0.0
 10
248.8696586111111
 20
154.8422805555555
 30
0.0
 10
248.8696586111111
 20
157.6680305555555
 30
0.0
  0
SPLINE
  5
1C1
330
1F
100
AcDbEntity
  8
DEFAULT
 62
     1
100
AcDbSpline
210
0.0
220
0.0
230
1.0
 70
    11
 71
     3
 72
    14
 73
    10
 74
     0
 42
0.000000001
 43
0.0000000001
 40
1.0
 40
1.0
 40
1.0
 40
1.0
 40
4.939999999999998
 40
4.939999999999998
 40
4.939999999999998
 40
5.939999999999998
 40
5.939999999999998
 40
5.939999999999998
 40
6.939999999999998
 40
6.939999999999998
 40
6.939999999999998
 40
6.939999999999998
 10
248.8696586111111
 20
109.115225
 30
0.0
 10
248.8696586111111
 20
109.5785398148148
 30
0.0
 10
248.8696586111111
 20
110.0418546296296
 30
0.0
 10
248.8696586111111
 20
110.5051694444444
 30
0.0
 10
248.8696586111111
 20
111.2989194444444
 30
0.0
 10
249.2224363888889
 20
111.2953916666667
 30
0.0
 10
249.6775197222222
 20
110.8261972222222
 30
0.0
 10
250.3795475
 20
110.1065305555556
 30
0.0
 10
248.8696586111111
 20
107.8699194444444
 30
0.0
 10
248.8696586111111
 20
109.115225
 30
0.0
  0
SPLINE
  5
1C2
330
1F
100
AcDbEntity
  8
DEFAULT
 62
     1
100
AcDbSpline
210
0.0
220
0.0
230
1.0
 70
    11
 71
     3
 72
    20
 73
    16
 74
     0
 42
0.000000001
 43
0.0000000001
 40
1.0
 40
1.0
 40
1.0
 40
1.0
 40
2.0
 40
2.0
 40
2.0
 40
3.0
 40
3.0
 40
3.0
 40
28.87
 40
28.87
 40
28.87
 40
29.87
 40
29.87
 40
29.87
 40
30.87
 40
30.87
 40
30.87
 40
30.87
 10
251.5542975
 20
115.9520583333333
 30
0.0
 10
250.9016586111111
 20
112.5265861111111
 30
0.0
 10
250.9016586111111
 20
112.5477527777778
 30
0.0
 10
250.2560752777777
 20
112.8158638888889
 30
0.0
 10
248.6897419444444
 20
113.4543916666667
 30
0.0
 10
248.8696586111111
 20
112.4630861111111
 30
0.0
 10
248.8696586111111
 20
115.1265583333333
 30
0.0
 10
248.8696586111111
 20
118.1686787037037
 30
0.0
 10
248.8696586111111
 20
121.2107990740741
 30
0.0
 10
248.8696586111111
 20
124.2529194444444
 30
0.0
 10
248.8696586111111
 20
125.2689194444444
 30
0.0
 10
250.6758808333333
 20
125.0748916666667
 30
0.0
 10
252.0446586111111
 20
123.8648638888889
 30
0.0
 10
252.8877975
 20
123.116975
 30
0.0
 10
252.0376030555556
 20
118.4744194444444
 30
0.0
 10
251.5542975
 20
115.9520583333333
 30
0.0
  0
SPLINE
  5
1C3
330
1F
100
AcDbEntity
  8
DEFAULT
 62
     1
100
AcDbSpline
210
0.0
220
0.0
230
1.0
 70
    11
 71
     3
 72
    20
 73
    16
 74
     0
 42
0.000000001
 43
0.0000000001
 40
1.0
 40
1.0
 40
1.0
 40
1.0
 40
2.0
 40
2.0
 40
2.0
 40
29.04000000000002
 40
29.04000000000002
 40
29.04000000000002
 40
30.04000000000002
 40
30.04000000000002
 40
30.04000000000002
 40
31.04000000000002
 40
31.04000000000002
 40
31.04000000000002
 40
32.04000000000002
 40
32.04000000000002
 40
32.04000000000002
 40
32.04000000000002
 10
252.1328530555556
 20
126.4613083333333
 30
0.0
 10
250.0302975
 20
127.5725583333333
 30
0.0
 10
248.8696586111111
 20
125.9145027777778
 30
0.0
 10
248.8696586111111
 20
129.3540861111111
 30
0.0
 10
248.8696586111111
 20
132.5337898148148
 30
0.0
 10
248.8696586111111
 20
135.7134935185185
 30
0.0
 10
248.8696586111111
 20
138.8931972222222
 30
0.0
 10
248.8696586111111
 20
140.1314472222222
 30
0.0
 10
252.7784363888889
 20
139.2353916666667
 30
0.0
 10
253.3287697222222
 20
137.8348638888889
 30
0.0
 10
254.0660752777778
 20
135.9686694444444
 30
0.0
 10
253.9990475
 20
130.7087527777778
 30
0.0
 10
254.0272697222222
 20
128.3416138888889
 30
0.0
 10
254.0731308333333
 20
124.8738083333333
 30
0.0
 10
253.6744919444444
 20
125.6463916666667
 30
0.0
 10
252.1328530555556
 20
126.4613083333333
 30
0.0
  0
SPLINE
  5
1C4
330
1F
100
AcDbEntity
  8
DEFAULT
 62
    18
100
AcDbSpline
210
0.0
220
0.0
230
1.0
 70
    11
 71
     3
 72
    32
 73
    28
 74
     0
 42
0.000000001
 43
0.0000000001
 40
5.634999999999991
 40
5.634999999999991
 40
5.634999999999991
 40
5.634999999999991
 40
6.634999999999991
 40
6.634999999999991
 40
6.634999999999991
 40
7.634999999999991
 40
7.634999999999991
 40
7.634999999999991
 40
8.634999999999991
 40
8.634999999999991
 40
8.634999999999991
 40
9.634999999999991
 40
9.634999999999991
 40
9.634999999999991
 40
10.63499999999999
 40
10.63499999999999
 40
10.63499999999999
 40
11.63499999999999
 40
11.63499999999999
 40
11.63499999999999
 40
12.63499999999999
 40
12.63499999999999
 40
12.63499999999999
 40
13.63499999999999
 40
13.63499999999999
 40
13.63499999999999
 40
19.26999999999998
 40
19.26999999999998
 40
19.26999999999998
 40
19.26999999999998
 10
165.1472369444444
 20
139.1013361111111
 30
0.0
 10
165.0332897222222
 20
139.0773472222222
 30
0.0
 10
164.8533730555555
 20
139.0593555555555
 30
0.0
 10
164.6706341666666
 20
139.0593555555555
 30
0.0
 10
164.4095786111111
 20
139.0593555555555
 30
0.0
 10
164.2416563888889
 20
139.1041583333333
 30
0.0
 10
164.1157147222222
 20
139.2061111111111
 30
0.0
 10
164.0109397222222
 20
139.2844277777778
 30
0.0
 10
163.9481452777778
 20
139.4040194444444
 30
0.0
 10
163.9481452777778
 20
139.5631222222222
 30
0.0
 10
163.9481452777778
 20
139.7578555555556
 30
0.0
 10
164.2049675
 20
139.9289527777778
 30
0.0
 10
164.4176925
 20
140.0069166666667
 30
0.0
 10
164.4176925
 20
140.0069166666667
 30
0.0
 10
163.8730036111111
 20
140.2196416666667
 30
0.0
 10
163.8730036111111
 20
140.5195027777777
 30
0.0
 10
163.8730036111111
 20
140.6934222222222
 30
0.0
 10
163.9421480555555
 20
140.8253611111111
 30
0.0
 10
164.0441008333333
 20
140.9241388888889
 30
0.0
 10
164.1848591666667
 20
141.0532555555556
 30
0.0
 10
164.4127536111111
 20
141.1132277777778
 30
0.0
 10
164.7426008333333
 20
141.1132277777778
 30
0.0
 10
164.9225175
 20
141.1132277777778
 30
0.0
 10
165.0604536111111
 20
141.1012333333333
 30
0.0
 10
165.1472369444444
 20
141.0892388888889
 30
0.0
 10
165.1472369444444
 20
140.4266046296296
 30
0.0
 10
165.1472369444444
 20
139.7639703703703
 30
0.0
 10
165.1472369444444
 20
139.1013361111111
 30
0.0
  0
SPLINE
  5
1C5
330
1F
100
AcDbEntity
  8
DEFAULT
 62
     1
100
AcDbSpline
210
0.0
220
0.0
230
1.0
 70
    11
 71
     3
 72
   152
 73
   148
 74
     0
 42
0.000000001
 43
0.0000000001
 40
1.0
 40
1.0
 40
1.0
 40
1.0
 40
2.0
 40
2.0
 40
2.0
 40
3.0
 40
3.0
 40
3.0
 40
4.0
 40
4.0
 40
4.0
 40
5.0
 40
5.0
 40
5.0
 40
6.0
 40
6.0
 40
6.0
 40
7.0
 40
7.0
 40
7.0
 40
8.0
 40
8.0
 40
8.0
 40
9.0
 40
9.0
 40
9.0
 40
10.0
 40
10.0
 40
10.0
 40
11.0
 40
11.0
 40
11.0
 40
12.0
 40
12.0
 40
12.0
 40
13.0
 40
13.0
 40
13.0
 40
14.0
 40
14.0
 40
14.0
 40
15.0
 40
15.0
 40
15.0
 40
16.0
 40
16.0
 40
16.0
 40
17.0
 40
17.0
 40
17.0
 40
18.0
 40
18.0
 40
18.0
 40
19.0
 40
19.0
 40
19.0
 40
20.0
 40
20.0
 40
20.0
 40
21.0
 40
21.0
 40
21.0
 40
22.0
 40
22.0
 40
22.0
 40
23.0
 40
23.0
 40
23.0
 40
24.0
 40
24.0
 40
24.0
 40
25.0
 40
25.0
 40
25.0
 40
26.0
 40
26.0
 40
26.0
 40
35.92000000000002
 40
35.92000000000002
 40
35.92000000000002
 40
44.42000000000002
 40
44.42000000000002
 40
44.42000000000002
 40
54.34000000000003
 40
54.34000000000003
 40
54.34000000000003
 40
55.34000000000003
 40
55.34000000000003
 40
55.34000000000003
 40
56.34000000000003
 40
56.34000000000003
 40
56.34000000000003
 40
57.34000000000003
 40
57.34000000000003
 40
57.34000000000003
 40
58.34000000000003
 40
58.34000000000003
 40
58.34000000000003
 40
59.34000000000003
 40
59.34000000000003
 40
59.34000000000003
 40
60.34000000000003
 40
60.34000000000003
 40
60.34000000000003
 40
61.34000000000003
 40
61.34000000000003
 40
61.34000000000003
 40
62.34000000000003
 40
62.34000000000003
 40
62.34000000000003
 40
63.34000000000003
 40
63.34000000000003
 40
63.34000000000003
 40
64.34000000000003
 40
64.34000000000003
 40
64.34000000000003
 40
65.34000000000003
 40
65.34000000000003
 40
65.34000000000003
 40
66.34000000000003
 40
66.34000000000003
 40
66.34000000000003
 40
67.34000000000003
 40
67.34000000000003
 40
67.34000000000003
 40
68.34000000000003
 40
68.34000000000003
 40
68.34000000000003
 40
69.34000000000003
 40
69.34000000000003
 40
69.34000000000003
 40
70.34000000000003
 40
70.34000000000003
 40
70.34000000000003
 40
71.34000000000003
 40
71.34000000000003
 40
71.34000000000003
 40
72.34000000000003
 40
72.34000000000003
 40
72.34000000000003
 40
73.34000000000003
 40
73.34000000000003
 40
73.34000000000003
 40
74.34000000000003
 40
74.34000000000003
 40
74.34000000000003
 40
75.34000000000003
 40
75.34000000000003
 40
75.34000000000003
 40
75.34000000000003
 10
151.8284294444444
 20
136.9086105555556
 30
0.0
 10
149.930485
 20
136.9086105555556
 30
0.0
 10
157.9067905555555
 20
120.1446105555555
 30
0.0
 10
156.0123738888889
 20
120.1446105555555
 30
0.0
 10
154.1779294444444
 20
120.1446105555555
 30
0.0
 10
161.360485
 20
107.7409438888889
 30
0.0
 10
164.5178461111111
 20
107.7409438888889
 30
0.0
 10
167.6752072222222
 20
107.7409438888889
 30
0.0
 10
174.8612905555555
 20
120.1446105555555
 30
0.0
 10
173.0268461111111
 20
120.1446105555555
 30
0.0
 10
171.1324294444444
 20
120.1446105555555
 30
0.0
 10
179.108735
 20
136.9086105555556
 30
0.0
 10
177.2107905555555
 20
136.9086105555556
 30
0.0
 10
175.6409294444444
 20
136.9086105555556
 30
0.0
 10
178.1456516666666
 20
151.1784716666667
 30
0.0
 10
176.822735
 20
151.1784716666667
 30
0.0
 10
175.3410683333333
 20
151.1784716666667
 30
0.0
 10
175.9443183333333
 20
164.9473883333333
 30
0.0
 10
174.4626516666667
 20
164.9473883333333
 30
0.0
 10
173.1467905555555
 20
164.9473883333333
 30
0.0
 10
170.6844016666666
 20
178.1095272222222
 30
0.0
 10
166.0065683333333
 20
178.5011105555556
 30
0.0
 10
165.9818738888889
 20
178.4129161111111
 30
0.0
 10
165.9607072222222
 20
177.668555
 30
0.0
 10
165.9607072222222
 20
176.7619161111111
 30
0.0
 10
165.9607072222222
 20
175.795305
 30
0.0
 10
166.0100961111111
 20
175.2837772222222
 30
0.0
 10
166.0100961111111
 20
175.0121383333333
 30
0.0
 10
166.0100961111111
 20
174.7404994444444
 30
0.0
 10
165.9607072222222
 20
174.2289716666667
 30
0.0
 10
165.9607072222222
 20
173.2623605555555
 30
0.0
 10
165.9607072222222
 20
172.2957494444444
 30
0.0
 10
166.0100961111111
 20
171.7842216666667
 30
0.0
 10
166.0100961111111
 20
171.5125827777778
 30
0.0
 10
166.0100961111111
 20
171.2409438888889
 30
0.0
 10
165.9607072222222
 20
170.7294161111111
 30
0.0
 10
165.9607072222222
 20
169.762805
 30
0.0
 10
165.9607072222222
 20
168.7961938888889
 30
0.0
 10
166.0100961111111
 20
168.2846661111111
 30
0.0
 10
166.0100961111111
 20
168.0130272222222
 30
0.0
 10
166.0100961111111
 20
167.7413883333333
 30
0.0
 10
165.9607072222222
 20
167.2298605555555
 30
0.0
 10
165.9607072222222
 20
166.2632494444445
 30
0.0
 10
165.9607072222222
 20
165.2966383333333
 30
0.0
 10
166.0100961111111
 20
164.7851105555555
 30
0.0
 10
166.0100961111111
 20
164.5134716666666
 30
0.0
 10
166.0100961111111
 20
164.2418327777778
 30
0.0
 10
165.9607072222222
 20
163.730305
 30
0.0
 10
165.9607072222222
 20
162.7636938888889
 30
0.0
 10
165.9607072222222
 20
161.7970827777778
 30
0.0
 10
166.0100961111111
 20
161.285555
 30
0.0
 10
166.0100961111111
 20
161.0139161111111
 30
0.0
 10
166.0100961111111
 20
160.7352216666667
 30
0.0
 10
165.9607072222222
 20
160.2095827777778
 30
0.0
 10
165.9607072222222
 20
159.2147494444444
 30
0.0
 10
165.9607072222222
 20
158.2199161111111
 30
0.0
 10
166.0100961111111
 20
157.6942772222222
 30
0.0
 10
166.0100961111111
 20
157.4155827777778
 30
0.0
 10
166.0100961111111
 20
157.1368883333333
 30
0.0
 10
165.9607072222222
 20
156.6112494444444
 30
0.0
 10
165.9607072222222
 20
155.6199438888889
 30
0.0
 10
165.9607072222222
 20
154.6251105555556
 30
0.0
 10
166.0100961111111
 20
154.0994716666667
 30
0.0
 10
166.0100961111111
 20
153.8207772222222
 30
0.0
 10
166.0100961111111
 20
153.5420827777778
 30
0.0
 10
165.9607072222222
 20
153.0164438888889
 30
0.0
 10
165.9607072222222
 20
152.0216105555556
 30
0.0
 10
165.9607072222222
 20
151.0267772222222
 30
0.0
 10
166.0100961111111
 20
150.5011383333333
 30
0.0
 10
166.0100961111111
 20
150.2224438888889
 30
0.0
 10
166.0100961111111
 20
149.9437494444444
 30
0.0
 10
165.9607072222222
 20
149.4181105555556
 30
0.0
 10
165.9607072222222
 20
148.4232772222222
 30
0.0
 10
165.9607072222222
 20
147.4319716666667
 30
0.0
 10
166.0100961111111
 20
146.9063327777778
 30
0.0
 10
166.0100961111111
 20
146.6276383333333
 30
0.0
 10
166.0100961111111
 20
145.4611198148148
 30
0.0
 10
166.0100961111111
 20
144.2946012962963
 30
0.0
 10
166.0100961111111
 20
143.1280827777778
 30
0.0
 10
165.0105590740741
 20
143.1280827777778
 30
0.0
 10
164.011022037037
 20
143.1280827777778
 30
0.0
 10
163.011485
 20
143.1280827777778
 30
0.0
 10
163.011485
 20
144.2946012962963
 30
0.0
 10
163.011485
 20
145.4611198148148
 30
0.0
 10
163.011485
 20
146.6276383333333
 30
0.0
 10
163.011485
 20
146.9063327777778
 30
0.0
 10
163.0608738888889
 20
147.4319716666667
 30
0.0
 10
163.0608738888889
 20
148.4232772222222
 30
0.0
 10
163.0608738888889
 20
149.4181105555556
 30
0.0
 10
163.011485
 20
149.9437494444444
 30
0.0
 10
163.011485
 20
150.2224438888889
 30
0.0
 10
163.011485
 20
150.5011383333333
 30
0.0
 10
163.0608738888889
 20
151.0267772222222
 30
0.0
 10
163.0608738888889
 20
152.0216105555556
 30
0.0
 10
163.0608738888889
 20
153.0164438888889
 30
0.0
 10
163.011485
 20
153.5420827777778
 30
0.0
 10
163.011485
 20
153.8207772222222
 30
0.0
 10
163.011485
 20
154.0994716666667
 30
0.0
 10
163.0608738888889
 20
154.6251105555556
 30
0.0
 10
163.0608738888889
 20
155.6199438888889
 30
0.0
 10
163.0608738888889
 20
156.6112494444444
 30
0.0
 10
163.011485
 20
157.1368883333333
 30
0.0
 10
163.011485
 20
157.4155827777778
 30
0.0
 10
163.011485
 20
157.6942772222222
 30
0.0
 10
163.0608738888889
 20
158.2234438888889
 30
0.0
 10
163.0608738888889
 20
159.2147494444444
 30
0.0
 10
163.0608738888889
 20
160.2095827777778
 30
0.0
 10
163.011485
 20
160.7352216666667
 30
0.0
 10
163.011485
 20
161.0139161111111
 30
0.0
 10
163.011485
 20
161.285555
 30
0.0
 10
163.0608738888889
 20
161.7970827777778
 30
0.0
 10
163.0608738888889
 20
162.7636938888889
 30
0.0
 10
163.0608738888889
 20
163.730305
 30
0.0
 10
163.011485
 20
164.2418327777778
 30
0.0
 10
163.011485
 20
164.5134716666666
 30
0.0
 10
163.011485
 20
164.7851105555555
 30
0.0
 10
163.0608738888889
 20
165.2966383333333
 30
0.0
 10
163.0608738888889
 20
166.2632494444445
 30
0.0
 10
163.0608738888889
 20
167.2298605555555
 30
0.0
 10
163.011485
 20
167.7413883333333
 30
0.0
 10
163.011485
 20
168.0130272222222
 30
0.0
 10
163.011485
 20
168.2846661111111
 30
0.0
 10
163.0608738888889
 20
168.7961938888889
 30
0.0
 10
163.0608738888889
 20
169.762805
 30
0.0
 10
163.0608738888889
 20
170.7294161111111
 30
0.0
 10
163.011485
 20
171.2409438888889
 30
0.0
 10
163.011485
 20
171.5125827777778
 30
0.0
 10
163.011485
 20
171.7842216666667
 30
0.0
 10
163.0608738888889
 20
172.2957494444444
 30
0.0
 10
163.0608738888889
 20
173.2623605555555
 30
0.0
 10
163.0608738888889
 20
174.2289716666667
 30
0.0
 10
163.011485
 20
174.7404994444444
 30
0.0
 10
163.011485
 20
175.0121383333333
 30
0.0
 10
163.011485
 20
175.2837772222222
 30
0.0
 10
163.0608738888889
 20
175.795305
 30
0.0
 10
163.0608738888889
 20
176.7619161111111
 30
0.0
 10
163.0608738888889
 20
177.668555
 30
0.0
 10
163.043235
 20
178.4129161111111
 30
0.0
 10
163.0150127777777
 20
178.5011105555556
 30
0.0
 10
158.3548183333333
 20
178.0954161111111
 30
0.0
 10
155.8924294444444
 20
164.9473883333333
 30
0.0
 10
154.5765683333333
 20
164.9473883333333
 30
0.0
 10
153.0949016666666
 20
164.9473883333333
 30
0.0
 10
153.6981516666667
 20
151.1784716666667
 30
0.0
 10
152.2129572222222
 20
151.1784716666667
 30
0.0
 10
150.8935683333333
 20
151.1784716666667
 30
0.0
 10
153.3982905555555
 20
136.9086105555556
 30
0.0
 10
151.8284294444444
 20
136.9086105555556
 30
0.0
  0
SPLINE
  5
1C6
330
1F
100
AcDbEntity
  8
DEFAULT
 62
     1
100
AcDbSpline
210
0.0
220
0.0
230
1.0
 70
    11
 71
     3
 72
    14
 73
    10
 74
     0
 42
0.000000001
 43
0.0000000001
 40
25.42000000000002
 40
25.42000000000002
 40
25.42000000000002
 40
25.42000000000002
 40
26.42000000000002
 40
26.42000000000002
 40
26.42000000000002
 40
27.42000000000002
 40
27.42000000000002
 40
27.42000000000002
 40
52.84000000000003
 40
52.84000000000003
 40
52.84000000000003
 40
52.84000000000003
 10
167.7775127777778
 20
173.2694161111111
 30
0.0
 10
167.7775127777778
 20
177.3369438888889
 30
0.0
 10
172.7869572222222
 20
166.0762772222222
 30
0.0
 10
171.393485
 20
164.619305
 30
0.0
 10
170.1799294444444
 20
163.3528327777778
 30
0.0
 10
167.7775127777778
 20
163.0670827777778
 30
0.0
 10
167.7775127777778
 20
164.301805
 30
0.0
 10
167.7775127777778
 20
167.2910087037037
 30
0.0
 10
167.7775127777778
 20
170.2802124074074
 30
0.0
 10
167.7775127777778
 20
173.2694161111111
 30
0.0
  0
SPLINE
  5
1C7
330
1F
100
AcDbEntity
  8
DEFAULT
 62
     1
100
AcDbSpline
210
0.0
220
0.0
230
1.0
 70
    11
 71
     3
 72
    20
 73
    16
 74
     0
 42
0.000000001
 43
0.0000000001
 40
26.44999999999999
 40
26.44999999999999
 40
26.44999999999999
 40
26.44999999999999
 40
27.44999999999999
 40
27.44999999999999
 40
27.44999999999999
 40
28.44999999999999
 40
28.44999999999999
 40
28.44999999999999
 40
29.44999999999999
 40
29.44999999999999
 40
29.44999999999999
 40
30.44999999999999
 40
30.44999999999999
 40
30.44999999999999
 40
56.89999999999998
 40
56.89999999999998
 40
56.89999999999998
 40
56.89999999999998
 10
167.7775127777778
 20
159.2147494444444
 30
0.0
 10
167.7775127777778
 20
162.9647772222222
 30
0.0
 10
168.7017905555555
 20
160.7563883333333
 30
0.0
 10
171.647485
 20
162.587305
 30
0.0
 10
172.7940127777778
 20
163.2999161111111
 30
0.0
 10
173.520735
 20
163.3034438888889
 30
0.0
 10
173.7500405555555
 20
159.8426938888889
 30
0.0
 10
173.9052627777778
 20
157.5178883333333
 30
0.0
 10
174.3074294444444
 20
153.7043605555556
 30
0.0
 10
173.3760961111111
 20
151.9157772222222
 30
0.0
 10
172.028485
 20
149.315805
 30
0.0
 10
167.7775127777778
 20
148.6455272222222
 30
0.0
 10
167.7775127777778
 20
149.8837772222222
 30
0.0
 10
167.7775127777778
 20
152.9941012962963
 30
0.0
 10
167.7775127777778
 20
156.1044253703704
 30
0.0
 10
167.7775127777778
 20
159.2147494444444
 30
0.0
  0
SPLINE
  5
1C8
330
1F
100
AcDbEntity
  8
DEFAULT
 62
     1
100
AcDbSpline
210
0.0
220
0.0
230
1.0
 70
    11
 71
     3
 72
    20
 73
    16
 74
     0
 42
0.000000001
 43
0.0000000001
 40
27.04000000000002
 40
27.04000000000002
 40
27.04000000000002
 40
27.04000000000002
 40
28.04000000000002
 40
28.04000000000002
 40
28.04000000000002
 40
29.04000000000002
 40
29.04000000000002
 40
29.04000000000002
 40
30.04000000000002
 40
30.04000000000002
 40
30.04000000000002
 40
31.04000000000002
 40
31.04000000000002
 40
31.04000000000002
 40
58.08000000000004
 40
58.08000000000004
 40
58.08000000000004
 40
58.08000000000004
 10
167.7775127777778
 20
144.9872216666667
 30
0.0
 10
167.7775127777778
 20
149.0547494444444
 30
0.0
 10
168.7617627777778
 20
146.140805
 30
0.0
 10
172.6705405555555
 20
148.807805
 30
0.0
 10
174.6108183333333
 20
150.1307216666667
 30
0.0
 10
174.9882905555555
 20
149.4674994444444
 30
0.0
 10
174.9424294444444
 20
145.9996938888889
 30
0.0
 10
174.9106794444444
 20
143.632555
 30
0.0
 10
174.8295405555555
 20
139.6285272222222
 30
0.0
 10
173.5665961111111
 20
137.1590827777778
 30
0.0
 10
172.8822072222222
 20
135.822055
 30
0.0
 10
167.7775127777778
 20
134.2098605555556
 30
0.0
 10
167.7775127777778
 20
135.4481105555556
 30
0.0
 10
167.7775127777778
 20
138.6278142592593
 30
0.0
 10
167.7775127777778
 20
141.807517962963
 30
0.0
 10
167.7775127777778
 20
144.9872216666667
 30
0.0
  0
SPLINE
  5
1C9
330
1F
100
AcDbEntity
  8
DEFAULT
 62
     1
100
AcDbSpline
210
0.0
220
0.0
230
1.0
 70
    11
 71
     3
 72
    20
 73
    16
 74
     0
 42
0.000000001
 43
0.0000000001
 40
26.44999999999999
 40
26.44999999999999
 40
26.44999999999999
 40
26.44999999999999
 40
27.44999999999999
 40
27.44999999999999
 40
27.44999999999999
 40
28.44999999999999
 40
28.44999999999999
 40
28.44999999999999
 40
29.44999999999999
 40
29.44999999999999
 40
29.44999999999999
 40
30.44999999999999
 40
30.44999999999999
 40
30.44999999999999
 40
56.89999999999998
 40
56.89999999999998
 40
56.89999999999998
 40
56.89999999999998
 10
167.7775127777778
 20
130.2481661111111
 30
0.0
 10
167.7775127777778
 20
134.3156938888889
 30
0.0
 10
168.5324572222222
 20
131.7756938888889
 30
0.0
 10
172.6705405555555
 20
134.0687494444444
 30
0.0
 10
175.2105405555555
 20
135.4763327777778
 30
0.0
 10
174.8436516666667
 20
134.5167772222222
 30
0.0
 10
173.8840961111111
 20
131.1830272222222
 30
0.0
 10
173.2279294444444
 20
128.900555
 30
0.0
 10
171.7674294444444
 20
123.9016938888889
 30
0.0
 10
170.4304016666666
 20
121.471055
 30
0.0
 10
169.8553738888889
 20
120.4303605555556
 30
0.0
 10
167.7775127777778
 20
120.1869438888889
 30
0.0
 10
167.7775127777778
 20
120.9171938888889
 30
0.0
 10
167.7775127777778
 20
124.027517962963
 30
0.0
 10
167.7775127777778
 20
127.137842037037
 30
0.0
 10
167.7775127777778
 20
130.2481661111111
 30
0.0
  0
SPLINE
  5
1CA
330
1F
100
AcDbEntity
  8
DEFAULT
 62
     1
100
AcDbSpline
210
0.0
220
0.0
230
1.0
 70
    11
 71
     3
 72
    17
 73
    13
 74
     0
 42
0.000000001
 43
0.0000000001
 40
1.0
 40
1.0
 40
1.0
 40
1.0
 40
2.0
 40
2.0
 40
2.0
 40
3.850000000000023
 40
3.850000000000023
 40
3.850000000000023
 40
9.159999999999968
 40
9.159999999999968
 40
9.159999999999968
 40
10.15999999999997
 40
10.15999999999997
 40
10.15999999999997
 40
10.15999999999997
 10
170.3069294444444
 20
119.0016105555555
 30
0.0
 10
172.8645683333333
 20
120.3774438888889
 30
0.0
 10
167.7775127777778
 20
111.9213605555556
 30
0.0
 10
167.7775127777778
 20
114.1473883333333
 30
0.0
 10
167.7775127777778
 20
114.3649346296296
 30
0.0
 10
167.7775127777778
 20
114.5824809259259
 30
0.0
 10
167.7775127777778
 20
114.8000272222222
 30
0.0
 10
167.7775127777778
 20
115.4244438888889
 30
0.0
 10
167.7775127777778
 20
116.0488605555555
 30
0.0
 10
167.7775127777778
 20
116.6732772222222
 30
0.0
 10
167.7775127777778
 20
119.4990272222222
 30
0.0
 10
167.5023461111111
 20
117.4952494444444
 30
0.0
 10
170.3069294444444
 20
119.0016105555555
 30
0.0
  0
SPLINE
  5
1CB
330
1F
100
AcDbEntity
  8
DEFAULT
 62
     1
100
AcDbSpline
210
0.0
220
0.0
230
1.0
 70
    11
 71
     3
 72
    20
 73
    16
 74
     0
 42
0.000000001
 43
0.0000000001
 40
1.0
 40
1.0
 40
1.0
 40
1.0
 40
2.0
 40
2.0
 40
2.0
 40
3.0
 40
3.0
 40
3.0
 40
29.44999999999999
 40
29.44999999999999
 40
29.44999999999999
 40
30.44999999999999
 40
30.44999999999999
 40
30.44999999999999
 40
31.44999999999999
 40
31.44999999999999
 40
31.44999999999999
 40
31.44999999999999
 10
155.137485
 20
131.1830272222222
 30
0.0
 10
154.1814572222222
 20
134.5167772222222
 30
0.0
 10
153.8110405555555
 20
135.4763327777778
 30
0.0
 10
156.3510405555555
 20
134.0687494444444
 30
0.0
 10
160.4926516666667
 20
131.7756938888889
 30
0.0
 10
161.2475961111111
 20
134.3156938888889
 30
0.0
 10
161.2475961111111
 20
130.2481661111111
 30
0.0
 10
161.2475961111111
 20
127.137842037037
 30
0.0
 10
161.2475961111111
 20
124.027517962963
 30
0.0
 10
161.2475961111111
 20
120.9171938888889
 30
0.0
 10
161.2475961111111
 20
120.1869438888889
 30
0.0
 10
159.1662072222222
 20
120.4303605555556
 30
0.0
 10
158.5947072222222
 20
121.471055
 30
0.0
 10
157.2576794444444
 20
123.9016938888889
 30
0.0
 10
155.7936516666666
 20
128.900555
 30
0.0
 10
155.137485
 20
131.1830272222222
 30
0.0
  0
SPLINE
  5
1CC
330
1F
100
AcDbEntity
  8
DEFAULT
 62
     1
100
AcDbSpline
210
0.0
220
0.0
230
1.0
 70
    11
 71
     3
 72
    17
 73
    13
 74
     0
 42
0.000000001
 43
0.0000000001
 40
1.0
 40
1.0
 40
1.0
 40
1.0
 40
6.309999999999945
 40
6.309999999999945
 40
6.309999999999945
 40
8.159999999999968
 40
8.159999999999968
 40
8.159999999999968
 40
9.159999999999968
 40
9.159999999999968
 40
9.159999999999968
 40
10.15999999999997
 40
10.15999999999997
 40
10.15999999999997
 40
10.15999999999997
 10
161.2475961111111
 20
116.6732772222222
 30
0.0
 10
161.2475961111111
 20
116.0488605555555
 30
0.0
 10
161.2475961111111
 20
115.4244438888889
 30
0.0
 10
161.2475961111111
 20
114.8000272222222
 30
0.0
 10
161.2475961111111
 20
114.5824809259259
 30
0.0
 10
161.2475961111111
 20
114.3649346296296
 30
0.0
 10
161.2475961111111
 20
114.1473883333333
 30
0.0
 10
161.2475961111111
 20
111.9213605555556
 30
0.0
 10
156.1605405555555
 20
120.3774438888889
 30
0.0
 10
158.7181794444444
 20
119.0016105555555
 30
0.0
 10
161.5227627777778
 20
117.4952494444444
 30
0.0
 10
161.2475961111111
 20
119.4990272222222
 30
0.0
 10
161.2475961111111
 20
116.6732772222222
 30
0.0
  0
SPLINE
  5
1CD
330
1F
100
AcDbEntity
  8
DEFAULT
 62
     1
100
AcDbSpline
210
0.0
220
0.0
230
1.0
 70
    11
 71
     3
 72
    14
 73
    10
 74
     0
 42
0.000000001
 43
0.0000000001
 40
1.0
 40
1.0
 40
1.0
 40
1.0
 40
26.42000000000002
 40
26.42000000000002
 40
26.42000000000002
 40
27.42000000000002
 40
27.42000000000002
 40
27.42000000000002
 40
28.42000000000002
 40
28.42000000000002
 40
28.42000000000002
 40
28.42000000000002
 10
161.2475961111111
 20
173.2694161111111
 30
0.0
 10
161.2475961111111
 20
170.2802124074074
 30
0.0
 10
161.2475961111111
 20
167.2910087037037
 30
0.0
 10
161.2475961111111
 20
164.301805
 30
0.0
 10
161.2475961111111
 20
163.0670827777778
 30
0.0
 10
158.8416516666666
 20
163.3528327777778
 30
0.0
 10
157.6280961111111
 20
164.619305
 30
0.0
 10
156.2346238888889
 20
166.0762772222222
 30
0.0
 10
161.2475961111111
 20
177.3369438888889
 30
0.0
 10
161.2475961111111
 20
173.2694161111111
 30
0.0
  0
SPLINE
  5
1CE
330
1F
100
AcDbEntity
  8
DEFAULT
 62
     1
100
AcDbSpline
210
0.0
220
0.0
230
1.0
 70
    11
 71
     3
 72
    20
 73
    16
 74
     0
 42
0.000000001
 43
0.0000000001
 40
1.0
 40
1.0
 40
1.0
 40
1.0
 40
2.0
 40
2.0
 40
2.0
 40
3.0
 40
3.0
 40
3.0
 40
29.44999999999999
 40
29.44999999999999
 40
29.44999999999999
 40
30.44999999999999
 40
30.44999999999999
 40
30.44999999999999
 40
31.44999999999999
 40
31.44999999999999
 40
31.44999999999999
 40
31.44999999999999
 10
155.2750683333333
 20
159.8426938888889
 30
0.0
 10
155.5043738888889
 20
163.3034438888889
 30
0.0
 10
156.2275683333333
 20
163.2999161111111
 30
0.0
 10
157.3776238888889
 20
162.587305
 30
0.0
 10
160.3233183333333
 20
160.7563883333333
 30
0.0
 10
161.2475961111111
 20
162.9647772222222
 30
0.0
 10
161.2475961111111
 20
159.2147494444444
 30
0.0
 10
161.2475961111111
 20
156.1044253703704
 30
0.0
 10
161.2475961111111
 20
152.9941012962963
 30
0.0
 10
161.2475961111111
 20
149.8837772222222
 30
0.0
 10
161.2475961111111
 20
148.6455272222222
 30
0.0
 10
156.9966238888889
 20
149.315805
 30
0.0
 10
155.645485
 20
151.9157772222222
 30
0.0
 10
154.7176794444444
 20
153.7043605555556
 30
0.0
 10
155.1198461111111
 20
157.5178883333333
 30
0.0
 10
155.2750683333333
 20
159.8426938888889
 30
0.0
  0
SPLINE
  5
1CF
330
1F
100
AcDbEntity
  8
DEFAULT
 62
     1
100
AcDbSpline
210
0.0
220
0.0
230
1.0
 70
    11
 71
     3
 72
    20
 73
    16
 74
     0
 42
0.000000001
 43
0.0000000001
 40
1.0
 40
1.0
 40
1.0
 40
1.0
 40
2.0
 40
2.0
 40
2.0
 40
29.04000000000002
 40
29.04000000000002
 40
29.04000000000002
 40
30.04000000000002
 40
30.04000000000002
 40
30.04000000000002
 40
31.04000000000002
 40
31.04000000000002
 40
31.04000000000002
 40
32.04000000000002
 40
32.04000000000002
 40
32.04000000000002
 40
32.04000000000002
 10
156.3510405555555
 20
148.807805
 30
0.0
 10
160.2633461111111
 20
146.140805
 30
0.0
 10
161.2475961111111
 20
149.0547494444444
 30
0.0
 10
161.2475961111111
 20
144.9872216666667
 30
0.0
 10
161.2475961111111
 20
141.8075179629629
 30
0.0
 10
161.2475961111111
 20
138.6278142592593
 30
0.0
 10
161.2475961111111
 20
135.4481105555556
 30
0.0
 10
161.2475961111111
 20
134.2098605555556
 30
0.0
 10
156.1429016666667
 20
135.822055
 30
0.0
 10
155.4585127777778
 20
137.1590827777778
 30
0.0
 10
154.1920405555555
 20
139.6285272222222
 30
0.0
 10
154.1109016666666
 20
143.632555
 30
0.0
 10
154.0791516666667
 20
145.9996938888889
 30
0.0
 10
154.0332905555555
 20
149.4674994444444
 30
0.0
 10
154.4142905555555
 20
150.1307216666667
 30
0.0
 10
156.3510405555555
 20
148.807805
 30
0.0
  0
SPLINE
  5
1D0
330
1F
100
AcDbEntity
  8
DEFAULT
 62
     1
100
AcDbSpline
210
0.0
220
0.0
230
1.0
 70
    11
 71
     3
 72
    29
 73
    25
 74
     0
 42
0.000000001
 43
0.0000000001
 40
0.0
 40
0.0
 40
0.0
 40
0.0
 40
300.472
 40
300.472
 40
300.472
 40
301.472
 40
301.472
 40
301.472
 40
857.062
 40
857.062
 40
857.062
 40
858.062
 40
858.062
 40
858.062
 40
1158.534
 40
1158.534
 40
1158.534
 40
1159.534
 40
1159.534
 40
1159.534
 40
1715.124
 40
1715.124
 40
1715.124
 40
1716.124
 40
1716.124
 40
1716.124
 40
1716.124
 10
122.9999938888889
 20
9.999979999999999
 30
0.0
 10
87.66671240740742
 20
9.999979999999999
 30
0.0
 10
52.33343092592594
 20
9.999979999999999
 30
0.0
 10
17.00014944444446
 20
9.999979999999999
 30
0.0
 10
10.37251333333333
 20
9.999979999999999
 30
0.0
 10
5.00006055555556
 20
15.37243277777778
 30
0.0
 10
5.00006055555556
 20
22.00006888888888
 30
0.0
 10
5.00006055555556
 20
87.3333374074074
 30
0.0
 10
5.00006055555556
 20
152.6666059259259
 30
0.0
 10
5.00006055555556
 20
217.9998744444444
 30
0.0
 10
5.00006055555556
 20
224.6275105555555
 30
0.0
 10
10.37251333333333
 20
229.9999633333333
 30
0.0
 10
17.00014944444446
 20
229.9999633333333
 30
0.0
 10
52.33343092592593
 20
229.9999633333333
 30
0.0
 10
87.66671240740742
 20
229.9999633333333
 30
0.0
 10
122.9999938888889
 20
229.9999633333333
 30
0.0
 10
129.6272772222222
 20
229.9999633333333
 30
0.0
 10
135.0000827777778
 20
224.6275105555555
 30
0.0
 10
135.0000827777778
 20
217.9998744444444
 30
0.0
 10
135.0000827777778
 20
152.6666059259259
 30
0.0
 10
135.0000827777778
 20
87.33333740740738
 30
0.0
 10
135.0000827777778
 20
22.00006888888888
 30
0.0
 10
135.0000827777778
 20
15.37243277777778
 30
0.0
 10
129.6272772222222
 20
9.999979999999999
 30
0.0
 10
122.9999938888889
 20
9.999979999999999
 30
0.0
  0
POLYLINE
  5
1D1
330
1F
100
AcDbEntity
  8
DEFAULT
 62
    18
100
AcDb2dPolyline
 66
     1
 10
0.0
 20
0.0
 30
0.0
  0
VERTEX
  5
1D2
330
1D1
100
AcDbEntity
  8
DEFAULT
 62
    18
100
AcDbVertex
100
AcDb2dVertex
 10
98.60710388888889
 20
176.5488736111111
 30
0.0
  0
VERTEX
  5
1D3
330
1D1
100
AcDbEntity
  8
DEFAULT
 62
    18
100
AcDbVertex
100
AcDb2dVertex
 10
99.37933444444447
 20
175.3854125
 30
0.0
  0
SEQEND
  5
1D4
330
1D1
100
AcDbEntity
  8
DEFAULT
 62
    18
  0
POLYLINE
  5
1D5
330
1F
100
AcDbEntity
  8
DEFAULT
 62
    18
100
AcDb2dPolyline
 66
     1
 10
0.0
 20
0.0
 30
0.0
  0
VERTEX
  5
1D6
330
1D5
100
AcDbEntity
  8
DEFAULT
 62
    18
100
AcDbVertex
100
AcDb2dVertex
 10
97.79924277777778
 20
175.3854830555556
 30
0.0
  0
VERTEX
  5
1D7
330
1D5
100
AcDbEntity
  8
DEFAULT
 62
    18
100
AcDbVertex
100
AcDb2dVertex
 10
98.60710388888889
 20
176.5457691666667
 30
0.0
  0
VERTEX
  5
1D8
330
1D5
100
AcDbEntity
  8
DEFAULT
 62
    18
100
AcDbVertex
100
AcDb2dVertex
 10
98.60710388888889
 20
177.4061941666667
 30
0.0
  0
SEQEND
  5
1D9
330
1D5
100
AcDbEntity
  8
DEFAULT
 62
    18
  0
SPLINE
  5
1DA
330
1F
100
AcDbEntity
  8
DEFAULT
 62
    18
100
AcDbSpline
210
0.0
220
0.0
230
1.0
 70
     8
 71
     3
 72
    11
 73
     7
 74
     0
 42
0.000000001
 43
0.0000000001
 40
0.0
 40
0.0
 40
0.0
 40
0.0
 40
1.0
 40
1.0
 40
1.0
 40
4.457979901618824
 40
4.457979901618824
 40
4.457979901618824
 40
4.457979901618824
 10
97.90274777777778
 20
169.4884144444444
 30
0.0
 10
97.90274777777778
 20
169.4884144444444
 30
0.0
 10
98.4851838888889
 20
168.6011783333333
 30
0.0
 10
98.57761166666667
 20
168.4882894444444
 30
0.0
 10
98.810445
 20
168.8216644444445
 30
0.0
 10
99.04327833333332
 20
169.1550394444444
 30
0.0
 10
99.27611166666665
 20
169.4884144444444
 30
0.0
  0
SPLINE
  5
1DB
330
1F
100
AcDbEntity
  8
DEFAULT
 62
    18
100
AcDbSpline
210
0.0
220
0.0
230
1.0
 70
     8
 71
     3
 72
    11
 73
     7
 74
     0
 42
0.000000001
 43
0.0000000001
 40
0.0
 40
0.0
 40
0.0
 40
0.0
 40
3.54824534101012
 40
3.54824534101012
 40
3.54824534101012
 40
4.548245341010119
 40
4.548245341010119
 40
4.548245341010119
 40
4.548245341010119
 10
99.30207611111108
 20
167.4675269444444
 30
0.0
 10
99.0606585185185
 20
167.8078399074074
 30
0.0
 10
98.8192409259259
 20
168.1481528703704
 30
0.0
 10
98.5778233333333
 20
168.4884658333333
 30
0.0
 10
98.48504277777778
 20
168.3674630555555
 30
0.0
 10
97.87685388888887
 20
167.4675269444444
 30
0.0
 10
97.87685388888887
 20
167.4675269444444
 30
0.0
  0
SPLINE
  5
1DC
330
1F
100
AcDbEntity
  8
DEFAULT
 62
     1
100
AcDbSpline
210
0.0
220
0.0
230
1.0
 70
    11
 71
     3
 72
    71
 73
    67
 74
     0
 42
0.000000001
 43
0.0000000001
 40
1.0
 40
1.0
 40
1.0
 40
1.0
 40
2.0
 40
2.0
 40
2.0
 40
3.0
 40
3.0
 40
3.0
 40
21.42399999999998
 40
21.42399999999998
 40
21.42399999999998
 40
29.92399999999998
 40
29.92399999999998
 40
29.92399999999998
 40
48.34799999999996
 40
48.34799999999996
 40
48.34799999999996
 40
49.34799999999996
 40
49.34799999999996
 40
49.34799999999996
 40
50.34799999999996
 40
50.34799999999996
 40
50.34799999999996
 40
51.34799999999996
 40
51.34799999999996
 40
51.34799999999996
 40
52.34799999999996
 40
52.34799999999996
 40
52.34799999999996
 40
53.34799999999996
 40
53.34799999999996
 40
53.34799999999996
 40
54.34799999999996
 40
54.34799999999996
 40
54.34799999999996
 40
55.34799999999996
 40
55.34799999999996
 40
55.34799999999996
 40
56.34799999999996
 40
56.34799999999996
 40
56.34799999999996
 40
74.77199999999999
 40
74.77199999999999
 40
74.77199999999999
 40
83.27199999999999
 40
83.27199999999999
 40
83.27199999999999
 40
101.696
 40
101.696
 40
101.696
 40
102.696
 40
102.696
 40
102.696
 40
103.696
 40
103.696
 40
103.696
 40
104.696
 40
104.696
 40
104.696
 40
105.696
 40
105.696
 40
105.696
 40
106.696
 40
106.696
 40
106.696
 40
107.696
 40
107.696
 40
107.696
 40
107.696
 10
100.0879591666667
 20
155.2456466666667
 30
0.0
 10
100.0597369444445
 20
155.2456466666667
 30
0.0
 10
100.0385702777778
 20
156.0288133333333
 30
0.0
 10
100.0385702777778
 20
156.9954244444444
 30
0.0
 10
100.0385702777778
 20
157.9620355555555
 30
0.0
 10
100.0879591666667
 20
158.4735633333333
 30
0.0
 10
100.0879591666667
 20
158.7452022222222
 30
0.0
 10
100.0879591666667
 20
160.9117281481482
 30
0.0
 10
100.0879591666667
 20
163.0782540740741
 30
0.0
 10
100.0879591666667
 20
165.24478
 30
0.0
 10
99.08842212962963
 20
165.24478
 30
0.0
 10
98.08888509259259
 20
165.24478
 30
0.0
 10
97.08934805555556
 20
165.24478
 30
0.0
 10
97.08934805555556
 20
163.0782540740741
 30
0.0
 10
97.08934805555556
 20
160.9117281481481
 30
0.0
 10
97.08934805555556
 20
158.7452022222222
 30
0.0
 10
97.08934805555556
 20
158.4735633333333
 30
0.0
 10
97.13873694444445
 20
157.9620355555555
 30
0.0
 10
97.13873694444445
 20
156.9954244444444
 30
0.0
 10
97.13873694444445
 20
156.0288133333333
 30
0.0
 10
97.1140425
 20
155.2456466666667
 30
0.0
 10
97.08934805555556
 20
155.2456466666667
 30
0.0
 10
94.6516536111111
 20
155.2456466666667
 30
0.0
 10
92.4450286111111
 20
162.6500994444444
 30
0.0
 10
92.4450286111111
 20
175.1895855555555
 30
0.0
 10
92.4450286111111
 20
180.5062994444444
 30
0.0
 10
94.37825083333333
 20
184.4231911111111
 30
0.0
 10
93.09061194444445
 20
187.0831355555555
 30
0.0
 10
92.04286194444444
 20
189.2456633333333
 30
0.0
 10
92.35330638888888
 20
188.3848855555555
 30
0.0
 10
93.40105638888889
 20
189.6019688888888
 30
0.0
 10
95.45069527777778
 20
191.9796911111111
 30
0.0
 10
95.18082027777777
 20
189.2456633333333
 30
0.0
 10
97.08934805555556
 20
189.2456633333333
 30
0.0
 10
97.11757027777777
 20
189.2456633333333
 30
0.0
 10
97.13873694444445
 20
188.4624966666666
 30
0.0
 10
97.13873694444445
 20
187.4958855555556
 30
0.0
 10
97.13873694444445
 20
186.5292744444444
 30
0.0
 10
97.08934805555556
 20
186.0177466666667
 30
0.0
 10
97.08934805555556
 20
185.7461077777778
 30
0.0
 10
97.08934805555556
 20
183.5795818518518
 30
0.0
 10
97.08934805555556
 20
181.4130559259259
 30
0.0
 10
97.08934805555556
 20
179.24653
 30
0.0
 10
98.08888509259259
 20
179.24653
 30
0.0
 10
99.08842212962963
 20
179.24653
 30
0.0
 10
100.0879591666667
 20
179.24653
 30
0.0
 10
100.0879591666667
 20
181.4130559259259
 30
0.0
 10
100.0879591666667
 20
183.5795818518518
 30
0.0
 10
100.0879591666667
 20
185.7461077777778
 30
0.0
 10
100.0879591666667
 20
186.0177466666667
 30
0.0
 10
100.0385702777778
 20
186.5292744444444
 30
0.0
 10
100.0385702777778
 20
187.4958855555556
 30
0.0
 10
100.0385702777778
 20
188.4624966666666
 30
0.0
 10
100.0632647222222
 20
189.2456633333333
 30
0.0
 10
100.0879591666667
 20
189.2456633333333
 30
0.0
 10
101.9964869444445
 20
189.2456633333333
 30
0.0
 10
101.7301397222222
 20
191.9796911111111
 30
0.0
 10
103.7762508333333
 20
189.6019688888888
 30
0.0
 10
104.8236480555556
 20
188.3848855555555
 30
0.0
 10
105.1344452777778
 20
189.2456633333333
 30
0.0
 10
104.0898702777778
 20
187.0831355555555
 30
0.0
 10
102.7990563888889
 20
184.4231911111111
 30
0.0
 10
104.7354536111111
 20
180.5062994444444
 30
0.0
 10
104.7354536111111
 20
175.1895855555555
 30
0.0
 10
104.7354536111111
 20
162.6500994444444
 30
0.0
 10
102.5256536111111
 20
155.2456466666667
 30
0.0
 10
100.0879591666667
 20
155.2456466666667
 30
0.0
  0
SPLINE
  5
1DD
330
1F
100
AcDbEntity
  8
DEFAULT
 62
    18
100
AcDbSpline
210
0.0
220
0.0
230
1.0
 70
     8
 71
     3
 72
    17
 73
    13
 74
     0
 42
0.000000001
 43
0.0000000001
 40
0.0
 40
0.0
 40
0.0
 40
0.0
 40
1.0
 40
1.0
 40
1.0
 40
2.0
 40
2.0
 40
2.0
 40
3.0
 40
3.0
 40
3.0
 40
4.0
 40
4.0
 40
4.0
 40
4.0
 10
58.34111888888888
 20
40.89826861111111
 30
0.0
 10
58.27267999999999
 20
40.86087416666667
 30
0.0
 10
58.12098555555555
 20
40.81007416666667
 30
0.0
 10
57.92589944444444
 20
40.80619361111111
 30
0.0
 10
57.48845499999999
 20
40.79737416666666
 30
0.0
 10
57.19741333333333
 20
41.08806305555555
 30
0.0
 10
57.18859388888888
 20
41.5318575
 30
0.0
 10
57.17977444444443
 20
41.97882694444444
 30
0.0
 10
57.47893
 20
42.30867416666667
 30
0.0
 10
57.95271055555555
 20
42.31819916666667
 30
0.0
 10
58.10863833333332
 20
42.32102138888889
 30
0.0
 10
58.24728
 20
42.28503805555555
 30
0.0
 10
58.31995222222221
 20
42.25046583333333
 30
0.0
  0
SPLINE
  5
1DE
330
1F
100
AcDbEntity
  8
DEFAULT
 62
    18
100
AcDbSpline
210
0.0
220
0.0
230
1.0
 70
     8
 71
     3
 72
    20
 73
    16
 74
     0
 42
0.000000001
 43
0.0000000001
 40
0.0
 40
0.0
 40
0.0
 40
0.0
 40
1.002999999999997
 40
1.002999999999997
 40
1.002999999999997
 40
2.005999999999994
 40
2.005999999999994
 40
2.005999999999994
 40
3.008999999999992
 40
3.008999999999992
 40
3.008999999999992
 40
4.011999999999989
 40
4.011999999999989
 40
4.011999999999989
 40
5.014999999999986
 40
5.014999999999986
 40
5.014999999999986
 40
5.014999999999986
 10
56.36771527777777
 20
51.40215638888888
 30
0.0
 10
56.23189583333333
 20
51.49246749999999
 30
0.0
 10
56.14581805555555
 20
51.6431036111111
 30
0.0
 10
56.14969861111111
 20
51.85018416666666
 30
0.0
 10
56.15604861111111
 20
52.16874249999999
 30
0.0
 10
56.41569305555555
 20
52.3892286111111
 30
0.0
 10
56.78999027777778
 20
52.37899805555555
 30
0.0
 10
57.2309625
 20
52.3701786111111
 30
0.0
 10
57.44439305555554
 20
52.07631472222221
 30
0.0
 10
57.43839583333332
 20
51.78985916666665
 30
0.0
 10
57.43486805555555
 20
51.60394527777777
 30
0.0
 10
57.36360694444444
 20
51.47765083333333
 30
0.0
 10
57.19850694444443
 20
51.38557583333333
 30
0.0
 10
57.09972916666666
 20
51.39333694444444
 30
0.0
 10
55.26916527777777
 20
51.4240286111111
 30
0.0
 10
55.26916527777777
 20
51.4240286111111
 30
0.0
  0
SPLINE
  5
1DF
330
1F
100
AcDbEntity
  8
DEFAULT
 62
     1
100
AcDbSpline
210
0.0
220
0.0
230
1.0
 70
    11
 71
     3
 72
    83
 73
    79
 74
     0
 42
0.000000001
 43
0.0000000001
 40
1.0
 40
1.0
 40
1.0
 40
1.0
 40
2.0
 40
2.0
 40
2.0
 40
3.0
 40
3.0
 40
3.0
 40
4.0
 40
4.0
 40
4.0
 40
13.92300125969961
 40
13.92300125969961
 40
13.92300125969961
 40
22.42000125969962
 40
22.42000125969962
 40
22.42000125969962
 40
32.34300251939923
 40
32.34300251939923
 40
32.34300251939923
 40
33.34300251939923
 40
33.34300251939923
 40
33.34300251939923
 40
34.34300251939923
 40
34.34300251939923
 40
34.34300251939923
 40
35.34300251939923
 40
35.34300251939923
 40
35.34300251939923
 40
36.34300251939923
 40
36.34300251939923
 40
36.34300251939923
 40
37.34300251939923
 40
37.34300251939923
 40
37.34300251939923
 40
38.34300251939923
 40
38.34300251939923
 40
38.34300251939923
 40
39.34300251939923
 40
39.34300251939923
 40
39.34300251939923
 40
40.34300251939923
 40
40.34300251939923
 40
40.34300251939923
 40
41.34300251939923
 40
41.34300251939923
 40
41.34300251939923
 40
42.34300251939923
 40
42.34300251939923
 40
42.34300251939923
 40
43.34300251939923
 40
43.34300251939923
 40
43.34300251939923
 40
44.34300251939923
 40
44.34300251939923
 40
44.34300251939923
 40
54.2582478517145
 40
54.2582478517145
 40
54.2582478517145
 40
62.75796814122991
 40
62.75796814122991
 40
62.75796814122991
 40
72.68106528879429
 40
72.68106528879429
 40
72.68106528879429
 40
73.68106528879429
 40
73.68106528879429
 40
73.68106528879429
 40
74.68106528879429
 40
74.68106528879429
 40
74.68106528879429
 40
75.68106528879429
 40
75.68106528879429
 40
75.68106528879429
 40
76.68106528879429
 40
76.68106528879429
 40
76.68106528879429
 40
77.68106528879429
 40
77.68106528879429
 40
77.68106528879429
 40
77.68106528879429
 10
62.03385555555555
 20
31.36928222222222
 30
0.0
 10
61.36992777777777
 20
31.93443222222222
 30
0.0
 10
60.45270555555555
 20
31.81872111111111
 30
0.0
 10
59.30935277777777
 20
31.82083777777778
 30
0.0
 10
59.2818361111111
 20
31.82048499999999
 30
0.0
 10
59.26066944444444
 20
32.60541555555555
 30
0.0
 10
59.26137499999999
 20
33.57096833333333
 30
0.0
 10
59.26243333333333
 20
34.53687388888888
 30
0.0
 10
59.31252777777777
 20
35.04840166666666
 30
0.0
 10
59.31146944444443
 20
35.32109888888888
 30
0.0
 10
59.3120574074074
 20
36.48797018518518
 30
0.0
 10
59.31264537037037
 20
37.65484148148148
 30
0.0
 10
59.31323333333333
 20
38.82171277777778
 30
0.0
 10
58.31404907407407
 20
38.82171277777778
 30
0.0
 10
57.3148648148148
 20
38.82171277777778
 30
0.0
 10
56.31568055555555
 20
38.82171277777778
 30
0.0
 10
56.31509259259258
 20
37.65484148148148
 30
0.0
 10
56.31450462962962
 20
36.48797018518518
 30
0.0
 10
56.31391666666666
 20
35.32109888888888
 30
0.0
 10
56.31250555555555
 20
35.05087111111111
 30
0.0
 10
56.36224722222222
 20
34.53687388888888
 30
0.0
 10
56.36154166666665
 20
33.57096833333333
 30
0.0
 10
56.36083611111111
 20
32.60506277777777
 30
0.0
 10
56.33437777777777
 20
31.82154333333333
 30
0.0
 10
56.30897777777777
 20
31.81836833333333
 30
0.0
 10
55.28592222222222
 20
31.82119055555555
 30
0.0
 10
54.62058333333332
 20
31.75839611111111
 30
0.0
 10
54.18490277777777
 20
31.43701555555555
 30
0.0
 10
53.03096666666666
 20
31.04966555555555
 30
0.0
 10
53.35658055555555
 20
34.17704055555556
 30
0.0
 10
53.29096388888888
 20
37.26737388888889
 30
0.0
 10
53.19148055555555
 20
41.92933222222221
 30
0.0
 10
53.62927777777777
 20
46.07094333333333
 30
0.0
 10
52.19382499999999
 20
46.30624611111111
 30
0.0
 10
49.62948333333333
 20
46.72287666666666
 30
0.0
 10
52.14655277777778
 20
48.50687388888888
 30
0.0
 10
50.82610555555554
 20
49.47630722222221
 30
0.0
 10
47.63487777777777
 20
51.82086833333333
 30
0.0
 10
51.21204444444444
 20
50.91987388888888
 30
0.0
 10
51.13549166666666
 20
52.84498222222221
 30
0.0
 10
51.10127222222221
 20
53.78090166666667
 30
0.0
 10
54.9987611111111
 20
56.12757944444444
 30
0.0
 10
58.48420555555554
 20
56.06161
 30
0.0
 10
63.06714166666666
 20
55.98223499999999
 30
0.0
 10
67.5953972222222
 20
56.80279611111111
 30
0.0
 10
66.78683055555555
 20
55.55537388888889
 30
0.0
 10
66.08833055555554
 20
55.04208222222222
 30
0.0
 10
66.11866944444444
 20
54.24656833333333
 30
0.0
 10
66.09362222222222
 20
53.19493777777777
 30
0.0
 10
66.05869722222221
 20
53.16530444444444
 30
0.0
 10
65.29034722222221
 20
53.16283499999999
 30
0.0
 10
64.34596111111111
 20
53.18188499999999
 30
0.0
 10
63.37688055555554
 20
53.20305166666667
 30
0.0
 10
62.86605833333333
 20
53.26302388888888
 30
0.0
 10
62.59371388888888
 20
53.26690444444444
 30
0.0
 10
61.42801851851851
 20
53.29171648148147
 30
0.0
 10
60.26232314814814
 20
53.31652851851851
 30
0.0
 10
59.09662777777777
 20
53.34134055555555
 30
0.0
 10
59.07651944444444
 20
52.3420387037037
 30
0.0
 10
59.0564111111111
 20
51.34273685185185
 30
0.0
 10
59.03630277777776
 20
50.343435
 30
0.0
 10
60.20293888888887
 20
50.31944611111111
 30
0.0
 10
61.36957499999999
 20
50.29545722222222
 30
0.0
 10
62.53621111111111
 20
50.27146833333333
 30
0.0
 10
62.8060861111111
 20
50.26511833333333
 30
0.0
 10
63.31690833333332
 20
50.30286555555555
 30
0.0
 10
64.28351944444444
 20
50.27922944444444
 30
0.0
 10
65.23319722222222
 20
50.26476555555555
 30
0.0
 10
66.00578055555555
 20
50.22419611111111
 30
0.0
 10
66.03082777777777
 20
50.19491555555555
 30
0.0
 10
66.01989166666667
 20
49.51264333333333
 30
0.0
 10
65.94968888888887
 20
48.77992388888888
 30
0.0
 10
66.90007222222222
 20
48.19995722222222
 30
0.0
 10
67.96898888888889
 20
46.80225166666666
 30
0.0
 10
62.09418055555555
 20
50.1860961111111
 30
0.0
 10
62.3838111111111
 20
37.99762388888889
 30
0.0
 10
62.4409611111111
 20
35.69857111111111
 30
0.0
 10
63.48553611111111
 20
30.95759055555555
 30
0.0
 10
62.03385555555555
 20
31.36928222222222
 30
0.0
  0
SPLINE
  5
1E0
330
1F
100
AcDbEntity
  8
DEFAULT
 62
    18
100
AcDbSpline
210
0.0
220
0.0
230
1.0
 70
     8
 71
     3
 72
    17
 73
    13
 74
     0
 42
0.000000001
 43
0.0000000001
 40
0.0
 40
0.0
 40
0.0
 40
0.0
 40
1.0
 40
1.0
 40
1.0
 40
2.0
 40
2.0
 40
2.0
 40
3.0
 40
3.0
 40
3.0
 40
4.0
 40
4.0
 40
4.0
 40
4.0
 10
82.83850166666666
 20
40.81533055555555
 30
0.0
 10
82.76865166666666
 20
40.78075833333333
 30
0.0
 10
82.61484055555556
 20
40.73595555555556
 30
0.0
 10
82.42010722222221
 20
40.73983611111111
 30
0.0
 10
81.98231
 20
40.74865555555556
 30
0.0
 10
81.70361555555554
 20
41.05098611111111
 30
0.0
 10
81.71243499999999
 20
41.49478055555555
 30
0.0
 10
81.72125444444444
 20
41.94139722222222
 30
0.0
 10
82.03381555555555
 20
42.25889722222222
 30
0.0
 10
82.50724333333334
 20
42.249725
 30
0.0
 10
82.6631711111111
 20
42.24655
 30
0.0
 10
82.80040166666666
 20
42.20456944444445
 30
0.0
 10
82.87166277777777
 20
42.16717499999999
 30
0.0
  0
SPLINE
  5
1E1
330
1F
100
AcDbEntity
  8
DEFAULT
 62
    18
100
AcDbSpline
210
0.0
220
0.0
230
1.0
 70
     8
 71
     3
 72
    20
 73
    16
 74
     0
 42
0.000000001
 43
0.0000000001
 40
0.0
 40
0.0
 40
0.0
 40
0.0
 40
1.002999999999997
 40
1.002999999999997
 40
1.002999999999997
 40
2.005999999999994
 40
2.005999999999994
 40
2.005999999999994
 40
3.008999999999992
 40
3.008999999999992
 40
3.008999999999992
 40
4.011999999999989
 40
4.011999999999989
 40
4.011999999999989
 40
5.014999999999986
 40
5.014999999999986
 40
5.014999999999986
 40
5.014999999999986
 10
83.65793388888888
 20
52.38799388888888
 30
0.0
 10
83.7972811111111
 20
52.30332722222221
 30
0.0
 10
83.88935611111111
 20
52.15621888888888
 30
0.0
 10
83.89358944444444
 20
51.94913833333332
 30
0.0
 10
83.89993944444444
 20
51.63057999999999
 30
0.0
 10
83.64981999999999
 20
51.39986333333333
 30
0.0
 10
83.27516999999999
 20
51.39492444444443
 30
0.0
 10
82.83419777777777
 20
51.38610499999999
 30
0.0
 10
82.60912555555555
 20
51.67114944444443
 30
0.0
 10
82.60348111111111
 20
51.95760499999999
 30
0.0
 10
82.59995333333333
 20
52.14351888888888
 30
0.0
 10
82.66592277777777
 20
52.27263555555555
 30
0.0
 10
82.82714222222222
 20
52.37141333333333
 30
0.0
 10
82.92627277777777
 20
52.36717999999999
 30
0.0
 10
84.75648388888888
 20
52.40986611111111
 30
0.0
 10
84.75648388888888
 20
52.40986611111111
 30
0.0
  0
SPLINE
  5
1E2
330
1F
100
AcDbEntity
  8
DEFAULT
 62
     1
100
AcDbSpline
210
0.0
220
0.0
230
1.0
 70
    11
 71
     3
 72
    83
 73
    79
 74
     0
 42
0.000000001
 43
0.0000000001
 40
1.0
 40
1.0
 40
1.0
 40
1.0
 40
2.0
 40
2.0
 40
2.0
 40
3.0
 40
3.0
 40
3.0
 40
4.0
 40
4.0
 40
4.0
 40
13.92300125969961
 40
13.92300125969961
 40
13.92300125969961
 40
22.42000125969962
 40
22.42000125969962
 40
22.42000125969962
 40
32.34300307366701
 40
32.34300307366701
 40
32.34300307366701
 40
33.34300307366701
 40
33.34300307366701
 40
33.34300307366701
 40
34.34300307366701
 40
34.34300307366701
 40
34.34300307366701
 40
35.34300307366701
 40
35.34300307366701
 40
35.34300307366701
 40
36.34300307366701
 40
36.34300307366701
 40
36.34300307366701
 40
37.34300307366701
 40
37.34300307366701
 40
37.34300307366701
 40
38.34300307366701
 40
38.34300307366701
 40
38.34300307366701
 40
39.34300307366701
 40
39.34300307366701
 40
39.34300307366701
 40
40.34300307366701
 40
40.34300307366701
 40
40.34300307366701
 40
41.34300307366701
 40
41.34300307366701
 40
41.34300307366701
 40
42.34300307366701
 40
42.34300307366701
 40
42.34300307366701
 40
43.34300307366701
 40
43.34300307366701
 40
43.34300307366701
 40
44.34300307366701
 40
44.34300307366701
 40
44.34300307366701
 40
54.25824840598228
 40
54.25824840598228
 40
54.25824840598228
 40
62.75796869549768
 40
62.75796869549768
 40
62.75796869549768
 40
72.68106584306207
 40
72.68106584306207
 40
72.68106584306207
 40
73.68106584306207
 40
73.68106584306207
 40
73.68106584306207
 40
74.68106584306207
 40
74.68106584306207
 40
74.68106584306207
 40
75.68106584306207
 40
75.68106584306207
 40
75.68106584306207
 40
76.68106584306207
 40
76.68106584306207
 40
76.68106584306207
 40
77.68106584306207
 40
77.68106584306207
 40
77.68106584306207
 40
77.68106584306207
 10
78.01158444444444
 20
31.36928222222222
 30
0.0
 10
78.67551222222221
 20
31.93443222222222
 30
0.0
 10
79.59273444444443
 20
31.81872111111111
 30
0.0
 10
80.73608722222222
 20
31.82083777777778
 30
0.0
 10
80.76360388888888
 20
31.82048499999999
 30
0.0
 10
80.78477055555554
 20
32.60541555555555
 30
0.0
 10
80.784065
 20
33.57096833333333
 30
0.0
 10
80.78300666666665
 20
34.53687388888888
 30
0.0
 10
80.73291222222221
 20
35.04840166666666
 30
0.0
 10
80.73397055555556
 20
35.32109888888888
 30
0.0
 10
80.73338259259259
 20
36.48797018518518
 30
0.0
 10
80.73279462962962
 20
37.65484148148148
 30
0.0
 10
80.73220666666666
 20
38.82171277777778
 30
0.0
 10
81.73139092592592
 20
38.82171277777778
 30
0.0
 10
82.73057518518517
 20
38.82171277777778
 30
0.0
 10
83.72975944444444
 20
38.82171277777778
 30
0.0
 10
83.730465
 20
37.65484148148148
 30
0.0
 10
83.73117055555555
 20
36.48797018518518
 30
0.0
 10
83.7318761111111
 20
35.32109888888888
 30
0.0
 10
83.73293444444444
 20
35.05087111111111
 30
0.0
 10
83.68319277777776
 20
34.53687388888888
 30
0.0
 10
83.68389833333333
 20
33.57096833333333
 30
0.0
 10
83.68460388888887
 20
32.60506277777777
 30
0.0
 10
83.71106222222221
 20
31.82154333333333
 30
0.0
 10
83.73646222222222
 20
31.81836833333333
 30
0.0
 10
84.75951777777776
 20
31.82119055555555
 30
0.0
 10
85.42485666666666
 20
31.75839611111111
 30
0.0
 10
85.8605372222222
 20
31.43701555555555
 30
0.0
 10
87.01447333333333
 20
31.04966555555555
 30
0.0
 10
86.68885944444443
 20
34.17704055555556
 30
0.0
 10
86.7544761111111
 20
37.26737388888889
 30
0.0
 10
86.85395944444444
 20
41.92933222222221
 30
0.0
 10
86.41616222222221
 20
46.07094333333333
 30
0.0
 10
87.851615
 20
46.30624611111111
 30
0.0
 10
90.41630944444444
 20
46.72287666666666
 30
0.0
 10
87.89888722222221
 20
48.50687388888888
 30
0.0
 10
89.21933444444444
 20
49.47630722222221
 30
0.0
 10
92.4105622222222
 20
51.82086833333333
 30
0.0
 10
88.83339555555554
 20
50.91987388888888
 30
0.0
 10
88.90994833333332
 20
52.84498222222221
 30
0.0
 10
88.94416777777778
 20
53.78090166666667
 30
0.0
 10
85.04667888888888
 20
56.12757944444444
 30
0.0
 10
81.56123444444444
 20
56.06161
 30
0.0
 10
76.97829833333333
 20
55.98223499999999
 30
0.0
 10
72.45004277777778
 20
56.80279611111111
 30
0.0
 10
73.25860944444443
 20
55.55537388888889
 30
0.0
 10
73.95710944444444
 20
55.04208222222222
 30
0.0
 10
73.92677055555555
 20
54.24656833333333
 30
0.0
 10
73.95181777777776
 20
53.19493777777777
 30
0.0
 10
73.98674277777778
 20
53.16530444444444
 30
0.0
 10
74.75509277777778
 20
53.16283499999999
 30
0.0
 10
75.69947888888888
 20
53.18188499999999
 30
0.0
 10
76.66855944444444
 20
53.20305166666667
 30
0.0
 10
77.17938166666666
 20
53.26302388888888
 30
0.0
 10
77.45172611111111
 20
53.26690444444444
 30
0.0
 10
78.61742148148147
 20
53.29171648148147
 30
0.0
 10
79.78311685185184
 20
53.31652851851851
 30
0.0
 10
80.94881222222222
 20
53.34134055555555
 30
0.0
 10
80.96892055555556
 20
52.3420387037037
 30
0.0
 10
80.98902888888888
 20
51.34273685185185
 30
0.0
 10
81.00913722222222
 20
50.343435
 30
0.0
 10
79.8425011111111
 20
50.31944611111111
 30
0.0
 10
78.675865
 20
50.29545722222222
 30
0.0
 10
77.50922888888888
 20
50.27146833333333
 30
0.0
 10
77.23935388888889
 20
50.26511833333333
 30
0.0
 10
76.72853166666665
 20
50.30286555555555
 30
0.0
 10
75.76192055555555
 20
50.27922944444444
 30
0.0
 10
74.81224277777777
 20
50.26476555555555
 30
0.0
 10
74.03965944444442
 20
50.22419611111111
 30
0.0
 10
74.01461222222221
 20
50.19491555555555
 30
0.0
 10
74.02554833333332
 20
49.51264333333333
 30
0.0
 10
74.0957511111111
 20
48.77992388888888
 30
0.0
 10
73.14536777777776
 20
48.19995722222222
 30
0.0
 10
72.0764511111111
 20
46.80225166666666
 30
0.0
 10
77.95125944444445
 20
50.1860961111111
 30
0.0
 10
77.66162888888888
 20
37.99762388888889
 30
0.0
 10
77.60447888888888
 20
35.69857111111111
 30
0.0
 10
76.55990388888888
 20
30.95759055555555
 30
0.0
 10
78.01158444444444
 20
31.36928222222222
 30
0.0
  0
SPLINE
  5
1E3
330
1F
100
AcDbEntity
  8
DEFAULT
 62
    18
100
AcDbSpline
210
0.0
220
0.0
230
1.0
 70
     8
 71
     3
 72
    17
 73
    13
 74
     0
 42
0.000000001
 43
0.0000000001
 40
0.0
 40
0.0
 40
0.0
 40
0.0
 40
2.363
 40
2.363
 40
2.363
 40
3.363
 40
3.363
 40
3.363
 40
4.363
 40
4.363
 40
4.363
 40
5.363
 40
5.363
 40
5.363
 40
5.363
 10
100.7874822222222
 20
140.8283597222222
 30
0.0
 10
101.0653535185185
 20
140.8283597222222
 30
0.0
 10
101.3432248148148
 20
140.8283597222222
 30
0.0
 10
101.6210961111111
 20
140.8283597222222
 30
0.0
 10
101.8549877777778
 20
140.8283597222222
 30
0.0
 10
102.0525433333333
 20
140.9285486111111
 30
0.0
 10
102.0525433333333
 20
141.2157097222222
 30
0.0
 10
102.0525433333333
 20
141.4129125
 30
0.0
 10
101.9329516666667
 20
141.5688402777778
 30
0.0
 10
101.7890183333333
 20
141.6242263888889
 30
0.0
 10
101.753035
 20
141.6415125
 30
0.0
 10
101.7138766666666
 20
141.6450402777778
 30
0.0
 10
101.6630766666667
 20
141.6450402777778
 30
0.0
  0
POLYLINE
  5
1E4
330
1F
100
AcDbEntity
  8
DEFAULT
 62
    18
100
AcDb2dPolyline
 66
     1
 10
0.0
 20
0.0
 30
0.0
  0
VERTEX
  5
1E5
330
1E4
100
AcDbEntity
  8
DEFAULT
 62
    18
100
AcDbVertex
100
AcDb2dVertex
 10
100.7874822222222
 20
141.6448991666666
 30
0.0
  0
VERTEX
  5
1E6
330
1E4
100
AcDbEntity
  8
DEFAULT
 62
    18
100
AcDbVertex
100
AcDb2dVertex
 10
102.9161433333333
 20
141.6448991666666
 30
0.0
  0
SEQEND
  5
1E7
330
1E4
100
AcDbEntity
  8
DEFAULT
 62
    18
  0
SPLINE
  5
1E8
330
1F
100
AcDbEntity
  8
DEFAULT
 62
    18
100
AcDbSpline
210
0.0
220
0.0
230
1.0
 70
     8
 71
     3
 72
    29
 73
    25
 74
     0
 42
0.000000001
 43
0.0000000001
 40
0.0
 40
0.0
 40
0.0
 40
0.0
 40
1.0
 40
1.0
 40
1.0
 40
2.0
 40
2.0
 40
2.0
 40
3.0
 40
3.0
 40
3.0
 40
4.0
 40
4.0
 40
4.0
 40
5.0
 40
5.0
 40
5.0
 40
6.0
 40
6.0
 40
6.0
 40
7.0
 40
7.0
 40
7.0
 40
8.0
 40
8.0
 40
8.0
 40
8.0
 10
111.2916169444444
 20
140.0985683333333
 30
0.0
 10
111.3946280555555
 20
140.1881738888889
 30
0.0
 10
111.6394558333333
 20
140.2192183333333
 30
0.0
 10
111.8483002777778
 20
140.1659488888889
 30
0.0
 10
112.1823808333333
 20
140.0805766666666
 30
0.0
 10
112.3587697222222
 20
139.7729544444444
 30
0.0
 10
112.2762197222222
 20
139.4487516666667
 30
0.0
 10
112.1753252777778
 20
139.0522294444444
 30
0.0
 10
111.8200780555556
 20
138.9033572222222
 30
0.0
 10
111.5110447222222
 20
138.9820266666667
 30
0.0
 10
111.2771530555556
 20
139.0416461111111
 30
0.0
 10
111.1173447222222
 20
139.19581
 30
0.0
 10
111.0834780555556
 20
139.3072877777778
 30
0.0
 10
111.1145225
 20
139.4078294444444
 30
0.0
 10
111.3734613888889
 20
140.4199488888889
 30
0.0
 10
111.3734613888889
 20
140.4199488888889
 30
0.0
 10
111.4556586111111
 20
140.7427405555555
 30
0.0
 10
111.5625502777778
 20
140.9258322222222
 30
0.0
 10
111.7135391666667
 20
141.0172016666666
 30
0.0
 10
111.8662919444444
 20
141.1142155555555
 30
0.0
 10
112.0504419444444
 20
141.1106877777778
 30
0.0
 10
112.2063697222222
 20
141.0711766666666
 30
0.0
 10
112.3548891666667
 20
141.0330766666667
 30
0.0
 10
112.5079947222222
 20
140.9508794444444
 30
0.0
 10
112.5884280555556
 20
140.849985
 30
0.0
  0
SPLINE
  5
1E9
330
1F
100
AcDbEntity
  8
DEFAULT
 62
     1
100
AcDbSpline
210
0.0
220
0.0
230
1.0
 70
    11
 71
     3
 72
    83
 73
    79
 74
     0
 42
0.000000001
 43
0.0000000001
 40
9.915002471003243
 40
9.915002471003243
 40
9.915002471003243
 40
9.915002471003243
 40
18.41300247100323
 40
18.41300247100323
 40
18.41300247100323
 40
28.33800856671926
 40
28.33800856671926
 40
28.33800856671926
 40
29.33800856671926
 40
29.33800856671926
 40
29.33800856671926
 40
30.33800856671926
 40
30.33800856671926
 40
30.33800856671926
 40
31.33800856671926
 40
31.33800856671926
 40
31.33800856671926
 40
32.33800856671925
 40
32.33800856671925
 40
32.33800856671925
 40
33.33800856671925
 40
33.33800856671925
 40
33.33800856671925
 40
34.33800856671925
 40
34.33800856671925
 40
34.33800856671925
 40
35.33800856671925
 40
35.33800856671925
 40
35.33800856671925
 40
36.33800856671925
 40
36.33800856671925
 40
36.33800856671925
 40
37.33800856671925
 40
37.33800856671925
 40
37.33800856671925
 40
47.25825553945132
 40
47.25825553945132
 40
47.25825553945132
 40
55.7483048914869
 40
55.7483048914869
 40
55.7483048914869
 40
65.67464404547515
 40
65.67464404547515
 40
65.67464404547515
 40
66.67464404547515
 40
66.67464404547515
 40
66.67464404547515
 40
67.67464404547515
 40
67.67464404547515
 40
67.67464404547515
 40
68.67464404547515
 40
68.67464404547515
 40
68.67464404547515
 40
69.67464404547515
 40
69.67464404547515
 40
69.67464404547515
 40
70.67464404547515
 40
70.67464404547515
 40
70.67464404547515
 40
71.67464404547515
 40
71.67464404547515
 40
71.67464404547515
 40
72.67464404547515
 40
72.67464404547515
 40
72.67464404547515
 40
73.67464404547515
 40
73.67464404547515
 40
73.67464404547515
 40
74.67464404547515
 40
74.67464404547515
 40
74.67464404547515
 40
75.67464404547515
 40
75.67464404547515
 40
75.67464404547515
 40
76.67464404547515
 40
76.67464404547515
 40
76.67464404547515
 40
86.5896465164784
 40
86.5896465164784
 40
86.5896465164784
 40
86.5896465164784
 10
99.14452555555555
 20
139.7366536111111
 30
0.0
 10
99.14452555555555
 20
140.7359554629629
 30
0.0
 10
99.14452555555555
 20
141.7352573148148
 30
0.0
 10
99.14452555555555
 20
142.7345591666667
 30
0.0
 10
97.97741907407406
 20
142.7332656481481
 30
0.0
 10
96.81031259259258
 20
142.7319721296296
 30
0.0
 10
95.6432061111111
 20
142.7306786111111
 30
0.0
 10
95.37156722222223
 20
142.7317369444444
 30
0.0
 10
94.86039222222222
 20
142.6823480555556
 30
0.0
 10
93.89413388888889
 20
142.6795258333333
 30
0.0
 10
92.93422555555556
 20
142.6795258333333
 30
0.0
 10
92.15493944444444
 20
142.7052786111111
 30
0.0
 10
92.14541444444444
 20
142.7282091666667
 30
0.0
 10
92.142945
 20
144.1689536111111
 30
0.0
 10
92.41952277777777
 20
145.0071536111111
 30
0.0
 10
93.25772277777777
 20
145.4802286111111
 30
0.0
 10
94.16506722222222
 20
145.9899925
 30
0.0
 10
95.72681444444444
 20
146.0774813888889
 30
0.0
 10
98.30032833333334
 20
146.0411452777778
 30
0.0
 10
102.2242755555556
 20
145.9850536111111
 30
0.0
 10
106.633645
 20
146.1586202777778
 30
0.0
 10
107.5110033333333
 20
145.5236202777778
 30
0.0
 10
108.07192
 20
145.1158091666667
 30
0.0
 10
108.6395394444444
 20
147.3418369444444
 30
0.0
 10
109.7701922222222
 20
148.8894730555556
 30
0.0
 10
110.3572144444444
 20
149.6895730555555
 30
0.0
 10
111.2797283333333
 20
150.1901647222222
 30
0.0
 10
112.7892644444444
 20
149.8084591666667
 30
0.0
 10
112.8157227777778
 20
149.8003452777778
 30
0.0
 10
112.6421561111111
 20
149.0355230555555
 30
0.0
 10
112.4065005555556
 20
148.0996036111111
 30
0.0
 10
112.1666116666667
 20
147.1654480555555
 30
0.0
 10
111.9944561111111
 20
146.6807313888889
 30
0.0
 10
111.9260172222222
 20
146.4147369444444
 30
0.0
 10
111.6393264814815
 20
145.2839665740741
 30
0.0
 10
111.3526357407408
 20
144.1531962037037
 30
0.0
 10
111.065945
 20
143.0224258333333
 30
0.0
 10
112.0333792592593
 20
142.7758341666667
 30
0.0
 10
113.0008135185185
 20
142.5292425
 30
0.0
 10
113.9682477777778
 20
142.2826508333333
 30
0.0
 10
114.2559968518518
 20
143.4138915740741
 30
0.0
 10
114.5437459259259
 20
144.5451323148148
 30
0.0
 10
114.831495
 20
145.6763730555555
 30
0.0
 10
114.9002866666666
 20
145.9420147222222
 30
0.0
 10
114.9754283333333
 20
146.4475452777778
 30
0.0
 10
115.2142588888889
 20
147.3852286111111
 30
0.0
 10
115.4520311111111
 20
148.3066841666667
 30
0.0
 10
115.6647561111111
 20
149.0496341666667
 30
0.0
 10
115.6961533333333
 20
149.0665675
 30
0.0
 10
117.0208338888889
 20
148.4774286111111
 30
0.0
 10
117.7736616666667
 20
147.4730702777778
 30
0.0
 10
118.13032
 20
146.2648063888889
 30
0.0
 10
119.3001311111111
 20
142.2801813888889
 30
0.0
 10
116.0595144444444
 20
136.1326758333333
 30
0.0
 10
114.4169811111111
 20
135.8088258333333
 30
0.0
 10
112.5260922222222
 20
135.4384091666666
 30
0.0
 10
114.2324783333333
 20
132.1639258333333
 30
0.0
 10
111.2098783333333
 20
134.7268563888889
 30
0.0
 10
109.9628088888889
 20
135.7883647222222
 30
0.0
 10
108.9154116666667
 20
132.9717869444444
 30
0.0
 10
107.8091005555555
 20
135.3234036111111
 30
0.0
 10
107.4944227777778
 20
136.0025008333333
 30
0.0
 10
102.2613172222222
 20
136.5281397222222
 30
0.0
 10
97.74082277777778
 20
136.2275730555556
 30
0.0
 10
95.65026166666667
 20
136.0875202777778
 30
0.0
 10
94.28783388888888
 20
136.1905313888889
 30
0.0
 10
93.42917277777777
 20
136.6611369444444
 30
0.0
 10
92.4777311111111
 20
137.1807786111111
 30
0.0
 10
92.149295
 20
138.1484480555555
 30
0.0
 10
92.14541444444444
 20
139.7299508333333
 30
0.0
 10
92.14576722222222
 20
139.7571147222222
 30
0.0
 10
92.93140333333332
 20
139.7796925
 30
0.0
 10
93.89766166666666
 20
139.7825147222222
 30
0.0
 10
94.8621561111111
 20
139.7807508333333
 30
0.0
 10
95.37615333333332
 20
139.7317147222222
 30
0.0
 10
95.64673388888887
 20
139.7341841666667
 30
0.0
 10
96.81266444444442
 20
139.7350073148148
 30
0.0
 10
97.97859499999998
 20
139.735830462963
 30
0.0
 10
99.14452555555555
 20
139.7366536111111
 30
0.0
  0
SPLINE
  5
1EA
330
1F
100
AcDbEntity
  8
DEFAULT
 62
    18
100
AcDbSpline
210
0.0
220
0.0
230
1.0
 70
     8
 71
     3
 72
    17
 73
    13
 74
     0
 42
0.000000001
 43
0.0000000001
 40
0.0
 40
0.0
 40
0.0
 40
0.0
 40
2.363
 40
2.363
 40
2.363
 40
3.363
 40
3.363
 40
3.363
 40
4.363
 40
4.363
 40
4.363
 40
5.363
 40
5.363
 40
5.363
 40
5.363
 10
39.21255527777777
 20
141.6448991666666
 30
0.0
 10
38.93468398148148
 20
141.6448991666666
 30
0.0
 10
38.65681268518518
 20
141.6448991666666
 30
0.0
 10
38.37894138888888
 20
141.6448991666666
 30
0.0
 10
38.14504972222222
 20
141.6448991666666
 30
0.0
 10
37.94749416666667
 20
141.5447102777778
 30
0.0
 10
37.94749416666667
 20
141.2575491666666
 30
0.0
 10
37.94749416666667
 20
141.0603463888889
 30
0.0
 10
38.06708583333333
 20
140.9044186111111
 30
0.0
 10
38.21101916666667
 20
140.8493852777778
 30
0.0
 10
38.2470025
 20
140.8317463888889
 30
0.0
 10
38.28616083333333
 20
140.8282186111111
 30
0.0
 10
38.33696083333333
 20
140.8282186111111
 30
0.0
  0
POLYLINE
  5
1EB
330
1F
100
AcDbEntity
  8
DEFAULT
 62
    18
100
AcDb2dPolyline
 66
     1
 10
0.0
 20
0.0
 30
0.0
  0
VERTEX
  5
1EC
330
1EB
100
AcDbEntity
  8
DEFAULT
 62
    18
100
AcDbVertex
100
AcDb2dVertex
 10
39.21255527777777
 20
140.8283597222222
 30
0.0
  0
VERTEX
  5
1ED
330
1EB
100
AcDbEntity
  8
DEFAULT
 62
    18
100
AcDbVertex
100
AcDb2dVertex
 10
37.08389416666666
 20
140.8283597222222
 30
0.0
  0
SEQEND
  5
1EE
330
1EB
100
AcDbEntity
  8
DEFAULT
 62
    18
  0
SPLINE
  5
1EF
330
1F
100
AcDbEntity
  8
DEFAULT
 62
    18
100
AcDbSpline
210
0.0
220
0.0
230
1.0
 70
     8
 71
     3
 72
    29
 73
    25
 74
     0
 42
0.000000001
 43
0.0000000001
 40
0.0
 40
0.0
 40
0.0
 40
0.0
 40
1.0
 40
1.0
 40
1.0
 40
2.0
 40
2.0
 40
2.0
 40
3.0
 40
3.0
 40
3.0
 40
4.0
 40
4.0
 40
4.0
 40
5.0
 40
5.0
 40
5.0
 40
6.0
 40
6.0
 40
6.0
 40
7.0
 40
7.0
 40
7.0
 40
8.0
 40
8.0
 40
8.0
 40
8.0
 10
27.63428277777777
 20
139.8247775
 30
0.0
 10
27.681555
 20
139.9528358333333
 30
0.0
 10
27.88193277777777
 20
140.0971219444444
 30
0.0
 10
28.09077722222222
 20
140.1503913888889
 30
0.0
 10
28.42485777777777
 20
140.2354108333333
 30
0.0
 10
28.72718833333333
 20
140.0498497222222
 30
0.0
 10
28.80973833333333
 20
139.7256469444444
 30
0.0
 10
28.91098555555555
 20
139.3291247222222
 30
0.0
 10
28.67039111111111
 20
139.0282052777778
 30
0.0
 10
28.36135777777777
 20
138.9495358333333
 30
0.0
 10
28.12746611111111
 20
138.8899163888889
 30
0.0
 10
27.91332999999999
 20
138.9488302777778
 30
0.0
 10
27.83042722222222
 20
139.0306747222222
 30
0.0
 10
27.80961333333333
 20
139.1336858333333
 30
0.0
 10
27.55243833333333
 20
140.1461580555555
 30
0.0
 10
27.55243833333333
 20
140.1461580555555
 30
0.0
 10
27.47024111111111
 20
140.4689497222222
 30
0.0
 10
27.47588555555555
 20
140.6806163888889
 30
0.0
 10
27.56513833333333
 20
140.8333691666666
 30
0.0
 10
27.65262722222222
 20
140.9917663888889
 30
0.0
 10
27.81596333333333
 20
141.0767858333333
 30
0.0
 10
27.97189111111111
 20
141.1166497222222
 30
0.0
 10
28.12041055555555
 20
141.1543969444444
 30
0.0
 10
28.29433
 20
141.1554552777778
 30
0.0
 10
28.41321611111111
 20
141.1053608333333
 30
0.0
  0
SPLINE
  5
1F0
330
1F
100
AcDbEntity
  8
DEFAULT
 62
     1
100
AcDbSpline
210
0.0
220
0.0
230
1.0
 70
    11
 71
     3
 72
    83
 73
    79
 74
     0
 42
0.000000001
 43
0.0000000001
 40
9.915002471003215
 40
9.915002471003215
 40
9.915002471003215
 40
9.915002471003215
 40
18.4130024710032
 40
18.4130024710032
 40
18.4130024710032
 40
28.33800856671921
 40
28.33800856671921
 40
28.33800856671921
 40
29.33800856671921
 40
29.33800856671921
 40
29.33800856671921
 40
30.33800856671921
 40
30.33800856671921
 40
30.33800856671921
 40
31.33800856671921
 40
31.33800856671921
 40
31.33800856671921
 40
32.33800856671921
 40
32.33800856671921
 40
32.33800856671921
 40
33.33800856671921
 40
33.33800856671921
 40
33.33800856671921
 40
34.33800856671921
 40
34.33800856671921
 40
34.33800856671921
 40
35.33800856671921
 40
35.33800856671921
 40
35.33800856671921
 40
36.33800856671921
 40
36.33800856671921
 40
36.33800856671921
 40
37.33800856671921
 40
37.33800856671921
 40
37.33800856671921
 40
47.25825553945128
 40
47.25825553945128
 40
47.25825553945128
 40
55.74830489148688
 40
55.74830489148688
 40
55.74830489148688
 40
65.67464404547512
 40
65.67464404547512
 40
65.67464404547512
 40
66.67464404547512
 40
66.67464404547512
 40
66.67464404547512
 40
67.67464404547512
 40
67.67464404547512
 40
67.67464404547512
 40
68.67464404547512
 40
68.67464404547512
 40
68.67464404547512
 40
69.67464404547512
 40
69.67464404547512
 40
69.67464404547512
 40
70.67464404547512
 40
70.67464404547512
 40
70.67464404547512
 40
71.67464404547512
 40
71.67464404547512
 40
71.67464404547512
 40
72.67464404547512
 40
72.67464404547512
 40
72.67464404547512
 40
73.67464404547512
 40
73.67464404547512
 40
73.67464404547512
 40
74.67464404547512
 40
74.67464404547512
 40
74.67464404547512
 40
75.67464404547512
 40
75.67464404547512
 40
75.67464404547512
 40
76.67464404547512
 40
76.67464404547512
 40
76.67464404547512
 40
86.58964651647834
 40
86.58964651647834
 40
86.58964651647834
 40
86.58964651647834
 10
40.85551194444444
 20
139.7366536111111
 30
0.0
 10
40.85551194444444
 20
140.7359554629629
 30
0.0
 10
40.85551194444444
 20
141.7352573148148
 30
0.0
 10
40.85551194444444
 20
142.7345591666667
 30
0.0
 10
42.02261842592593
 20
142.7332656481481
 30
0.0
 10
43.1897249074074
 20
142.7319721296296
 30
0.0
 10
44.35683138888889
 20
142.7306786111111
 30
0.0
 10
44.62882305555555
 20
142.7317369444444
 30
0.0
 10
45.13964527777777
 20
142.6823480555556
 30
0.0
 10
46.10590361111111
 20
142.6795258333333
 30
0.0
 10
47.06581194444443
 20
142.6795258333333
 30
0.0
 10
47.84509805555555
 20
142.7052786111111
 30
0.0
 10
47.85462305555556
 20
142.7282091666667
 30
0.0
 10
47.8570925
 20
144.1689536111111
 30
0.0
 10
47.58051472222221
 20
145.0071536111111
 30
0.0
 10
46.74231472222223
 20
145.4802286111111
 30
0.0
 10
45.83497027777778
 20
145.9899925
 30
0.0
 10
44.27322305555555
 20
146.0774813888889
 30
0.0
 10
41.69970916666666
 20
146.0411452777778
 30
0.0
 10
37.77576194444444
 20
145.9850536111111
 30
0.0
 10
33.3663925
 20
146.1586202777778
 30
0.0
 10
32.48903416666666
 20
145.5236202777778
 30
0.0
 10
31.9281175
 20
145.1158091666667
 30
0.0
 10
31.36049805555556
 20
147.3418369444444
 30
0.0
 10
30.22984527777777
 20
148.8894730555556
 30
0.0
 10
29.64282305555556
 20
149.6895730555555
 30
0.0
 10
28.72066194444444
 20
150.1901647222222
 30
0.0
 10
27.21077305555556
 20
149.8084591666667
 30
0.0
 10
27.1846675
 20
149.8003452777778
 30
0.0
 10
27.35788138888889
 20
149.0355230555555
 30
0.0
 10
27.59353694444444
 20
148.0996036111111
 30
0.0
 10
27.83342583333333
 20
147.1654480555555
 30
0.0
 10
28.00558138888889
 20
146.6807313888889
 30
0.0
 10
28.07402027777778
 20
146.4147369444444
 30
0.0
 10
28.36071101851851
 20
145.2839665740741
 30
0.0
 10
28.64740175925925
 20
144.1531962037037
 30
0.0
 10
28.93409249999999
 20
143.0224258333333
 30
0.0
 10
27.96665824074074
 20
142.7758341666667
 30
0.0
 10
26.99922398148148
 20
142.5292425
 30
0.0
 10
26.03178972222222
 20
142.2826508333333
 30
0.0
 10
25.74404064814814
 20
143.4138915740741
 30
0.0
 10
25.45629157407407
 20
144.5451323148148
 30
0.0
 10
25.1685425
 20
145.6763730555555
 30
0.0
 10
25.10010361111111
 20
145.9420147222222
 30
0.0
 10
25.02460916666666
 20
146.4475452777778
 30
0.0
 10
24.78577861111111
 20
147.3852286111111
 30
0.0
 10
24.54800638888889
 20
148.3066841666667
 30
0.0
 10
24.33528138888888
 20
149.0496341666667
 30
0.0
 10
24.30388416666666
 20
149.0665675
 30
0.0
 10
22.97920361111111
 20
148.4774286111111
 30
0.0
 10
22.22637583333333
 20
147.4730702777778
 30
0.0
 10
21.8697175
 20
146.2648063888889
 30
0.0
 10
20.69990638888889
 20
142.2801813888889
 30
0.0
 10
23.94052305555555
 20
136.1326758333333
 30
0.0
 10
25.58340916666667
 20
135.8088258333333
 30
0.0
 10
27.47429805555555
 20
135.4384091666666
 30
0.0
 10
25.76755916666666
 20
132.1639258333333
 30
0.0
 10
28.79015916666667
 20
134.7268563888889
 30
0.0
 10
30.03758138888889
 20
135.7883647222222
 30
0.0
 10
31.08462583333333
 20
132.9717869444444
 30
0.0
 10
32.19093694444444
 20
135.3234036111111
 30
0.0
 10
32.50561472222222
 20
136.0025008333333
 30
0.0
 10
37.73872027777777
 20
136.5281397222222
 30
0.0
 10
42.2595675
 20
136.2275730555556
 30
0.0
 10
44.34977583333333
 20
136.0875202777778
 30
0.0
 10
45.71220361111111
 20
136.1905313888889
 30
0.0
 10
46.57086472222222
 20
136.6611369444444
 30
0.0
 10
47.52230638888889
 20
137.1807786111111
 30
0.0
 10
47.8507425
 20
138.1484480555555
 30
0.0
 10
47.85462305555556
 20
139.7299508333333
 30
0.0
 10
47.85427027777777
 20
139.7571147222222
 30
0.0
 10
47.06863416666666
 20
139.7796925
 30
0.0
 10
46.10202305555556
 20
139.7825147222222
 30
0.0
 10
45.13788138888889
 20
139.7807508333333
 30
0.0
 10
44.62388416666666
 20
139.7317147222222
 30
0.0
 10
44.35330361111111
 20
139.7341841666667
 30
0.0
 10
43.18737305555555
 20
139.7350073148148
 30
0.0
 10
42.0214425
 20
139.735830462963
 30
0.0
 10
40.85551194444444
 20
139.7366536111111
 30
0.0
  0
SPLINE
  5
1F1
330
1F
100
AcDbEntity
  8
DEFAULT
 62
    18
100
AcDbSpline
210
0.0
220
0.0
230
1.0
 70
     8
 71
     3
 72
    29
 73
    25
 74
     0
 42
0.000000001
 43
0.0000000001
 40
0.0
 40
0.0
 40
0.0
 40
0.0
 40
1.0
 40
1.0
 40
1.0
 40
2.0
 40
2.0
 40
2.0
 40
3.0
 40
3.0
 40
3.0
 40
4.0
 40
4.0
 40
4.0
 40
5.0
 40
5.0
 40
5.0
 40
6.0
 40
6.0
 40
6.0
 40
7.0
 40
7.0
 40
7.0
 40
8.0
 40
8.0
 40
8.0
 40
8.0
 10
21.44864194444444
 20
121.859675
 30
0.0
 10
21.52625305555555
 20
121.9722111111111
 30
0.0
 10
21.75591138888889
 20
122.0625222222222
 30
0.0
 10
21.97145861111111
 20
122.0625222222222
 30
0.0
 10
22.3161225
 20
122.0625222222222
 30
0.0
 10
22.56341972222222
 20
121.8078166666667
 30
0.0
 10
22.56341972222222
 20
121.4733833333333
 30
0.0
 10
22.56341972222222
 20
121.0641611111111
 30
0.0
 10
22.2557975
 20
120.8320333333333
 30
0.0
 10
21.93688638888889
 20
120.8320333333333
 30
0.0
 10
21.69558638888889
 20
120.8320333333333
 30
0.0
 10
21.50261694444444
 20
120.9417472222222
 30
0.0
 10
21.44229194444444
 20
121.0415833333333
 30
0.0
 10
21.44758361111111
 20
121.1467111111111
 30
0.0
 10
21.44864194444444
 20
122.1916388888889
 30
0.0
 10
21.44864194444444
 20
122.1916388888889
 30
0.0
 10
21.44864194444444
 20
122.5243083333333
 30
0.0
 10
21.50685027777778
 20
122.7282138888889
 30
0.0
 10
21.63067527777778
 20
122.8541555555555
 30
0.0
 10
21.75450027777778
 20
122.9860944444444
 30
0.0
 10
21.93406416666667
 20
123.028075
 30
0.0
 10
22.09493083333333
 20
123.028075
 30
0.0
 10
22.24803638888889
 20
123.028075
 30
0.0
 10
22.41701694444444
 20
122.9860944444444
 30
0.0
 10
22.51967527777778
 20
122.9081305555555
 30
0.0
  0
SPLINE
  5
1F2
330
1F
100
AcDbEntity
  8
DEFAULT
 62
    18
100
AcDbSpline
210
0.0
220
0.0
230
1.0
 70
     8
 71
     3
 72
    11
 73
     7
 74
     0
 42
0.000000001
 43
0.0000000001
 40
0.0
 40
0.0
 40
0.0
 40
0.0
 40
4.113
 40
4.113
 40
4.113
 40
5.113
 40
5.113
 40
5.113
 40
5.113
 10
21.84385888888889
 20
98.15156194444444
 30
0.0
 10
21.84385888888889
 20
98.63522027777776
 30
0.0
 10
21.84385888888889
 20
99.1188786111111
 30
0.0
 10
21.84385888888889
 20
99.60253694444444
 30
0.0
 10
21.84385888888889
 20
100.2262480555556
 30
0.0
 10
22.16347555555555
 20
100.4753091666666
 30
0.0
 10
22.58998388888888
 20
100.2714036111111
 30
0.0
  0
POLYLINE
  5
1F3
330
1F
100
AcDbEntity
  8
DEFAULT
 62
    18
100
AcDb2dPolyline
 66
     1
 10
0.0
 20
0.0
 30
0.0
  0
VERTEX
  5
1F4
330
1F3
100
AcDbEntity
  8
DEFAULT
 62
    18
100
AcDbVertex
100
AcDb2dVertex
 10
21.43590666666666
 20
99.60264277777776
 30
0.0
  0
VERTEX
  5
1F5
330
1F3
100
AcDbEntity
  8
DEFAULT
 62
    18
100
AcDbVertex
100
AcDb2dVertex
 10
22.45508166666666
 20
99.60264277777776
 30
0.0
  0
SEQEND
  5
1F6
330
1F3
100
AcDbEntity
  8
DEFAULT
 62
    18
  0
SPLINE
  5
1F7
330
1F
100
AcDbEntity
  8
DEFAULT
 62
     1
100
AcDbSpline
210
0.0
220
0.0
230
1.0
 70
    11
 71
     3
 72
   113
 73
   109
 74
     0
 42
0.000000001
 43
0.0000000001
 40
1.0
 40
1.0
 40
1.0
 40
1.0
 40
2.0
 40
2.0
 40
2.0
 40
3.0
 40
3.0
 40
3.0
 40
4.0
 40
4.0
 40
4.0
 40
5.0
 40
5.0
 40
5.0
 40
6.0
 40
6.0
 40
6.0
 40
7.0
 40
7.0
 40
7.0
 40
8.0
 40
8.0
 40
8.0
 40
9.0
 40
9.0
 40
9.0
 40
10.0
 40
10.0
 40
10.0
 40
11.0
 40
11.0
 40
11.0
 40
20.38000533048888
 40
20.38000533048888
 40
20.38000533048888
 40
28.88000533048888
 40
28.88000533048888
 40
28.88000533048888
 40
38.26001066097776
 40
38.26001066097776
 40
38.26001066097776
 40
39.26001066097776
 40
39.26001066097776
 40
39.26001066097776
 40
40.26001066097776
 40
40.26001066097776
 40
40.26001066097776
 40
41.26001066097776
 40
41.26001066097776
 40
41.26001066097776
 40
42.26001066097776
 40
42.26001066097776
 40
42.26001066097776
 40
43.26001066097776
 40
43.26001066097776
 40
43.26001066097776
 40
44.26001066097776
 40
44.26001066097776
 40
44.26001066097776
 40
45.26001066097776
 40
45.26001066097776
 40
45.26001066097776
 40
46.26001066097776
 40
46.26001066097776
 40
46.26001066097776
 40
47.26001066097776
 40
47.26001066097776
 40
47.26001066097776
 40
48.26001066097776
 40
48.26001066097776
 40
48.26001066097776
 40
49.26001066097776
 40
49.26001066097776
 40
49.26001066097776
 40
50.26001066097776
 40
50.26001066097776
 40
50.26001066097776
 40
51.26001066097776
 40
51.26001066097776
 40
51.26001066097776
 40
52.26001066097776
 40
52.26001066097776
 40
52.26001066097776
 40
53.26001066097776
 40
53.26001066097776
 40
53.26001066097776
 40
63.18001066097772
 40
63.18001066097772
 40
63.18001066097772
 40
71.68001066097773
 40
71.68001066097773
 40
71.68001066097773
 40
81.60001066097769
 40
81.60001066097769
 40
81.60001066097769
 40
82.60001066097769
 40
82.60001066097769
 40
82.60001066097769
 40
83.60001066097769
 40
83.60001066097769
 40
83.60001066097769
 40
84.60001066097769
 40
84.60001066097769
 40
84.60001066097769
 40
85.60001066097769
 40
85.60001066097769
 40
85.60001066097769
 40
86.60001066097769
 40
86.60001066097769
 40
86.60001066097769
 40
86.60001066097769
 10
26.56010972222222
 20
117.6346319444444
 30
0.0
 10
25.93922083333333
 20
113.1543541666666
 30
0.0
 10
25.63547916666667
 20
94.16538472222221
 30
0.0
 10
25.75895138888889
 20
82.47785694444444
 30
0.0
 10
25.8683125
 20
72.03916249999999
 30
0.0
 10
24.58067361111111
 20
71.9439125
 30
0.0
 10
23.51175694444444
 20
71.9439125
 30
0.0
 10
23.48353472222222
 20
71.9439125
 30
0.0
 10
23.46236805555555
 20
72.72707916666666
 30
0.0
 10
23.46236805555555
 20
73.69369027777776
 30
0.0
 10
23.46236805555555
 20
74.66030138888887
 30
0.0
 10
23.51175694444444
 20
75.17182916666665
 30
0.0
 10
23.51175694444444
 20
75.44346805555556
 30
0.0
 10
23.51175694444444
 20
75.71510694444443
 30
0.0
 10
23.46236805555555
 20
76.2266347222222
 30
0.0
 10
23.46236805555555
 20
77.19324583333332
 30
0.0
 10
23.46236805555555
 20
78.15985694444444
 30
0.0
 10
23.51175694444444
 20
78.67138472222221
 30
0.0
 10
23.51175694444444
 20
78.94302361111109
 30
0.0
 10
23.51175694444444
 20
79.22171805555554
 30
0.0
 10
23.46236805555555
 20
79.74735694444443
 30
0.0
 10
23.46236805555555
 20
80.74219027777777
 30
0.0
 10
23.46236805555555
 20
81.7370236111111
 30
0.0
 10
23.51175694444444
 20
82.26266249999999
 30
0.0
 10
23.51175694444444
 20
82.54135694444443
 30
0.0
 10
23.51175694444444
 20
82.82005138888887
 30
0.0
 10
23.46236805555555
 20
83.34569027777776
 30
0.0
 10
23.46236805555555
 20
84.3405236111111
 30
0.0
 10
23.46236805555555
 20
85.33182916666665
 30
0.0
 10
23.51528472222222
 20
92.9511236111111
 30
0.0
 10
23.51528472222222
 20
93.22981805555555
 30
0.0
 10
23.51410879629629
 20
94.33283657407407
 30
0.0
 10
23.51293287037037
 20
95.43585509259259
 30
0.0
 10
23.51175694444444
 20
96.5388736111111
 30
0.0
 10
22.5122199074074
 20
96.5388736111111
 30
0.0
 10
21.51268287037037
 20
96.5388736111111
 30
0.0
 10
20.51314583333333
 20
96.5388736111111
 30
0.0
 10
20.51432175925926
 20
95.43585509259259
 30
0.0
 10
20.51549768518518
 20
94.33283657407407
 30
0.0
 10
20.51667361111111
 20
93.22981805555555
 30
0.0
 10
20.51667361111111
 20
92.9511236111111
 30
0.0
 10
20.56253472222222
 20
85.33182916666665
 30
0.0
 10
20.56253472222222
 20
84.3405236111111
 30
0.0
 10
20.56253472222222
 20
83.34569027777776
 30
0.0
 10
20.51314583333333
 20
82.82005138888887
 30
0.0
 10
20.51314583333333
 20
82.54135694444443
 30
0.0
 10
20.51314583333333
 20
82.26266249999999
 30
0.0
 10
20.56253472222222
 20
81.7370236111111
 30
0.0
 10
20.56253472222222
 20
80.74219027777777
 30
0.0
 10
20.56253472222222
 20
79.74735694444443
 30
0.0
 10
20.51314583333333
 20
79.22171805555554
 30
0.0
 10
20.51314583333333
 20
78.94302361111109
 30
0.0
 10
20.51314583333333
 20
78.67138472222221
 30
0.0
 10
20.56253472222222
 20
78.15985694444444
 30
0.0
 10
20.56253472222222
 20
77.19324583333332
 30
0.0
 10
20.56253472222222
 20
76.2266347222222
 30
0.0
 10
20.51314583333333
 20
75.71510694444443
 30
0.0
 10
20.51314583333333
 20
75.44346805555556
 30
0.0
 10
20.51314583333333
 20
75.17182916666665
 30
0.0
 10
20.56253472222222
 20
74.66030138888887
 30
0.0
 10
20.56253472222222
 20
73.69369027777776
 30
0.0
 10
20.56253472222222
 20
72.72707916666666
 30
0.0
 10
20.53784027777778
 20
71.9439125
 30
0.0
 10
20.51314583333333
 20
71.9439125
 30
0.0
 10
19.44070138888889
 20
71.9439125
 30
0.0
 10
18.14953472222222
 20
72.01799583333333
 30
0.0
 10
18.25889583333333
 20
82.47785694444444
 30
0.0
 10
18.38236805555556
 20
94.16538472222221
 30
0.0
 10
18.06522083333333
 20
113.1543541666666
 30
0.0
 10
17.44433194444444
 20
117.6381597222222
 30
0.0
 10
16.81991527777778
 20
122.1184375
 30
0.0
 10
19.06358194444444
 20
123.2226319444444
 30
0.0
 10
17.44433194444444
 20
125.3392986111111
 30
0.0
 10
15.82508194444444
 20
127.4559652777778
 30
0.0
 10
18.98597083333333
 20
127.4877152777778
 30
0.0
 10
18.36508194444444
 20
129.2304375
 30
0.0
 10
17.74066527777778
 20
130.9766875
 30
0.0
 10
18.50972083333333
 20
131.6363819444444
 30
0.0
 10
20.50291527777777
 20
131.6363819444444
 30
0.0
 10
20.5311375
 20
131.6363819444444
 30
0.0
 10
20.55230416666667
 20
130.8532152777778
 30
0.0
 10
20.55230416666667
 20
129.8866041666666
 30
0.0
 10
20.55230416666667
 20
128.9199930555556
 30
0.0
 10
20.50291527777777
 20
128.4084652777778
 30
0.0
 10
20.50291527777777
 20
128.1368263888889
 30
0.0
 10
20.50291527777777
 20
126.9703078703703
 30
0.0
 10
20.50291527777777
 20
125.8037893518518
 30
0.0
 10
20.50291527777777
 20
124.6372708333333
 30
0.0
 10
21.50245231481481
 20
124.6372708333333
 30
0.0
 10
22.50198935185185
 20
124.6372708333333
 30
0.0
 10
23.50152638888889
 20
124.6372708333333
 30
0.0
 10
23.50152638888889
 20
125.8037893518518
 30
0.0
 10
23.50152638888889
 20
126.9703078703703
 30
0.0
 10
23.50152638888889
 20
128.1368263888889
 30
0.0
 10
23.50152638888889
 20
128.4084652777778
 30
0.0
 10
23.4521375
 20
128.9199930555556
 30
0.0
 10
23.4521375
 20
129.8866041666666
 30
0.0
 10
23.4521375
 20
130.8532152777778
 30
0.0
 10
23.47683194444445
 20
131.6363819444444
 30
0.0
 10
23.50152638888889
 20
131.6363819444444
 30
0.0
 10
25.49472083333333
 20
131.6363819444444
 30
0.0
 10
26.26377638888889
 20
130.9766875
 30
0.0
 10
25.63935972222222
 20
129.2304375
 30
0.0
 10
25.01847083333333
 20
127.4877152777778
 30
0.0
 10
28.17935972222222
 20
127.4559652777778
 30
0.0
 10
26.56010972222222
 20
125.3392986111111
 30
0.0
 10
24.94085972222222
 20
123.2226319444444
 30
0.0
 10
27.18452638888888
 20
122.1184375
 30
0.0
 10
26.56010972222222
 20
117.6346319444444
 30
0.0
  0
SPLINE
  5
1F8
330
1F
100
AcDbEntity
  8
DEFAULT
 62
    18
100
AcDbSpline
210
0.0
220
0.0
230
1.0
 70
     8
 71
     3
 72
    29
 73
    25
 74
     0
 42
0.000000001
 43
0.0000000001
 40
0.0
 40
0.0
 40
0.0
 40
0.0
 40
1.0
 40
1.0
 40
1.0
 40
2.0
 40
2.0
 40
2.0
 40
3.0
 40
3.0
 40
3.0
 40
4.0
 40
4.0
 40
4.0
 40
5.0
 40
5.0
 40
5.0
 40
6.0
 40
6.0
 40
6.0
 40
7.0
 40
7.0
 40
7.0
 40
8.0
 40
8.0
 40
8.0
 40
8.0
 10
117.4442730555555
 20
121.859675
 30
0.0
 10
117.5218841666667
 20
121.9722111111111
 30
0.0
 10
117.7515425
 20
122.0625222222222
 30
0.0
 10
117.9670897222222
 20
122.0625222222222
 30
0.0
 10
118.3117536111111
 20
122.0625222222222
 30
0.0
 10
118.5590508333333
 20
121.8078166666667
 30
0.0
 10
118.5590508333333
 20
121.4733833333333
 30
0.0
 10
118.5590508333333
 20
121.0641611111111
 30
0.0
 10
118.2514286111111
 20
120.8320333333333
 30
0.0
 10
117.9325175
 20
120.8320333333333
 30
0.0
 10
117.6912175
 20
120.8320333333333
 30
0.0
 10
117.4982480555555
 20
120.9417472222222
 30
0.0
 10
117.4379230555555
 20
121.0415833333333
 30
0.0
 10
117.4432147222222
 20
121.1467111111111
 30
0.0
 10
117.4442730555555
 20
122.1916388888889
 30
0.0
 10
117.4442730555555
 20
122.1916388888889
 30
0.0
 10
117.4442730555555
 20
122.5243083333333
 30
0.0
 10
117.5024813888889
 20
122.7282138888889
 30
0.0
 10
117.6263063888889
 20
122.8541555555555
 30
0.0
 10
117.7501313888889
 20
122.9860944444444
 30
0.0
 10
117.9296952777778
 20
123.028075
 30
0.0
 10
118.0905619444444
 20
123.028075
 30
0.0
 10
118.2436675
 20
123.028075
 30
0.0
 10
118.4126480555555
 20
122.9860944444444
 30
0.0
 10
118.5153063888889
 20
122.9081305555555
 30
0.0
  0
SPLINE
  5
1F9
330
1F
100
AcDbEntity
  8
DEFAULT
 62
    18
100
AcDbSpline
210
0.0
220
0.0
230
1.0
 70
     8
 71
     3
 72
    11
 73
     7
 74
     0
 42
0.000000001
 43
0.0000000001
 40
0.0
 40
0.0
 40
0.0
 40
0.0
 40
4.113
 40
4.113
 40
4.113
 40
5.113
 40
5.113
 40
5.113
 40
5.113
 10
117.83949
 20
98.15156194444444
 30
0.0
 10
117.83949
 20
98.63522027777776
 30
0.0
 10
117.83949
 20
99.1188786111111
 30
0.0
 10
117.83949
 20
99.60253694444444
 30
0.0
 10
117.83949
 20
100.2262480555556
 30
0.0
 10
118.1591066666667
 20
100.4753091666666
 30
0.0
 10
118.585615
 20
100.2714036111111
 30
0.0
  0
POLYLINE
  5
1FA
330
1F
100
AcDbEntity
  8
DEFAULT
 62
    18
100
AcDb2dPolyline
 66
     1
 10
0.0
 20
0.0
 30
0.0
  0
VERTEX
  5
1FB
330
1FA
100
AcDbEntity
  8
DEFAULT
 62
    18
100
AcDbVertex
100
AcDb2dVertex
 10
117.4315377777778
 20
99.60264277777776
 30
0.0
  0
VERTEX
  5
1FC
330
1FA
100
AcDbEntity
  8
DEFAULT
 62
    18
100
AcDbVertex
100
AcDb2dVertex
 10
118.4507127777778
 20
99.60264277777776
 30
0.0
  0
SEQEND
  5
1FD
330
1FA
100
AcDbEntity
  8
DEFAULT
 62
    18
  0
SPLINE
  5
1FE
330
1F
100
AcDbEntity
  8
DEFAULT
 62
     1
100
AcDbSpline
210
0.0
220
0.0
230
1.0
 70
    11
 71
     3
 72
   113
 73
   109
 74
     0
 42
0.000000001
 43
0.0000000001
 40
1.0
 40
1.0
 40
1.0
 40
1.0
 40
2.0
 40
2.0
 40
2.0
 40
3.0
 40
3.0
 40
3.0
 40
4.0
 40
4.0
 40
4.0
 40
5.0
 40
5.0
 40
5.0
 40
6.0
 40
6.0
 40
6.0
 40
7.0
 40
7.0
 40
7.0
 40
8.0
 40
8.0
 40
8.0
 40
9.0
 40
9.0
 40
9.0
 40
10.0
 40
10.0
 40
10.0
 40
11.0
 40
11.0
 40
11.0
 40
20.38000533048888
 40
20.38000533048888
 40
20.38000533048888
 40
28.88000533048888
 40
28.88000533048888
 40
28.88000533048888
 40
38.26001066097777
 40
38.26001066097777
 40
38.26001066097777
 40
39.26001066097777
 40
39.26001066097777
 40
39.26001066097777
 40
40.26001066097777
 40
40.26001066097777
 40
40.26001066097777
 40
41.26001066097777
 40
41.26001066097777
 40
41.26001066097777
 40
42.26001066097777
 40
42.26001066097777
 40
42.26001066097777
 40
43.26001066097777
 40
43.26001066097777
 40
43.26001066097777
 40
44.26001066097777
 40
44.26001066097777
 40
44.26001066097777
 40
45.26001066097777
 40
45.26001066097777
 40
45.26001066097777
 40
46.26001066097777
 40
46.26001066097777
 40
46.26001066097777
 40
47.26001066097777
 40
47.26001066097777
 40
47.26001066097777
 40
48.26001066097777
 40
48.26001066097777
 40
48.26001066097777
 40
49.26001066097777
 40
49.26001066097777
 40
49.26001066097777
 40
50.26001066097777
 40
50.26001066097777
 40
50.26001066097777
 40
51.26001066097777
 40
51.26001066097777
 40
51.26001066097777
 40
52.26001066097777
 40
52.26001066097777
 40
52.26001066097777
 40
53.26001066097777
 40
53.26001066097777
 40
53.26001066097777
 40
63.18001066097773
 40
63.18001066097773
 40
63.18001066097773
 40
71.68001066097773
 40
71.68001066097773
 40
71.68001066097773
 40
81.60001066097769
 40
81.60001066097769
 40
81.60001066097769
 40
82.60001066097769
 40
82.60001066097769
 40
82.60001066097769
 40
83.60001066097769
 40
83.60001066097769
 40
83.60001066097769
 40
84.60001066097769
 40
84.60001066097769
 40
84.60001066097769
 40
85.60001066097769
 40
85.60001066097769
 40
85.60001066097769
 40
86.60001066097769
 40
86.60001066097769
 40
86.60001066097769
 40
86.60001066097769
 10
122.5557408333333
 20
117.6346319444444
 30
0.0
 10
121.9348519444444
 20
113.1543541666666
 30
0.0
 10
121.6311102777778
 20
94.16538472222221
 30
0.0
 10
121.7545825
 20
82.47785694444444
 30
0.0
 10
121.8639436111111
 20
72.03916249999999
 30
0.0
 10
120.5763047222222
 20
71.9439125
 30
0.0
 10
119.5073880555555
 20
71.9439125
 30
0.0
 10
119.4791658333333
 20
71.9439125
 30
0.0
 10
119.4579991666667
 20
72.72707916666666
 30
0.0
 10
119.4579991666667
 20
73.69369027777776
 30
0.0
 10
119.4579991666667
 20
74.66030138888887
 30
0.0
 10
119.5073880555555
 20
75.17182916666665
 30
0.0
 10
119.5073880555555
 20
75.44346805555556
 30
0.0
 10
119.5073880555555
 20
75.71510694444443
 30
0.0
 10
119.4579991666667
 20
76.2266347222222
 30
0.0
 10
119.4579991666667
 20
77.19324583333332
 30
0.0
 10
119.4579991666667
 20
78.15985694444444
 30
0.0
 10
119.5073880555555
 20
78.67138472222221
 30
0.0
 10
119.5073880555555
 20
78.94302361111109
 30
0.0
 10
119.5073880555555
 20
79.22171805555554
 30
0.0
 10
119.4579991666667
 20
79.74735694444443
 30
0.0
 10
119.4579991666667
 20
80.74219027777777
 30
0.0
 10
119.4579991666667
 20
81.7370236111111
 30
0.0
 10
119.5073880555555
 20
82.26266249999999
 30
0.0
 10
119.5073880555555
 20
82.54135694444443
 30
0.0
 10
119.5073880555555
 20
82.82005138888887
 30
0.0
 10
119.4579991666667
 20
83.34569027777776
 30
0.0
 10
119.4579991666667
 20
84.3405236111111
 30
0.0
 10
119.4579991666667
 20
85.33182916666665
 30
0.0
 10
119.5109158333333
 20
92.9511236111111
 30
0.0
 10
119.5109158333333
 20
93.22981805555555
 30
0.0
 10
119.5097399074074
 20
94.33283657407407
 30
0.0
 10
119.5085639814815
 20
95.43585509259259
 30
0.0
 10
119.5073880555555
 20
96.5388736111111
 30
0.0
 10
118.5078510185185
 20
96.5388736111111
 30
0.0
 10
117.5083139814815
 20
96.5388736111111
 30
0.0
 10
116.5087769444444
 20
96.5388736111111
 30
0.0
 10
116.5099528703704
 20
95.43585509259259
 30
0.0
 10
116.5111287962963
 20
94.33283657407407
 30
0.0
 10
116.5123047222222
 20
93.22981805555555
 30
0.0
 10
116.5123047222222
 20
92.9511236111111
 30
0.0
 10
116.5581658333333
 20
85.33182916666665
 30
0.0
 10
116.5581658333333
 20
84.3405236111111
 30
0.0
 10
116.5581658333333
 20
83.34569027777776
 30
0.0
 10
116.5087769444444
 20
82.82005138888887
 30
0.0
 10
116.5087769444444
 20
82.54135694444443
 30
0.0
 10
116.5087769444444
 20
82.26266249999999
 30
0.0
 10
116.5581658333333
 20
81.7370236111111
 30
0.0
 10
116.5581658333333
 20
80.74219027777777
 30
0.0
 10
116.5581658333333
 20
79.74735694444443
 30
0.0
 10
116.5087769444444
 20
79.22171805555554
 30
0.0
 10
116.5087769444444
 20
78.94302361111109
 30
0.0
 10
116.5087769444444
 20
78.67138472222221
 30
0.0
 10
116.5581658333333
 20
78.15985694444444
 30
0.0
 10
116.5581658333333
 20
77.19324583333332
 30
0.0
 10
116.5581658333333
 20
76.2266347222222
 30
0.0
 10
116.5087769444444
 20
75.71510694444443
 30
0.0
 10
116.5087769444444
 20
75.44346805555556
 30
0.0
 10
116.5087769444444
 20
75.17182916666665
 30
0.0
 10
116.5581658333333
 20
74.66030138888887
 30
0.0
 10
116.5581658333333
 20
73.69369027777776
 30
0.0
 10
116.5581658333333
 20
72.72707916666666
 30
0.0
 10
116.5334713888889
 20
71.9439125
 30
0.0
 10
116.5087769444444
 20
71.9439125
 30
0.0
 10
115.4363325
 20
71.9439125
 30
0.0
 10
114.1451658333333
 20
72.01799583333333
 30
0.0
 10
114.2545269444444
 20
82.47785694444444
 30
0.0
 10
114.3779991666667
 20
94.16538472222221
 30
0.0
 10
114.0608519444445
 20
113.1543541666666
 30
0.0
 10
113.4399630555556
 20
117.6381597222222
 30
0.0
 10
112.8155463888889
 20
122.1184375
 30
0.0
 10
115.0592130555555
 20
123.2226319444444
 30
0.0
 10
113.4399630555556
 20
125.3392986111111
 30
0.0
 10
111.8207130555555
 20
127.4559652777778
 30
0.0
 10
114.9816019444444
 20
127.4877152777778
 30
0.0
 10
114.3607130555555
 20
129.2304375
 30
0.0
 10
113.7362963888889
 20
130.9766875
 30
0.0
 10
114.5053519444444
 20
131.6363819444444
 30
0.0
 10
116.4985463888889
 20
131.6363819444444
 30
0.0
 10
116.5267686111111
 20
131.6363819444444
 30
0.0
 10
116.5479352777778
 20
130.8532152777778
 30
0.0
 10
116.5479352777778
 20
129.8866041666666
 30
0.0
 10
116.5479352777778
 20
128.9199930555556
 30
0.0
 10
116.4985463888889
 20
128.4084652777778
 30
0.0
 10
116.4985463888889
 20
128.1368263888889
 30
0.0
 10
116.4985463888889
 20
126.9703078703703
 30
0.0
 10
116.4985463888889
 20
125.8037893518518
 30
0.0
 10
116.4985463888889
 20
124.6372708333333
 30
0.0
 10
117.4980834259259
 20
124.6372708333333
 30
0.0
 10
118.497620462963
 20
124.6372708333333
 30
0.0
 10
119.4971575
 20
124.6372708333333
 30
0.0
 10
119.4971575
 20
125.8037893518518
 30
0.0
 10
119.4971575
 20
126.9703078703703
 30
0.0
 10
119.4971575
 20
128.1368263888889
 30
0.0
 10
119.4971575
 20
128.4084652777778
 30
0.0
 10
119.4477686111111
 20
128.9199930555556
 30
0.0
 10
119.4477686111111
 20
129.8866041666666
 30
0.0
 10
119.4477686111111
 20
130.8532152777778
 30
0.0
 10
119.4724630555556
 20
131.6363819444444
 30
0.0
 10
119.4971575
 20
131.6363819444444
 30
0.0
 10
121.4903519444444
 20
131.6363819444444
 30
0.0
 10
122.2594075
 20
130.9766875
 30
0.0
 10
121.6349908333333
 20
129.2304375
 30
0.0
 10
121.0141019444444
 20
127.4877152777778
 30
0.0
 10
124.1749908333333
 20
127.4559652777778
 30
0.0
 10
122.5557408333333
 20
125.3392986111111
 30
0.0
 10
120.9364908333333
 20
123.2226319444444
 30
0.0
 10
123.1801575
 20
122.1184375
 30
0.0
 10
122.5557408333333
 20
117.6346319444444
 30
0.0
  0
SPLINE
  5
1FF
330
1F
100
AcDbEntity
  8
DEFAULT
 62
    18
100
AcDbSpline
210
0.0
220
0.0
230
1.0
 70
     8
 71
     3
 72
    11
 73
     7
 74
     0
 42
0.000000001
 43
0.0000000001
 40
0.0
 40
0.0
 40
0.0
 40
0.0
 40
4.113
 40
4.113
 40
4.113
 40
5.113
 40
5.113
 40
5.113
 40
5.113
 10
78.21460805555554
 20
99.30436916666666
 30
0.0
 10
78.21460805555554
 20
98.82071083333334
 30
0.0
 10
78.21460805555554
 20
98.33705249999998
 30
0.0
 10
78.21460805555554
 20
97.85339416666666
 30
0.0
 10
78.21460805555554
 20
97.22968305555555
 30
0.0
 10
77.89499138888888
 20
96.98062194444445
 30
0.0
 10
77.46848305555555
 20
97.18452749999999
 30
0.0
  0
POLYLINE
  5
200
330
1F
100
AcDbEntity
  8
DEFAULT
 62
    18
100
AcDb2dPolyline
 66
     1
 10
0.0
 20
0.0
 30
0.0
  0
VERTEX
  5
201
330
200
100
AcDbEntity
  8
DEFAULT
 62
    18
100
AcDbVertex
100
AcDb2dVertex
 10
78.62256027777777
 20
97.85328833333331
 30
0.0
  0
VERTEX
  5
202
330
200
100
AcDbEntity
  8
DEFAULT
 62
    18
100
AcDbVertex
100
AcDb2dVertex
 10
77.60338527777776
 20
97.85328833333331
 30
0.0
  0
SEQEND
  5
203
330
200
100
AcDbEntity
  8
DEFAULT
 62
    18
  0
SPLINE
  5
204
330
1F
100
AcDbEntity
  8
DEFAULT
 62
    18
100
AcDbSpline
210
0.0
220
0.0
230
1.0
 70
     8
 71
     3
 72
    23
 73
    19
 74
     0
 42
0.000000001
 43
0.0000000001
 40
0.0
 40
0.0
 40
0.0
 40
0.0
 40
1.0
 40
1.0
 40
1.0
 40
2.0
 40
2.0
 40
2.0
 40
3.0
 40
3.0
 40
3.0
 40
6.611340609801276
 40
6.611340609801276
 40
6.611340609801276
 40
7.611340609801276
 40
7.611340609801276
 40
7.611340609801276
 40
8.611340609801276
 40
8.611340609801276
 40
8.611340609801276
 40
8.611340609801276
 10
85.60696055555555
 20
72.93779333333333
 30
0.0
 10
85.59037999999998
 20
72.50034888888888
 30
0.0
 10
85.31944666666665
 20
72.16556277777778
 30
0.0
 10
84.89681888888889
 20
72.18179055555555
 30
0.0
 10
84.42374388888888
 20
72.19978222222223
 30
0.0
 10
84.31367722222221
 20
72.62099888888889
 30
0.0
 10
84.32390777777776
 20
72.88805166666667
 30
0.0
 10
84.32602444444443
 20
72.94167388888889
 30
0.0
 10
84.32955222222222
 20
72.95684333333332
 30
0.0
 10
84.33378555555555
 20
72.98365444444444
 30
0.0
 10
84.75817722222222
 20
72.9683674074074
 30
0.0
 10
85.18256888888888
 20
72.95308037037036
 30
0.0
 10
85.60696055555555
 20
72.93779333333333
 30
0.0
 10
85.62389388888887
 20
73.37488499999999
 30
0.0
 10
85.36848277777777
 20
73.67897944444444
 30
0.0
 10
84.92221888888888
 20
73.69591277777778
 30
0.0
 10
84.69150222222221
 20
73.70473222222222
 30
0.0
 10
84.53063555555555
 20
73.66310444444444
 30
0.0
 10
84.4360911111111
 20
73.62465166666667
 30
0.0
  0
SPLINE
  5
205
330
1F
100
AcDbEntity
  8
DEFAULT
 62
     1
100
AcDbSpline
210
0.0
220
0.0
230
1.0
 70
    11
 71
     3
 72
   140
 73
   136
 74
     0
 42
0.000000001
 43
0.0000000001
 40
1.0
 40
1.0
 40
1.0
 40
1.0
 40
2.0
 40
2.0
 40
2.0
 40
3.0
 40
3.0
 40
3.0
 40
4.0
 40
4.0
 40
4.0
 40
5.0
 40
5.0
 40
5.0
 40
6.0
 40
6.0
 40
6.0
 40
7.0
 40
7.0
 40
7.0
 40
8.0
 40
8.0
 40
8.0
 40
9.0
 40
9.0
 40
9.0
 40
10.0
 40
10.0
 40
10.0
 40
11.0
 40
11.0
 40
11.0
 40
12.0
 40
12.0
 40
12.0
 40
21.9221647839572
 40
21.9221647839572
 40
21.9221647839572
 40
30.42138086545554
 40
30.42138086545554
 40
30.42138086545554
 40
40.34358369547266
 40
40.34358369547266
 40
40.34358369547266
 40
41.34358369547266
 40
41.34358369547266
 40
41.34358369547266
 40
42.34358369547266
 40
42.34358369547266
 40
42.34358369547266
 40
43.34358369547266
 40
43.34358369547266
 40
43.34358369547266
 40
44.34358369547266
 40
44.34358369547266
 40
44.34358369547266
 40
45.34358369547266
 40
45.34358369547266
 40
45.34358369547266
 40
46.34358369547266
 40
46.34358369547266
 40
46.34358369547266
 40
47.34358369547266
 40
47.34358369547266
 40
47.34358369547266
 40
48.34358369547266
 40
48.34358369547266
 40
48.34358369547266
 40
49.34358369547266
 40
49.34358369547266
 40
49.34358369547266
 40
50.34358369547266
 40
50.34358369547266
 40
50.34358369547266
 40
51.34358369547266
 40
51.34358369547266
 40
51.34358369547266
 40
52.34358369547266
 40
52.34358369547266
 40
52.34358369547266
 40
53.34358369547266
 40
53.34358369547266
 40
53.34358369547266
 40
54.34358369547266
 40
54.34358369547266
 40
54.34358369547266
 40
55.34358369547266
 40
55.34358369547266
 40
55.34358369547266
 40
56.34358369547266
 40
56.34358369547266
 40
56.34358369547266
 40
65.72159137301274
 40
65.72159137301274
 40
65.72159137301274
 40
74.22259137301275
 40
74.22259137301275
 40
74.22259137301275
 40
83.59259270705748
 40
83.59259270705748
 40
83.59259270705748
 40
84.59259270705748
 40
84.59259270705748
 40
84.59259270705748
 40
85.59259270705748
 40
85.59259270705748
 40
85.59259270705748
 40
86.59259270705748
 40
86.59259270705748
 40
86.59259270705748
 40
87.59259270705748
 40
87.59259270705748
 40
87.59259270705748
 40
88.59259270705748
 40
88.59259270705748
 40
88.59259270705748
 40
89.59259270705748
 40
89.59259270705748
 40
89.59259270705748
 40
90.59259270705748
 40
90.59259270705748
 40
90.59259270705748
 40
91.59259270705748
 40
91.59259270705748
 40
91.59259270705748
 40
92.59259270705748
 40
92.59259270705748
 40
92.59259270705748
 40
93.59259270705748
 40
93.59259270705748
 40
93.59259270705748
 40
94.59259270705748
 40
94.59259270705748
 40
94.59259270705748
 40
95.59259270705748
 40
95.59259270705748
 40
95.59259270705748
 40
95.59259270705748
 10
72.78698083333333
 20
120.0591325
 30
0.0
 10
72.68996694444444
 20
111.3225908333333
 30
0.0
 10
73.08084472222221
 20
97.06366583333335
 30
0.0
 10
74.2845225
 20
90.43920472222223
 30
0.0
 10
75.24196138888888
 20
85.16482416666666
 30
0.0
 10
75.22467527777776
 20
84.88754083333333
 30
0.0
 10
74.14270583333332
 20
80.61399083333333
 30
0.0
 10
72.5492086111111
 20
74.31020472222222
 30
0.0
 10
78.3195947222222
 20
78.00837416666666
 30
0.0
 10
80.30467527777778
 20
72.1942436111111
 30
0.0
 10
83.20980027777776
 20
63.67995194444445
 30
0.0
 10
87.93349472222222
 20
70.7196325
 30
0.0
 10
91.4182336111111
 20
69.82040194444444
 30
0.0
 10
95.23352527777777
 20
68.83721027777779
 30
0.0
 10
93.83511416666666
 20
72.9834075
 30
0.0
 10
90.31121694444442
 20
78.08563249999999
 30
0.0
 10
88.75828916666666
 20
80.32788805555556
 30
0.0
 10
90.93810305555553
 20
82.41104083333333
 30
0.0
 10
92.37461416666665
 20
81.77110194444444
 30
0.0
 10
93.76279472222222
 20
81.15797416666666
 30
0.0
 10
94.01573638888888
 20
83.43268527777778
 30
0.0
 10
94.17448638888888
 20
85.24455194444444
 30
0.0
 10
94.33958638888889
 20
87.13861583333333
 30
0.0
 10
93.30912249999999
 20
87.8184186111111
 30
0.0
 10
91.18222527777776
 20
86.92871305555555
 30
0.0
 10
88.07742805555554
 20
85.6294325
 30
0.0
 10
88.85847805555554
 20
84.67587416666666
 30
0.0
 10
86.83600305555554
 20
82.57790472222223
 30
0.0
 10
86.80601694444444
 20
82.57719916666667
 30
0.0
 10
86.75556972222222
 20
81.79791305555555
 30
0.0
 10
86.71817527777777
 20
80.82918527777778
 30
0.0
 10
86.6811336111111
 20
79.86539638888888
 30
0.0
 10
86.71041416666665
 20
79.35210472222222
 30
0.0
 10
86.7001836111111
 20
79.0825825
 30
0.0
 10
86.65585120370368
 20
77.91665194444444
 30
0.0
 10
86.61151879629627
 20
76.75072138888889
 30
0.0
 10
86.56718638888887
 20
75.58479083333333
 30
0.0
 10
85.56847249999998
 20
75.62300842592593
 30
0.0
 10
84.56975861111108
 20
75.66122601851852
 30
0.0
 10
83.57104472222221
 20
75.6994436111111
 30
0.0
 10
83.61549472222221
 20
76.86537416666665
 30
0.0
 10
83.65994472222222
 20
78.03130472222222
 30
0.0
 10
83.70439472222222
 20
79.19723527777778
 30
0.0
 10
83.71427249999999
 20
79.46711027777778
 30
0.0
 10
83.7823586111111
 20
79.9747575
 30
0.0
 10
83.81940027777777
 20
80.94348527777777
 30
0.0
 10
83.8567947222222
 20
81.89704361111112
 30
0.0
 10
83.8603225
 20
82.67315472222222
 30
0.0
 10
83.83739194444443
 20
82.69537972222221
 30
0.0
 10
80.54915027777777
 20
82.6847963888889
 30
0.0
 10
81.51117527777777
 20
97.60482694444445
 30
0.0
 10
82.45273916666666
 20
105.5955963888889
 30
0.0
 10
82.98437527777777
 20
111.0269630555556
 30
0.0
 10
83.56504749999999
 20
116.6512991666667
 30
0.0
 10
83.80775861111111
 20
121.5280991666667
 30
0.0
 10
83.85185583333333
 20
122.3772352777778
 30
0.0
 10
83.9266447222222
 20
125.9364102777778
 30
0.0
 10
82.5949086111111
 20
124.1333630555555
 30
0.0
 10
81.9535586111111
 20
123.0510408333333
 30
0.0
 10
80.97495305555555
 20
122.2597602777778
 30
0.0
 10
79.5423225
 20
122.0142269444444
 30
0.0
 10
79.51798083333333
 20
121.9888269444445
 30
0.0
 10
79.4946975
 20
121.2173019444444
 30
0.0
 10
79.49716694444443
 20
120.2640963888889
 30
0.0
 10
79.49505027777778
 20
119.2960741666667
 30
0.0
 10
79.54408638888889
 20
118.7880741666667
 30
0.0
 10
79.54408638888889
 20
118.5136130555556
 30
0.0
 10
79.54408638888889
 20
118.2342130555556
 30
0.0
 10
79.49399194444443
 20
117.7092797222222
 30
0.0
 10
79.49716694444443
 20
116.7165630555555
 30
0.0
 10
79.49540305555554
 20
115.7234936111111
 30
0.0
 10
79.54514472222222
 20
115.1953852777778
 30
0.0
 10
79.54514472222222
 20
114.9159852777778
 30
0.0
 10
79.54514472222222
 20
114.6464630555555
 30
0.0
 10
79.49716694444443
 20
114.1342297222222
 30
0.0
 10
79.49716694444443
 20
113.1686769444444
 30
0.0
 10
79.49505027777778
 20
112.2006547222222
 30
0.0
 10
79.5469086111111
 20
111.6901852777778
 30
0.0
 10
79.54443916666666
 20
111.4181936111111
 30
0.0
 10
79.54443916666666
 20
111.1387936111111
 30
0.0
 10
79.49681416666667
 20
110.6113908333333
 30
0.0
 10
79.49716694444443
 20
109.6207908333333
 30
0.0
 10
79.49822527777778
 20
108.6256047222222
 30
0.0
 10
79.54514472222222
 20
108.0999658333333
 30
0.0
 10
79.54514472222222
 20
107.8205658333333
 30
0.0
 10
79.54549749999998
 20
107.5408130555555
 30
0.0
 10
79.49505027777778
 20
107.0162325
 30
0.0
 10
79.49822527777778
 20
106.0231630555556
 30
0.0
 10
79.49646138888889
 20
105.0300936111111
 30
0.0
 10
79.5486725
 20
104.5048075
 30
0.0
 10
79.5486725
 20
104.2254075
 30
0.0
 10
79.54726138888888
 20
103.1226241666667
 30
0.0
 10
79.54585027777777
 20
102.0198408333333
 30
0.0
 10
79.54443916666666
 20
100.9170575
 30
0.0
 10
78.54478453703705
 20
100.9170575
 30
0.0
 10
77.5451299074074
 20
100.9170575
 30
0.0
 10
76.54547527777777
 20
100.9170575
 30
0.0
 10
76.54606324074074
 20
102.0189000925926
 30
0.0
 10
76.54665120370369
 20
103.1207426851852
 30
0.0
 10
76.54723916666666
 20
104.2225852777778
 30
0.0
 10
76.54723916666666
 20
104.5023380555556
 30
0.0
 10
76.5973336111111
 20
105.0269186111111
 30
0.0
 10
76.59662805555556
 20
106.0224575
 30
0.0
 10
76.59839194444444
 20
107.0155269444444
 30
0.0
 10
76.5465336111111
 20
107.5411658333333
 30
0.0
 10
76.54618083333332
 20
107.8205658333333
 30
0.0
 10
76.54618083333332
 20
108.0999658333333
 30
0.0
 10
76.59662805555556
 20
108.6245463888889
 30
0.0
 10
76.59839194444444
 20
109.6176158333333
 30
0.0
 10
76.59768638888887
 20
110.6131547222222
 30
0.0
 10
76.54547527777777
 20
111.1387936111111
 30
0.0
 10
76.54794472222221
 20
111.4157241666667
 30
0.0
 10
76.54794472222221
 20
111.6901852777778
 30
0.0
 10
76.59839194444444
 20
112.1999491666667
 30
0.0
 10
76.59556972222221
 20
113.1679713888889
 30
0.0
 10
76.59556972222221
 20
114.1335241666667
 30
0.0
 10
76.54618083333332
 20
114.6464630555555
 30
0.0
 10
76.54618083333332
 20
114.9159852777778
 30
0.0
 10
76.54618083333332
 20
115.1953852777778
 30
0.0
 10
76.59627527777778
 20
115.7203186111111
 30
0.0
 10
76.59556972222221
 20
116.7158575
 30
0.0
 10
76.5973336111111
 20
117.7089269444444
 30
0.0
 10
76.54547527777777
 20
118.2342130555556
 30
0.0
 10
76.54512249999999
 20
118.5136130555556
 30
0.0
 10
76.54759194444443
 20
118.7856047222222
 30
0.0
 10
76.59592249999999
 20
119.2981908333333
 30
0.0
 10
76.59556972222221
 20
120.2633908333333
 30
0.0
 10
76.59556972222221
 20
121.2141269444444
 30
0.0
 10
76.57158083333333
 20
121.9870630555555
 30
0.0
 10
76.54371138888888
 20
122.0142269444444
 30
0.0
 10
74.98408083333332
 20
122.0128158333333
 30
0.0
 10
74.22031694444443
 20
122.7250741666667
 30
0.0
 10
73.84672527777776
 20
123.6486463888889
 30
0.0
 10
73.04980027777778
 20
124.2406075
 30
0.0
 10
72.81273361111111
 20
122.7391852777778
 30
0.0
 10
72.78698083333333
 20
120.0591325
 30
0.0
  0
SPLINE
  5
206
330
1F
100
AcDbEntity
  8
DEFAULT
 62
    18
100
AcDbSpline
210
0.0
220
0.0
230
1.0
 70
     8
 71
     3
 72
    11
 73
     7
 74
     0
 42
0.000000001
 43
0.0000000001
 40
0.0
 40
0.0
 40
0.0
 40
0.0
 40
4.113
 40
4.113
 40
4.113
 40
5.113
 40
5.113
 40
5.113
 40
5.113
 10
62.12483694444444
 20
99.30436916666666
 30
0.0
 10
62.12483694444444
 20
98.82071083333334
 30
0.0
 10
62.12483694444444
 20
98.33705249999998
 30
0.0
 10
62.12483694444444
 20
97.85339416666666
 30
0.0
 10
62.12483694444444
 20
97.22968305555555
 30
0.0
 10
61.80522027777777
 20
96.98062194444445
 30
0.0
 10
61.37871194444443
 20
97.18452749999999
 30
0.0
  0
POLYLINE
  5
207
330
1F
100
AcDbEntity
  8
DEFAULT
 62
    18
100
AcDb2dPolyline
 66
     1
 10
0.0
 20
0.0
 30
0.0
  0
VERTEX
  5
208
330
207
100
AcDbEntity
  8
DEFAULT
 62
    18
100
AcDbVertex
100
AcDb2dVertex
 10
62.53278916666666
 20
97.85328833333331
 30
0.0
  0
VERTEX
  5
209
330
207
100
AcDbEntity
  8
DEFAULT
 62
    18
100
AcDbVertex
100
AcDb2dVertex
 10
61.51361416666666
 20
97.85328833333331
 30
0.0
  0
SEQEND
  5
20A
330
207
100
AcDbEntity
  8
DEFAULT
 62
    18
  0
SPLINE
  5
20B
330
1F
100
AcDbEntity
  8
DEFAULT
 62
    18
100
AcDbSpline
210
0.0
220
0.0
230
1.0
 70
     8
 71
     3
 72
    23
 73
    19
 74
     0
 42
0.000000001
 43
0.0000000001
 40
0.0
 40
0.0
 40
0.0
 40
0.0
 40
1.0
 40
1.0
 40
1.0
 40
2.0
 40
2.0
 40
2.0
 40
3.0
 40
3.0
 40
3.0
 40
6.611951965350601
 40
6.611951965350601
 40
6.611951965350601
 40
7.611951965350601
 40
7.611951965350601
 40
7.611951965350601
 40
8.6119519653506
 40
8.6119519653506
 40
8.6119519653506
 40
8.6119519653506
 10
55.67422472222221
 20
72.98661777777777
 30
0.0
 10
55.69080527777777
 20
72.5495261111111
 30
0.0
 10
55.44633027777777
 20
72.19498444444444
 30
0.0
 10
55.0237025
 20
72.17875666666666
 30
0.0
 10
54.55062749999999
 20
72.1604122222222
 30
0.0
 10
54.40881083333333
 20
72.57210388888888
 30
0.0
 10
54.39858027777777
 20
72.83880388888888
 30
0.0
 10
54.3964636111111
 20
72.89277888888887
 30
0.0
 10
54.39893305555555
 20
72.90794833333332
 30
0.0
 10
54.40104972222221
 20
72.93511222222222
 30
0.0
 10
54.82544138888888
 20
72.95228074074073
 30
0.0
 10
55.24983305555554
 20
72.96944925925924
 30
0.0
 10
55.67422472222221
 20
72.98661777777777
 30
0.0
 10
55.65729138888888
 20
73.4240622222222
 30
0.0
 10
55.37930249999999
 20
73.70769555555555
 30
0.0
 10
54.93303861111111
 20
73.69040944444443
 30
0.0
 10
54.70232194444444
 20
73.68158999999999
 30
0.0
 10
54.54533583333332
 20
73.62761499999999
 30
0.0
 10
54.45396638888888
 20
73.58210666666666
 30
0.0
  0
SPLINE
  5
20C
330
1F
100
AcDbEntity
  8
DEFAULT
 62
     1
100
AcDbSpline
210
0.0
220
0.0
230
1.0
 70
    11
 71
     3
 72
   140
 73
   136
 74
     0
 42
0.000000001
 43
0.0000000001
 40
1.0
 40
1.0
 40
1.0
 40
1.0
 40
2.0
 40
2.0
 40
2.0
 40
3.0
 40
3.0
 40
3.0
 40
4.0
 40
4.0
 40
4.0
 40
5.0
 40
5.0
 40
5.0
 40
6.0
 40
6.0
 40
6.0
 40
7.0
 40
7.0
 40
7.0
 40
8.0
 40
8.0
 40
8.0
 40
9.0
 40
9.0
 40
9.0
 40
10.0
 40
10.0
 40
10.0
 40
11.0
 40
11.0
 40
11.0
 40
12.0
 40
12.0
 40
12.0
 40
21.9221647839572
 40
21.9221647839572
 40
21.9221647839572
 40
30.42138086545554
 40
30.42138086545554
 40
30.42138086545554
 40
40.34358369547266
 40
40.34358369547266
 40
40.34358369547266
 40
41.34358369547266
 40
41.34358369547266
 40
41.34358369547266
 40
42.34358369547266
 40
42.34358369547266
 40
42.34358369547266
 40
43.34358369547266
 40
43.34358369547266
 40
43.34358369547266
 40
44.34358369547266
 40
44.34358369547266
 40
44.34358369547266
 40
45.34358369547266
 40
45.34358369547266
 40
45.34358369547266
 40
46.34358369547266
 40
46.34358369547266
 40
46.34358369547266
 40
47.34358369547266
 40
47.34358369547266
 40
47.34358369547266
 40
48.34358369547266
 40
48.34358369547266
 40
48.34358369547266
 40
49.34358369547266
 40
49.34358369547266
 40
49.34358369547266
 40
50.34358369547266
 40
50.34358369547266
 40
50.34358369547266
 40
51.34358369547266
 40
51.34358369547266
 40
51.34358369547266
 40
52.34358369547266
 40
52.34358369547266
 40
52.34358369547266
 40
53.34358369547266
 40
53.34358369547266
 40
53.34358369547266
 40
54.34358369547266
 40
54.34358369547266
 40
54.34358369547266
 40
55.34358369547266
 40
55.34358369547266
 40
55.34358369547266
 40
56.34358369547266
 40
56.34358369547266
 40
56.34358369547266
 40
65.72159137301274
 40
65.72159137301274
 40
65.72159137301274
 40
74.22259137301275
 40
74.22259137301275
 40
74.22259137301275
 40
83.59259270705748
 40
83.59259270705748
 40
83.59259270705748
 40
84.59259270705748
 40
84.59259270705748
 40
84.59259270705748
 40
85.59259270705748
 40
85.59259270705748
 40
85.59259270705748
 40
86.59259270705748
 40
86.59259270705748
 40
86.59259270705748
 40
87.59259270705748
 40
87.59259270705748
 40
87.59259270705748
 40
88.59259270705748
 40
88.59259270705748
 40
88.59259270705748
 40
89.59259270705748
 40
89.59259270705748
 40
89.59259270705748
 40
90.59259270705748
 40
90.59259270705748
 40
90.59259270705748
 40
91.59259270705748
 40
91.59259270705748
 40
91.59259270705748
 40
92.59259270705748
 40
92.59259270705748
 40
92.59259270705748
 40
93.59259270705748
 40
93.59259270705748
 40
93.59259270705748
 40
94.59259270705748
 40
94.59259270705748
 40
94.59259270705748
 40
95.59259270705748
 40
95.59259270705748
 40
95.59259270705748
 40
95.59259270705748
 10
67.21305666666666
 20
120.0591325
 30
0.0
 10
67.31007055555555
 20
111.3225908333333
 30
0.0
 10
66.91919277777778
 20
97.06366583333335
 30
0.0
 10
65.71516222222222
 20
90.43920472222223
 30
0.0
 10
64.75807611111111
 20
85.16482416666666
 30
0.0
 10
64.77536222222223
 20
84.88754083333333
 30
0.0
 10
65.85733166666667
 20
80.61399083333333
 30
0.0
 10
67.45082888888889
 20
74.31020472222222
 30
0.0
 10
61.68044277777778
 20
78.00837416666666
 30
0.0
 10
59.69536222222222
 20
72.1942436111111
 30
0.0
 10
56.79023722222222
 20
63.67995194444445
 30
0.0
 10
52.06619
 20
70.7196325
 30
0.0
 10
48.58180388888889
 20
69.82040194444444
 30
0.0
 10
44.76651222222223
 20
68.83721027777779
 30
0.0
 10
46.16492333333333
 20
72.9834075
 30
0.0
 10
49.68882055555556
 20
78.08563249999999
 30
0.0
 10
51.24174833333333
 20
80.32788805555556
 30
0.0
 10
49.06193444444445
 20
82.41104083333333
 30
0.0
 10
47.62542333333333
 20
81.77110194444444
 30
0.0
 10
46.23724277777778
 20
81.15797416666666
 30
0.0
 10
45.98430111111111
 20
83.43268527777778
 30
0.0
 10
45.82555111111111
 20
85.24455194444444
 30
0.0
 10
45.66045111111112
 20
87.13861583333333
 30
0.0
 10
46.690915
 20
87.8184186111111
 30
0.0
 10
48.81781222222222
 20
86.92871305555555
 30
0.0
 10
51.92260944444445
 20
85.6294325
 30
0.0
 10
51.14155944444445
 20
84.67587416666666
 30
0.0
 10
53.16403444444445
 20
82.57790472222223
 30
0.0
 10
53.19402055555555
 20
82.57719916666667
 30
0.0
 10
53.24446777777778
 20
81.79791305555555
 30
0.0
 10
53.28186222222222
 20
80.82918527777778
 30
0.0
 10
53.31890388888889
 20
79.86539638888888
 30
0.0
 10
53.28962333333334
 20
79.35210472222222
 30
0.0
 10
53.29985388888889
 20
79.0825825
 30
0.0
 10
53.3441862962963
 20
77.91665194444444
 30
0.0
 10
53.38851870370371
 20
76.75072138888889
 30
0.0
 10
53.43285111111112
 20
75.58479083333333
 30
0.0
 10
54.43156500000001
 20
75.62300842592593
 30
0.0
 10
55.43027888888889
 20
75.66122601851852
 30
0.0
 10
56.42899277777778
 20
75.6994436111111
 30
0.0
 10
56.38454277777777
 20
76.86537416666665
 30
0.0
 10
56.34009277777778
 20
78.03130472222222
 30
0.0
 10
56.29564277777778
 20
79.19723527777778
 30
0.0
 10
56.285765
 20
79.46711027777778
 30
0.0
 10
56.21767888888888
 20
79.9747575
 30
0.0
 10
56.18063722222222
 20
80.94348527777777
 30
0.0
 10
56.14289
 20
81.89704361111112
 30
0.0
 10
56.139715
 20
82.67315472222222
 30
0.0
 10
56.16264555555555
 20
82.69537972222221
 30
0.0
 10
59.45088722222221
 20
82.6847963888889
 30
0.0
 10
58.48886222222222
 20
97.60482694444445
 30
0.0
 10
57.54729833333333
 20
105.5955963888889
 30
0.0
 10
57.01566222222222
 20
111.0269630555556
 30
0.0
 10
56.43499
 20
116.6512991666667
 30
0.0
 10
56.19227888888889
 20
121.5280991666667
 30
0.0
 10
56.14818166666667
 20
122.3772352777778
 30
0.0
 10
56.07339277777778
 20
125.9364102777778
 30
0.0
 10
57.40512888888889
 20
124.1333630555555
 30
0.0
 10
58.04647888888888
 20
123.0510408333333
 30
0.0
 10
59.02508444444444
 20
122.2597602777778
 30
0.0
 10
60.457715
 20
122.0142269444444
 30
0.0
 10
60.48205666666666
 20
121.9888269444445
 30
0.0
 10
60.50534
 20
121.2173019444444
 30
0.0
 10
60.50287055555556
 20
120.2640963888889
 30
0.0
 10
60.50498722222222
 20
119.2960741666667
 30
0.0
 10
60.45595111111111
 20
118.7880741666667
 30
0.0
 10
60.45595111111111
 20
118.5136130555556
 30
0.0
 10
60.45595111111111
 20
118.2342130555556
 30
0.0
 10
60.50604555555555
 20
117.7092797222222
 30
0.0
 10
60.50287055555556
 20
116.7165630555555
 30
0.0
 10
60.50463444444445
 20
115.7234936111111
 30
0.0
 10
60.45489277777777
 20
115.1953852777778
 30
0.0
 10
60.45489277777777
 20
114.9159852777778
 30
0.0
 10
60.45489277777777
 20
114.6464630555555
 30
0.0
 10
60.50287055555556
 20
114.1342297222222
 30
0.0
 10
60.50287055555556
 20
113.1686769444444
 30
0.0
 10
60.50498722222222
 20
112.2006547222222
 30
0.0
 10
60.45312888888888
 20
111.6901852777778
 30
0.0
 10
60.45559833333333
 20
111.4181936111111
 30
0.0
 10
60.45559833333333
 20
111.1387936111111
 30
0.0
 10
60.50322333333333
 20
110.6113908333333
 30
0.0
 10
60.50287055555556
 20
109.6207908333333
 30
0.0
 10
60.50181222222222
 20
108.6256047222222
 30
0.0
 10
60.45489277777777
 20
108.0999658333333
 30
0.0
 10
60.45489277777777
 20
107.8205658333333
 30
0.0
 10
60.45454
 20
107.5408130555555
 30
0.0
 10
60.50498722222222
 20
107.0162325
 30
0.0
 10
60.50181222222222
 20
106.0231630555556
 30
0.0
 10
60.50357611111111
 20
105.0300936111111
 30
0.0
 10
60.451365
 20
104.5048075
 30
0.0
 10
60.451365
 20
104.2254075
 30
0.0
 10
60.4527761111111
 20
103.1226241666667
 30
0.0
 10
60.45418722222221
 20
102.0198408333333
 30
0.0
 10
60.45559833333333
 20
100.9170575
 30
0.0
 10
61.45525296296297
 20
100.9170575
 30
0.0
 10
62.4549075925926
 20
100.9170575
 30
0.0
 10
63.45456222222222
 20
100.9170575
 30
0.0
 10
63.45397425925926
 20
102.0189000925926
 30
0.0
 10
63.45338629629629
 20
103.1207426851852
 30
0.0
 10
63.45279833333333
 20
104.2225852777778
 30
0.0
 10
63.45279833333333
 20
104.5023380555556
 30
0.0
 10
63.40270388888889
 20
105.0269186111111
 30
0.0
 10
63.40340944444444
 20
106.0224575
 30
0.0
 10
63.40164555555555
 20
107.0155269444444
 30
0.0
 10
63.45350388888888
 20
107.5411658333333
 30
0.0
 10
63.45385666666666
 20
107.8205658333333
 30
0.0
 10
63.45385666666666
 20
108.0999658333333
 30
0.0
 10
63.40340944444444
 20
108.6245463888889
 30
0.0
 10
63.40164555555555
 20
109.6176158333333
 30
0.0
 10
63.40235111111111
 20
110.6131547222222
 30
0.0
 10
63.45456222222222
 20
111.1387936111111
 30
0.0
 10
63.45209277777778
 20
111.4157241666667
 30
0.0
 10
63.45209277777778
 20
111.6901852777778
 30
0.0
 10
63.40164555555555
 20
112.1999491666667
 30
0.0
 10
63.40446777777778
 20
113.1679713888889
 30
0.0
 10
63.40446777777778
 20
114.1335241666667
 30
0.0
 10
63.45385666666666
 20
114.6464630555555
 30
0.0
 10
63.45385666666666
 20
114.9159852777778
 30
0.0
 10
63.45385666666666
 20
115.1953852777778
 30
0.0
 10
63.40376222222222
 20
115.7203186111111
 30
0.0
 10
63.40446777777778
 20
116.7158575
 30
0.0
 10
63.40270388888889
 20
117.7089269444444
 30
0.0
 10
63.45456222222222
 20
118.2342130555556
 30
0.0
 10
63.454915
 20
118.5136130555556
 30
0.0
 10
63.45244555555556
 20
118.7856047222222
 30
0.0
 10
63.404115
 20
119.2981908333333
 30
0.0
 10
63.40446777777778
 20
120.2633908333333
 30
0.0
 10
63.40446777777778
 20
121.2141269444444
 30
0.0
 10
63.42845666666666
 20
121.9870630555555
 30
0.0
 10
63.45632611111111
 20
122.0142269444444
 30
0.0
 10
65.01595666666667
 20
122.0128158333333
 30
0.0
 10
65.77972055555556
 20
122.7250741666667
 30
0.0
 10
66.15331222222223
 20
123.6486463888889
 30
0.0
 10
66.95023722222221
 20
124.2406075
 30
0.0
 10
67.18730388888889
 20
122.7391852777778
 30
0.0
 10
67.21305666666666
 20
120.0591325
 30
0.0
  0
SPLINE
  5
20D
330
1F
100
AcDbEntity
  8
DEFAULT
 62
    18
100
AcDbSpline
210
0.0
220
0.0
230
1.0
 70
     8
 71
     3
 72
    20
 73
    16
 74
     0
 42
0.000000001
 43
0.0000000001
 40
0.0
 40
0.0
 40
0.0
 40
0.0
 40
1.002999999999997
 40
1.002999999999997
 40
1.002999999999997
 40
2.005999999999994
 40
2.005999999999994
 40
2.005999999999994
 40
3.008999999999992
 40
3.008999999999992
 40
3.008999999999992
 40
4.011999999999989
 40
4.011999999999989
 40
4.011999999999989
 40
5.014999999999986
 40
5.014999999999986
 40
5.014999999999986
 40
5.014999999999986
 10
99.66628388888887
 20
113.8390252777778
 30
0.0
 10
99.66628388888887
 20
113.8390252777778
 30
0.0
 10
99.6722811111111
 20
115.6699419444444
 30
0.0
 10
99.66628388888887
 20
115.7687197222222
 30
0.0
 10
99.76188666666665
 20
115.9317030555556
 30
0.0
 10
99.88923944444443
 20
116.0008475
 30
0.0
 10
100.0751533333333
 20
116.0008475
 30
0.0
 10
100.3619616666666
 20
116.0008475
 30
0.0
 10
100.6515922222222
 20
115.7817725
 30
0.0
 10
100.6515922222222
 20
115.3404475
 30
0.0
 10
100.6540616666667
 20
114.9657975
 30
0.0
 10
100.4286366666667
 20
114.7110919444444
 30
0.0
 10
100.1097255555555
 20
114.7110919444444
 30
0.0
 10
99.90264499999999
 20
114.7110919444444
 30
0.0
 10
99.75377277777777
 20
114.7999919444444
 30
0.0
 10
99.66628388888887
 20
114.9379280555556
 30
0.0
  0
SPLINE
  5
20E
330
1F
100
AcDbEntity
  8
DEFAULT
 62
     1
100
AcDbSpline
210
0.0
220
0.0
230
1.0
 70
    11
 71
     3
 72
    59
 73
    55
 74
     0
 42
0.000000001
 43
0.0000000001
 40
1.0
 40
1.0
 40
1.0
 40
1.0
 40
2.0
 40
2.0
 40
2.0
 40
3.0
 40
3.0
 40
3.0
 40
4.0
 40
4.0
 40
4.0
 40
5.0
 40
5.0
 40
5.0
 40
6.0
 40
6.0
 40
6.0
 40
7.0
 40
7.0
 40
7.0
 40
8.0
 40
8.0
 40
8.0
 40
9.0
 40
9.0
 40
9.0
 40
10.0
 40
10.0
 40
10.0
 40
11.0
 40
11.0
 40
11.0
 40
12.0
 40
12.0
 40
12.0
 40
21.92200125982654
 40
21.92200125982654
 40
21.92200125982654
 40
30.41900125982655
 40
30.41900125982655
 40
30.41900125982655
 40
40.34100307397673
 40
40.34100307397673
 40
40.34100307397673
 40
41.34100307397673
 40
41.34100307397673
 40
41.34100307397673
 40
42.34100307397673
 40
42.34100307397673
 40
42.34100307397673
 40
43.34100307397673
 40
43.34100307397673
 40
43.34100307397673
 40
44.34100307397673
 40
44.34100307397673
 40
44.34100307397673
 40
44.34100307397673
 10
94.73776666666666
 20
119.0334663888889
 30
0.0
 10
94.40262777777778
 20
104.6521275
 30
0.0
 10
98.99544166666666
 20
81.00649138888889
 30
0.0
 10
96.93274999999998
 20
77.41415527777778
 30
0.0
 10
94.41814999999998
 20
73.04323861111111
 30
0.0
 10
97.67887499999999
 20
71.73266916666667
 30
0.0
 10
100.0583611111111
 20
71.12871361111111
 30
0.0
 10
102.4374944444444
 20
70.52475805555557
 30
0.0
 10
102.8622388888889
 20
65.43382194444445
 30
0.0
 10
106.0058416666667
 20
65.80529694444445
 30
0.0
 10
109.1593222222222
 20
66.17818305555556
 30
0.0
 10
108.2632666666667
 20
59.16672472222223
 30
0.0
 10
110.2021333333333
 20
63.7327275
 30
0.0
 10
112.1438222222222
 20
68.29132194444445
 30
0.0
 10
106.340275
 20
68.23875805555555
 30
0.0
 10
104.7894638888889
 20
73.10885527777778
 30
0.0
 10
103.2390055555556
 20
77.97930527777778
 30
0.0
 10
104.1819805555556
 20
83.27520527777779
 30
0.0
 10
104.035225
 20
87.28452472222222
 30
0.0
 10
103.8549555555555
 20
92.1948386111111
 30
0.0
 10
105.2159722222222
 20
94.46108305555556
 30
0.0
 10
104.6786916666667
 20
112.7850663888889
 30
0.0
 10
104.4455055555556
 20
120.7659580555556
 30
0.0
 10
104.9143472222222
 20
123.4001497222222
 30
0.0
 10
103.7794611111111
 20
124.2443469444444
 30
0.0
 10
103.3441333333333
 20
124.5657275
 30
0.0
 10
102.6784416666667
 20
124.6285219444444
 30
0.0
 10
101.6553861111111
 20
124.6256997222222
 30
0.0
 10
101.6250472222222
 20
124.6281691666667
 30
0.0
 10
101.6042333333333
 20
123.8435913888889
 30
0.0
 10
101.6049388888889
 20
122.8776858333333
 30
0.0
 10
101.6056444444444
 20
121.9117802777778
 30
0.0
 10
101.6557388888889
 20
121.4006052777778
 30
0.0
 10
101.6546805555555
 20
121.1275552777778
 30
0.0
 10
101.6552685185185
 20
119.9608015740741
 30
0.0
 10
101.6558564814815
 20
118.7940478703704
 30
0.0
 10
101.6564444444444
 20
117.6272941666667
 30
0.0
 10
100.6572601851852
 20
117.6272941666667
 30
0.0
 10
99.65807592592591
 20
117.6272941666667
 30
0.0
 10
98.65889166666666
 20
117.6272941666667
 30
0.0
 10
98.65818611111109
 20
118.7940478703704
 30
0.0
 10
98.65748055555554
 20
119.9608015740741
 30
0.0
 10
98.65677499999998
 20
121.1275552777778
 30
0.0
 10
98.65571666666666
 20
121.3977830555555
 30
0.0
 10
98.70828055555555
 20
121.9096636111111
 30
0.0
 10
98.70475277777777
 20
122.8780386111111
 30
0.0
 10
98.70475277777777
 20
123.8337136111111
 30
0.0
 10
98.68182222222222
 20
124.6052386111111
 30
0.0
 10
98.6550111111111
 20
124.6281691666667
 30
0.0
 10
97.51165833333333
 20
124.6256997222222
 30
0.0
 10
96.5944361111111
 20
124.7414108333333
 30
0.0
 10
95.93050833333332
 20
124.1766136111111
 30
0.0
 10
95.22248333333333
 20
123.5705413888889
 30
0.0
 10
94.80832222222222
 20
122.1841247222222
 30
0.0
 10
94.73776666666666
 20
119.0334663888889
 30
0.0
  0
SPLINE
  5
20F
330
1F
100
AcDbEntity
  8
DEFAULT
 62
    18
100
AcDbSpline
210
0.0
220
0.0
230
1.0
 70
     8
 71
     3
 72
    20
 73
    16
 74
     0
 42
0.000000001
 43
0.0000000001
 40
0.0
 40
0.0
 40
0.0
 40
0.0
 40
1.003
 40
1.003
 40
1.003
 40
2.006
 40
2.006
 40
2.006
 40
3.009
 40
3.009
 40
3.009
 40
4.012
 40
4.012
 40
4.012
 40
5.015000000000001
 40
5.015000000000001
 40
5.015000000000001
 40
5.015000000000001
 10
39.35080888888888
 20
113.8390252777778
 30
0.0
 10
39.35080888888888
 20
113.8390252777778
 30
0.0
 10
39.3568061111111
 20
115.6699419444444
 30
0.0
 10
39.35080888888888
 20
115.7687197222222
 30
0.0
 10
39.44641166666666
 20
115.9317030555556
 30
0.0
 10
39.57376444444444
 20
116.0008475
 30
0.0
 10
39.75967833333333
 20
116.0008475
 30
0.0
 10
40.04648666666666
 20
116.0008475
 30
0.0
 10
40.33611722222222
 20
115.7817725
 30
0.0
 10
40.33611722222222
 20
115.3404475
 30
0.0
 10
40.33858666666666
 20
114.9657975
 30
0.0
 10
40.11316166666666
 20
114.7110919444444
 30
0.0
 10
39.79425055555555
 20
114.7110919444444
 30
0.0
 10
39.58716999999999
 20
114.7110919444444
 30
0.0
 10
39.43829777777778
 20
114.7999919444444
 30
0.0
 10
39.35080888888888
 20
114.9379280555556
 30
0.0
  0
SPLINE
  5
210
330
1F
100
AcDbEntity
  8
DEFAULT
 62
     1
100
AcDbSpline
210
0.0
220
0.0
230
1.0
 70
    11
 71
     3
 72
    59
 73
    55
 74
     0
 42
0.000000001
 43
0.0000000001
 40
1.0
 40
1.0
 40
1.0
 40
1.0
 40
2.0
 40
2.0
 40
2.0
 40
3.0
 40
3.0
 40
3.0
 40
4.0
 40
4.0
 40
4.0
 40
5.0
 40
5.0
 40
5.0
 40
6.0
 40
6.0
 40
6.0
 40
7.0
 40
7.0
 40
7.0
 40
8.0
 40
8.0
 40
8.0
 40
9.0
 40
9.0
 40
9.0
 40
10.0
 40
10.0
 40
10.0
 40
11.0
 40
11.0
 40
11.0
 40
12.0
 40
12.0
 40
12.0
 40
21.92200125982654
 40
21.92200125982654
 40
21.92200125982654
 40
30.41900125982654
 40
30.41900125982654
 40
30.41900125982654
 40
40.34100307397672
 40
40.34100307397672
 40
40.34100307397672
 40
41.34100307397672
 40
41.34100307397672
 40
41.34100307397672
 40
42.34100307397672
 40
42.34100307397672
 40
42.34100307397672
 40
43.34100307397672
 40
43.34100307397672
 40
43.34100307397672
 40
44.34100307397672
 40
44.34100307397672
 40
44.34100307397672
 40
44.34100307397672
 10
45.26227083333333
 20
119.0334663888889
 30
0.0
 10
45.59740972222222
 20
104.6521275
 30
0.0
 10
41.00459583333333
 20
81.00649138888889
 30
0.0
 10
43.0672875
 20
77.41415527777778
 30
0.0
 10
45.5818875
 20
73.04323861111111
 30
0.0
 10
42.3211625
 20
71.73266916666667
 30
0.0
 10
39.94167638888889
 20
71.12871361111111
 30
0.0
 10
37.56219027777778
 20
70.52475805555557
 30
0.0
 10
37.13779861111111
 20
65.43382194444445
 30
0.0
 10
33.99419583333334
 20
65.80529694444445
 30
0.0
 10
30.84071527777778
 20
66.17818305555556
 30
0.0
 10
31.73677083333333
 20
59.16672472222223
 30
0.0
 10
29.79790416666667
 20
63.7327275
 30
0.0
 10
27.85621527777778
 20
68.29132194444445
 30
0.0
 10
33.6597625
 20
68.23875805555555
 30
0.0
 10
35.21057361111112
 20
73.10885527777778
 30
0.0
 10
36.76103194444445
 20
77.97930527777778
 30
0.0
 10
35.81805694444444
 20
83.27520527777779
 30
0.0
 10
35.9648125
 20
87.28452472222222
 30
0.0
 10
36.14508194444445
 20
92.1948386111111
 30
0.0
 10
34.78406527777778
 20
94.46108305555556
 30
0.0
 10
35.32134583333333
 20
112.7850663888889
 30
0.0
 10
35.55453194444444
 20
120.7659580555556
 30
0.0
 10
35.08569027777777
 20
123.4001497222222
 30
0.0
 10
36.22057638888889
 20
124.2443469444444
 30
0.0
 10
36.65590416666667
 20
124.5657275
 30
0.0
 10
37.32159583333333
 20
124.6285219444444
 30
0.0
 10
38.34465138888888
 20
124.6256997222222
 30
0.0
 10
38.37499027777778
 20
124.6281691666667
 30
0.0
 10
38.39580416666666
 20
123.8435913888889
 30
0.0
 10
38.39509861111111
 20
122.8776858333333
 30
0.0
 10
38.39439305555555
 20
121.9117802777778
 30
0.0
 10
38.34429861111111
 20
121.4006052777778
 30
0.0
 10
38.34535694444445
 20
121.1275552777778
 30
0.0
 10
38.34476898148149
 20
119.9608015740741
 30
0.0
 10
38.34418101851852
 20
118.7940478703704
 30
0.0
 10
38.34359305555556
 20
117.6272941666667
 30
0.0
 10
39.34277731481482
 20
117.6272941666667
 30
0.0
 10
40.34196157407408
 20
117.6272941666667
 30
0.0
 10
41.34114583333334
 20
117.6272941666667
 30
0.0
 10
41.34185138888889
 20
118.7940478703704
 30
0.0
 10
41.34255694444445
 20
119.9608015740741
 30
0.0
 10
41.3432625
 20
121.1275552777778
 30
0.0
 10
41.34432083333333
 20
121.3977830555555
 30
0.0
 10
41.29175694444444
 20
121.9096636111111
 30
0.0
 10
41.29528472222222
 20
122.8780386111111
 30
0.0
 10
41.29528472222222
 20
123.8337136111111
 30
0.0
 10
41.31821527777777
 20
124.6052386111111
 30
0.0
 10
41.34502638888889
 20
124.6281691666667
 30
0.0
 10
42.48837916666667
 20
124.6256997222222
 30
0.0
 10
43.40560138888889
 20
124.7414108333333
 30
0.0
 10
44.06952916666667
 20
124.1766136111111
 30
0.0
 10
44.77755416666667
 20
123.5705413888889
 30
0.0
 10
45.19171527777778
 20
122.1841247222222
 30
0.0
 10
45.26227083333333
 20
119.0334663888889
 30
0.0
  0
SPLINE
  5
211
330
1F
100
AcDbEntity
  8
DEFAULT
 62
    18
100
AcDbSpline
210
0.0
220
0.0
230
1.0
 70
     8
 71
     3
 72
    20
 73
    16
 74
     0
 42
0.000000001
 43
0.0000000001
 40
0.0
 40
0.0
 40
0.0
 40
0.0
 40
1.002999999999997
 40
1.002999999999997
 40
1.002999999999997
 40
2.005999999999994
 40
2.005999999999994
 40
2.005999999999994
 40
3.008999999999992
 40
3.008999999999992
 40
3.008999999999992
 40
4.011999999999989
 40
4.011999999999989
 40
4.011999999999989
 40
5.014999999999986
 40
5.014999999999986
 40
5.014999999999986
 40
5.014999999999986
 10
118.8855466666667
 20
28.63631277777777
 30
0.0
 10
118.9730355555555
 20
28.77389611111111
 30
0.0
 10
119.1219077777778
 20
28.86314888888889
 30
0.0
 10
119.3289883333333
 20
28.86314888888889
 30
0.0
 10
119.6478994444444
 20
28.86314888888889
 30
0.0
 10
119.8733244444444
 20
28.60809055555555
 30
0.0
 10
119.870855
 20
28.23379333333333
 30
0.0
 10
119.870855
 20
27.79246833333333
 30
0.0
 10
119.5812244444444
 20
27.57339333333333
 30
0.0
 10
119.2944161111111
 20
27.57339333333333
 30
0.0
 10
119.1085022222222
 20
27.57339333333333
 30
0.0
 10
118.9811494444444
 20
27.642185
 30
0.0
 10
118.8855466666667
 20
27.80552111111111
 30
0.0
 10
118.8915438888889
 20
27.90429888888888
 30
0.0
 10
118.8855466666667
 20
29.73521555555555
 30
0.0
 10
118.8855466666667
 20
29.73521555555555
 30
0.0
  0
SPLINE
  5
212
330
1F
100
AcDbEntity
  8
DEFAULT
 62
    18
100
AcDbSpline
210
0.0
220
0.0
230
1.0
 70
     8
 71
     3
 72
    23
 73
    19
 74
     0
 42
0.000000001
 43
0.0000000001
 40
0.0
 40
0.0
 40
0.0
 40
0.0
 40
1.0
 40
1.0
 40
1.0
 40
2.0
 40
2.0
 40
2.0
 40
3.0
 40
3.0
 40
3.0
 40
4.0
 40
4.0
 40
4.0
 40
5.0
 40
5.0
 40
5.0
 40
6.0
 40
6.0
 40
6.0
 40
6.0
 10
119.7128458333333
 20
47.32492722222222
 30
0.0
 10
119.7079069444444
 20
47.20004388888889
 30
0.0
 10
119.4496736111111
 20
47.08539111111111
 30
0.0
 10
119.2669347222222
 20
47.09244666666667
 30
0.0
 10
118.8848763888889
 20
47.10726333333334
 30
0.0
 10
118.8030319444444
 20
47.31116888888889
 30
0.0
 10
118.8139680555555
 20
47.601505
 30
0.0
 10
118.8139680555555
 20
47.601505
 30
0.0
 10
118.8513625
 20
48.19381888888888
 30
0.0
 10
118.8372513888889
 20
48.29330222222222
 30
0.0
 10
118.8428958333333
 20
48.44005777777778
 30
0.0
 10
119.2196625
 20
48.50990777777778
 30
0.0
 10
119.3875847222222
 20
48.50355777777778
 30
0.0
 10
119.6257097222222
 20
48.49438555555555
 30
0.0
 10
119.7410680555555
 20
48.32187722222222
 30
0.0
 10
119.7343652777778
 20
48.15148555555555
 30
0.0
 10
119.7234291666666
 20
47.86714666666667
 30
0.0
 10
119.6126569444444
 20
47.61596888888889
 30
0.0
 10
118.8199652777778
 20
47.74861333333333
 30
0.0
  0
SPLINE
  5
213
330
1F
100
AcDbEntity
  8
DEFAULT
 62
     1
100
AcDbSpline
210
0.0
220
0.0
230
1.0
 70
    11
 71
     3
 72
   113
 73
   109
 74
     0
 42
0.000000001
 43
0.0000000001
 40
1.0
 40
1.0
 40
1.0
 40
1.0
 40
2.0
 40
2.0
 40
2.0
 40
3.0
 40
3.0
 40
3.0
 40
4.0
 40
4.0
 40
4.0
 40
5.0
 40
5.0
 40
5.0
 40
6.0
 40
6.0
 40
6.0
 40
7.0
 40
7.0
 40
7.0
 40
8.0
 40
8.0
 40
8.0
 40
9.0
 40
9.0
 40
9.0
 40
10.0
 40
10.0
 40
10.0
 40
11.0
 40
11.0
 40
11.0
 40
20.38001540510461
 40
20.38001540510461
 40
20.38001540510461
 40
28.88001752275141
 40
28.88001752275141
 40
28.88001752275141
 40
38.26003292785602
 40
38.26003292785602
 40
38.26003292785602
 40
39.26003292785602
 40
39.26003292785602
 40
39.26003292785602
 40
40.26003292785602
 40
40.26003292785602
 40
40.26003292785602
 40
41.26003292785602
 40
41.26003292785602
 40
41.26003292785602
 40
42.26003292785602
 40
42.26003292785602
 40
42.26003292785602
 40
43.26003292785602
 40
43.26003292785602
 40
43.26003292785602
 40
44.26003292785602
 40
44.26003292785602
 40
44.26003292785602
 40
45.26003292785602
 40
45.26003292785602
 40
45.26003292785602
 40
46.26003292785602
 40
46.26003292785602
 40
46.26003292785602
 40
47.26003292785602
 40
47.26003292785602
 40
47.26003292785602
 40
48.26003292785602
 40
48.26003292785602
 40
48.26003292785602
 40
49.26003292785602
 40
49.26003292785602
 40
49.26003292785602
 40
50.26003292785602
 40
50.26003292785602
 40
50.26003292785602
 40
51.26003292785602
 40
51.26003292785602
 40
51.26003292785602
 40
52.26003292785602
 40
52.26003292785602
 40
52.26003292785602
 40
53.26003292785602
 40
53.26003292785602
 40
53.26003292785602
 40
63.18003539761376
 40
63.18003539761376
 40
63.18003539761376
 40
71.68003751526057
 40
71.68003751526057
 40
71.68003751526057
 40
81.60003998501831
 40
81.60003998501831
 40
81.60003998501831
 40
82.60003998501831
 40
82.60003998501831
 40
82.60003998501831
 40
83.60003998501831
 40
83.60003998501831
 40
83.60003998501831
 40
84.60003998501831
 40
84.60003998501831
 40
84.60003998501831
 40
85.60003998501831
 40
85.60003998501831
 40
85.60003998501831
 40
86.60003998501831
 40
86.60003998501831
 40
86.60003998501831
 40
86.60003998501831
 10
114.8160080555555
 20
32.94535222222222
 30
0.0
 10
115.4337219444444
 20
37.42598277777778
 30
0.0
 10
115.7381691666666
 20
45.72366888888888
 30
0.0
 10
115.6065830555555
 20
57.41119666666667
 30
0.0
 10
115.4898136111111
 20
67.84953833333333
 30
0.0
 10
116.7774525
 20
67.94584666666665
 30
0.0
 10
117.8463691666666
 20
67.94655222222221
 30
0.0
 10
117.8745913888889
 20
67.94655222222221
 30
0.0
 10
117.8961108333333
 20
67.16338555555555
 30
0.0
 10
117.8968163888889
 20
66.19677444444444
 30
0.0
 10
117.8975219444444
 20
65.23016333333334
 30
0.0
 10
117.8484858333333
 20
64.71863555555555
 30
0.0
 10
117.8488386111111
 20
64.44699666666666
 30
0.0
 10
117.8491913888889
 20
64.17535777777778
 30
0.0
 10
117.8985802777778
 20
63.66383
 30
0.0
 10
117.8992858333333
 20
62.69721888888888
 30
0.0
 10
117.8999913888889
 20
61.73060777777777
 30
0.0
 10
117.8509552777778
 20
61.21908
 30
0.0
 10
117.8513080555555
 20
60.94744111111111
 30
0.0
 10
117.8516608333333
 20
60.66874666666666
 30
0.0
 10
117.9014025
 20
60.14310777777777
 30
0.0
 10
117.9021080555555
 20
59.14827444444444
 30
0.0
 10
117.9028136111111
 20
58.15344111111111
 30
0.0
 10
117.8537775
 20
57.62780222222221
 30
0.0
 10
117.8537775
 20
57.34910777777777
 30
0.0
 10
117.8541302777778
 20
57.07041333333333
 30
0.0
 10
117.9038719444444
 20
56.54477444444444
 30
0.0
 10
117.9045775
 20
55.54994111111111
 30
0.0
 10
117.9052830555555
 20
54.55863555555555
 30
0.0
 10
117.8562469444444
 20
54.03299666666666
 30
0.0
 10
117.8562469444444
 20
53.75430222222222
 30
0.0
 10
117.8582460185185
 20
52.65128370370371
 30
0.0
 10
117.8602450925926
 20
51.54826518518519
 30
0.0
 10
117.8622441666666
 20
50.44524666666667
 30
0.0
 10
118.8617812037037
 20
50.44595222222222
 30
0.0
 10
119.8613182407407
 20
50.44665777777778
 30
0.0
 10
120.8608552777778
 20
50.44736333333334
 30
0.0
 10
120.8588562037037
 20
51.55038185185185
 30
0.0
 10
120.8568571296296
 20
52.65340037037038
 30
0.0
 10
120.8548580555555
 20
53.75641888888889
 30
0.0
 10
120.8548580555555
 20
54.03511333333333
 30
0.0
 10
120.8051163888889
 20
54.56075222222222
 30
0.0
 10
120.8044108333333
 20
55.55205777777777
 30
0.0
 10
120.8037052777778
 20
56.54689111111111
 30
0.0
 10
120.8527413888889
 20
57.07252999999999
 30
0.0
 10
120.8523886111111
 20
57.35122444444444
 30
0.0
 10
120.8523886111111
 20
57.62991888888888
 30
0.0
 10
120.8026469444444
 20
58.15555777777777
 30
0.0
 10
120.8019413888889
 20
59.15039111111111
 30
0.0
 10
120.8012358333333
 20
60.14522444444444
 30
0.0
 10
120.8502719444444
 20
60.67086333333333
 30
0.0
 10
120.8499191666666
 20
60.94955777777777
 30
0.0
 10
120.8495663888889
 20
61.22119666666666
 30
0.0
 10
120.7998247222222
 20
61.73272444444444
 30
0.0
 10
120.7991191666666
 20
62.69933555555555
 30
0.0
 10
120.7984136111111
 20
63.66594666666666
 30
0.0
 10
120.8478025
 20
64.17747444444444
 30
0.0
 10
120.8474497222222
 20
64.44911333333333
 30
0.0
 10
120.8470969444444
 20
64.72075222222222
 30
0.0
 10
120.7973552777778
 20
65.23228
 30
0.0
 10
120.7966497222222
 20
66.1988911111111
 30
0.0
 10
120.7959441666667
 20
67.16550222222222
 30
0.0
 10
120.8202858333333
 20
67.94866888888889
 30
0.0
 10
120.8449802777778
 20
67.94866888888889
 30
0.0
 10
121.9174247222222
 20
67.94937444444444
 30
0.0
 10
123.2085913888889
 20
67.87634944444443
 30
0.0
 10
123.1066386111111
 20
57.41648833333333
 30
0.0
 10
122.9912802777777
 20
45.72860777777777
 30
0.0
 10
123.3077219444444
 20
37.43162722222222
 30
0.0
 10
123.9317858333333
 20
32.94817444444444
 30
0.0
 10
124.5593775
 20
28.46860222222222
 30
0.0
 10
122.3164163888889
 20
27.36264388888889
 30
0.0
 10
123.9370775
 20
25.24703555555555
 30
0.0
 10
125.5580913888889
 20
23.13178
 30
0.0
 10
122.3972025
 20
23.09756055555555
 30
0.0
 10
123.0191497222222
 20
21.35554388888889
 30
0.0
 10
123.6449775
 20
19.60964666666667
 30
0.0
 10
122.8762747222222
 20
18.94924666666667
 30
0.0
 10
120.8830802777778
 20
18.94783555555556
 30
0.0
 10
120.8548580555555
 20
18.94783555555556
 30
0.0
 10
120.8329858333333
 20
19.73100222222222
 30
0.0
 10
120.8322802777778
 20
20.69761333333333
 30
0.0
 10
120.8315747222222
 20
21.66422444444444
 30
0.0
 10
120.8809636111111
 20
22.17575222222222
 30
0.0
 10
120.8806108333333
 20
22.44739111111111
 30
0.0
 10
120.8797876851852
 20
23.61390962962963
 30
0.0
 10
120.878964537037
 20
24.78042814814815
 30
0.0
 10
120.8781413888889
 20
25.94694666666666
 30
0.0
 10
119.8786043518518
 20
25.94624111111111
 30
0.0
 10
118.8790673148148
 20
25.94553555555555
 30
0.0
 10
117.8795302777778
 20
25.94483
 30
0.0
 10
117.8803534259259
 20
24.77831148148148
 30
0.0
 10
117.8811765740741
 20
23.61179296296297
 30
0.0
 10
117.8819997222222
 20
22.44527444444445
 30
0.0
 10
117.8823525
 20
22.17363555555556
 30
0.0
 10
117.9317413888889
 20
21.66210777777778
 30
0.0
 10
117.9324469444444
 20
20.69549666666667
 30
0.0
 10
117.9331525
 20
19.72888555555556
 30
0.0
 10
117.9091636111111
 20
18.94571888888889
 30
0.0
 10
117.8844691666666
 20
18.94571888888889
 30
0.0
 10
115.8912747222222
 20
18.94430777777778
 30
0.0
 10
115.1218663888889
 20
19.60364944444444
 30
0.0
 10
115.7448719444444
 20
21.35025222222222
 30
0.0
 10
116.3647025
 20
23.09332722222222
 30
0.0
 10
113.2038136111111
 20
23.12296055555555
 30
0.0
 10
114.8212997222222
 20
25.24068555555555
 30
0.0
 10
116.4391386111111
 20
27.35841055555555
 30
0.0
 10
114.1947663888889
 20
28.46119388888889
 30
0.0
 10
114.8160080555555
 20
32.94535222222222
 30
0.0
  0
SPLINE
  5
214
330
1F
100
AcDbEntity
  8
DEFAULT
 62
    18
100
AcDbSpline
210
0.0
220
0.0
230
1.0
 70
     8
 71
     3
 72
    20
 73
    16
 74
     0
 42
0.000000001
 43
0.0000000001
 40
0.0
 40
0.0
 40
0.0
 40
0.0
 40
1.003
 40
1.003
 40
1.003
 40
2.006
 40
2.006
 40
2.006
 40
3.009
 40
3.009
 40
3.009
 40
4.012
 40
4.012
 40
4.012
 40
5.015000000000001
 40
5.015000000000001
 40
5.015000000000001
 40
5.015000000000001
 10
20.1266425
 20
28.63631277777777
 30
0.0
 10
20.21413138888889
 20
28.77389611111111
 30
0.0
 10
20.36300361111111
 20
28.86314888888889
 30
0.0
 10
20.57008416666666
 20
28.86314888888889
 30
0.0
 10
20.88899527777778
 20
28.86314888888889
 30
0.0
 10
21.11442027777777
 20
28.60809055555555
 30
0.0
 10
21.11195083333333
 20
28.23379333333333
 30
0.0
 10
21.11195083333333
 20
27.79246833333333
 30
0.0
 10
20.82232027777778
 20
27.57339333333333
 30
0.0
 10
20.53551194444444
 20
27.57339333333333
 30
0.0
 10
20.34959805555555
 20
27.57339333333333
 30
0.0
 10
20.22224527777778
 20
27.642185
 30
0.0
 10
20.1266425
 20
27.80552111111111
 30
0.0
 10
20.13263972222222
 20
27.90429888888888
 30
0.0
 10
20.1266425
 20
29.73521555555555
 30
0.0
 10
20.1266425
 20
29.73521555555555
 30
0.0
  0
SPLINE
  5
215
330
1F
100
AcDbEntity
  8
DEFAULT
 62
    18
100
AcDbSpline
210
0.0
220
0.0
230
1.0
 70
     8
 71
     3
 72
    23
 73
    19
 74
     0
 42
0.000000001
 43
0.0000000001
 40
0.0
 40
0.0
 40
0.0
 40
0.0
 40
1.0
 40
1.0
 40
1.0
 40
2.0
 40
2.0
 40
2.0
 40
3.0
 40
3.0
 40
3.0
 40
4.0
 40
4.0
 40
4.0
 40
5.0
 40
5.0
 40
5.0
 40
6.0
 40
6.0
 40
6.0
 40
6.0
 10
20.95394166666667
 20
47.32492722222222
 30
0.0
 10
20.94900277777777
 20
47.20004388888889
 30
0.0
 10
20.69076944444444
 20
47.08539111111111
 30
0.0
 10
20.50803055555555
 20
47.09244666666667
 30
0.0
 10
20.12597222222222
 20
47.10726333333334
 30
0.0
 10
20.04412777777777
 20
47.31116888888889
 30
0.0
 10
20.05506388888888
 20
47.601505
 30
0.0
 10
20.05506388888888
 20
47.601505
 30
0.0
 10
20.09245833333333
 20
48.19381888888888
 30
0.0
 10
20.07834722222222
 20
48.29330222222222
 30
0.0
 10
20.08399166666666
 20
48.44005777777778
 30
0.0
 10
20.46075833333333
 20
48.50990777777778
 30
0.0
 10
20.62868055555555
 20
48.50355777777778
 30
0.0
 10
20.86680555555555
 20
48.49438555555555
 30
0.0
 10
20.98216388888888
 20
48.32187722222222
 30
0.0
 10
20.97546111111111
 20
48.15148555555555
 30
0.0
 10
20.964525
 20
47.86714666666667
 30
0.0
 10
20.85375277777777
 20
47.61596888888889
 30
0.0
 10
20.06106111111111
 20
47.74861333333333
 30
0.0
  0
SPLINE
  5
216
330
1F
100
AcDbEntity
  8
DEFAULT
 62
     1
100
AcDbSpline
210
0.0
220
0.0
230
1.0
 70
    11
 71
     3
 72
   113
 73
   109
 74
     0
 42
0.000000001
 43
0.0000000001
 40
1.0
 40
1.0
 40
1.0
 40
1.0
 40
2.0
 40
2.0
 40
2.0
 40
3.0
 40
3.0
 40
3.0
 40
4.0
 40
4.0
 40
4.0
 40
5.0
 40
5.0
 40
5.0
 40
6.0
 40
6.0
 40
6.0
 40
7.0
 40
7.0
 40
7.0
 40
8.0
 40
8.0
 40
8.0
 40
9.0
 40
9.0
 40
9.0
 40
10.0
 40
10.0
 40
10.0
 40
11.0
 40
11.0
 40
11.0
 40
20.38000533048888
 40
20.38000533048888
 40
20.38000533048888
 40
28.88000533048888
 40
28.88000533048888
 40
28.88000533048888
 40
38.26001066097777
 40
38.26001066097777
 40
38.26001066097777
 40
39.26001066097777
 40
39.26001066097777
 40
39.26001066097777
 40
40.26001066097777
 40
40.26001066097777
 40
40.26001066097777
 40
41.26001066097777
 40
41.26001066097777
 40
41.26001066097777
 40
42.26001066097777
 40
42.26001066097777
 40
42.26001066097777
 40
43.26001066097777
 40
43.26001066097777
 40
43.26001066097777
 40
44.26001066097777
 40
44.26001066097777
 40
44.26001066097777
 40
45.26001066097777
 40
45.26001066097777
 40
45.26001066097777
 40
46.26001066097777
 40
46.26001066097777
 40
46.26001066097777
 40
47.26001066097777
 40
47.26001066097777
 40
47.26001066097777
 40
48.26001066097777
 40
48.26001066097777
 40
48.26001066097777
 40
49.26001066097777
 40
49.26001066097777
 40
49.26001066097777
 40
50.26001066097777
 40
50.26001066097777
 40
50.26001066097777
 40
51.26001066097777
 40
51.26001066097777
 40
51.26001066097777
 40
52.26001066097777
 40
52.26001066097777
 40
52.26001066097777
 40
53.26001066097777
 40
53.26001066097777
 40
53.26001066097777
 40
63.18001066097777
 40
63.18001066097777
 40
63.18001066097777
 40
71.68001066097777
 40
71.68001066097777
 40
71.68001066097777
 40
81.60001066097777
 40
81.60001066097777
 40
81.60001066097777
 40
82.60001066097777
 40
82.60001066097777
 40
82.60001066097777
 40
83.60001066097777
 40
83.60001066097777
 40
83.60001066097777
 40
84.60001066097777
 40
84.60001066097777
 40
84.60001066097777
 40
85.60001066097777
 40
85.60001066097777
 40
85.60001066097777
 40
86.60001066097777
 40
86.60001066097777
 40
86.60001066097777
 40
86.60001066097777
 10
16.06204277777778
 20
32.94962083333333
 30
0.0
 10
16.68293166666666
 20
37.42989861111111
 30
0.0
 10
16.99337611111111
 20
45.72723194444444
 30
0.0
 10
16.86990388888889
 20
57.41475972222221
 30
0.0
 10
16.76054277777778
 20
67.85345416666665
 30
0.0
 10
18.04818166666666
 20
67.94870416666666
 30
0.0
 10
19.11709833333333
 20
67.94870416666666
 30
0.0
 10
19.14532055555555
 20
67.94870416666666
 30
0.0
 10
19.16648722222222
 20
67.16553749999999
 30
0.0
 10
19.16648722222222
 20
66.19892638888888
 30
0.0
 10
19.16648722222222
 20
65.23231527777777
 30
0.0
 10
19.11709833333333
 20
64.72078749999999
 30
0.0
 10
19.11709833333333
 20
64.4491486111111
 30
0.0
 10
19.11709833333333
 20
64.17750972222221
 30
0.0
 10
19.16648722222222
 20
63.66598194444443
 30
0.0
 10
19.16648722222222
 20
62.69937083333333
 30
0.0
 10
19.16648722222222
 20
61.73275972222221
 30
0.0
 10
19.11709833333333
 20
61.22123194444444
 30
0.0
 10
19.11709833333333
 20
60.94959305555555
 30
0.0
 10
19.11709833333333
 20
60.67089861111111
 30
0.0
 10
19.16648722222222
 20
60.14525972222221
 30
0.0
 10
19.16648722222222
 20
59.15042638888888
 30
0.0
 10
19.16648722222222
 20
58.15559305555556
 30
0.0
 10
19.11709833333333
 20
57.62995416666666
 30
0.0
 10
19.11709833333333
 20
57.35125972222221
 30
0.0
 10
19.11709833333333
 20
57.07256527777777
 30
0.0
 10
19.16648722222222
 20
56.54692638888888
 30
0.0
 10
19.16648722222222
 20
55.55209305555555
 30
0.0
 10
19.16648722222222
 20
54.56078749999999
 30
0.0
 10
19.11709833333333
 20
54.0351486111111
 30
0.0
 10
19.11709833333333
 20
53.75645416666666
 30
0.0
 10
19.11827425925926
 20
52.65343564814814
 30
0.0
 10
19.11945018518519
 20
51.55041712962961
 30
0.0
 10
19.12062611111111
 20
50.4473986111111
 30
0.0
 10
20.12016314814815
 20
50.4473986111111
 30
0.0
 10
21.11970018518518
 20
50.4473986111111
 30
0.0
 10
22.11923722222222
 20
50.4473986111111
 30
0.0
 10
22.11806129629629
 20
51.55041712962963
 30
0.0
 10
22.11688537037037
 20
52.65343564814814
 30
0.0
 10
22.11570944444444
 20
53.75645416666666
 30
0.0
 10
22.11570944444444
 20
54.0351486111111
 30
0.0
 10
22.06632055555556
 20
54.56078749999999
 30
0.0
 10
22.06632055555556
 20
55.55209305555555
 30
0.0
 10
22.06632055555556
 20
56.54692638888888
 30
0.0
 10
22.11570944444444
 20
57.07256527777777
 30
0.0
 10
22.11570944444444
 20
57.35125972222221
 30
0.0
 10
22.11570944444444
 20
57.62995416666666
 30
0.0
 10
22.06632055555556
 20
58.15559305555556
 30
0.0
 10
22.06632055555556
 20
59.15042638888888
 30
0.0
 10
22.06632055555556
 20
60.14525972222221
 30
0.0
 10
22.11570944444444
 20
60.67089861111111
 30
0.0
 10
22.11570944444444
 20
60.94959305555555
 30
0.0
 10
22.11570944444444
 20
61.22123194444444
 30
0.0
 10
22.06632055555556
 20
61.73275972222221
 30
0.0
 10
22.06632055555556
 20
62.69937083333333
 30
0.0
 10
22.06632055555556
 20
63.66598194444443
 30
0.0
 10
22.11570944444444
 20
64.17750972222221
 30
0.0
 10
22.11570944444444
 20
64.4491486111111
 30
0.0
 10
22.11570944444444
 20
64.72078749999999
 30
0.0
 10
22.06632055555556
 20
65.23231527777777
 30
0.0
 10
22.06632055555556
 20
66.19892638888888
 30
0.0
 10
22.06632055555556
 20
67.16553749999999
 30
0.0
 10
22.091015
 20
67.94870416666666
 30
0.0
 10
22.11570944444444
 20
67.94870416666666
 30
0.0
 10
23.18815388888888
 20
67.94870416666666
 30
0.0
 10
24.47932055555555
 20
67.87462083333332
 30
0.0
 10
24.36995944444444
 20
57.41475972222221
 30
0.0
 10
24.24648722222222
 20
45.72723194444444
 30
0.0
 10
24.55693166666666
 20
37.42989861111111
 30
0.0
 10
25.17782055555555
 20
32.94609305555555
 30
0.0
 10
25.80223722222222
 20
28.46581527777777
 30
0.0
 10
23.55857055555555
 20
27.36162083333333
 30
0.0
 10
25.17782055555555
 20
25.24495416666666
 30
0.0
 10
26.79707055555555
 20
23.1282875
 30
0.0
 10
23.63618166666667
 20
23.09653749999999
 30
0.0
 10
24.25707055555555
 20
21.35381527777777
 30
0.0
 10
24.88148722222222
 20
19.60756527777777
 30
0.0
 10
24.11243166666667
 20
18.94787083333333
 30
0.0
 10
22.11923722222222
 20
18.94787083333333
 30
0.0
 10
22.091015
 20
18.94787083333333
 30
0.0
 10
22.06984833333333
 20
19.7310375
 30
0.0
 10
22.06984833333333
 20
20.69764861111111
 30
0.0
 10
22.06984833333333
 20
21.66425972222222
 30
0.0
 10
22.11923722222222
 20
22.17578749999999
 30
0.0
 10
22.11923722222222
 20
22.44742638888889
 30
0.0
 10
22.11923722222222
 20
23.6139449074074
 30
0.0
 10
22.11923722222222
 20
24.78046342592593
 30
0.0
 10
22.11923722222222
 20
25.94698194444444
 30
0.0
 10
21.11970018518518
 20
25.94698194444444
 30
0.0
 10
20.12016314814815
 20
25.94698194444444
 30
0.0
 10
19.12062611111111
 20
25.94698194444444
 30
0.0
 10
19.12062611111111
 20
24.78046342592593
 30
0.0
 10
19.12062611111111
 20
23.6139449074074
 30
0.0
 10
19.12062611111111
 20
22.44742638888889
 30
0.0
 10
19.12062611111111
 20
22.17578749999999
 30
0.0
 10
19.170015
 20
21.66425972222222
 30
0.0
 10
19.170015
 20
20.69764861111111
 30
0.0
 10
19.170015
 20
19.7310375
 30
0.0
 10
19.14532055555555
 20
18.94787083333333
 30
0.0
 10
19.12062611111111
 20
18.94787083333333
 30
0.0
 10
17.12743166666667
 20
18.94787083333333
 30
0.0
 10
16.35837611111111
 20
19.60756527777777
 30
0.0
 10
16.98279277777777
 20
21.35381527777777
 30
0.0
 10
17.60368166666666
 20
23.09653749999999
 30
0.0
 10
14.44279277777778
 20
23.1282875
 30
0.0
 10
16.06204277777778
 20
25.24495416666666
 30
0.0
 10
17.68129277777777
 20
27.36162083333333
 30
0.0
 10
15.43762611111111
 20
28.46581527777777
 30
0.0
 10
16.06204277777778
 20
32.94962083333333
 30
0.0
  0
SPLINE
  5
217
330
1F
100
AcDbEntity
  8
DEFAULT
 62
    18
100
AcDbSpline
210
0.0
220
0.0
230
1.0
 70
     8
 71
     3
 72
    23
 73
    19
 74
     0
 42
0.000000001
 43
0.0000000001
 40
0.0
 40
0.0
 40
0.0
 40
0.0
 40
1.0
 40
1.0
 40
1.0
 40
2.0
 40
2.0
 40
2.0
 40
3.0
 40
3.0
 40
3.0
 40
4.0
 40
4.0
 40
4.0
 40
5.0
 40
5.0
 40
5.0
 40
6.0
 40
6.0
 40
6.0
 40
6.0
 10
97.02514249999999
 20
29.7437175
 30
0.0
 10
96.94929527777778
 20
29.64423416666666
 30
0.0
 10
96.67201194444445
 20
29.69926749999999
 30
0.0
 10
96.52666749999999
 20
29.8103925
 30
0.0
 10
96.22292583333332
 20
30.0421675
 30
0.0
 10
96.27302027777777
 20
30.25595083333333
 30
0.0
 10
96.44940916666665
 20
30.48702027777777
 30
0.0
 10
96.44940916666665
 20
30.48702027777777
 30
0.0
 10
96.8205313888889
 20
30.94986472222222
 30
0.0
 10
96.8663925
 20
31.03947027777777
 30
0.0
 10
96.95564527777778
 20
31.15623972222222
 30
0.0
 10
97.30383694444444
 20
30.99678416666666
 30
0.0
 10
97.43718694444443
 20
30.89483138888889
 30
0.0
 10
97.6269813888889
 20
30.75019249999999
 30
0.0
 10
97.6216897222222
 20
30.54275916666666
 30
0.0
 10
97.51832583333334
 20
30.4072925
 30
0.0
 10
97.3458175
 20
30.18080916666667
 30
0.0
 10
97.1108675
 20
30.03934527777777
 30
0.0
 10
96.53866194444443
 20
30.6041425
 30
0.0
  0
POLYLINE
  5
218
330
1F
100
AcDbEntity
  8
DEFAULT
 62
    18
100
AcDb2dPolyline
 66
     1
 10
0.0
 20
0.0
 30
0.0
  0
VERTEX
  5
219
330
218
100
AcDbEntity
  8
DEFAULT
 62
    18
100
AcDbVertex
100
AcDb2dVertex
 10
82.51369916666665
 20
20.7533875
 30
0.0
  0
VERTEX
  5
21A
330
218
100
AcDbEntity
  8
DEFAULT
 62
    18
100
AcDbVertex
100
AcDb2dVertex
 10
82.51369916666665
 20
19.23855972222222
 30
0.0
  0
VERTEX
  5
21B
330
218
100
AcDbEntity
  8
DEFAULT
 62
    18
100
AcDbVertex
100
AcDb2dVertex
 10
80.6097575
 20
20.7533875
 30
0.0
  0
VERTEX
  5
21C
330
218
100
AcDbEntity
  8
DEFAULT
 62
    18
100
AcDbVertex
100
AcDb2dVertex
 10
80.6097575
 20
19.22197916666666
 30
0.0
  0
SEQEND
  5
21D
330
218
100
AcDbEntity
  8
DEFAULT
 62
    18
  0
SPLINE
  5
21E
330
1F
100
AcDbEntity
  8
DEFAULT
 62
     1
100
AcDbSpline
210
0.0
220
0.0
230
1.0
 70
    11
 71
     3
 72
   119
 73
   115
 74
     0
 42
0.000000001
 43
0.0000000001
 40
1.0
 40
1.0
 40
1.0
 40
1.0
 40
2.0
 40
2.0
 40
2.0
 40
3.0
 40
3.0
 40
3.0
 40
4.0
 40
4.0
 40
4.0
 40
5.0
 40
5.0
 40
5.0
 40
6.0
 40
6.0
 40
6.0
 40
7.0
 40
7.0
 40
7.0
 40
8.0
 40
8.0
 40
8.0
 40
9.0
 40
9.0
 40
9.0
 40
10.0
 40
10.0
 40
10.0
 40
11.0
 40
11.0
 40
11.0
 40
12.0
 40
12.0
 40
12.0
 40
13.0
 40
13.0
 40
13.0
 40
14.0
 40
14.0
 40
14.0
 40
23.37501114666004
 40
23.37501114666004
 40
23.37501114666004
 40
31.86749635418322
 40
31.86749635418322
 40
31.86749635418322
 40
41.24330186624456
 40
41.24330186624456
 40
41.24330186624456
 40
42.24330186624456
 40
42.24330186624456
 40
42.24330186624456
 40
43.24330186624456
 40
43.24330186624456
 40
43.24330186624456
 40
44.24330186624456
 40
44.24330186624456
 40
44.24330186624456
 40
45.24330186624456
 40
45.24330186624456
 40
45.24330186624456
 40
46.24330186624456
 40
46.24330186624456
 40
46.24330186624456
 40
47.24330186624456
 40
47.24330186624456
 40
47.24330186624456
 40
48.24330186624456
 40
48.24330186624456
 40
48.24330186624456
 40
49.24330186624456
 40
49.24330186624456
 40
49.24330186624456
 40
50.24330186624456
 40
50.24330186624456
 40
50.24330186624456
 40
51.24330186624456
 40
51.24330186624456
 40
51.24330186624456
 40
52.24330186624456
 40
52.24330186624456
 40
52.24330186624456
 40
53.24330186624456
 40
53.24330186624456
 40
53.24330186624456
 40
54.24330186624456
 40
54.24330186624456
 40
54.24330186624456
 40
55.24330186624456
 40
55.24330186624456
 40
55.24330186624456
 40
56.24330186624456
 40
56.24330186624456
 40
56.24330186624456
 40
57.24330186624456
 40
57.24330186624456
 40
57.24330186624456
 40
67.17130690250437
 40
67.17130690250437
 40
67.17130690250437
 40
75.67530690250436
 40
75.67530690250436
 40
75.67530690250436
 40
85.5933101289608
 40
85.5933101289608
 40
85.5933101289608
 40
86.5933101289608
 40
86.5933101289608
 40
86.5933101289608
 40
87.5933101289608
 40
87.5933101289608
 40
87.5933101289608
 40
88.5933101289608
 40
88.5933101289608
 40
88.5933101289608
 40
88.5933101289608
 10
80.10309805555555
 20
14.33808833333333
 30
0.0
 10
83.0787786111111
 20
14.53811333333333
 30
0.0
 10
87.14101472222221
 20
12.38193555555555
 30
0.0
 10
86.60479249999999
 20
15.86738
 30
0.0
 10
86.24460638888887
 20
18.20629666666667
 30
0.0
 10
88.61880083333332
 20
14.99672444444444
 30
0.0
 10
91.11611472222222
 20
18.11774944444444
 30
0.0
 10
95.68529249999999
 20
23.833455
 30
0.0
 10
100.3818230555555
 20
26.97317722222222
 30
0.0
 10
109.6461202777778
 20
39.88484388888888
 30
0.0
 10
110.8886036111111
 20
41.61768833333333
 30
0.0
 10
111.3112313888889
 20
42.81713277777777
 30
0.0
 10
111.4110675
 20
43.61088277777777
 30
0.0
 10
111.5507675
 20
44.71613555555555
 30
0.0
 10
110.9383452777778
 20
45.11971333333333
 30
0.0
 10
110.3957730555556
 20
45.5359911111111
 30
0.0
 10
110.3664925
 20
45.54798555555554
 30
0.0
 10
109.8775425
 20
44.93979666666667
 30
0.0
 10
109.2929897222222
 20
44.17285777777777
 30
0.0
 10
108.7052619444444
 20
43.40697722222222
 30
0.0
 10
108.4343286111111
 20
42.96918
 30
0.0
 10
108.2702869444444
 20
42.75433833333333
 30
0.0
 10
108.1058925
 20
42.53949666666666
 30
0.0
 10
107.7562897222222
 20
42.16026055555555
 30
0.0
 10
107.1685619444444
 20
41.39437999999999
 30
0.0
 10
106.5825980555555
 20
40.6242661111111
 30
0.0
 10
106.3130758333333
 20
40.1892911111111
 30
0.0
 10
106.1476230555555
 20
39.97127444444444
 30
0.0
 10
105.9775841666667
 20
39.75114111111111
 30
0.0
 10
105.6205730555555
 20
39.36343833333333
 30
0.0
 10
105.0155591666666
 20
38.57427444444444
 30
0.0
 10
104.4137202777778
 20
37.78369944444444
 30
0.0
 10
104.1311452777778
 20
37.33531888888889
 30
0.0
 10
103.9642813888889
 20
37.11412722222222
 30
0.0
 10
103.7928313888889
 20
36.89046611111111
 30
0.0
 10
103.4361730555555
 20
36.5031161111111
 30
0.0
 10
102.8343341666667
 20
35.71254111111111
 30
0.0
 10
102.2289675
 20
34.92337722222221
 30
0.0
 10
101.9509786111111
 20
34.47676055555555
 30
0.0
 10
101.7809397222222
 20
34.25662722222222
 30
0.0
 10
101.1112499074074
 20
33.38091518518518
 30
0.0
 10
100.4415600925926
 20
32.50520314814815
 30
0.0
 10
99.77187027777777
 20
31.62949111111111
 30
0.0
 10
98.97788509259259
 20
32.23521055555555
 30
0.0
 10
98.18389990740741
 20
32.84093
 30
0.0
 10
97.38991472222222
 20
33.44664944444444
 30
0.0
 10
98.05960453703703
 20
34.32247907407407
 30
0.0
 10
98.72929435185183
 20
35.1983087037037
 30
0.0
 10
99.39898416666665
 20
36.07413833333332
 30
0.0
 10
99.56584805555555
 20
36.29533
 30
0.0
 10
99.92744527777776
 20
36.68514944444443
 30
0.0
 10
100.5292841666667
 20
37.47537166666666
 30
0.0
 10
101.1297119444444
 20
38.26277166666667
 30
0.0
 10
101.4122869444444
 20
38.71115222222222
 30
0.0
 10
101.5791508333333
 20
38.93269666666666
 30
0.0
 10
101.7506008333333
 20
39.15600499999999
 30
0.0
 10
102.1076119444444
 20
39.54335499999999
 30
0.0
 10
102.7126258333333
 20
40.33251888888888
 30
0.0
 10
103.3144647222222
 20
41.12309388888889
 30
0.0
 10
103.5924536111111
 20
41.56971055555555
 30
0.0
 10
103.7639036111111
 20
41.79301888888889
 30
0.0
 10
103.9279452777778
 20
42.00786055555555
 30
0.0
 10
104.2764897222222
 20
42.38392166666667
 30
0.0
 10
104.8656286111111
 20
43.15297722222222
 30
0.0
 10
105.4501813888889
 20
43.91991611111111
 30
0.0
 10
105.7207619444444
 20
44.35806611111111
 30
0.0
 10
105.8851563888889
 20
44.57290777777777
 30
0.0
 10
106.0506091666667
 20
44.79092444444444
 30
0.0
 10
106.4019758333333
 20
45.16557444444445
 30
0.0
 10
106.9879397222222
 20
45.93568833333333
 30
0.0
 10
107.5756675
 20
46.70156888888889
 30
0.0
 10
108.0311036111111
 20
47.33868555555555
 30
0.0
 10
108.0106425
 20
47.35456055555556
 30
0.0
 10
107.1745591666667
 20
47.99414666666667
 30
0.0
 10
106.5709563888889
 20
48.51167166666666
 30
0.0
 10
105.7352258333333
 20
48.28589388888889
 30
0.0
 10
104.1872369444444
 20
47.87490777777776
 30
0.0
 10
101.8373841666667
 20
44.93732722222222
 30
0.0
 10
95.72057027777775
 20
35.58977444444444
 30
0.0
 10
91.05861194444444
 20
28.46401611111111
 30
0.0
 10
91.4480786111111
 20
23.66941333333333
 30
0.0
 10
87.42323694444443
 20
25.19835222222222
 30
0.0
 10
85.52917305555555
 20
25.916255
 30
0.0
 10
84.31420638888888
 20
27.06348833333333
 30
0.0
 10
82.81948694444444
 20
25.23786333333333
 30
0.0
 10
81.28737305555555
 20
23.36496611111111
 30
0.0
 10
80.76490916666665
 20
24.36579666666666
 30
0.0
 10
75.25346194444442
 20
24.36085777777778
 30
0.0
 10
73.3791536111111
 20
24.35944666666666
 30
0.0
 10
71.5154286111111
 20
24.48080222222222
 30
0.0
 10
71.5186036111111
 20
21.48183833333333
 30
0.0
 10
71.52460083333332
 20
21.45044111111111
 30
0.0
 10
72.30776749999998
 20
21.43280222222222
 30
0.0
 10
73.27014527777777
 20
21.43491888888889
 30
0.0
 10
74.23675638888888
 20
21.43456611111111
 30
0.0
 10
74.7475786111111
 20
21.48607166666666
 30
0.0
 10
75.01745361111111
 20
21.48430777777778
 30
0.0
 10
76.18491287037037
 20
21.4854837037037
 30
0.0
 10
77.35237212962961
 20
21.48665962962963
 30
0.0
 10
78.51983138888887
 20
21.48783555555555
 30
0.0
 10
78.51983138888887
 20
20.48782814814814
 30
0.0
 10
78.51983138888887
 20
19.48782074074074
 30
0.0
 10
78.51983138888887
 20
18.48781333333333
 30
0.0
 10
77.35354805555555
 20
18.48687259259259
 30
0.0
 10
76.18726472222221
 20
18.48593185185185
 30
0.0
 10
75.02098138888887
 20
18.48499111111111
 30
0.0
 10
74.75110638888889
 20
18.48710777777777
 30
0.0
 10
74.23887305555554
 20
18.53543833333333
 30
0.0
 10
73.27226194444444
 20
18.53614388888889
 30
0.0
 10
72.30635638888887
 20
18.53296888888889
 30
0.0
 10
71.52107305555555
 20
18.50721611111111
 30
0.0
 10
71.52283694444444
 20
18.47899388888889
 30
0.0
 10
71.52565916666666
 20
15.483205
 30
0.0
 10
72.17406472222221
 20
13.79728
 30
0.0
 10
80.10309805555555
 20
14.33808833333333
 30
0.0
  0
SPLINE
  5
21F
330
1F
100
AcDbEntity
  8
DEFAULT
 62
    18
100
AcDbSpline
210
0.0
220
0.0
230
1.0
 70
     8
 71
     3
 72
    23
 73
    19
 74
     0
 42
0.000000001
 43
0.0000000001
 40
0.0
 40
0.0
 40
0.0
 40
0.0
 40
1.0
 40
1.0
 40
1.0
 40
2.0
 40
2.0
 40
2.0
 40
3.0
 40
3.0
 40
3.0
 40
4.0
 40
4.0
 40
4.0
 40
5.0
 40
5.0
 40
5.0
 40
6.0
 40
6.0
 40
6.0
 40
6.0
 10
43.70017083333333
 20
30.29704944444444
 30
0.0
 10
43.77601805555555
 20
30.19756611111111
 30
0.0
 10
43.64972361111111
 20
29.94497722222222
 30
0.0
 10
43.50437916666666
 20
29.83385222222222
 30
0.0
 10
43.2006375
 20
29.60207722222222
 30
0.0
 10
43.00731527777777
 20
29.70685222222222
 30
0.0
 10
42.83092638888888
 20
29.93792166666666
 30
0.0
 10
42.83092638888888
 20
29.93792166666666
 30
0.0
 10
42.48273472222222
 20
30.418405
 30
0.0
 10
42.40865138888888
 20
30.48613833333333
 30
0.0
 10
42.3193986111111
 20
30.60290777777778
 30
0.0
 10
42.56528472222222
 20
30.89677166666667
 30
0.0
 10
42.69898749999999
 20
30.99872444444444
 30
0.0
 10
42.88842916666666
 20
31.14336333333333
 30
0.0
 10
43.08704305555555
 20
31.08374388888889
 30
0.0
 10
43.19040694444444
 20
30.94827722222222
 30
0.0
 10
43.36326805555555
 20
30.72179388888888
 30
0.0
 10
43.43735138888889
 20
30.45756333333333
 30
0.0
 10
42.74202638888889
 20
30.05504388888888
 30
0.0
  0
POLYLINE
  5
220
330
1F
100
AcDbEntity
  8
DEFAULT
 62
    18
100
AcDb2dPolyline
 66
     1
 10
0.0
 20
0.0
 30
0.0
  0
VERTEX
  5
221
330
220
100
AcDbEntity
  8
DEFAULT
 62
    18
100
AcDbVertex
100
AcDb2dVertex
 10
57.48637361111111
 20
19.22222611111111
 30
0.0
  0
VERTEX
  5
222
330
220
100
AcDbEntity
  8
DEFAULT
 62
    18
100
AcDbVertex
100
AcDb2dVertex
 10
57.48637361111111
 20
20.73705388888889
 30
0.0
  0
VERTEX
  5
223
330
220
100
AcDbEntity
  8
DEFAULT
 62
    18
100
AcDbVertex
100
AcDb2dVertex
 10
59.39031527777777
 20
19.22222611111111
 30
0.0
  0
VERTEX
  5
224
330
220
100
AcDbEntity
  8
DEFAULT
 62
    18
100
AcDbVertex
100
AcDb2dVertex
 10
59.39031527777777
 20
20.75363444444444
 30
0.0
  0
SEQEND
  5
225
330
220
100
AcDbEntity
  8
DEFAULT
 62
    18
  0
SPLINE
  5
226
330
1F
100
AcDbEntity
  8
DEFAULT
 62
     1
100
AcDbSpline
210
0.0
220
0.0
230
1.0
 70
    11
 71
     3
 72
   119
 73
   115
 74
     0
 42
0.000000001
 43
0.0000000001
 40
1.0
 40
1.0
 40
1.0
 40
1.0
 40
2.0
 40
2.0
 40
2.0
 40
3.0
 40
3.0
 40
3.0
 40
4.0
 40
4.0
 40
4.0
 40
5.0
 40
5.0
 40
5.0
 40
6.0
 40
6.0
 40
6.0
 40
7.0
 40
7.0
 40
7.0
 40
8.0
 40
8.0
 40
8.0
 40
9.0
 40
9.0
 40
9.0
 40
10.0
 40
10.0
 40
10.0
 40
11.0
 40
11.0
 40
11.0
 40
12.0
 40
12.0
 40
12.0
 40
13.0
 40
13.0
 40
13.0
 40
14.0
 40
14.0
 40
14.0
 40
23.37501114666005
 40
23.37501114666005
 40
23.37501114666005
 40
31.86749635418321
 40
31.86749635418321
 40
31.86749635418321
 40
41.24330186624455
 40
41.24330186624455
 40
41.24330186624455
 40
42.24330186624455
 40
42.24330186624455
 40
42.24330186624455
 40
43.24330186624455
 40
43.24330186624455
 40
43.24330186624455
 40
44.24330186624455
 40
44.24330186624455
 40
44.24330186624455
 40
45.24330186624455
 40
45.24330186624455
 40
45.24330186624455
 40
46.24330186624455
 40
46.24330186624455
 40
46.24330186624455
 40
47.24330186624455
 40
47.24330186624455
 40
47.24330186624455
 40
48.24330186624455
 40
48.24330186624455
 40
48.24330186624455
 40
49.24330186624455
 40
49.24330186624455
 40
49.24330186624455
 40
50.24330186624455
 40
50.24330186624455
 40
50.24330186624455
 40
51.24330186624455
 40
51.24330186624455
 40
51.24330186624455
 40
52.24330186624455
 40
52.24330186624455
 40
52.24330186624455
 40
53.24330186624455
 40
53.24330186624455
 40
53.24330186624455
 40
54.24330186624455
 40
54.24330186624455
 40
54.24330186624455
 40
55.24330186624455
 40
55.24330186624455
 40
55.24330186624455
 40
56.24330186624455
 40
56.24330186624455
 40
56.24330186624455
 40
57.24330186624455
 40
57.24330186624455
 40
57.24330186624455
 40
67.17130690250436
 40
67.17130690250436
 40
67.17130690250436
 40
75.67530690250436
 40
75.67530690250436
 40
75.67530690250436
 40
85.5933101289608
 40
85.5933101289608
 40
85.5933101289608
 40
86.5933101289608
 40
86.5933101289608
 40
86.5933101289608
 40
87.5933101289608
 40
87.5933101289608
 40
87.5933101289608
 40
88.5933101289608
 40
88.5933101289608
 40
88.5933101289608
 40
88.5933101289608
 10
59.89693944444443
 20
14.33808833333333
 30
0.0
 10
56.92125888888888
 20
14.53811333333333
 30
0.0
 10
52.85902277777777
 20
12.38193555555555
 30
0.0
 10
53.39524499999999
 20
15.86738
 30
0.0
 10
53.75543111111111
 20
18.20629666666667
 30
0.0
 10
51.38123666666666
 20
14.99672444444444
 30
0.0
 10
48.88392277777778
 20
18.11774944444444
 30
0.0
 10
44.31474499999999
 20
23.833455
 30
0.0
 10
39.61821444444444
 20
26.97317722222222
 30
0.0
 10
30.35391722222222
 20
39.88484388888888
 30
0.0
 10
29.11143388888888
 20
41.61768833333333
 30
0.0
 10
28.68880611111111
 20
42.81713277777777
 30
0.0
 10
28.58897
 20
43.61088277777777
 30
0.0
 10
28.44926999999999
 20
44.71613555555555
 30
0.0
 10
29.06169222222222
 20
45.11971333333333
 30
0.0
 10
29.60426444444444
 20
45.5359911111111
 30
0.0
 10
29.63354499999999
 20
45.54798555555554
 30
0.0
 10
30.12249499999999
 20
44.93979666666667
 30
0.0
 10
30.70704777777777
 20
44.17285777777777
 30
0.0
 10
31.29477555555555
 20
43.40697722222222
 30
0.0
 10
31.56570888888889
 20
42.96918
 30
0.0
 10
31.72975055555555
 20
42.75433833333333
 30
0.0
 10
31.89414499999999
 20
42.53949666666666
 30
0.0
 10
32.24374777777777
 20
42.16026055555555
 30
0.0
 10
32.83147555555555
 20
41.39437999999999
 30
0.0
 10
33.41743944444444
 20
40.6242661111111
 30
0.0
 10
33.68696166666666
 20
40.1892911111111
 30
0.0
 10
33.85241444444444
 20
39.97127444444444
 30
0.0
 10
34.02245333333333
 20
39.75114111111111
 30
0.0
 10
34.37946444444444
 20
39.36343833333333
 30
0.0
 10
34.98447833333333
 20
38.57427444444444
 30
0.0
 10
35.58631722222221
 20
37.78369944444444
 30
0.0
 10
35.86889222222221
 20
37.33531888888889
 30
0.0
 10
36.03575611111111
 20
37.11412722222222
 30
0.0
 10
36.20720611111111
 20
36.89046611111111
 30
0.0
 10
36.56386444444443
 20
36.5031161111111
 30
0.0
 10
37.16570333333333
 20
35.71254111111111
 30
0.0
 10
37.77106999999999
 20
34.92337722222221
 30
0.0
 10
38.04905888888889
 20
34.47676055555555
 30
0.0
 10
38.21909777777777
 20
34.25662722222222
 30
0.0
 10
38.88878759259259
 20
33.38091518518518
 30
0.0
 10
39.5584774074074
 20
32.50520314814815
 30
0.0
 10
40.22816722222222
 20
31.62949111111111
 30
0.0
 10
41.0221524074074
 20
32.23521055555555
 30
0.0
 10
41.81613759259258
 20
32.84093
 30
0.0
 10
42.61012277777777
 20
33.44664944444444
 30
0.0
 10
41.94043296296295
 20
34.32247907407407
 30
0.0
 10
41.27074314814814
 20
35.1983087037037
 30
0.0
 10
40.60105333333333
 20
36.07413833333332
 30
0.0
 10
40.43418944444443
 20
36.29533
 30
0.0
 10
40.07259222222222
 20
36.68514944444443
 30
0.0
 10
39.47075333333332
 20
37.47537166666666
 30
0.0
 10
38.87032555555555
 20
38.26277166666667
 30
0.0
 10
38.58775055555555
 20
38.71115222222222
 30
0.0
 10
38.42088666666665
 20
38.93269666666666
 30
0.0
 10
38.24943666666666
 20
39.15600499999999
 30
0.0
 10
37.89242555555555
 20
39.54335499999999
 30
0.0
 10
37.28741166666666
 20
40.33251888888888
 30
0.0
 10
36.68557277777777
 20
41.12309388888889
 30
0.0
 10
36.40758388888888
 20
41.56971055555555
 30
0.0
 10
36.23613388888889
 20
41.79301888888889
 30
0.0
 10
36.07209222222222
 20
42.00786055555555
 30
0.0
 10
35.72390055555555
 20
42.38392166666667
 30
0.0
 10
35.13440888888888
 20
43.15297722222222
 30
0.0
 10
34.5498561111111
 20
43.91991611111111
 30
0.0
 10
34.27927555555555
 20
44.35806611111111
 30
0.0
 10
34.11523388888889
 20
44.57290777777777
 30
0.0
 10
33.94942833333332
 20
44.79092444444444
 30
0.0
 10
33.59806166666666
 20
45.16557444444445
 30
0.0
 10
33.01209777777777
 20
45.93568833333333
 30
0.0
 10
32.42437
 20
46.70156888888889
 30
0.0
 10
31.96893388888888
 20
47.33868555555555
 30
0.0
 10
31.98939499999999
 20
47.35456055555556
 30
0.0
 10
32.82547833333333
 20
47.99414666666667
 30
0.0
 10
33.4290811111111
 20
48.51167166666666
 30
0.0
 10
34.26481166666666
 20
48.28589388888889
 30
0.0
 10
35.81280055555555
 20
47.87490777777776
 30
0.0
 10
38.16265333333332
 20
44.93732722222222
 30
0.0
 10
44.27946722222221
 20
35.58977444444444
 30
0.0
 10
48.94177833333332
 20
28.46401611111111
 30
0.0
 10
48.55195888888888
 20
23.66941333333333
 30
0.0
 10
52.57680055555555
 20
25.19835222222222
 30
0.0
 10
54.47086444444444
 20
25.916255
 30
0.0
 10
55.6858311111111
 20
27.06348833333333
 30
0.0
 10
57.18055055555555
 20
25.23786333333333
 30
0.0
 10
58.71301722222221
 20
23.36496611111111
 30
0.0
 10
59.23512833333332
 20
24.36579666666666
 30
0.0
 10
64.74657555555554
 20
24.36085777777778
 30
0.0
 10
66.62088388888888
 20
24.35944666666666
 30
0.0
 10
68.48460888888887
 20
24.48080222222222
 30
0.0
 10
68.48143388888889
 20
21.48183833333333
 30
0.0
 10
68.47543666666667
 20
21.45044111111111
 30
0.0
 10
67.69227
 20
21.43280222222222
 30
0.0
 10
66.72989222222222
 20
21.43491888888889
 30
0.0
 10
65.7632811111111
 20
21.43456611111111
 30
0.0
 10
65.25245888888888
 20
21.48607166666666
 30
0.0
 10
64.98258388888888
 20
21.48430777777778
 30
0.0
 10
63.81512462962962
 20
21.4854837037037
 30
0.0
 10
62.64766537037036
 20
21.48665962962963
 30
0.0
 10
61.4802061111111
 20
21.48783555555555
 30
0.0
 10
61.4802061111111
 20
20.48782814814814
 30
0.0
 10
61.4802061111111
 20
19.48782074074074
 30
0.0
 10
61.4802061111111
 20
18.48781333333333
 30
0.0
 10
62.64648944444443
 20
18.48687259259259
 30
0.0
 10
63.81277277777777
 20
18.48593185185185
 30
0.0
 10
64.9790561111111
 20
18.48499111111111
 30
0.0
 10
65.2489311111111
 20
18.48710777777777
 30
0.0
 10
65.76116444444443
 20
18.53543833333333
 30
0.0
 10
66.72777555555555
 20
18.53614388888889
 30
0.0
 10
67.6936811111111
 20
18.53296888888889
 30
0.0
 10
68.47896444444443
 20
18.50721611111111
 30
0.0
 10
68.47720055555554
 20
18.47899388888889
 30
0.0
 10
68.47437833333332
 20
15.483205
 30
0.0
 10
67.82597277777776
 20
13.79728
 30
0.0
 10
59.89693944444443
 20
14.33808833333333
 30
0.0
  0
POLYLINE
  5
227
330
1F
100
AcDbEntity
  8
DEFAULT
 62
    18
100
AcDb2dPolyline
 66
     1
 10
0.0
 20
0.0
 30
0.0
  0
VERTEX
  5
228
330
227
100
AcDbEntity
  8
DEFAULT
 62
    18
100
AcDbVertex
100
AcDb2dVertex
 10
78.12905944444445
 20
208.9074152777777
 30
0.0
  0
VERTEX
  5
229
330
227
100
AcDbEntity
  8
DEFAULT
 62
    18
100
AcDbVertex
100
AcDb2dVertex
 10
77.3568288888889
 20
210.0708763888889
 30
0.0
  0
SEQEND
  5
22A
330
227
100
AcDbEntity
  8
DEFAULT
 62
    18
  0
POLYLINE
  5
22B
330
1F
100
AcDbEntity
  8
DEFAULT
 62
    18
100
AcDb2dPolyline
 66
     1
 10
0.0
 20
0.0
 30
0.0
  0
VERTEX
  5
22C
330
22B
100
AcDbEntity
  8
DEFAULT
 62
    18
100
AcDbVertex
100
AcDb2dVertex
 10
78.93692055555555
 20
210.0708058333333
 30
0.0
  0
VERTEX
  5
22D
330
22B
100
AcDbEntity
  8
DEFAULT
 62
    18
100
AcDbVertex
100
AcDb2dVertex
 10
78.12905944444442
 20
208.9105197222222
 30
0.0
  0
VERTEX
  5
22E
330
22B
100
AcDbEntity
  8
DEFAULT
 62
    18
100
AcDbVertex
100
AcDb2dVertex
 10
78.12905944444444
 20
208.0497419444444
 30
0.0
  0
SEQEND
  5
22F
330
22B
100
AcDbEntity
  8
DEFAULT
 62
    18
  0
SPLINE
  5
230
330
1F
100
AcDbEntity
  8
DEFAULT
 62
     1
100
AcDbSpline
210
0.0
220
0.0
230
1.0
 70
    11
 71
     3
 72
    68
 73
    64
 74
     0
 42
0.000000001
 43
0.0000000001
 40
1.0
 40
1.0
 40
1.0
 40
1.0
 40
2.0
 40
2.0
 40
2.0
 40
3.0
 40
3.0
 40
3.0
 40
4.0
 40
4.0
 40
4.0
 40
5.0
 40
5.0
 40
5.0
 40
6.0
 40
6.0
 40
6.0
 40
7.0
 40
7.0
 40
7.0
 40
8.0
 40
8.0
 40
8.0
 40
9.0
 40
9.0
 40
9.0
 40
10.0
 40
10.0
 40
10.0
 40
11.0
 40
11.0
 40
11.0
 40
20.9120012610975
 40
20.9120012610975
 40
20.9120012610975
 40
29.4120012610975
 40
29.4120012610975
 40
29.4120012610975
 40
39.33800206706154
 40
39.33800206706154
 40
39.33800206706154
 40
40.33800206706154
 40
40.33800206706154
 40
40.33800206706154
 40
41.33800206706154
 40
41.33800206706154
 40
41.33800206706154
 40
42.33800206706154
 40
42.33800206706154
 40
42.33800206706154
 40
43.33800206706154
 40
43.33800206706154
 40
43.33800206706154
 40
44.33800206706154
 40
44.33800206706154
 40
44.33800206706154
 40
45.33800206706154
 40
45.33800206706154
 40
45.33800206706154
 40
46.33800206706154
 40
46.33800206706154
 40
46.33800206706154
 40
47.33800206706154
 40
47.33800206706154
 40
47.33800206706154
 40
47.33800206706154
 10
109.9148663888889
 20
197.8935872222222
 30
0.0
 10
107.3409997222222
 20
189.6844483333333
 30
0.0
 10
107.9805858333333
 20
198.7275538888889
 30
0.0
 10
106.6774247222222
 20
200.2631955555555
 30
0.0
 10
104.1021469444444
 20
203.2970844444444
 30
0.0
 10
99.25462749999998
 20
202.04684
 30
0.0
 10
102.0570941666667
 20
204.4256205555555
 30
0.0
 10
104.3540302777778
 20
206.3750705555556
 30
0.0
 10
93.59536638888889
 20
205.28534
 30
0.0
 10
96.6398386111111
 20
207.8694372222222
 30
0.0
 10
99.89139138888888
 20
210.6295705555555
 30
0.0
 10
89.23397472222223
 20
209.1863566666667
 30
0.0
 10
92.47494416666667
 20
211.936965
 30
0.0
 10
95.40652750000001
 20
214.4254594444444
 30
0.0
 10
81.20193027777776
 20
211.7203594444444
 30
0.0
 10
85.02321916666666
 20
207.2178566666667
 30
0.0
 10
89.05723305555556
 20
202.4655872222222
 30
0.0
 10
81.02236638888888
 20
206.1588177777778
 30
0.0
 10
84.75687194444444
 20
201.7586205555556
 30
0.0
 10
87.4005886111111
 20
198.6439455555555
 30
0.0
 10
84.94843027777777
 20
198.8344455555556
 30
0.0
 10
83.32776916666666
 20
198.8196288888889
 30
0.0
 10
82.22498583333333
 20
199.1374816666666
 30
0.0
 10
81.24673305555555
 20
199.0196538888889
 30
0.0
 10
79.65253027777777
 20
199.0224761111111
 30
0.0
 10
79.62501361111111
 20
199.0221233333333
 30
0.0
 10
79.6013775
 20
199.8024677777778
 30
0.0
 10
79.60314138888889
 20
200.7711955555556
 30
0.0
 10
79.60208305555555
 20
201.7374538888889
 30
0.0
 10
79.64864972222223
 20
202.2489816666667
 30
0.0
 10
79.64864972222223
 20
202.5216788888889
 30
0.0
 10
79.64806175925925
 20
203.6872566666667
 30
0.0
 10
79.6474737962963
 20
204.8528344444444
 30
0.0
 10
79.64688583333333
 20
206.0184122222222
 30
0.0
 10
78.64734879629628
 20
206.0184122222222
 30
0.0
 10
77.64781175925924
 20
206.0184122222222
 30
0.0
 10
76.64827472222221
 20
206.0184122222222
 30
0.0
 10
76.64874509259259
 20
204.8511881481481
 30
0.0
 10
76.64921546296296
 20
203.6839640740741
 30
0.0
 10
76.64968583333332
 20
202.51674
 30
0.0
 10
76.65250805555556
 20
202.2465122222222
 30
0.0
 10
76.69836916666667
 20
201.7346316666667
 30
0.0
 10
76.70189694444444
 20
200.7655511111111
 30
0.0
 10
76.70366083333333
 20
199.8095233333333
 30
0.0
 10
76.67790805555555
 20
199.0379983333333
 30
0.0
 10
76.65391916666665
 20
199.0175372222222
 30
0.0
 10
75.26538583333333
 20
199.0235344444444
 30
0.0
 10
73.54700527777777
 20
198.7910538888889
 30
0.0
 10
72.93775805555555
 20
198.1676955555556
 30
0.0
 10
72.11825527777778
 20
198.0322288888889
 30
0.0
 10
71.44198027777777
 20
203.288265
 30
0.0
 10
72.15318027777778
 20
208.9542288888889
 30
0.0
 10
72.8672025
 20
214.6223094444444
 30
0.0
 10
74.68718305555555
 20
219.2814455555555
 30
0.0
 10
78.95791083333333
 20
218.4640594444444
 30
0.0
 10
83.23569416666666
 20
217.6434983333333
 30
0.0
 10
84.90715527777778
 20
217.1189177777778
 30
0.0
 10
85.64657749999999
 20
220.4071594444444
 30
0.0
 10
86.38317749999999
 20
223.6883455555555
 30
0.0
 10
87.50889138888888
 20
220.6227066666667
 30
0.0
 10
89.94729138888889
 20
220.8738844444444
 30
0.0
 10
92.39556916666666
 20
221.1240038888889
 30
0.0
 10
112.4912025
 20
206.1048427777777
 30
0.0
 10
109.9148663888889
 20
197.8935872222222
 30
0.0
  0
POLYLINE
  5
231
330
1F
100
AcDbEntity
  8
DEFAULT
 62
    18
100
AcDb2dPolyline
 66
     1
 10
0.0
 20
0.0
 30
0.0
  0
VERTEX
  5
232
330
231
100
AcDbEntity
  8
DEFAULT
 62
    18
100
AcDbVertex
100
AcDb2dVertex
 10
61.83386583333331
 20
208.9074152777777
 30
0.0
  0
VERTEX
  5
233
330
231
100
AcDbEntity
  8
DEFAULT
 62
    18
100
AcDbVertex
100
AcDb2dVertex
 10
61.06163527777776
 20
210.0708763888889
 30
0.0
  0
SEQEND
  5
234
330
231
100
AcDbEntity
  8
DEFAULT
 62
    18
  0
POLYLINE
  5
235
330
1F
100
AcDbEntity
  8
DEFAULT
 62
    18
100
AcDb2dPolyline
 66
     1
 10
0.0
 20
0.0
 30
0.0
  0
VERTEX
  5
236
330
235
100
AcDbEntity
  8
DEFAULT
 62
    18
100
AcDbVertex
100
AcDb2dVertex
 10
62.64172694444445
 20
210.0708058333333
 30
0.0
  0
VERTEX
  5
237
330
235
100
AcDbEntity
  8
DEFAULT
 62
    18
100
AcDbVertex
100
AcDb2dVertex
 10
61.83386583333331
 20
208.9105197222222
 30
0.0
  0
VERTEX
  5
238
330
235
100
AcDbEntity
  8
DEFAULT
 62
    18
100
AcDbVertex
100
AcDb2dVertex
 10
61.83386583333333
 20
208.0497419444444
 30
0.0
  0
SEQEND
  5
239
330
235
100
AcDbEntity
  8
DEFAULT
 62
    18
  0
SPLINE
  5
23A
330
1F
100
AcDbEntity
  8
DEFAULT
 62
     1
100
AcDbSpline
210
0.0
220
0.0
230
1.0
 70
    11
 71
     3
 72
    68
 73
    64
 74
     0
 42
0.000000001
 43
0.0000000001
 40
1.0
 40
1.0
 40
1.0
 40
1.0
 40
2.0
 40
2.0
 40
2.0
 40
3.0
 40
3.0
 40
3.0
 40
4.0
 40
4.0
 40
4.0
 40
5.0
 40
5.0
 40
5.0
 40
6.0
 40
6.0
 40
6.0
 40
7.0
 40
7.0
 40
7.0
 40
8.0
 40
8.0
 40
8.0
 40
9.0
 40
9.0
 40
9.0
 40
10.0
 40
10.0
 40
10.0
 40
11.0
 40
11.0
 40
11.0
 40
20.9120012610975
 40
20.9120012610975
 40
20.9120012610975
 40
29.4120012610975
 40
29.4120012610975
 40
29.4120012610975
 40
39.33800206706154
 40
39.33800206706154
 40
39.33800206706154
 40
40.33800206706154
 40
40.33800206706154
 40
40.33800206706154
 40
41.33800206706154
 40
41.33800206706154
 40
41.33800206706154
 40
42.33800206706154
 40
42.33800206706154
 40
42.33800206706154
 40
43.33800206706154
 40
43.33800206706154
 40
43.33800206706154
 40
44.33800206706154
 40
44.33800206706154
 40
44.33800206706154
 40
45.33800206706154
 40
45.33800206706154
 40
45.33800206706154
 40
46.33800206706154
 40
46.33800206706154
 40
46.33800206706154
 40
47.33800206706154
 40
47.33800206706154
 40
47.33800206706154
 40
47.33800206706154
 10
30.08517111111111
 20
197.8935872222222
 30
0.0
 10
32.65903777777778
 20
189.6844483333333
 30
0.0
 10
32.01909888888888
 20
198.7275538888889
 30
0.0
 10
33.32261277777777
 20
200.2631955555555
 30
0.0
 10
35.89789055555556
 20
203.2970844444444
 30
0.0
 10
40.74541
 20
202.04684
 30
0.0
 10
37.94294333333333
 20
204.4256205555555
 30
0.0
 10
35.64600722222222
 20
206.3750705555556
 30
0.0
 10
46.40467111111111
 20
205.28534
 30
0.0
 10
43.36019888888888
 20
207.8694372222222
 30
0.0
 10
40.10829333333333
 20
210.6295705555555
 30
0.0
 10
50.76606277777777
 20
209.1863566666667
 30
0.0
 10
47.52509333333333
 20
211.936965
 30
0.0
 10
44.59350999999999
 20
214.4254594444444
 30
0.0
 10
58.79810722222222
 20
211.7203594444444
 30
0.0
 10
54.97646555555555
 20
207.2178566666667
 30
0.0
 10
50.94280444444444
 20
202.4655872222222
 30
0.0
 10
58.97767111111111
 20
206.1588177777778
 30
0.0
 10
55.24281277777777
 20
201.7586205555556
 30
0.0
 10
52.59944888888888
 20
198.6439455555555
 30
0.0
 10
55.05160722222222
 20
198.8344455555556
 30
0.0
 10
56.67226833333333
 20
198.8196288888889
 30
0.0
 10
57.77505166666666
 20
199.1374816666666
 30
0.0
 10
58.75330444444445
 20
199.0196538888889
 30
0.0
 10
60.34750722222222
 20
199.0224761111111
 30
0.0
 10
60.37502388888888
 20
199.0221233333333
 30
0.0
 10
60.39865999999999
 20
199.8024677777778
 30
0.0
 10
60.3968961111111
 20
200.7711955555556
 30
0.0
 10
60.39795444444444
 20
201.7374538888889
 30
0.0
 10
60.35138777777777
 20
202.2489816666667
 30
0.0
 10
60.35138777777777
 20
202.5216788888889
 30
0.0
 10
60.35197574074073
 20
203.6872566666667
 30
0.0
 10
60.3525637037037
 20
204.8528344444444
 30
0.0
 10
60.35315166666666
 20
206.0184122222222
 30
0.0
 10
61.3526887037037
 20
206.0184122222222
 30
0.0
 10
62.35222574074074
 20
206.0184122222222
 30
0.0
 10
63.35176277777777
 20
206.0184122222222
 30
0.0
 10
63.35129240740741
 20
204.8511881481481
 30
0.0
 10
63.35082203703704
 20
203.6839640740741
 30
0.0
 10
63.35035166666667
 20
202.51674
 30
0.0
 10
63.34752944444444
 20
202.2465122222222
 30
0.0
 10
63.30166833333332
 20
201.7346316666667
 30
0.0
 10
63.29814055555555
 20
200.7655511111111
 30
0.0
 10
63.29637666666666
 20
199.8095233333333
 30
0.0
 10
63.32177666666666
 20
199.0379983333333
 30
0.0
 10
63.34611833333333
 20
199.0175372222222
 30
0.0
 10
64.73465166666666
 20
199.0235344444444
 30
0.0
 10
66.45303222222222
 20
198.7910538888889
 30
0.0
 10
67.06227944444444
 20
198.1676955555556
 30
0.0
 10
67.88178222222221
 20
198.0322288888889
 30
0.0
 10
68.55805722222222
 20
203.288265
 30
0.0
 10
67.84685722222221
 20
208.9542288888889
 30
0.0
 10
67.13283499999999
 20
214.6223094444444
 30
0.0
 10
65.31285444444444
 20
219.2814455555555
 30
0.0
 10
61.04212666666666
 20
218.4640594444444
 30
0.0
 10
56.76434333333333
 20
217.6434983333333
 30
0.0
 10
55.09288222222222
 20
217.1189177777778
 30
0.0
 10
54.35310722222221
 20
220.4071594444444
 30
0.0
 10
53.61686
 20
223.6883455555555
 30
0.0
 10
52.49079333333333
 20
220.6227066666667
 30
0.0
 10
50.05274611111111
 20
220.8738844444444
 30
0.0
 10
47.60446833333333
 20
221.1240038888889
 30
0.0
 10
27.508835
 20
206.1048427777777
 30
0.0
 10
30.08517111111111
 20
197.8935872222222
 30
0.0
  0
POLYLINE
  5
23B
330
1F
100
AcDbEntity
  8
DEFAULT
 62
    18
100
AcDb2dPolyline
 66
     1
 10
0.0
 20
0.0
 30
0.0
  0
VERTEX
  5
23C
330
23B
100
AcDbEntity
  8
DEFAULT
 62
    18
100
AcDbVertex
100
AcDb2dVertex
 10
41.42838777777776
 20
176.5488736111111
 30
0.0
  0
VERTEX
  5
23D
330
23B
100
AcDbEntity
  8
DEFAULT
 62
    18
100
AcDbVertex
100
AcDb2dVertex
 10
42.20061833333332
 20
175.3854125
 30
0.0
  0
SEQEND
  5
23E
330
23B
100
AcDbEntity
  8
DEFAULT
 62
    18
  0
POLYLINE
  5
23F
330
1F
100
AcDbEntity
  8
DEFAULT
 62
    18
100
AcDb2dPolyline
 66
     1
 10
0.0
 20
0.0
 30
0.0
  0
VERTEX
  5
240
330
23F
100
AcDbEntity
  8
DEFAULT
 62
    18
100
AcDbVertex
100
AcDb2dVertex
 10
40.62052666666668
 20
175.3854830555556
 30
0.0
  0
VERTEX
  5
241
330
23F
100
AcDbEntity
  8
DEFAULT
 62
    18
100
AcDbVertex
100
AcDb2dVertex
 10
41.42838777777779
 20
176.5457691666667
 30
0.0
  0
VERTEX
  5
242
330
23F
100
AcDbEntity
  8
DEFAULT
 62
    18
100
AcDbVertex
100
AcDb2dVertex
 10
41.42838777777778
 20
177.4061941666667
 30
0.0
  0
SEQEND
  5
243
330
23F
100
AcDbEntity
  8
DEFAULT
 62
    18
  0
SPLINE
  5
244
330
1F
100
AcDbEntity
  8
DEFAULT
 62
    18
100
AcDbSpline
210
0.0
220
0.0
230
1.0
 70
     8
 71
     3
 72
    11
 73
     7
 74
     0
 42
0.000000001
 43
0.0000000001
 40
0.0
 40
0.0
 40
0.0
 40
0.0
 40
1.0
 40
1.0
 40
1.0
 40
4.457979901618849
 40
4.457979901618849
 40
4.457979901618849
 40
4.457979901618849
 10
40.72403166666666
 20
169.4884144444444
 30
0.0
 10
40.72403166666666
 20
169.4884144444444
 30
0.0
 10
41.30646777777777
 20
168.6011783333333
 30
0.0
 10
41.39889555555555
 20
168.4882894444444
 30
0.0
 10
41.63172888888889
 20
168.8216644444445
 30
0.0
 10
41.86456222222222
 20
169.1550394444444
 30
0.0
 10
42.09739555555555
 20
169.4884144444444
 30
0.0
  0
SPLINE
  5
245
330
1F
100
AcDbEntity
  8
DEFAULT
 62
    18
100
AcDbSpline
210
0.0
220
0.0
230
1.0
 70
     8
 71
     3
 72
    11
 73
     7
 74
     0
 42
0.000000001
 43
0.0000000001
 40
0.0
 40
0.0
 40
0.0
 40
0.0
 40
3.54824534101012
 40
3.54824534101012
 40
3.54824534101012
 40
4.548245341010119
 40
4.548245341010119
 40
4.548245341010119
 40
4.548245341010119
 10
42.12335999999998
 20
167.4675269444444
 30
0.0
 10
41.88194240740739
 20
167.8078399074074
 30
0.0
 10
41.6405248148148
 20
168.1481528703704
 30
0.0
 10
41.3991072222222
 20
168.4884658333333
 30
0.0
 10
41.30632666666666
 20
168.3674630555555
 30
0.0
 10
40.69813777777777
 20
167.4675269444444
 30
0.0
 10
40.69813777777777
 20
167.4675269444444
 30
0.0
  0
SPLINE
  5
246
330
1F
100
AcDbEntity
  8
DEFAULT
 62
     1
100
AcDbSpline
210
0.0
220
0.0
230
1.0
 70
    11
 71
     3
 72
    71
 73
    67
 74
     0
 42
0.000000001
 43
0.0000000001
 40
1.0
 40
1.0
 40
1.0
 40
1.0
 40
2.0
 40
2.0
 40
2.0
 40
3.0
 40
3.0
 40
3.0
 40
21.42399999999998
 40
21.42399999999998
 40
21.42399999999998
 40
29.92399999999998
 40
29.92399999999998
 40
29.92399999999998
 40
48.34799999999996
 40
48.34799999999996
 40
48.34799999999996
 40
49.34799999999996
 40
49.34799999999996
 40
49.34799999999996
 40
50.34799999999996
 40
50.34799999999996
 40
50.34799999999996
 40
51.34799999999996
 40
51.34799999999996
 40
51.34799999999996
 40
52.34799999999996
 40
52.34799999999996
 40
52.34799999999996
 40
53.34799999999996
 40
53.34799999999996
 40
53.34799999999996
 40
54.34799999999996
 40
54.34799999999996
 40
54.34799999999996
 40
55.34799999999996
 40
55.34799999999996
 40
55.34799999999996
 40
56.34799999999996
 40
56.34799999999996
 40
56.34799999999996
 40
74.77199999999999
 40
74.77199999999999
 40
74.77199999999999
 40
83.27199999999999
 40
83.27199999999999
 40
83.27199999999999
 40
101.696
 40
101.696
 40
101.696
 40
102.696
 40
102.696
 40
102.696
 40
103.696
 40
103.696
 40
103.696
 40
104.696
 40
104.696
 40
104.696
 40
105.696
 40
105.696
 40
105.696
 40
106.696
 40
106.696
 40
106.696
 40
107.696
 40
107.696
 40
107.696
 40
107.696
 10
42.90927833333333
 20
155.2456466666667
 30
0.0
 10
42.88105611111111
 20
155.2456466666667
 30
0.0
 10
42.85988944444444
 20
156.0288133333333
 30
0.0
 10
42.85988944444444
 20
156.9954244444444
 30
0.0
 10
42.85988944444444
 20
157.9620355555555
 30
0.0
 10
42.90927833333333
 20
158.4735633333333
 30
0.0
 10
42.90927833333333
 20
158.7452022222222
 30
0.0
 10
42.90927833333333
 20
160.9117281481482
 30
0.0
 10
42.90927833333333
 20
163.0782540740741
 30
0.0
 10
42.90927833333333
 20
165.24478
 30
0.0
 10
41.90974129629629
 20
165.24478
 30
0.0
 10
40.91020425925925
 20
165.24478
 30
0.0
 10
39.91066722222222
 20
165.24478
 30
0.0
 10
39.91066722222222
 20
163.0782540740741
 30
0.0
 10
39.91066722222222
 20
160.9117281481481
 30
0.0
 10
39.91066722222222
 20
158.7452022222222
 30
0.0
 10
39.91066722222222
 20
158.4735633333333
 30
0.0
 10
39.96005611111111
 20
157.9620355555555
 30
0.0
 10
39.96005611111111
 20
156.9954244444444
 30
0.0
 10
39.96005611111111
 20
156.0288133333333
 30
0.0
 10
39.93536166666666
 20
155.2456466666667
 30
0.0
 10
39.91066722222222
 20
155.2456466666667
 30
0.0
 10
37.47297277777778
 20
155.2456466666667
 30
0.0
 10
35.26634777777777
 20
162.6500994444444
 30
0.0
 10
35.26634777777777
 20
175.1895855555555
 30
0.0
 10
35.26634777777777
 20
180.5062994444444
 30
0.0
 10
37.19956999999999
 20
184.4231911111111
 30
0.0
 10
35.9119311111111
 20
187.0831355555555
 30
0.0
 10
34.8641811111111
 20
189.2456633333333
 30
0.0
 10
35.17462555555555
 20
188.3848855555555
 30
0.0
 10
36.22237555555555
 20
189.6019688888888
 30
0.0
 10
38.27201444444444
 20
191.9796911111111
 30
0.0
 10
38.00213944444444
 20
189.2456633333333
 30
0.0
 10
39.91066722222222
 20
189.2456633333333
 30
0.0
 10
39.93888944444444
 20
189.2456633333333
 30
0.0
 10
39.96005611111111
 20
188.4624966666666
 30
0.0
 10
39.96005611111111
 20
187.4958855555556
 30
0.0
 10
39.96005611111111
 20
186.5292744444444
 30
0.0
 10
39.91066722222222
 20
186.0177466666667
 30
0.0
 10
39.91066722222222
 20
185.7461077777778
 30
0.0
 10
39.91066722222222
 20
183.5795818518518
 30
0.0
 10
39.91066722222222
 20
181.4130559259259
 30
0.0
 10
39.91066722222222
 20
179.24653
 30
0.0
 10
40.91020425925925
 20
179.24653
 30
0.0
 10
41.90974129629629
 20
179.24653
 30
0.0
 10
42.90927833333333
 20
179.24653
 30
0.0
 10
42.90927833333333
 20
181.4130559259259
 30
0.0
 10
42.90927833333333
 20
183.5795818518518
 30
0.0
 10
42.90927833333333
 20
185.7461077777778
 30
0.0
 10
42.90927833333333
 20
186.0177466666667
 30
0.0
 10
42.85988944444444
 20
186.5292744444444
 30
0.0
 10
42.85988944444444
 20
187.4958855555556
 30
0.0
 10
42.85988944444444
 20
188.4624966666666
 30
0.0
 10
42.88458388888888
 20
189.2456633333333
 30
0.0
 10
42.90927833333333
 20
189.2456633333333
 30
0.0
 10
44.8178061111111
 20
189.2456633333333
 30
0.0
 10
44.55145888888888
 20
191.9796911111111
 30
0.0
 10
46.59757
 20
189.6019688888888
 30
0.0
 10
47.64496722222222
 20
188.3848855555555
 30
0.0
 10
47.95576444444444
 20
189.2456633333333
 30
0.0
 10
46.91118944444444
 20
187.0831355555555
 30
0.0
 10
45.62037555555555
 20
184.4231911111111
 30
0.0
 10
47.55677277777777
 20
180.5062994444444
 30
0.0
 10
47.55677277777777
 20
175.1895855555555
 30
0.0
 10
47.55677277777777
 20
162.6500994444444
 30
0.0
 10
45.34697277777777
 20
155.2456466666667
 30
0.0
 10
42.90927833333333
 20
155.2456466666667
 30
0.0
  0
SPLINE
  5
247
330
1F
100
AcDbEntity
  8
DEFAULT
 62
    18
100
AcDbSpline
210
0.0
220
0.0
230
1.0
 70
     8
 71
     3
 72
    11
 73
     7
 74
     0
 42
0.000000001
 43
0.0000000001
 40
0.0
 40
0.0
 40
0.0
 40
0.0
 40
1.0
 40
1.0
 40
1.0
 40
4.457979901618887
 40
4.457979901618887
 40
4.457979901618887
 40
4.457979901618887
 10
81.04713138888889
 20
183.7988097222222
 30
0.0
 10
81.04713138888889
 20
183.7988097222222
 30
0.0
 10
80.46469527777776
 20
184.6860458333333
 30
0.0
 10
80.37226749999999
 20
184.7989347222222
 30
0.0
 10
80.13943416666666
 20
184.4655597222222
 30
0.0
 10
79.90660083333331
 20
184.1321847222222
 30
0.0
 10
79.6737675
 20
183.7988097222222
 30
0.0
  0
SPLINE
  5
248
330
1F
100
AcDbEntity
  8
DEFAULT
 62
    18
100
AcDbSpline
210
0.0
220
0.0
230
1.0
 70
     8
 71
     3
 72
    11
 73
     7
 74
     0
 42
0.000000001
 43
0.0000000001
 40
0.0
 40
0.0
 40
0.0
 40
0.0
 40
3.548245341010103
 40
3.548245341010103
 40
3.548245341010103
 40
4.548245341010103
 40
4.548245341010103
 40
4.548245341010103
 40
4.548245341010103
 10
79.64780305555556
 20
185.8196972222222
 30
0.0
 10
79.88922064814814
 20
185.4793842592592
 30
0.0
 10
80.13063824074072
 20
185.1390712962962
 30
0.0
 10
80.37205583333332
 20
184.7987583333333
 30
0.0
 10
80.46483638888888
 20
184.9197611111111
 30
0.0
 10
81.07302527777777
 20
185.8196972222222
 30
0.0
 10
81.07302527777777
 20
185.8196972222222
 30
0.0
  0
SPLINE
  5
249
330
1F
100
AcDbEntity
  8
DEFAULT
 62
    18
100
AcDbSpline
210
0.0
220
0.0
230
1.0
 70
     8
 71
     3
 72
    17
 73
    13
 74
     0
 42
0.000000001
 43
0.0000000001
 40
0.0
 40
0.0
 40
0.0
 40
0.0
 40
5.999431473064894
 40
5.999431473064894
 40
5.999431473064894
 40
6.999431473064894
 40
6.999431473064894
 40
6.999431473064894
 40
7.999431473064894
 40
7.999431473064894
 40
7.999431473064894
 40
13.99855582583502
 40
13.99855582583502
 40
13.99855582583502
 40
13.99855582583502
 10
78.07614277777775
 20
151.7222786111111
 30
0.0
 10
78.3516622222222
 20
151.0728147222221
 30
0.0
 10
78.62718166666663
 20
150.4233508333333
 30
0.0
 10
78.90270111111109
 20
149.7738869444444
 30
0.0
 10
78.68891777777776
 20
149.9231119444444
 30
0.0
 10
77.14586777777777
 20
150.9341730555555
 30
0.0
 10
77.14586777777777
 20
150.9341730555555
 30
0.0
 10
77.14586777777777
 20
150.9341730555555
 30
0.0
 10
77.8898761111111
 20
149.2461313888889
 30
0.0
 10
78.00205944444443
 20
149.0108286111111
 30
0.0
 10
77.40668814814813
 20
149.389241574074
 30
0.0
 10
76.81131685185183
 20
149.767654537037
 30
0.0
 10
76.21594555555555
 20
150.1460675
 30
0.0
  0
SPLINE
  5
24A
330
1F
100
AcDbEntity
  8
DEFAULT
 62
     1
100
AcDbSpline
210
0.0
220
0.0
230
1.0
 70
    11
 71
     3
 72
    89
 73
    85
 74
     0
 42
0.000000001
 43
0.0000000001
 40
1.0
 40
1.0
 40
1.0
 40
1.0
 40
2.0
 40
2.0
 40
2.0
 40
3.0
 40
3.0
 40
3.0
 40
4.0
 40
4.0
 40
4.0
 40
5.0
 40
5.0
 40
5.0
 40
6.0
 40
6.0
 40
6.0
 40
7.0
 40
7.0
 40
7.0
 40
8.0
 40
8.0
 40
8.0
 40
17.92050049140665
 40
17.92050049140665
 40
17.92050049140665
 40
26.42051519727627
 40
26.42051519727627
 40
26.42051519727627
 40
36.34036927886432
 40
36.34036927886432
 40
36.34036927886432
 40
37.34036927886432
 40
37.34036927886432
 40
37.34036927886432
 40
38.34036927886432
 40
38.34036927886432
 40
38.34036927886432
 40
39.34036927886432
 40
39.34036927886432
 40
39.34036927886432
 40
40.34036927886432
 40
40.34036927886432
 40
40.34036927886432
 40
41.34036927886432
 40
41.34036927886432
 40
41.34036927886432
 40
42.34036927886432
 40
42.34036927886432
 40
42.34036927886432
 40
43.34036927886432
 40
43.34036927886432
 40
43.34036927886432
 40
44.34036927886432
 40
44.34036927886432
 40
44.34036927886432
 40
45.34036927886432
 40
45.34036927886432
 40
45.34036927886432
 40
46.34036927886432
 40
46.34036927886432
 40
46.34036927886432
 40
47.34036927886432
 40
47.34036927886432
 40
47.34036927886432
 40
57.25936973253906
 40
57.25936973253906
 40
57.25936973253906
 40
65.75236973253905
 40
65.75236973253905
 40
65.75236973253905
 40
75.67137018621379
 40
75.67137018621379
 40
75.67137018621379
 40
76.67137018621379
 40
76.67137018621379
 40
76.67137018621379
 40
77.67137018621379
 40
77.67137018621379
 40
77.67137018621379
 40
78.67137018621379
 40
78.67137018621379
 40
78.67137018621379
 40
79.67137018621379
 40
79.67137018621379
 40
79.67137018621379
 40
79.67137018621379
 10
87.67187472222221
 20
193.1244902777777
 30
0.0
 10
89.79489138888889
 20
190.6187097222222
 30
0.0
 10
84.31166638888888
 20
192.8669625
 30
0.0
 10
87.09367194444444
 20
189.5829541666666
 30
0.0
 10
91.40814416666664
 20
184.4902541666666
 30
0.0
 10
83.51086083333333
 20
187.4863958333333
 30
0.0
 10
86.65340527777776
 20
183.7772902777778
 30
0.0
 10
88.9200025
 20
181.1018236111111
 30
0.0
 10
87.92728583333331
 20
181.0838319444444
 30
0.0
 10
85.91574694444444
 20
179.8836819444444
 30
0.0
 10
81.3920775
 20
177.1842263888888
 30
0.0
 10
86.51264694444444
 20
162.1678875
 30
0.0
 10
86.20008583333332
 20
154.3341041666666
 30
0.0
 10
85.88999416666667
 20
146.5027902777777
 30
0.0
 10
87.57415527777778
 20
145.2846486111111
 30
0.0
 10
85.43420527777778
 20
143.4717236111111
 30
0.0
 10
85.41268583333333
 20
143.4533791666666
 30
0.0
 10
84.89022194444443
 20
144.0372263888889
 30
0.0
 10
84.2654525
 20
144.7748847222222
 30
0.0
 10
83.64068305555556
 20
145.5121902777778
 30
0.0
 10
83.3475247222222
 20
145.9344652777777
 30
0.0
 10
83.17219416666666
 20
146.1418986111111
 30
0.0
 10
82.41807287037035
 20
147.0319569444444
 30
0.0
 10
81.66395157407406
 20
147.9220152777778
 30
0.0
 10
80.90983027777777
 20
148.8120736111111
 30
0.0
 10
80.14724231481482
 20
148.1659023148148
 30
0.0
 10
79.38465435185185
 20
147.5197310185185
 30
0.0
 10
78.62206638888888
 20
146.8735597222222
 30
0.0
 10
79.37607009259257
 20
145.9835013888889
 30
0.0
 10
80.13007379629629
 20
145.0934430555555
 30
0.0
 10
80.88407749999999
 20
144.2033847222222
 30
0.0
 10
81.05976083333333
 20
143.9963041666666
 30
0.0
 10
81.42806083333332
 20
143.6378819444444
 30
0.0
 10
82.05283027777777
 20
142.9002236111111
 30
0.0
 10
82.67759972222221
 20
142.1629180555555
 30
0.0
 10
83.1651386111111
 20
141.5494375
 30
0.0
 10
83.14644138888887
 20
141.5332097222222
 30
0.0
 10
81.86762194444444
 20
140.4501819444444
 30
0.0
 10
83.7733275
 20
139.8546930555555
 30
0.0
 10
82.00273583333333
 20
139.1173875
 30
0.0
 10
80.22438305555555
 20
138.3783180555555
 30
0.0
 10
78.93392194444444
 20
137.5439986111111
 30
0.0
 10
78.58925805555555
 20
140.0631847222222
 30
0.0
 10
78.24671083333332
 20
142.5795486111111
 30
0.0
 10
73.22703583333333
 20
141.0823597222222
 30
0.0
 10
74.16507194444443
 20
144.4665569444444
 30
0.0
 10
74.63567749999999
 20
146.1595375
 30
0.0
 10
69.01804416666666
 20
149.8707597222222
 30
0.0
 10
72.8654386111111
 20
152.0205875
 30
0.0
 10
82.31353305555555
 20
157.3062569444444
 30
0.0
 10
78.16063305555555
 20
167.5618597222222
 30
0.0
 10
76.03761638888888
 20
178.9311819444444
 30
0.0
 10
74.30618305555555
 20
188.2279347222222
 30
0.0
 10
73.57028861111111
 20
192.4037652777778
 30
0.0
 10
75.14191361111111
 20
194.0036124999999
 30
0.0
 10
75.75151361111111
 20
194.6262652777777
 30
0.0
 10
77.47024694444444
 20
194.8569819444444
 30
0.0
 10
78.85878027777777
 20
194.8499263888888
 30
0.0
 10
78.88629694444444
 20
194.8499263888888
 30
0.0
 10
78.90675805555554
 20
194.0674652777778
 30
0.0
 10
78.90675805555554
 20
193.1012069444444
 30
0.0
 10
78.90711083333332
 20
192.1349486111111
 30
0.0
 10
78.8598386111111
 20
191.6234208333333
 30
0.0
 10
78.85948583333332
 20
191.3503708333333
 30
0.0
 10
78.8598386111111
 20
190.1839699074074
 30
0.0
 10
78.86019138888888
 20
189.0175689814814
 30
0.0
 10
78.86054416666666
 20
187.8511680555555
 30
0.0
 10
79.85925805555554
 20
187.8511680555555
 30
0.0
 10
80.85797194444443
 20
187.8511680555555
 30
0.0
 10
81.85668583333332
 20
187.8511680555555
 30
0.0
 10
81.85633305555554
 20
189.0175689814814
 30
0.0
 10
81.85598027777777
 20
190.1839699074074
 30
0.0
 10
81.8556275
 20
191.3503708333333
 30
0.0
 10
81.85598027777777
 20
191.6234208333333
 30
0.0
 10
81.80764972222222
 20
192.1328319444444
 30
0.0
 10
81.80764972222222
 20
193.0990902777777
 30
0.0
 10
81.80659138888888
 20
194.0551180555555
 30
0.0
 10
81.83058027777777
 20
194.8291125
 30
0.0
 10
81.85774416666666
 20
194.8520430555555
 30
0.0
 10
83.45159416666667
 20
194.8478097222222
 30
0.0
 10
84.42984694444444
 20
194.9645791666666
 30
0.0
 10
85.53263027777777
 20
194.6456680555555
 30
0.0
 10
86.14152472222221
 20
194.4724541666666
 30
0.0
 10
87.04922194444444
 20
193.8593263888888
 30
0.0
 10
87.67187472222221
 20
193.1244902777777
 30
0.0
  0
SPLINE
  5
24B
330
1F
100
AcDbEntity
  8
DEFAULT
 62
    18
100
AcDbSpline
210
0.0
220
0.0
230
1.0
 70
     8
 71
     3
 72
    11
 73
     7
 74
     0
 42
0.000000001
 43
0.0000000001
 40
0.0
 40
0.0
 40
0.0
 40
0.0
 40
1.0
 40
1.0
 40
1.0
 40
4.457979901618887
 40
4.457979901618887
 40
4.457979901618887
 40
4.457979901618887
 10
60.50791527777777
 20
183.7988097222222
 30
0.0
 10
60.50791527777777
 20
183.7988097222222
 30
0.0
 10
59.92547916666665
 20
184.6860458333333
 30
0.0
 10
59.83305138888888
 20
184.7989347222222
 30
0.0
 10
59.60021805555554
 20
184.4655597222222
 30
0.0
 10
59.36738472222222
 20
184.1321847222222
 30
0.0
 10
59.13455138888888
 20
183.7988097222222
 30
0.0
  0
SPLINE
  5
24C
330
1F
100
AcDbEntity
  8
DEFAULT
 62
    18
100
AcDbSpline
210
0.0
220
0.0
230
1.0
 70
     8
 71
     3
 72
    11
 73
     7
 74
     0
 42
0.000000001
 43
0.0000000001
 40
0.0
 40
0.0
 40
0.0
 40
0.0
 40
3.548245341010103
 40
3.548245341010103
 40
3.548245341010103
 40
4.548245341010103
 40
4.548245341010103
 40
4.548245341010103
 40
4.548245341010103
 10
59.10858694444445
 20
185.8196972222222
 30
0.0
 10
59.35000453703703
 20
185.4793842592592
 30
0.0
 10
59.59142212962962
 20
185.1390712962962
 30
0.0
 10
59.83283972222221
 20
184.7987583333333
 30
0.0
 10
59.92562027777777
 20
184.9197611111111
 30
0.0
 10
60.53380916666666
 20
185.8196972222222
 30
0.0
 10
60.53380916666666
 20
185.8196972222222
 30
0.0
  0
SPLINE
  5
24D
330
1F
100
AcDbEntity
  8
DEFAULT
 62
    18
100
AcDbSpline
210
0.0
220
0.0
230
1.0
 70
     8
 71
     3
 72
    17
 73
    13
 74
     0
 42
0.000000001
 43
0.0000000001
 40
0.0
 40
0.0
 40
0.0
 40
0.0
 40
6.000067332955465
 40
6.000067332955465
 40
6.000067332955465
 40
7.000067332955465
 40
7.000067332955465
 40
7.000067332955465
 40
8.000067332955465
 40
8.000067332955465
 40
8.000067332955465
 40
13.99893555954623
 40
13.99893555954623
 40
13.99893555954623
 40
13.99893555954623
 10
64.70590027777777
 20
148.9741397222222
 30
0.0
 10
64.06878361111112
 20
148.6709860185185
 30
0.0
 10
63.43166694444446
 20
148.3678323148148
 30
0.0
 10
62.79455027777779
 20
148.0646786111111
 30
0.0
 10
62.93460305555555
 20
148.2848119444444
 30
0.0
 10
63.87863638888888
 20
149.8694897222222
 30
0.0
 10
63.87863638888888
 20
149.8694897222222
 30
0.0
 10
63.87863638888888
 20
149.8694897222222
 30
0.0
 10
62.22410861111111
 20
149.0542202777778
 30
0.0
 10
61.99374472222222
 20
148.9321591666667
 30
0.0
 10
62.34628731481481
 20
149.5431702777778
 30
0.0
 10
62.6988299074074
 20
150.1541813888889
 30
0.0
 10
63.05137249999999
 20
150.7651925
 30
0.0
  0
SPLINE
  5
24E
330
1F
100
AcDbEntity
  8
DEFAULT
 62
     1
100
AcDbSpline
210
0.0
220
0.0
230
1.0
 70
    11
 71
     3
 72
    89
 73
    85
 74
     0
 42
0.000000001
 43
0.0000000001
 40
1.0
 40
1.0
 40
1.0
 40
1.0
 40
2.0
 40
2.0
 40
2.0
 40
3.0
 40
3.0
 40
3.0
 40
4.0
 40
4.0
 40
4.0
 40
5.0
 40
5.0
 40
5.0
 40
6.0
 40
6.0
 40
6.0
 40
7.0
 40
7.0
 40
7.0
 40
8.0
 40
8.0
 40
8.0
 40
17.92001663305057
 40
17.92001663305057
 40
17.92001663305057
 40
26.42044956320181
 40
26.42044956320181
 40
26.42044956320181
 40
36.34046619625239
 40
36.34046619625239
 40
36.34046619625239
 40
37.34046619625239
 40
37.34046619625239
 40
37.34046619625239
 40
38.34046619625239
 40
38.34046619625239
 40
38.34046619625239
 40
39.34046619625239
 40
39.34046619625239
 40
39.34046619625239
 40
40.34046619625239
 40
40.34046619625239
 40
40.34046619625239
 40
41.34046619625239
 40
41.34046619625239
 40
41.34046619625239
 40
42.34046619625239
 40
42.34046619625239
 40
42.34046619625239
 40
43.34046619625239
 40
43.34046619625239
 40
43.34046619625239
 40
44.34046619625239
 40
44.34046619625239
 40
44.34046619625239
 40
45.34046619625239
 40
45.34046619625239
 40
45.34046619625239
 40
46.34046619625239
 40
46.34046619625239
 40
46.34046619625239
 40
47.34046619625239
 40
47.34046619625239
 40
47.34046619625239
 40
57.25946664992713
 40
57.25946664992713
 40
57.25946664992713
 40
65.75246664992713
 40
65.75246664992713
 40
65.75246664992713
 40
75.67146710360187
 40
75.67146710360187
 40
75.67146710360187
 40
76.67146710360187
 40
76.67146710360187
 40
76.67146710360187
 40
77.67146710360187
 40
77.67146710360187
 40
77.67146710360187
 40
78.67146710360187
 40
78.67146710360187
 40
78.67146710360187
 40
79.67146710360187
 40
79.67146710360187
 40
79.67146710360187
 40
79.67146710360187
 10
52.50610388888888
 20
193.1244902777777
 30
0.0
 10
50.38308722222222
 20
190.6187097222222
 30
0.0
 10
55.86631222222221
 20
192.8669625
 30
0.0
 10
53.08430666666666
 20
189.5829541666666
 30
0.0
 10
48.76983444444443
 20
184.4902541666666
 30
0.0
 10
56.66711777777776
 20
187.4863958333333
 30
0.0
 10
53.52457333333332
 20
183.7772902777778
 30
0.0
 10
51.2579761111111
 20
181.1018236111111
 30
0.0
 10
52.25069277777777
 20
181.0838319444444
 30
0.0
 10
54.26223166666666
 20
179.8836819444444
 30
0.0
 10
58.7859011111111
 20
177.1842263888888
 30
0.0
 10
53.66533166666666
 20
162.1678875
 30
0.0
 10
53.97789277777777
 20
154.3341041666666
 30
0.0
 10
54.28798444444443
 20
146.5027902777777
 30
0.0
 10
52.84088999999999
 20
145.5319458333333
 30
0.0
 10
54.74377333333332
 20
143.4717236111111
 30
0.0
 10
54.7631761111111
 20
143.4509097222222
 30
0.0
 10
55.35266777777777
 20
143.9666708333333
 30
0.0
 10
56.06280944444443
 20
144.6224847222222
 30
0.0
 10
56.77259833333332
 20
145.2786513888889
 30
0.0
 10
57.11514555555554
 20
145.6621208333333
 30
0.0
 10
57.31446499999999
 20
145.8462708333333
 30
0.0
 10
58.17136222222221
 20
146.6377865740741
 30
0.0
 10
59.02825944444444
 20
147.4293023148148
 30
0.0
 10
59.88515666666666
 20
148.2208180555555
 30
0.0
 10
60.56343074074073
 20
147.4865699074074
 30
0.0
 10
61.2417048148148
 20
146.7523217592592
 30
0.0
 10
61.91997888888888
 20
146.0180736111111
 30
0.0
 10
61.06308166666665
 20
145.2265578703703
 30
0.0
 10
60.20618444444443
 20
144.4350421296296
 30
0.0
 10
59.34928722222221
 20
143.6435263888889
 30
0.0
 10
59.14961499999999
 20
143.4593763888888
 30
0.0
 10
58.74039277777777
 20
143.1485791666667
 30
0.0
 10
58.0302511111111
 20
142.4924125
 30
0.0
 10
57.32010944444443
 20
141.8365986111111
 30
0.0
 10
56.76166222222221
 20
141.2869708333333
 30
0.0
 10
56.77859555555554
 20
141.2689791666666
 30
0.0
 10
57.91559833333333
 20
140.0381375
 30
0.0
 10
55.95133166666665
 20
139.6790097222222
 30
0.0
 10
57.61891222222221
 20
138.7318013888889
 30
0.0
 10
59.2939011111111
 20
137.7814180555555
 30
0.0
 10
60.47323722222222
 20
136.7961097222222
 30
0.0
 10
61.12234833333333
 20
139.2542652777778
 30
0.0
 10
61.76899
 20
141.7099513888889
 30
0.0
 10
66.56888444444444
 20
139.6126875
 30
0.0
 10
66.04994833333332
 20
143.0857847222222
 30
0.0
 10
65.78959833333332
 20
144.8235680555555
 30
0.0
 10
71.81751222222222
 20
147.8225319444444
 30
0.0
 10
68.26080666666665
 20
150.4249736111111
 30
0.0
 10
59.52743999999999
 20
156.8229513888889
 30
0.0
 10
62.01734555555554
 20
167.5618597222222
 30
0.0
 10
64.14036222222222
 20
178.9311819444444
 30
0.0
 10
65.87179555555555
 20
188.2279347222222
 30
0.0
 10
66.60768999999999
 20
192.4037652777778
 30
0.0
 10
65.036065
 20
194.0036124999999
 30
0.0
 10
64.426465
 20
194.6262652777777
 30
0.0
 10
62.70773166666666
 20
194.8569819444444
 30
0.0
 10
61.31919833333333
 20
194.8499263888888
 30
0.0
 10
61.29168166666665
 20
194.8499263888888
 30
0.0
 10
61.27122055555555
 20
194.0674652777778
 30
0.0
 10
61.27122055555555
 20
193.1012069444444
 30
0.0
 10
61.27086777777777
 20
192.1349486111111
 30
0.0
 10
61.31813999999999
 20
191.6234208333333
 30
0.0
 10
61.31849277777776
 20
191.3503708333333
 30
0.0
 10
61.31813999999999
 20
190.1839699074074
 30
0.0
 10
61.31778722222221
 20
189.0175689814814
 30
0.0
 10
61.31743444444444
 20
187.8511680555555
 30
0.0
 10
60.31872055555555
 20
187.8511680555555
 30
0.0
 10
59.32000666666666
 20
187.8511680555555
 30
0.0
 10
58.32129277777777
 20
187.8511680555555
 30
0.0
 10
58.32164555555554
 20
189.0175689814814
 30
0.0
 10
58.32199833333332
 20
190.1839699074074
 30
0.0
 10
58.3223511111111
 20
191.3503708333333
 30
0.0
 10
58.32199833333332
 20
191.6234208333333
 30
0.0
 10
58.37032888888888
 20
192.1328319444444
 30
0.0
 10
58.37032888888888
 20
193.0990902777777
 30
0.0
 10
58.37138722222222
 20
194.0551180555555
 30
0.0
 10
58.34739833333332
 20
194.8291125
 30
0.0
 10
58.32058722222222
 20
194.8520430555555
 30
0.0
 10
56.72638444444443
 20
194.8478097222222
 30
0.0
 10
55.74813166666666
 20
194.9645791666666
 30
0.0
 10
54.64534833333332
 20
194.6456680555555
 30
0.0
 10
54.03645388888888
 20
194.4724541666666
 30
0.0
 10
53.12875666666665
 20
193.8593263888888
 30
0.0
 10
52.50610388888888
 20
193.1244902777777
 30
0.0
  0
SPLINE
  5
24F
330
1F
100
AcDbEntity
  8
DEFAULT
 62
    18
100
AcDbSpline
210
0.0
220
0.0
230
1.0
 70
     8
 71
     3
 72
    17
 73
    13
 74
     0
 42
0.000000001
 43
0.0000000001
 40
0.0
 40
0.0
 40
0.0
 40
0.0
 40
5.999966166571228
 40
5.999966166571228
 40
5.999966166571228
 40
6.999966166571228
 40
6.999966166571228
 40
6.999966166571228
 40
7.999966166571228
 40
7.999966166571228
 40
7.999966166571228
 40
13.99957157026236
 40
13.99957157026236
 40
13.99957157026236
 40
13.99957157026236
 10
20.17148055555556
 20
170.6465133333333
 30
0.0
 10
20.47287037037038
 20
171.2844531481481
 30
0.0
 10
20.77426018518519
 20
171.9223929629629
 30
0.0
 10
21.07565
 20
172.5603327777777
 30
0.0
 10
21.10634166666667
 20
172.3013938888889
 30
0.0
 10
21.37868611111111
 20
170.4768272222222
 30
0.0
 10
21.37868611111111
 20
170.4768272222222
 30
0.0
 10
21.37868611111111
 20
170.4768272222222
 30
0.0
 10
22.14350833333333
 20
172.1556966666666
 30
0.0
 10
22.24440277777778
 20
172.3959383333333
 30
0.0
 10
22.3582324074074
 20
171.6996725925926
 30
0.0
 10
22.47206203703703
 20
171.0034068518518
 30
0.0
 10
22.58589166666666
 20
170.3071411111111
 30
0.0
  0
SPLINE
  5
250
330
1F
100
AcDbEntity
  8
DEFAULT
 62
    18
100
AcDbSpline
210
0.0
220
0.0
230
1.0
 70
     8
 71
     3
 72
    11
 73
     7
 74
     0
 42
0.000000001
 43
0.0000000001
 40
0.0
 40
0.0
 40
0.0
 40
0.0
 40
1.019999999999996
 40
1.019999999999996
 40
1.019999999999996
 40
2.019999999999996
 40
2.019999999999996
 40
2.019999999999996
 40
2.019999999999996
 10
25.57497777777778
 20
219.0488238888889
 30
0.0
 10
25.57497777777778
 20
219.0488238888889
 30
0.0
 10
26.133425
 20
217.4154627777777
 30
0.0
 10
26.20398055555555
 20
217.1604044444444
 30
0.0
 10
26.27030277777778
 20
217.4122877777777
 30
0.0
 10
26.87461111111111
 20
219.0488238888889
 30
0.0
 10
26.87461111111111
 20
219.0488238888889
 30
0.0
  0
SPLINE
  5
251
330
1F
100
AcDbEntity
  8
DEFAULT
 62
     1
100
AcDbSpline
210
0.0
220
0.0
230
1.0
 70
    11
 71
     3
 72
    83
 73
    79
 74
     0
 42
0.000000001
 43
0.0000000001
 40
1.0
 40
1.0
 40
1.0
 40
1.0
 40
10.91999999999996
 40
10.91999999999996
 40
10.91999999999996
 40
19.41999999999996
 40
19.41999999999996
 40
19.41999999999996
 40
29.33999999999992
 40
29.33999999999992
 40
29.33999999999992
 40
30.33999999999992
 40
30.33999999999992
 40
30.33999999999992
 40
31.33999999999992
 40
31.33999999999992
 40
31.33999999999992
 40
32.33999999999992
 40
32.33999999999992
 40
32.33999999999992
 40
33.33999999999992
 40
33.33999999999992
 40
33.33999999999992
 40
34.33999999999992
 40
34.33999999999992
 40
34.33999999999992
 40
44.25960130247169
 40
44.25960130247169
 40
44.25960130247169
 40
52.75932941577038
 40
52.75932941577038
 40
52.75932941577038
 40
62.67893071824215
 40
62.67893071824215
 40
62.67893071824215
 40
63.67893071824215
 40
63.67893071824215
 40
63.67893071824215
 40
64.67893071824216
 40
64.67893071824216
 40
64.67893071824216
 40
65.67893071824216
 40
65.67893071824216
 40
65.67893071824216
 40
66.67893071824216
 40
66.67893071824216
 40
66.67893071824216
 40
67.67893071824216
 40
67.67893071824216
 40
67.67893071824216
 40
68.67893071824216
 40
68.67893071824216
 40
68.67893071824216
 40
69.67893071824216
 40
69.67893071824216
 40
69.67893071824216
 40
70.67893071824216
 40
70.67893071824216
 40
70.67893071824216
 40
71.67893071824216
 40
71.67893071824216
 40
71.67893071824216
 40
72.67893071824216
 40
72.67893071824216
 40
72.67893071824216
 40
73.67893071824216
 40
73.67893071824216
 40
73.67893071824216
 40
74.67893071824216
 40
74.67893071824216
 40
74.67893071824216
 40
75.67893071824216
 40
75.67893071824216
 40
75.67893071824216
 40
76.67893071824216
 40
76.67893071824216
 40
76.67893071824216
 40
77.67893071824216
 40
77.67893071824216
 40
77.67893071824216
 40
77.67893071824216
 10
27.72335916666666
 20
211.5631263888889
 30
0.0
 10
27.72335916666666
 20
212.7296449074074
 30
0.0
 10
27.72335916666666
 20
213.8961634259259
 30
0.0
 10
27.72335916666666
 20
215.0626819444444
 30
0.0
 10
26.72382212962962
 20
215.0626819444444
 30
0.0
 10
25.72428509259258
 20
215.0626819444444
 30
0.0
 10
24.72474805555555
 20
215.0626819444444
 30
0.0
 10
24.72474805555555
 20
213.8961634259259
 30
0.0
 10
24.72474805555555
 20
212.7296449074074
 30
0.0
 10
24.72474805555555
 20
211.5631263888889
 30
0.0
 10
24.72474805555555
 20
211.2914875
 30
0.0
 10
24.77413694444444
 20
210.7799597222222
 30
0.0
 10
24.77413694444444
 20
209.8133486111111
 30
0.0
 10
24.77413694444444
 20
208.8467375
 30
0.0
 10
24.7494425
 20
208.0635708333333
 30
0.0
 10
24.72474805555555
 20
208.0635708333333
 30
0.0
 10
23.14783138888889
 20
208.0635708333333
 30
0.0
 10
20.03386194444444
 20
181.8257236111111
 30
0.0
 10
21.43121472222222
 20
181.6295791666666
 30
0.0
 10
21.45908416666666
 20
181.6256986111111
 30
0.0
 10
21.3712425
 20
180.8471180555556
 30
0.0
 10
21.23683416666666
 20
179.8900319444444
 30
0.0
 10
21.10207305555555
 20
178.9325930555555
 30
0.0
 10
20.98212861111111
 20
178.4330597222222
 30
0.0
 10
20.94438138888889
 20
178.1638902777778
 30
0.0
 10
20.78198601851851
 20
177.0087782407408
 30
0.0
 10
20.61959064814814
 20
175.8536662037037
 30
0.0
 10
20.45719527777777
 20
174.6985541666667
 30
0.0
 10
21.44697212962963
 20
174.5594421296296
 30
0.0
 10
22.43674898148148
 20
174.4203300925926
 30
0.0
 10
23.42652583333333
 20
174.2812180555555
 30
0.0
 10
23.5889212037037
 20
175.4363300925926
 30
0.0
 10
23.75131657407407
 20
176.5914421296296
 30
0.0
 10
23.91371194444444
 20
177.7465541666666
 30
0.0
 10
23.95145916666667
 20
178.0157236111111
 30
0.0
 10
23.97368416666666
 20
178.5290152777778
 30
0.0
 10
24.10844527777778
 20
179.4864541666666
 30
0.0
 10
24.24285361111111
 20
180.4435402777778
 30
0.0
 10
24.37620361111111
 20
181.2157708333333
 30
0.0
 10
24.40089805555555
 20
181.2122430555555
 30
0.0
 10
28.4356175
 20
180.6449763888889
 30
0.0
 10
25.60633972222222
 20
173.5936541666667
 30
0.0
 10
26.0003925
 20
171.0233152777778
 30
0.0
 10
26.40855638888888
 20
168.3510236111111
 30
0.0
 10
23.78530083333333
 20
167.9858986111111
 30
0.0
 10
24.22733138888889
 20
166.3670013888889
 30
0.0
 10
24.79495083333333
 20
164.2958430555555
 30
0.0
 10
19.9393175
 20
167.2616458333333
 30
0.0
 10
18.17225361111111
 20
166.5268097222222
 30
0.0
 10
15.94798972222222
 20
165.6032375
 30
0.0
 10
13.59284527777777
 20
164.9848180555555
 30
0.0
 10
14.87060638888889
 20
170.5802263888889
 30
0.0
 10
16.14060638888889
 20
176.1442375
 30
0.0
 10
16.26443138888889
 20
191.1002513888889
 30
0.0
 10
16.30182583333333
 20
195.6761319444444
 30
0.0
 10
16.40095638888889
 20
208.3196875
 30
0.0
 10
21.40334527777777
 20
214.1031263888889
 30
0.0
 10
20.17215083333333
 20
218.0895152777778
 30
0.0
 10
18.94095638888889
 20
222.0723763888889
 30
0.0
 10
21.17227583333333
 20
219.9239597222222
 30
0.0
 10
22.2729425
 20
222.0018208333333
 30
0.0
 10
23.04552583333333
 20
223.4587930555556
 30
0.0
 10
23.08080361111111
 20
224.8945986111111
 30
0.0
 10
23.8921925
 20
223.4623208333333
 30
0.0
 10
24.70005361111111
 20
222.0300430555555
 30
0.0
 10
30.72549805555555
 20
223.5258208333333
 30
0.0
 10
30.1151925
 20
222.2487652777777
 30
0.0
 10
29.50841472222222
 20
220.9752375
 30
0.0
 10
30.42563694444444
 20
213.4399041666667
 30
0.0
 10
31.28288694444444
 20
211.1997652777778
 30
0.0
 10
32.14013694444444
 20
208.9596263888889
 30
0.0
 10
30.32333138888889
 20
208.0635708333333
 30
0.0
 10
27.72335916666666
 20
208.0635708333333
 30
0.0
 10
27.69513694444444
 20
208.0635708333333
 30
0.0
 10
27.67397027777777
 20
208.8467375
 30
0.0
 10
27.67397027777777
 20
209.8133486111111
 30
0.0
 10
27.67397027777777
 20
210.7799597222222
 30
0.0
 10
27.72335916666666
 20
211.2914875
 30
0.0
 10
27.72335916666666
 20
211.5631263888889
 30
0.0
  0
SPLINE
  5
252
330
1F
100
AcDbEntity
  8
DEFAULT
 62
    18
100
AcDbSpline
210
0.0
220
0.0
230
1.0
 70
     8
 71
     3
 72
    17
 73
    13
 74
     0
 42
0.000000001
 43
0.0000000001
 40
0.0
 40
0.0
 40
0.0
 40
0.0
 40
5.99996616657128
 40
5.99996616657128
 40
5.99996616657128
 40
6.99996616657128
 40
6.99996616657128
 40
6.99996616657128
 40
7.99996616657128
 40
7.99996616657128
 40
7.99996616657128
 40
13.99957157026242
 40
13.99957157026242
 40
13.99957157026242
 40
13.99957157026242
 10
119.8285216666667
 20
170.6465133333333
 30
0.0
 10
119.5271318518518
 20
171.2844531481481
 30
0.0
 10
119.225742037037
 20
171.9223929629629
 30
0.0
 10
118.9243522222222
 20
172.5603327777778
 30
0.0
 10
118.8936605555556
 20
172.3013938888889
 30
0.0
 10
118.6213161111111
 20
170.4768272222222
 30
0.0
 10
118.6213161111111
 20
170.4768272222222
 30
0.0
 10
118.6213161111111
 20
170.4768272222222
 30
0.0
 10
117.8564938888889
 20
172.1556966666666
 30
0.0
 10
117.7555994444444
 20
172.3959383333333
 30
0.0
 10
117.6417698148148
 20
171.6996725925926
 30
0.0
 10
117.5279401851852
 20
171.0034068518518
 30
0.0
 10
117.4141105555556
 20
170.3071411111111
 30
0.0
  0
SPLINE
  5
253
330
1F
100
AcDbEntity
  8
DEFAULT
 62
    18
100
AcDbSpline
210
0.0
220
0.0
230
1.0
 70
     8
 71
     3
 72
    11
 73
     7
 74
     0
 42
0.000000001
 43
0.0000000001
 40
0.0
 40
0.0
 40
0.0
 40
0.0
 40
1.020000000000039
 40
1.020000000000039
 40
1.020000000000039
 40
2.020000000000039
 40
2.020000000000039
 40
2.020000000000039
 40
2.020000000000039
 10
113.1254616666667
 20
219.0488238888889
 30
0.0
 10
113.1254616666667
 20
219.0488238888889
 30
0.0
 10
113.6839088888889
 20
217.4154627777777
 30
0.0
 10
113.7544644444444
 20
217.1604044444444
 30
0.0
 10
113.8207866666666
 20
217.4122877777777
 30
0.0
 10
114.425095
 20
219.0488238888889
 30
0.0
 10
114.425095
 20
219.0488238888889
 30
0.0
  0
SPLINE
  5
254
330
1F
100
AcDbEntity
  8
DEFAULT
 62
     1
100
AcDbSpline
210
0.0
220
0.0
230
1.0
 70
    11
 71
     3
 72
    83
 73
    79
 74
     0
 42
0.000000001
 43
0.0000000001
 40
1.0
 40
1.0
 40
1.0
 40
1.0
 40
10.91999999999996
 40
10.91999999999996
 40
10.91999999999996
 40
19.41999999999996
 40
19.41999999999996
 40
19.41999999999996
 40
29.33999999999992
 40
29.33999999999992
 40
29.33999999999992
 40
30.33999999999992
 40
30.33999999999992
 40
30.33999999999992
 40
31.33999999999992
 40
31.33999999999992
 40
31.33999999999992
 40
32.33999999999992
 40
32.33999999999992
 40
32.33999999999992
 40
33.33999999999992
 40
33.33999999999992
 40
33.33999999999992
 40
34.33999999999992
 40
34.33999999999992
 40
34.33999999999992
 40
44.25960130247168
 40
44.25960130247168
 40
44.25960130247168
 40
52.75932941577034
 40
52.75932941577034
 40
52.75932941577034
 40
62.67893071824211
 40
62.67893071824211
 40
62.67893071824211
 40
63.67893071824211
 40
63.67893071824211
 40
63.67893071824211
 40
64.6789307182421
 40
64.6789307182421
 40
64.6789307182421
 40
65.6789307182421
 40
65.6789307182421
 40
65.6789307182421
 40
66.6789307182421
 40
66.6789307182421
 40
66.6789307182421
 40
67.6789307182421
 40
67.6789307182421
 40
67.6789307182421
 40
68.6789307182421
 40
68.6789307182421
 40
68.6789307182421
 40
69.6789307182421
 40
69.6789307182421
 40
69.6789307182421
 40
70.6789307182421
 40
70.6789307182421
 40
70.6789307182421
 40
71.6789307182421
 40
71.6789307182421
 40
71.6789307182421
 40
72.6789307182421
 40
72.6789307182421
 40
72.6789307182421
 40
73.6789307182421
 40
73.6789307182421
 40
73.6789307182421
 40
74.6789307182421
 40
74.6789307182421
 40
74.6789307182421
 40
75.6789307182421
 40
75.6789307182421
 40
75.6789307182421
 40
76.6789307182421
 40
76.6789307182421
 40
76.6789307182421
 40
77.6789307182421
 40
77.6789307182421
 40
77.6789307182421
 40
77.6789307182421
 10
112.2766430555555
 20
211.5631263888889
 30
0.0
 10
112.2766430555555
 20
212.7296449074074
 30
0.0
 10
112.2766430555555
 20
213.8961634259259
 30
0.0
 10
112.2766430555555
 20
215.0626819444444
 30
0.0
 10
113.2761800925926
 20
215.0626819444444
 30
0.0
 10
114.2757171296296
 20
215.0626819444444
 30
0.0
 10
115.2752541666667
 20
215.0626819444444
 30
0.0
 10
115.2752541666667
 20
213.8961634259259
 30
0.0
 10
115.2752541666667
 20
212.7296449074074
 30
0.0
 10
115.2752541666667
 20
211.5631263888889
 30
0.0
 10
115.2752541666667
 20
211.2914875
 30
0.0
 10
115.2258652777778
 20
210.7799597222222
 30
0.0
 10
115.2258652777778
 20
209.8133486111111
 30
0.0
 10
115.2258652777778
 20
208.8467375
 30
0.0
 10
115.2505597222222
 20
208.0635708333333
 30
0.0
 10
115.2752541666667
 20
208.0635708333333
 30
0.0
 10
116.8521708333333
 20
208.0635708333333
 30
0.0
 10
119.9661402777778
 20
181.8257236111111
 30
0.0
 10
118.5687875
 20
181.6295791666666
 30
0.0
 10
118.5409180555556
 20
181.6256986111111
 30
0.0
 10
118.6287597222222
 20
180.8471180555556
 30
0.0
 10
118.7631680555555
 20
179.8900319444444
 30
0.0
 10
118.8979291666667
 20
178.9325930555555
 30
0.0
 10
119.0178736111111
 20
178.4330597222222
 30
0.0
 10
119.0556208333333
 20
178.1638902777778
 30
0.0
 10
119.2180162037037
 20
177.0087782407408
 30
0.0
 10
119.3804115740741
 20
175.8536662037037
 30
0.0
 10
119.5428069444444
 20
174.6985541666667
 30
0.0
 10
118.5530300925926
 20
174.5594421296296
 30
0.0
 10
117.5632532407407
 20
174.4203300925926
 30
0.0
 10
116.5734763888889
 20
174.2812180555555
 30
0.0
 10
116.4110810185185
 20
175.4363300925926
 30
0.0
 10
116.2486856481481
 20
176.5914421296296
 30
0.0
 10
116.0862902777778
 20
177.7465541666666
 30
0.0
 10
116.0485430555555
 20
178.0157236111111
 30
0.0
 10
116.0263180555555
 20
178.5290152777778
 30
0.0
 10
115.8915569444444
 20
179.4864541666666
 30
0.0
 10
115.7571486111111
 20
180.4435402777778
 30
0.0
 10
115.6237986111111
 20
181.2157708333333
 30
0.0
 10
115.5991041666667
 20
181.2122430555555
 30
0.0
 10
111.5643847222222
 20
180.6449763888889
 30
0.0
 10
114.3936625
 20
173.5936541666667
 30
0.0
 10
113.9996097222222
 20
171.0233152777778
 30
0.0
 10
113.5914458333333
 20
168.3510236111111
 30
0.0
 10
116.2147013888889
 20
167.9858986111111
 30
0.0
 10
115.7726708333333
 20
166.3670013888889
 30
0.0
 10
115.2050513888889
 20
164.2958430555555
 30
0.0
 10
120.0606847222222
 20
167.2616458333333
 30
0.0
 10
121.8277486111111
 20
166.5268097222222
 30
0.0
 10
124.0520125
 20
165.6032375
 30
0.0
 10
126.4071569444444
 20
164.9848180555555
 30
0.0
 10
125.1293958333333
 20
170.5802263888889
 30
0.0
 10
123.8593958333333
 20
176.1442375
 30
0.0
 10
123.7355708333333
 20
191.1002513888889
 30
0.0
 10
123.6981763888889
 20
195.6761319444444
 30
0.0
 10
123.5990458333333
 20
208.3196875
 30
0.0
 10
118.5966569444444
 20
214.1031263888889
 30
0.0
 10
119.8278513888889
 20
218.0895152777778
 30
0.0
 10
121.0590458333333
 20
222.0723763888889
 30
0.0
 10
118.8277263888889
 20
219.9239597222222
 30
0.0
 10
117.7270597222222
 20
222.0018208333333
 30
0.0
 10
116.9544763888889
 20
223.4587930555556
 30
0.0
 10
116.9191986111111
 20
224.8945986111111
 30
0.0
 10
116.1078097222222
 20
223.4623208333333
 30
0.0
 10
115.2999486111111
 20
222.0300430555555
 30
0.0
 10
109.2745041666667
 20
223.5258208333333
 30
0.0
 10
109.8848097222222
 20
222.2487652777777
 30
0.0
 10
110.4915875
 20
220.9752375
 30
0.0
 10
109.5743652777778
 20
213.4399041666667
 30
0.0
 10
108.7171152777778
 20
211.1997652777778
 30
0.0
 10
107.8598652777778
 20
208.9596263888889
 30
0.0
 10
109.6766708333333
 20
208.0635708333333
 30
0.0
 10
112.2766430555555
 20
208.0635708333333
 30
0.0
 10
112.3048652777778
 20
208.0635708333333
 30
0.0
 10
112.3260319444444
 20
208.8467375
 30
0.0
 10
112.3260319444444
 20
209.8133486111111
 30
0.0
 10
112.3260319444444
 20
210.7799597222222
 30
0.0
 10
112.2766430555555
 20
211.2914875
 30
0.0
 10
112.2766430555555
 20
211.5631263888889
 30
0.0
  0
ENDSEC
  0
SECTION
  2
OBJECTS
  0
DICTIONARY
  5
C
330
0
100
AcDbDictionary
  3
ACAD_GROUP
350
D
  3
ACAD_LAYOUT
350
1A
  3
ACAD_MATERIAL
350
43
  3
ACAD_MLEADERSTYLE
350
277
  3
ACAD_MLINESTYLE
350
17
  3
ACAD_PLOTSETTINGS
350
19
  3
ACAD_SCALELIST
350
47
  3
ACAD_VISUALSTYLE
350
2A
  3
ACDBHEADERROUNDTRIPXREC
350
255
  3
ACDBVARIABLEDICTIONARY
350
275
  0
DICTIONARY
  5
D
102
{ACAD_REACTORS
330
C
102
}
330
C
100
AcDbDictionary
  0
DICTIONARY
  5
1A
102
{ACAD_REACTORS
330
C
102
}
330
C
100
AcDbDictionary
  0
DICTIONARY
  5
43
102
{ACAD_REACTORS
330
C
102
}
330
C
100
AcDbDictionary
  3
BYBLOCK
350
45
  3
BYLAYER
350
44
  3
GLOBAL
350
46
  0
DICTIONARY
  5
277
102
{ACAD_REACTORS
330
C
102
}
330
C
100
AcDbDictionary
  0
DICTIONARY
  5
17
102
{ACAD_REACTORS
330
C
102
}
330
C
100
AcDbDictionary
  3
STANDARD
350
18
  0
DICTIONARY
  5
19
102
{ACAD_REACTORS
330
C
102
}
330
C
100
AcDbDictionary
  0
DICTIONARY
  5
47
102
{ACAD_REACTORS
330
C
102
}
330
C
100
AcDbDictionary
  3
A0
350
48
  3
A1
350
49
  3
A2
350
4A
  3
A3
350
4B
  3
A4
350
4C
  3
A5
350
4D
  3
A6
350
4E
  3
A7
350
4F
  3
A8
350
50
  3
A9
350
51
  3
B0
350
52
  3
B1
350
53
  3
B2
350
54
  3
B3
350
55
  3
B4
350
56
  3
B5
350
57
  3
B6
350
58
  3
B7
350
59
  3
B8
350
5A
  3
B9
350
5B
  3
C0
350
5C
  3
C1
350
5D
  3
C2
350
5E
  3
C3
350
5F
  3
C4
350
60
  3
C5
350
61
  3
C6
350
62
  3
C7
350
63
  3
C8
350
64
  3
C9
350
65
  3
D0
350
66
  3
D1
350
67
  3
D2
350
68
  0
DICTIONARY
  5
2A
102
{ACAD_REACTORS
330
C
102
}
330
C
100
AcDbDictionary
  3
2DWIREFRAME
350
2F
  3
BASIC
350
32
  3
BRIGHTEN
350
36
  3
COLORCHANGE
350
3A
  3
CONCEPTUAL
350
34
  3
DIM
350
35
  3
EDGECOLOROFF
350
3D
  3
FACEPATTERN
350
39
  3
FLAT
350
2B
  3
FLATWITHEDGES
350
2C
  3
GOURAUD
350
2D
  3
GOURAUDWITHEDGES
350
2E
  3
HIDDEN
350
31
  3
JITTEROFF
350
3B
  3
LINEPATTERN
350
38
  3
OVERHANGOFF
350
3C
  3
REALISTIC
350
33
  3
SHADED
350
42
  3
SHADED_WITH_EDGES
350
41
  3
SHADES_OF_GRAY
350
3E
  3
SKETCHY
350
3F
  3
THICKEN
350
37
  3
WIREFRAME
350
30
  3
X-RAY
350
40
  0
DICTIONARY
  5
255
102
{ACAD_REACTORS
330
C
102
}
330
C
100
AcDbDictionary
  3
CEPSNTYPE
350
25E
  3
DIMSTYLEDATA
350
274
  3
FINGERPRINTGUID
350
25F
  3
HYPERLINKBASE
350
258
  3
INSUNITS
350
25D
  3
LAYOUTDICT
350
25A
  3
LWETCUNION
350
25C
  3
PLOTSETDICT
350
25B
  3
PSVPSCALE
350
261
  3
PUCSBASE
350
264
  3
PUCSORGBACK
350
26A
  3
PUCSORGBOTTOM
350
266
  3
PUCSORGFRONT
350
269
  3
PUCSORGLEFT
350
267
  3
PUCSORGRIGHT
350
268
  3
PUCSORGTOP
350
265
  3
PUCSORTHOREF
350
262
  3
PUCSORTHOVIEW
350
263
  3
STYLESHEET
350
259
  3
TSTACKALIGN
350
256
  3
TSTACKSIZE
350
257
  3
UCSBASE
350
26D
  3
UCSORGBACK
350
273
  3
UCSORGBOTTOM
350
26F
  3
UCSORGFRONT
350
272
  3
UCSORGLEFT
350
270
  3
UCSORGRIGHT
350
271
  3
UCSORGTOP
350
26E
  3
UCSORTHOREF
350
26B
  3
UCSORTHOVIEW
350
26C
  3
VERSIONGUID
350
260
  0
DICTIONARY
  5
275
102
{ACAD_REACTORS
330
C
102
}
330
C
100
AcDbDictionary
  3
CANNOSCALE
350
27C
  3
DIMASSOC
350
27A
  3
HIDETEXT
350
27B
  3
MSLTSCALE
350
27D
  0
MATERIAL
  5
45
102
{ACAD_REACTORS
330
43
102
}
102
{ACAD_XDICTIONARY
360
280
102
}
330
43
100
AcDbMaterial
  1
BYBLOCK
  0
MATERIAL
  5
44
102
{ACAD_REACTORS
330
43
102
}
102
{ACAD_XDICTIONARY
360
27E
102
}
330
43
100
AcDbMaterial
  1
BYLAYER
  0
MATERIAL
  5
46
102
{ACAD_REACTORS
330
43
102
}
102
{ACAD_XDICTIONARY
360
282
102
}
330
43
100
AcDbMaterial
  1
GLOBAL
  0
MLINESTYLE
  5
18
102
{ACAD_REACTORS
330
17
102
}
330
17
100
AcDbMlineStyle
  2
Standard
 70
     0
  3

 62
   256
 51
90.0
 52
90.0
 71
     2
 49
0.5
 62
   256
  6
BYLAYER
 49
-0.5
 62
   256
  6
BYLAYER
  0
ACAD_PROXY_OBJECT
  5
48
102
{ACAD_REACTORS
330
47
102
}
330
47
100
AcDbProxyObject
 90
      499
 91
      503
 93
       41
310
903313A31580
  0
ACAD_PROXY_OBJECT
  5
49
102
{ACAD_REACTORS
330
47
102
}
330
47
100
AcDbProxyObject
 90
      499
 91
      503
 93
      105
310
903313A324000000000000004000
  0
ACAD_PROXY_OBJECT
  5
4A
102
{ACAD_REACTORS
330
47
102
}
330
47
100
AcDbProxyObject
 90
      499
 91
      503
 93
      105
310
903313A344000000000000104000
  0
ACAD_PROXY_OBJECT
  5
4B
102
{ACAD_REACTORS
330
47
102
}
330
47
100
AcDbProxyObject
 90
      499
 91
      503
 93
      105
310
903313A354000000000000144000
  0
ACAD_PROXY_OBJECT
  5
4C
102
{ACAD_REACTORS
330
47
102
}
330
47
100
AcDbProxyObject
 90
      499
 91
      503
 93
      105
310
903313A384000000000000204000
  0
ACAD_PROXY_OBJECT
  5
4D
102
{ACAD_REACTORS
330
47
102
}
330
47
100
AcDbProxyObject
 90
      499
 91
      503
 93
      113
310
904313A31304000000000000244000
  0
ACAD_PROXY_OBJECT
  5
4E
102
{ACAD_REACTORS
330
47
102
}
330
47
100
AcDbProxyObject
 90
      499
 91
      503
 93
      113
310
904313A31364000000000000304000
  0
ACAD_PROXY_OBJECT
  5
4F
102
{ACAD_REACTORS
330
47
102
}
330
47
100
AcDbProxyObject
 90
      499
 91
      503
 93
      113
310
904313A32304000000000000344000
  0
ACAD_PROXY_OBJECT
  5
50
102
{ACAD_REACTORS
330
47
102
}
330
47
100
AcDbProxyObject
 90
      499
 91
      503
 93
      113
310
904313A333040000000000003E4000
  0
ACAD_PROXY_OBJECT
  5
51
102
{ACAD_REACTORS
330
47
102
}
330
47
100
AcDbProxyObject
 90
      499
 91
      503
 93
      113
310
904313A34304000000000000444000
  0
ACAD_PROXY_OBJECT
  5
52
102
{ACAD_REACTORS
330
47
102
}
330
47
100
AcDbProxyObject
 90
      499
 91
      503
 93
      113
310
904313A35304000000000000494000
  0
ACAD_PROXY_OBJECT
  5
53
102
{ACAD_REACTORS
330
47
102
}
330
47
100
AcDbProxyObject
 90
      499
 91
      503
 93
      121
310
905313A3130304000000000000594000
  0
ACAD_PROXY_OBJECT
  5
54
102
{ACAD_REACTORS
330
47
102
}
330
47
100
AcDbProxyObject
 90
      499
 91
      503
 93
      105
310
903323A310000000000000010100
  0
ACAD_PROXY_OBJECT
  5
55
102
{ACAD_REACTORS
330
47
102
}
330
47
100
AcDbProxyObject
 90
      499
 91
      503
 93
      105
310
903343A310000000000000410100
  0
ACAD_PROXY_OBJECT
  5
56
102
{ACAD_REACTORS
330
47
102
}
330
47
100
AcDbProxyObject
 90
      499
 91
      503
 93
      105
310
903383A310000000000000810100
  0
ACAD_PROXY_OBJECT
  5
57
102
{ACAD_REACTORS
330
47
102
}
330
47
100
AcDbProxyObject
 90
      499
 91
      503
 93
      113
310
90431303A310000000000000910100
  0
ACAD_PROXY_OBJECT
  5
58
102
{ACAD_REACTORS
330
47
102
}
330
47
100
AcDbProxyObject
 90
      499
 91
      503
 93
      121
310
9053130303A310000000000001650100
  0
ACAD_PROXY_OBJECT
  5
59
102
{ACAD_REACTORS
330
47
102
}
330
47
100
AcDbProxyObject
 90
      499
 91
      503
 93
      257
310
90E312F31323822203D2031272D3022000000000000200FC000000000000284000
  0
ACAD_PROXY_OBJECT
  5
5A
102
{ACAD_REACTORS
330
47
102
}
330
47
100
AcDbProxyObject
 90
      499
 91
      503
 93
      249
310
90D312F363422203D2031272D3022000000000000240FC000000000000284000
  0
ACAD_PROXY_OBJECT
  5
5B
102
{ACAD_REACTORS
330
47
102
}
330
47
100
AcDbProxyObject
 90
      499
 91
      503
 93
      249
310
90D312F333222203D2031272D3022000000000000280FC000000000000284000
  0
ACAD_PROXY_OBJECT
  5
5C
102
{ACAD_REACTORS
330
47
102
}
330
47
100
AcDbProxyObject
 90
      499
 91
      503
 93
      249
310
90D312F313622203D2031272D30220000000000002C0FC000000000000284000
  0
ACAD_PROXY_OBJECT
  5
5D
102
{ACAD_REACTORS
330
47
102
}
330
47
100
AcDbProxyObject
 90
      499
 91
      503
 93
      249
310
90D332F333222203D2031272D30220000000000002E0FC000000000000284000
  0
ACAD_PROXY_OBJECT
  5
5E
102
{ACAD_REACTORS
330
47
102
}
330
47
100
AcDbProxyObject
 90
      499
 91
      503
 93
      241
310
90C312F3822203D2031272D3022000000000000300FC000000000000284000
  0
ACAD_PROXY_OBJECT
  5
5F
102
{ACAD_REACTORS
330
47
102
}
330
47
100
AcDbProxyObject
 90
      499
 91
      503
 93
      249
310
90D332F313622203D2031272D3022000000000000320FC000000000000284000
  0
ACAD_PROXY_OBJECT
  5
60
102
{ACAD_REACTORS
330
47
102
}
330
47
100
AcDbProxyObject
 90
      499
 91
      503
 93
      241
310
90C312F3422203D2031272D3022000000000000340FC000000000000284000
  0
ACAD_PROXY_OBJECT
  5
61
102
{ACAD_REACTORS
330
47
102
}
330
47
100
AcDbProxyObject
 90
      499
 91
      503
 93
      241
310
90C332F3822203D2031272D3022000000000000360FC000000000000284000
  0
ACAD_PROXY_OBJECT
  5
62
102
{ACAD_REACTORS
330
47
102
}
330
47
100
AcDbProxyObject
 90
      499
 91
      503
 93
      241
310
90C312F3222203D2031272D3022000000000000380FC000000000000284000
  0
ACAD_PROXY_OBJECT
  5
63
102
{ACAD_REACTORS
330
47
102
}
330
47
100
AcDbProxyObject
 90
      499
 91
      503
 93
      241
310
90C332F3422203D2031272D30220000000000003A0FC000000000000284000
  0
ACAD_PROXY_OBJECT
  5
64
102
{ACAD_REACTORS
330
47
102
}
330
47
100
AcDbProxyObject
 90
      499
 91
      503
 93
      161
310
90A3122203D2031272D30224000000000000284000
  0
ACAD_PROXY_OBJECT
  5
65
102
{ACAD_REACTORS
330
47
102
}
330
47
100
AcDbProxyObject
 90
      499
 91
      503
 93
      257
310
90E312D312F3222203D2031272D30220000000000003E0FC000000000000284000
  0
ACAD_PROXY_OBJECT
  5
66
102
{ACAD_REACTORS
330
47
102
}
330
47
100
AcDbProxyObject
 90
      499
 91
      503
 93
      225
310
90A3322203D2031272D302200000000000002100000000000000284000
  0
ACAD_PROXY_OBJECT
  5
67
102
{ACAD_REACTORS
330
47
102
}
330
47
100
AcDbProxyObject
 90
      499
 91
      503
 93
      225
310
90A3622203D2031272D302200000000000006100000000000000284000
  0
ACAD_PROXY_OBJECT
  5
68
102
{ACAD_REACTORS
330
47
102
}
330
47
100
AcDbProxyObject
 90
      499
 91
      503
 93
      249
310
90D31272D3022203D2031272D30220000000000000A100000000000000284000
  0
ACAD_PROXY_OBJECT
  5
2F
102
{ACAD_REACTORS
330
2A
102
}
330
2A
100
AcDbProxyObject
 90
      499
 91
      501
 93
      436
310
42CC9915DA5C99599C985B595049028333333333333E33F0000000000000F90107901411070040501600405405064090741402480A0340
1001
ACAD
1000
AcDbSavedByObjectVersion
1070
     0
  0
ACAD_PROXY_OBJECT
  5
32
102
{ACAD_REACTORS
330
2A
102
}
330
2A
100
AcDbProxyObject
 90
      499
 91
      501
 93
      388
310
4150985CDA58D07406404333333333333E33F0000000000000F90107A41107004050150841D405064090741402480A0350
1001
ACAD
1000
AcDbSavedByObjectVersion
1070
     0
  0
ACAD_PROXY_OBJECT
  5
36
102
{ACAD_REACTORS
330
2A
102
}
330
2A
100
AcDbProxyObject
 90
      499
 91
      501
 93
      428
310
42109C9A59DA1D195B90C409028333333333333E33F0000000000000F9010790141107004050150841D405064090741402480A029950
1001
ACAD
1000
AcDbSavedByObjectVersion
1070
     0
  0
ACAD_PROXY_OBJECT
  5
3A
102
{ACAD_REACTORS
330
2A
102
}
330
2A
100
AcDbProxyObject
 90
      499
 91
      501
 93
      452
310
42D0DBDB1BDC90DA185B99D95104090240C333333333333E33F0000000000000F90108901411070040501508421405064090741402480A0350
1001
ACAD
1000
AcDbSavedByObjectVersion
1070
     0
  0
ACAD_PROXY_OBJECT
  5
34
102
{ACAD_REACTORS
330
2A
102
}
330
2A
100
AcDbProxyObject
 90
      499
 91
      501
 93
      500
310
4290DBDB98D95C1D1D585B10940D028333333333333E33F0000000000000F90107902409070040501000000000018199010841D405064090740C02480A0340
1001
ACAD
1000
AcDbSavedByObjectVersion
1070
     0
  0
ACAD_PROXY_OBJECT
  5
35
102
{ACAD_REACTORS
330
2A
102
}
330
2A
100
AcDbProxyObject
 90
      499
 91
      501
 93
      412
310
40D11A5B50B409028333333333333E33F0000000000000F9010790141107004050150841D405064090741402480A02677FFFFFD0
1001
ACAD
1000
AcDbSavedByObjectVersion
1070
     0
  0
ACAD_PROXY_OBJECT
  5
3D
102
{ACAD_REACTORS
330
2A
102
}
330
2A
100
AcDbProxyObject
 90
      499
 91
      501
 93
      452
310
43115919D950DBDB1BDC93D999916409028333333333333E33F0000000000000F9010790141107004050150841D405064090741402480A0350
1001
ACAD
1000
AcDbSavedByObjectVersion
1070
     0
  0
ACAD_PROXY_OBJECT
  5
39
102
{ACAD_REACTORS
330
2A
102
}
330
2A
100
AcDbProxyObject
 90
      499
 91
      501
 93
      444
310
42D19858D95C185D1D195C9B90F409028333333333333E33F0000000000000F9010790141107004050150841D405064090741402480A0350
1001
ACAD
1000
AcDbSavedByObjectVersion
1070
     0
  0
ACAD_PROXY_OBJECT
  5
2B
102
{ACAD_REACTORS
330
2A
102
}
330
2A
100
AcDbProxyObject
 90
      499
 91
      501
 93
      380
310
41119B185D240901404333333333333E33F0000000000000F9010740A907004050150841D405064090741402480A1B50
1001
ACAD
1000
AcDbSavedByObjectVersion
1070
     0
  0
ACAD_PROXY_OBJECT
  5
2C
102
{ACAD_REACTORS
330
2A
102
}
330
2A
100
AcDbProxyObject
 90
      499
 91
      501
 93
      468
310
43519B185D15DA5D1A115919D95CD0140901404333333333333E33F0000000000000F90107409019070040501600405405064090741402480A1B50
1001
ACAD
1000
AcDbSavedByObjectVersion
1070
     0
  0
ACAD_PROXY_OBJECT
  5
2D
102
{ACAD_REACTORS
330
2A
102
}
330
2A
100
AcDbProxyObject
 90
      499
 91
      501
 93
      404
310
41D1DBDD5C985D5910240902404333333333333E33F0000000000000F9010740A9070040501641D405064090741402480A1B50
1001
ACAD
1000
AcDbSavedByObjectVersion
1070
     0
  0
ACAD_PROXY_OBJECT
  5
2E
102
{ACAD_REACTORS
330
2A
102
}
330
2A
100
AcDbProxyObject
 90
      499
 91
      501
 93
      492
310
4411DBDD5C985D5915DA5D1A115919D95CD0340902404333333333333E33F0000000000000F90107409019070040501600405405064090741402480A1B50
1001
ACAD
1000
AcDbSavedByObjectVersion
1070
     0
  0
ACAD_PROXY_OBJECT
  5
31
102
{ACAD_REACTORS
330
2A
102
}
330
2A
100
AcDbProxyObject
 90
      499
 91
      501
 93
      476
310
41921A5919195B90640502408333333333333E33F0000000000000F901079024090700405020000000000001110200405405064090740C02480A0340
1001
ACAD
1000
AcDbSavedByObjectVersion
1070
     0
  0
ACAD_PROXY_OBJECT
  5
3B
102
{ACAD_REACTORS
330
2A
102
}
330
2A
100
AcDbProxyObject
 90
      499
 91
      501
 93
      428
310
42529A5D1D195C93D999914409028333333333333E33F0000000000000F9010790141107004050150A41D405064090741402480A0350
1001
ACAD
1000
AcDbSavedByObjectVersion
1070
     0
  0
ACAD_PROXY_OBJECT
  5
38
102
{ACAD_REACTORS
330
2A
102
}
330
2A
100
AcDbProxyObject
 90
      499
 91
      501
 93
      444
310
42D31A5B995C185D1D195C9B90E409028333333333333E33F0000000000000F9010790141107004050750841D405064090741402483A0350
1001
ACAD
1000
AcDbSavedByObjectVersion
1070
     0
  0
ACAD_PROXY_OBJECT
  5
3C
102
{ACAD_REACTORS
330
2A
102
}
330
2A
100
AcDbProxyObject
 90
      499
 91
      501
 93
      444
310
42D3DD995C9A185B99D3D999915409028333333333333E33F0000000000000F9010790141107004050150941D405064090741402480A0350
1001
ACAD
1000
AcDbSavedByObjectVersion
1070
     0
  0
ACAD_PROXY_OBJECT
  5
33
102
{ACAD_REACTORS
330
2A
102
}
330
2A
100
AcDbProxyObject
 90
      499
 91
      501
 93
      428
310
425499585B1A5CDD1A58D08409038333333333333E33F0000000000000F9010740A907004050150800405405064090740C02480A1B40
1001
ACAD
1000
AcDbSavedByObjectVersion
1070
     0
  0
ACAD_PROXY_OBJECT
  5
42
102
{ACAD_REACTORS
330
2A
102
}
330
2A
100
AcDbProxyObject
 90
      499
 91
      501
 93
      420
310
4194DA1859195911B40902404333333333333E33F0000000000000F9010740A41107004050150800405405064090840C02480A0B40
1001
ACAD
1000
AcDbSavedByObjectVersion
1070
     0
  0
ACAD_PROXY_OBJECT
  5
41
102
{ACAD_REACTORS
330
2A
102
}
330
2A
100
AcDbProxyObject
 90
      499
 91
      501
 93
      516
310
4454DA18591959081DDA5D1A08195919D95CD1A40902404333333333333E33F0000000000000F901074090142907004050250800405405064090740C02480A0B40
1001
ACAD
1000
AcDbSavedByObjectVersion
1070
     0
  0
ACAD_PROXY_OBJECT
  5
3E
102
{ACAD_REACTORS
330
2A
102
}
330
2A
100
AcDbProxyObject
 90
      499
 91
      501
 93
      532
310
4394DA1859195CC81BD98811DC985E5174090240C333333333333E33F0000000000000F901079024090741D01000000000000111010841D405064090740C02480A0340
1001
ACAD
1000
AcDbSavedByObjectVersion
1070
     0
  0
ACAD_PROXY_OBJECT
  5
3F
102
{ACAD_REACTORS
330
2A
102
}
330
2A
100
AcDbProxyObject
 90
      499
 91
      501
 93
      476
310
41D4DAD95D18DA1E51840502408333333333333E33F0000000000000F901079024090741D01000000000000111010B41D405064090741802480A0340
1001
ACAD
1000
AcDbSavedByObjectVersion
1070
     0
  0
ACAD_PROXY_OBJECT
  5
37
102
{ACAD_REACTORS
330
2A
102
}
330
2A
100
AcDbProxyObject
 90
      499
 91
      501
 93
      412
310
41D51A1A58DAD95B90D409028333333333333E33F0000000000000F9010790141107004050150C41D405064090741402480A0350
1001
ACAD
1000
AcDbSavedByObjectVersion
1070
     0
  0
ACAD_PROXY_OBJECT
  5
30
102
{ACAD_REACTORS
330
2A
102
}
330
2A
100
AcDbProxyObject
 90
      499
 91
      501
 93
      420
310
4255DA5C99599C985B595059028333333333333E33F0000000000000F90107901411070040501600405405064090740C02480A0340
1001
ACAD
1000
AcDbSavedByObjectVersion
1070
     0
  0
ACAD_PROXY_OBJECT
  5
40
102
{ACAD_REACTORS
330
2A
102
}
330
2A
100
AcDbProxyObject
 90
      499
 91
      501
 93
      404
310
41560B54985E51940902404000000000000E03F0000000000000F9010740501907004050150841D405064090740C02480A1B40
1001
ACAD
1000
AcDbSavedByObjectVersion
1070
     0
  0
XRECORD
  5
25E
102
{ACAD_REACTORS
330
255
102
}
330
255
100
AcDbXrecord
 90
        0
  0
XRECORD
  5
274
102
{ACAD_REACTORS
330
255
102
}
330
255
100
AcDbXrecord
1000
DSTYLE
1002
{
1070
   279
 70
     2
1070
   340
340
11
1002
}
  0
XRECORD
  5
25F
102
{ACAD_REACTORS
330
255
102
}
330
255
100
AcDbXrecord
  1
{CF05CAAF-54A5-4F91-A50D-C9A846D38D45}
  0
XRECORD
  5
258
102
{ACAD_REACTORS
330
255
102
}
330
255
100
AcDbXrecord
  1

  0
XRECORD
  5
25D
102
{ACAD_REACTORS
330
255
102
}
330
255
100
AcDbXrecord
 90
        4
  0
XRECORD
  5
25A
102
{ACAD_REACTORS
330
255
102
}
330
255
100
AcDbXrecord
340
1A
  0
XRECORD
  5
25C
102
{ACAD_REACTORS
330
255
102
}
330
255
100
AcDbXrecord
 90
    10781
  0
XRECORD
  5
25B
102
{ACAD_REACTORS
330
255
102
}
330
255
100
AcDbXrecord
340
19
  0
XRECORD
  5
261
102
{ACAD_REACTORS
330
255
102
}
330
255
100
AcDbXrecord
 40
0.0
  0
XRECORD
  5
264
102
{ACAD_REACTORS
330
255
102
}
330
255
100
AcDbXrecord
340
0
  0
XRECORD
  5
26A
102
{ACAD_REACTORS
330
255
102
}
330
255
100
AcDbXrecord
 10
0.0
 20
0.0
 30
0.0
  0
XRECORD
  5
266
102
{ACAD_REACTORS
330
255
102
}
330
255
100
AcDbXrecord
 10
0.0
 20
0.0
 30
0.0
  0
XRECORD
  5
269
102
{ACAD_REACTORS
330
255
102
}
330
255
100
AcDbXrecord
 10
0.0
 20
0.0
 30
0.0
  0
XRECORD
  5
267
102
{ACAD_REACTORS
330
255
102
}
330
255
100
AcDbXrecord
 10
0.0
 20
0.0
 30
0.0
  0
XRECORD
  5
268
102
{ACAD_REACTORS
330
255
102
}
330
255
100
AcDbXrecord
 10
0.0
 20
0.0
 30
0.0
  0
XRECORD
  5
265
102
{ACAD_REACTORS
330
255
102
}
330
255
100
AcDbXrecord
 10
0.0
 20
0.0
 30
0.0
  0
XRECORD
  5
262
102
{ACAD_REACTORS
330
255
102
}
330
255
100
AcDbXrecord
340
0
  0
XRECORD
  5
263
102
{ACAD_REACTORS
330
255
102
}
330
255
100
AcDbXrecord
 70
     0
  0
XRECORD
  5
259
102
{ACAD_REACTORS
330
255
102
}
330
255
100
AcDbXrecord
  1

  0
XRECORD
  5
256
102
{ACAD_REACTORS
330
255
102
}
330
255
100
AcDbXrecord
 90
        1
  0
XRECORD
  5
257
102
{ACAD_REACTORS
330
255
102
}
330
255
100
AcDbXrecord
 90
       70
  0
XRECORD
  5
26D
102
{ACAD_REACTORS
330
255
102
}
330
255
100
AcDbXrecord
340
0
  0
XRECORD
  5
273
102
{ACAD_REACTORS
330
255
102
}
330
255
100
AcDbXrecord
 10
0.0
 20
0.0
 30
0.0
  0
XRECORD
  5
26F
102
{ACAD_REACTORS
330
255
102
}
330
255
100
AcDbXrecord
 10
0.0
 20
0.0
 30
0.0
  0
XRECORD
  5
272
102
{ACAD_REACTORS
330
255
102
}
330
255
100
AcDbXrecord
 10
0.0
 20
0.0
 30
0.0
  0
XRECORD
  5
270
102
{ACAD_REACTORS
330
255
102
}
330
255
100
AcDbXrecord
 10
0.0
 20
0.0
 30
0.0
  0
XRECORD
  5
271
102
{ACAD_REACTORS
330
255
102
}
330
255
100
AcDbXrecord
 10
0.0
 20
0.0
 30
0.0
  0
XRECORD
  5
26E
102
{ACAD_REACTORS
330
255
102
}
330
255
100
AcDbXrecord
 10
0.0
 20
0.0
 30
0.0
  0
XRECORD
  5
26B
102
{ACAD_REACTORS
330
255
102
}
330
255
100
AcDbXrecord
340
0
  0
XRECORD
  5
26C
102
{ACAD_REACTORS
330
255
102
}
330
255
100
AcDbXrecord
 70
     0
  0
XRECORD
  5
260
102
{ACAD_REACTORS
330
255
102
}
330
255
100
AcDbXrecord
  1
{FAEB1C32-E019-11D5-929B-00C0DF256EC4}
  0
DICTIONARYVAR
  5
27C
102
{ACAD_REACTORS
330
275
102
}
330
275
100
DictionaryVariables
280
     0
  1
1:1
  0
DICTIONARYVAR
  5
27A
102
{ACAD_REACTORS
330
275
102
}
330
275
100
DictionaryVariables
280
     0
  1
2
  0
DICTIONARYVAR
  5
27B
102
{ACAD_REACTORS
330
275
102
}
330
275
100
DictionaryVariables
280
     0
  1
1
  0
DICTIONARYVAR
  5
27D
102
{ACAD_REACTORS
330
275
102
}
330
275
100
DictionaryVariables
280
     0
  1
1
  0
DICTIONARY
  5
280
330
45
100
AcDbDictionary
280
     1
  3
ACAD_XREC_ROUNDTRIP
360
281
  0
DICTIONARY
  5
27E
330
44
100
AcDbDictionary
280
     1
  3
ACAD_XREC_ROUNDTRIP
360
27F
  0
DICTIONARY
  5
282
330
46
100
AcDbDictionary
280
     1
  3
ACAD_XREC_ROUNDTRIP
360
283
  0
XRECORD
  5
281
102
{ACAD_REACTORS
330
280
102
}
330
280
100
AcDbXrecord
102
MATERIAL
148
0.0
149
0.0
149
0.0
 93
        0
 94
      127
282
     0
 72
     1
 77
     1
171
     1
175
     1
179
     1
273
     0
  0
XRECORD
  5
27F
102
{ACAD_REACTORS
330
27E
102
}
330
27E
100
AcDbXrecord
102
MATERIAL
148
0.0
149
0.0
149
0.0
 93
        0
 94
      127
282
     0
 72
     1
 77
     1
171
     1
175
     1
179
     1
273
     0
  0
XRECORD
  5
283
102
{ACAD_REACTORS
330
282
102
}
330
282
100
AcDbXrecord
102
MATERIAL
148
0.0
149
0.0
149
0.0
 93
        0
 94
      127
282
     0
 72
     1
 77
     1
171
     1
175
     1
179
     1
273
     0
  0
ENDSEC
  0
EOF
