  0
SECTION
  2
HEADER
  9
$ACADVER
  1
AC1014
  9
$ACADMAINTVER
 70
     9
  9
$DWGCODEPAGE
  3
ANSI_1252
  9
$INSBASE
 10
0.0
 20
0.0
 30
0.0
  9
$EXTMIN
 10
5.000730833333333
 20
5.000342777777777
 30
0.0
  9
$EXTMAX
 10
404.9992958333332
 20
224.9996205555555
 30
0.0
  9
$LIMMIN
 10
0.0
 20
0.0
  9
$LIMMAX
 10
12.0
 20
9.0
  9
$ORTHOMODE
 70
     0
  9
$REGENMODE
 70
     1
  9
$FILLMODE
 70
     1
  9
$QTEXTMODE
 70
     0
  9
$MIRRTEXT
 70
     1
  9
$DRAGMODE
 70
     2
  9
$LTSCALE
 40
1.0
  9
$OSMODE
 70
    37
  9
$ATTMODE
 70
     1
  9
$TEXTSIZE
 40
0.2
  9
$TRACEWID
 40
0.05
  9
$TEXTSTYLE
  7
STANDARD
  9
$CLAYER
  8
DEFAULT
  9
$CELTYPE
  6
BYLAYER
  9
$CECOLOR
 62
   256
  9
$CELTSCALE
 40
1.0
  9
$DELOBJ
 70
     1
  9
$DISPSILH
 70
     0
  9
$DIMSCALE
 40
1.0
  9
$DIMASZ
 40
0.18
  9
$DIMEXO
 40
0.0625
  9
$DIMDLI
 40
0.38
  9
$DIMRND
 40
0.0
  9
$DIMDLE
 40
0.0
  9
$DIMEXE
 40
0.18
  9
$DIMTP
 40
0.0
  9
$DIMTM
 40
0.0
  9
$DIMTXT
 40
0.18
  9
$DIMCEN
 40
0.09
  9
$DIMTSZ
 40
0.0
  9
$DIMTOL
 70
     0
  9
$DIMLIM
 70
     0
  9
$DIMTIH
 70
     1
  9
$DIMTOH
 70
     1
  9
$DIMSE1
 70
     0
  9
$DIMSE2
 70
     0
  9
$DIMTAD
 70
     0
  9
$DIMZIN
 70
     0
  9
$DIMBLK
  1

  9
$DIMASO
 70
     1
  9
$DIMSHO
 70
     1
  9
$DIMPOST
  1

  9
$DIMAPOST
  1

  9
$DIMALT
 70
     0
  9
$DIMALTD
 70
     2
  9
$DIMALTF
 40
25.4
  9
$DIMLFAC
 40
1.0
  9
$DIMTOFL
 70
     0
  9
$DIMTVP
 40
0.0
  9
$DIMTIX
 70
     0
  9
$DIMSOXD
 70
     0
  9
$DIMSAH
 70
     0
  9
$DIMBLK1
  1

  9
$DIMBLK2
  1

  9
$DIMSTYLE
  2
STANDARD
  9
$DIMCLRD
 70
     0
  9
$DIMCLRE
 70
     0
  9
$DIMCLRT
 70
     0
  9
$DIMTFAC
 40
1.0
  9
$DIMGAP
 40
0.09
  9
$DIMJUST
 70
     0
  9
$DIMSD1
 70
     0
  9
$DIMSD2
 70
     0
  9
$DIMTOLJ
 70
     1
  9
$DIMTZIN
 70
     0
  9
$DIMALTZ
 70
     0
  9
$DIMALTTZ
 70
     0
  9
$DIMFIT
 70
     5
  9
$DIMUPT
 70
     0
  9
$DIMUNIT
 70
     2
  9
$DIMDEC
 70
     4
  9
$DIMTDEC
 70
     4
  9
$DIMALTU
 70
     2
  9
$DIMALTTD
 70
     2
  9
$DIMTXSTY
  7
STANDARD
  9
$DIMAUNIT
 70
     0
  9
$LUNITS
 70
     2
  9
$LUPREC
 70
     3
  9
$SKETCHINC
 40
0.1
  9
$FILLETRAD
 40
0.5
  9
$AUNITS
 70
     0
  9
$AUPREC
 70
     0
  9
$MENU
  1
.
  9
$ELEVATION
 40
0.0
  9
$PELEVATION
 40
0.0
  9
$THICKNESS
 40
0.0
  9
$LIMCHECK
 70
     0
  9
$CHAMFERA
 40
0.0
  9
$CHAMFERB
 40
0.0
  9
$CHAMFERC
 40
0.0
  9
$CHAMFERD
 40
0.0
  9
$SKPOLY
 70
     0
  9
$TDCREATE
 40
2460261.606649699
  9
$TDUPDATE
 40
2460261.606650417
  9
$TDINDWG
 40
0.0000000116
  9
$TDUSRTIMER
 40
0.0000000116
  9
$USRTIMER
 70
     1
  9
$ANGBASE
 50
0.0
  9
$ANGDIR
 70
     0
  9
$PDMODE
 70
     0
  9
$PDSIZE
 40
0.0
  9
$PLINEWID
 40
0.0
  9
$COORDS
 70
     1
  9
$SPLFRAME
 70
     0
  9
$SPLINETYPE
 70
     6
  9
$SPLINESEGS
 70
     8
  9
$ATTDIA
 70
     0
  9
$ATTREQ
 70
     1
  9
$HANDLING
 70
     1
  9
$HANDSEED
  5
694
  9
$SURFTAB1
 70
     6
  9
$SURFTAB2
 70
     6
  9
$SURFTYPE
 70
     6
  9
$SURFU
 70
     6
  9
$SURFV
 70
     6
  9
$UCSNAME
  2

  9
$UCSORG
 10
0.0
 20
0.0
 30
0.0
  9
$UCSXDIR
 10
1.0
 20
0.0
 30
0.0
  9
$UCSYDIR
 10
0.0
 20
1.0
 30
0.0
  9
$PUCSNAME
  2

  9
$PUCSORG
 10
0.0
 20
0.0
 30
0.0
  9
$PUCSXDIR
 10
1.0
 20
0.0
 30
0.0
  9
$PUCSYDIR
 10
0.0
 20
1.0
 30
0.0
  9
$USERI1
 70
     0
  9
$USERI2
 70
     0
  9
$USERI3
 70
     0
  9
$USERI4
 70
     0
  9
$USERI5
 70
     0
  9
$USERR1
 40
0.0
  9
$USERR2
 40
0.0
  9
$USERR3
 40
0.0
  9
$USERR4
 40
0.0
  9
$USERR5
 40
0.0
  9
$WORLDVIEW
 70
     1
  9
$SHADEDGE
 70
     3
  9
$SHADEDIF
 70
    70
  9
$TILEMODE
 70
     1
  9
$MAXACTVP
 70
    64
  9
$PINSBASE
 10
0.0
 20
0.0
 30
0.0
  9
$PLIMCHECK
 70
     0
  9
$PEXTMIN
 10
1.000000000000000E+20
 20
1.000000000000000E+20
 30
1.000000000000000E+20
  9
$PEXTMAX
 10
-1.000000000000000E+20
 20
-1.000000000000000E+20
 30
-1.000000000000000E+20
  9
$PLIMMIN
 10
0.0
 20
0.0
  9
$PLIMMAX
 10
12.0
 20
9.0
  9
$UNITMODE
 70
     0
  9
$VISRETAIN
 70
     1
  9
$PLINEGEN
 70
     0
  9
$PSLTSCALE
 70
     1
  9
$TREEDEPTH
 70
  3020
  9
$PICKSTYLE
 70
     1
  9
$CMLSTYLE
  2
STANDARD
  9
$CMLJUST
 70
     0
  9
$CMLSCALE
 40
1.0
  9
$PROXYGRAPHICS
 70
     1
  9
$MEASUREMENT
 70
     0
  0
ENDSEC
  0
SECTION
  2
CLASSES
  0
CLASS
  1
ACDBDICTIONARYWDFLT
  2
AcDbDictionaryWithDefault
  3
ObjectDBX Classes
 90
        0
280
     0
281
     0
  0
CLASS
  1
VISUALSTYLE
  2
AcDbVisualStyle
  3
ObjectDBX Classes
 90
     4095
280
     0
281
     0
  0
CLASS
  1
MATERIAL
  2
AcDbMaterial
  3
ObjectDBX Classes
 90
     1153
280
     0
281
     0
  0
CLASS
  1
SCALE
  2
AcDbScale
  3
ObjectDBX Classes
 90
     1153
280
     0
281
     0
  0
CLASS
  1
SUN
  2
AcDbSun
  3
SCENEOE
 90
     1153
280
     0
281
     0
  0
CLASS
  1
DICTIONARYVAR
  2
AcDbDictionaryVar
  3
ObjectDBX Classes
 90
        0
280
     0
281
     0
  0
CLASS
  1
XRECORD
  2
AcDbXrecord
  3
ObjectDBX Classes
 90
        0
280
     0
281
     0
  0
CLASS
  1
LWPOLYLINE
  2
AcDbPolyline
  3
ObjectDBX Classes
 90
        0
280
     0
281
     1
  0
CLASS
  1
HATCH
  2
AcDbHatch
  3
ObjectDBX Classes
 90
        0
280
     0
281
     1
  0
CLASS
  1
ACDBPLACEHOLDER
  2
AcDbPlaceHolder
  3
ObjectDBX Classes
 90
        0
280
     0
281
     0
  0
CLASS
  1
LAYOUT
  2
AcDbLayout
  3
ObjectDBX Classes
 90
        0
280
     0
281
     0
  0
ENDSEC
  0
SECTION
  2
TABLES
  0
TABLE
  2
VPORT
  5
8
330
0
100
AcDbSymbolTable
 70
     1
  0
VPORT
  5
29
330
8
100
AcDbSymbolTableRecord
100
AcDbViewportTableRecord
  2
*ACTIVE
 70
     0
 10
0.0
 20
0.0
 11
1.0
 21
1.0
 12
205.0000133333333
 22
114.9999816666667
 13
0.0
 23
0.0
 14
0.5
 24
0.5
 15
0.5
 25
0.5
 16
0.0
 26
0.0
 36
1.0
 17
0.0
 27
0.0
 37
0.0
 40
224.3992633333333
 41
1.818181264231423
 42
50.0
 43
0.0
 44
0.0
 50
0.0
 51
0.0
 71
     0
 72
   100
 73
     1
 74
     3
 75
     0
 76
     0
 77
     0
 78
     0
  0
ENDTAB
  0
TABLE
  2
LTYPE
  5
5
330
0
100
AcDbSymbolTable
 70
     1
  0
LTYPE
  5
14
330
5
100
AcDbSymbolTableRecord
100
AcDbLinetypeTableRecord
  2
BYBLOCK
 70
     0
  3

 72
    65
 73
     0
 40
0.0
  0
LTYPE
  5
15
330
5
100
AcDbSymbolTableRecord
100
AcDbLinetypeTableRecord
  2
BYLAYER
 70
     0
  3

 72
    65
 73
     0
 40
0.0
  0
LTYPE
  5
16
330
5
100
AcDbSymbolTableRecord
100
AcDbLinetypeTableRecord
  2
CONTINUOUS
 70
     0
  3
Solid line
 72
    65
 73
     0
 40
0.0
  0
ENDTAB
  0
TABLE
  2
LAYER
  5
2
330
0
100
AcDbSymbolTable
 70
     2
  0
LAYER
  5
10
330
2
100
AcDbSymbolTableRecord
100
AcDbLayerTableRecord
  2
0
 70
     0
 62
     7
  6
CONTINUOUS
  0
LAYER
  5
6A
330
2
100
AcDbSymbolTableRecord
100
AcDbLayerTableRecord
  2
DEFAULT
 70
     0
 62
    18
  6
CONTINUOUS
  0
ENDTAB
  0
TABLE
  2
STYLE
  5
3
330
0
100
AcDbSymbolTable
 70
     1
  0
STYLE
  5
11
330
3
100
AcDbSymbolTableRecord
100
AcDbTextStyleTableRecord
  2
STANDARD
 70
     0
 40
0.0
 41
1.0
 50
0.0
 71
     0
 42
0.2
  3
txt
  4

  0
ENDTAB
  0
TABLE
  2
VIEW
  5
6
330
0
100
AcDbSymbolTable
 70
     0
  0
ENDTAB
  0
TABLE
  2
UCS
  5
7
330
0
100
AcDbSymbolTable
 70
     0
  0
ENDTAB
  0
TABLE
  2
APPID
  5
9
330
0
100
AcDbSymbolTable
 70
     1
  0
APPID
  5
12
330
9
100
AcDbSymbolTableRecord
100
AcDbRegAppTableRecord
  2
ACAD
 70
     0
  0
ENDTAB
  0
TABLE
  2
DIMSTYLE
  5
A
330
0
100
AcDbSymbolTable
 70
     1
  0
DIMSTYLE
105
27
330
A
100
AcDbSymbolTableRecord
100
AcDbDimStyleTableRecord
  2
STANDARD
 70
     0
  3

  4

  5

  6

  7

 40
1.0
 41
0.18
 42
0.0625
 43
0.38
 44
0.18
 45
0.0
 46
0.0
 47
0.0
 48
0.0
140
0.18
141
0.09
142
0.0
143
25.4
144
1.0
145
0.0
146
1.0
147
0.09
 71
     0
 72
     0
 73
     1
 74
     1
 75
     0
 76
     0
 77
     0
 78
     0
170
     0
171
     2
172
     0
173
     0
174
     0
175
     0
176
     0
177
     0
178
     0
270
     2
271
     4
272
     4
273
     2
274
     2
340
11
275
     0
280
     0
281
     0
282
     0
283
     1
284
     0
285
     0
286
     0
287
     3
288
     0
  0
ENDTAB
  0
TABLE
  2
BLOCK_RECORD
  5
1
330
0
100
AcDbSymbolTable
 70
     1
  0
BLOCK_RECORD
  5
1F
330
1
100
AcDbSymbolTableRecord
100
AcDbBlockTableRecord
  2
*MODEL_SPACE
  0
BLOCK_RECORD
  5
1B
330
1
100
AcDbSymbolTableRecord
100
AcDbBlockTableRecord
  2
*PAPER_SPACE
  0
ENDTAB
  0
ENDSEC
  0
SECTION
  2
BLOCKS
  0
BLOCK
  5
20
330
1F
100
AcDbEntity
  8
0
100
AcDbBlockBegin
  2
*MODEL_SPACE
 70
     0
 10
0.0
 20
0.0
 30
0.0
  3
*MODEL_SPACE
  1

  0
ENDBLK
  5
21
330
1F
100
AcDbEntity
  8
0
100
AcDbBlockEnd
  0
BLOCK
  5
1C
330
1B
100
AcDbEntity
 67
     1
  8
0
100
AcDbBlockBegin
  2
*PAPER_SPACE
 70
     0
 10
0.0
 20
0.0
 30
0.0
  3
*PAPER_SPACE
  1

  0
ENDBLK
  5
1D
330
1B
100
AcDbEntity
 67
     1
  8
0
100
AcDbBlockEnd
  0
ENDSEC
  0
SECTION
  2
ENTITIES
  0
SPLINE
  5
6B
330
1F
100
AcDbEntity
  8
DEFAULT
 62
     1
100
AcDbSpline
210
0.0
220
0.0
230
1.0
 70
     8
 71
     3
 72
    38
 73
    34
 74
     0
 42
0.000000001
 43
0.0000000001
 40
0.0
 40
0.0
 40
0.0
 40
0.0
 40
3.740000000000009
 40
3.740000000000009
 40
3.740000000000009
 40
13.65000504540737
 40
13.65000504540737
 40
13.65000504540737
 40
14.65000504540737
 40
14.65000504540737
 40
14.65000504540737
 40
15.65000504540737
 40
15.65000504540737
 40
15.65000504540737
 40
16.65000504540737
 40
16.65000504540737
 40
16.65000504540737
 40
17.65000504540737
 40
17.65000504540737
 40
17.65000504540737
 40
18.65000504540737
 40
18.65000504540737
 40
18.65000504540737
 40
19.65000504540737
 40
19.65000504540737
 40
19.65000504540737
 40
20.65000504540737
 40
20.65000504540737
 40
20.65000504540737
 40
30.55818853179881
 40
30.55818853179881
 40
30.55818853179881
 40
34.33265538156711
 40
34.33265538156711
 40
34.33265538156711
 40
34.33265538156711
 10
247.2770433333333
 20
203.0919794444444
 30
0.0
 10
247.7168396296296
 20
203.0919794444444
 30
0.0
 10
248.1566359259259
 20
203.0919794444444
 30
0.0
 10
248.5964322222222
 20
203.0919794444444
 30
0.0
 10
248.5976081481481
 20
204.257322037037
 30
0.0
 10
248.598784074074
 20
205.4226646296296
 30
0.0
 10
248.59996
 20
206.5880072222222
 30
0.0
 10
248.59996
 20
206.8596461111111
 30
0.0
 10
248.5505711111111
 20
207.3711738888889
 30
0.0
 10
248.5470433333333
 20
208.337785
 30
0.0
 10
248.5505711111111
 20
209.290285
 30
0.0
 10
248.5752655555555
 20
210.0663961111111
 30
0.0
 10
248.59996
 20
210.0875627777778
 30
0.0
 10
251.5985711111111
 20
210.0875627777778
 30
0.0
 10
251.5174322222222
 20
205.035785
 30
0.0
 10
251.1540711111111
 20
201.3633683333333
 30
0.0
 10
250.7014572222222
 20
196.7754933333333
 30
0.0
 10
249.4007655555556
 20
195.4705683333333
 30
0.0
 10
252.5214377777777
 20
192.7375988888889
 30
0.0
 10
254.7114822222222
 20
190.824485
 30
0.0
 10
255.7317155555556
 20
187.7997683333333
 30
0.0
 10
255.0205155555556
 20
186.5361183333333
 30
0.0
 10
254.9887655555555
 20
186.5220072222222
 30
0.0
 10
254.3008488888889
 20
186.8818405555555
 30
0.0
 10
253.4682933333333
 20
187.3475072222222
 30
0.0
 10
252.6251544444444
 20
187.8202294444444
 30
0.0
 10
252.2088766666667
 20
188.113035
 30
0.0
 10
251.9689877777778
 20
188.2470905555555
 30
0.0
 10
250.9529877777777
 20
188.8174146296296
 30
0.0
 10
249.9369877777777
 20
189.3877387037037
 30
0.0
 10
248.9209877777778
 20
189.9580627777778
 30
0.0
 10
248.7034414814815
 20
189.5711831481482
 30
0.0
 10
248.4858951851851
 20
189.1843035185185
 30
0.0
 10
248.2683488888889
 20
188.7974238888889
 30
0.0
  0
POLYLINE
  5
6C
330
1F
100
AcDbEntity
  8
DEFAULT
 62
     1
100
AcDb2dPolyline
 66
     1
 10
0.0
 20
0.0
 30
0.0
  0
VERTEX
  5
6D
330
6C
100
AcDbEntity
  8
DEFAULT
 62
     1
100
AcDbVertex
100
AcDb2dVertex
 10
248.59996
 20
210.0875627777778
 30
0.0
  0
VERTEX
  5
6E
330
6C
100
AcDbEntity
  8
DEFAULT
 62
     1
100
AcDbVertex
100
AcDb2dVertex
 10
247.2770433333333
 20
210.0875627777778
 30
0.0
  0
SEQEND
  5
6F
330
6C
100
AcDbEntity
  8
DEFAULT
 62
     1
  0
POLYLINE
  5
70
330
1F
100
AcDbEntity
  8
DEFAULT
 62
     1
100
AcDb2dPolyline
 66
     1
 10
0.0
 20
0.0
 30
0.0
  0
VERTEX
  5
71
330
70
100
AcDbEntity
  8
DEFAULT
 62
     1
100
AcDbVertex
100
AcDb2dVertex
 10
246.9277933333333
 20
210.0910905555556
 30
0.0
  0
VERTEX
  5
72
330
70
100
AcDbEntity
  8
DEFAULT
 62
     1
100
AcDbVertex
100
AcDb2dVertex
 10
245.6013488888889
 20
210.0910905555556
 30
0.0
  0
SEQEND
  5
73
330
70
100
AcDbEntity
  8
DEFAULT
 62
     1
  0
POLYLINE
  5
74
330
1F
100
AcDbEntity
  8
DEFAULT
 62
     1
100
AcDb2dPolyline
 66
     1
 10
0.0
 20
0.0
 30
0.0
  0
VERTEX
  5
75
330
74
100
AcDbEntity
  8
DEFAULT
 62
     1
100
AcDbVertex
100
AcDb2dVertex
 10
254.2020711111111
 20
185.0756183333334
 30
0.0
  0
VERTEX
  5
76
330
74
100
AcDbEntity
  8
DEFAULT
 62
     1
100
AcDbVertex
100
AcDb2dVertex
 10
253.55296
 20
183.9185072222222
 30
0.0
  0
SEQEND
  5
77
330
74
100
AcDbEntity
  8
DEFAULT
 62
     1
  0
POLYLINE
  5
78
330
1F
100
AcDbEntity
  8
DEFAULT
 62
     1
100
AcDb2dPolyline
 66
     1
 10
0.0
 20
0.0
 30
0.0
  0
VERTEX
  5
79
330
78
100
AcDbEntity
  8
DEFAULT
 62
     1
100
AcDbVertex
100
AcDb2dVertex
 10
255.0205155555555
 20
186.5361183333333
 30
0.0
  0
VERTEX
  5
7A
330
78
100
AcDbEntity
  8
DEFAULT
 62
     1
100
AcDbVertex
100
AcDb2dVertex
 10
254.3714044444444
 20
185.382535
 30
0.0
  0
SEQEND
  5
7B
330
78
100
AcDbEntity
  8
DEFAULT
 62
     1
  0
POLYLINE
  5
7C
330
1F
100
AcDbEntity
  8
DEFAULT
 62
     1
100
AcDb2dPolyline
 66
     1
 10
0.0
 20
0.0
 30
0.0
  0
VERTEX
  5
7D
330
7C
100
AcDbEntity
  8
DEFAULT
 62
     1
100
AcDbVertex
100
AcDb2dVertex
 10
236.8983211111111
 20
192.1311738888889
 30
0.0
  0
VERTEX
  5
7E
330
7C
100
AcDbEntity
  8
DEFAULT
 62
     1
100
AcDbVertex
100
AcDb2dVertex
 10
236.24921
 20
190.9740627777778
 30
0.0
  0
SEQEND
  5
7F
330
7C
100
AcDbEntity
  8
DEFAULT
 62
     1
  0
POLYLINE
  5
80
330
1F
100
AcDbEntity
  8
DEFAULT
 62
     1
100
AcDb2dPolyline
 66
     1
 10
0.0
 20
0.0
 30
0.0
  0
VERTEX
  5
81
330
80
100
AcDbEntity
  8
DEFAULT
 62
     1
100
AcDbVertex
100
AcDb2dVertex
 10
236.0798766666666
 20
190.6671461111111
 30
0.0
  0
VERTEX
  5
82
330
80
100
AcDbEntity
  8
DEFAULT
 62
     1
100
AcDbVertex
100
AcDb2dVertex
 10
235.4307655555555
 20
189.5135627777778
 30
0.0
  0
SEQEND
  5
83
330
80
100
AcDbEntity
  8
DEFAULT
 62
     1
  0
SPLINE
  5
84
330
1F
100
AcDbEntity
  8
DEFAULT
 62
     1
100
AcDbSpline
210
0.0
220
0.0
230
1.0
 70
     8
 71
     3
 72
    74
 73
    70
 74
     0
 42
0.000000001
 43
0.0000000001
 40
0.0
 40
0.0
 40
0.0
 40
0.0
 40
3.75
 40
3.75
 40
3.75
 40
13.66999999999996
 40
13.66999999999996
 40
13.66999999999996
 40
14.66999999999996
 40
14.66999999999996
 40
14.66999999999996
 40
15.66999999999996
 40
15.66999999999996
 40
15.66999999999996
 40
16.66999999999996
 40
16.66999999999996
 40
16.66999999999996
 40
17.66999999999996
 40
17.66999999999996
 40
17.66999999999996
 40
18.66999999999996
 40
18.66999999999996
 40
18.66999999999996
 40
19.66999999999996
 40
19.66999999999996
 40
19.66999999999996
 40
20.66999999999996
 40
20.66999999999996
 40
20.66999999999996
 40
21.66999999999996
 40
21.66999999999996
 40
21.66999999999996
 40
22.66999999999996
 40
22.66999999999996
 40
22.66999999999996
 40
32.60051861686986
 40
32.60051861686986
 40
32.60051861686986
 40
41.0983830544801
 40
41.0983830544801
 40
41.0983830544801
 40
51.01528781352664
 40
51.01528781352664
 40
51.01528781352664
 40
52.01528781352664
 40
52.01528781352664
 40
52.01528781352664
 40
53.01528781352664
 40
53.01528781352664
 40
53.01528781352664
 40
54.01528781352664
 40
54.01528781352664
 40
54.01528781352664
 40
55.01528781352664
 40
55.01528781352664
 40
55.01528781352664
 40
56.01528781352664
 40
56.01528781352664
 40
56.01528781352664
 40
57.01528781352664
 40
57.01528781352664
 40
57.01528781352664
 40
58.01528781352664
 40
58.01528781352664
 40
58.01528781352664
 40
67.93219257257317
 40
67.93219257257317
 40
67.93219257257317
 40
71.66199149476725
 40
71.66199149476725
 40
71.66199149476725
 40
71.66199149476725
 10
246.9242655555555
 20
203.0919794444444
 30
0.0
 10
246.4832933333333
 20
203.0919794444444
 30
0.0
 10
246.0423211111111
 20
203.0919794444444
 30
0.0
 10
245.6013488888889
 20
203.0919794444444
 30
0.0
 10
245.6013488888889
 20
204.2584979629629
 30
0.0
 10
245.6013488888889
 20
205.4250164814815
 30
0.0
 10
245.6013488888889
 20
206.591535
 30
0.0
 10
245.6013488888889
 20
206.8596461111111
 30
0.0
 10
245.6507377777777
 20
207.3711738888889
 30
0.0
 10
245.6507377777777
 20
208.337785
 30
0.0
 10
245.6542655555555
 20
209.3043961111111
 30
0.0
 10
245.6330988888889
 20
210.0910905555556
 30
0.0
 10
245.6013488888889
 20
210.0910905555556
 30
0.0
 10
243.4105988888889
 20
210.0910905555556
 30
0.0
 10
244.40896
 20
208.9304516666666
 30
0.0
 10
241.9465711111111
 20
208.6376461111111
 30
0.0
 10
239.0890711111111
 20
208.3025072222222
 30
0.0
 10
238.7821544444444
 20
210.2357294444444
 30
0.0
 10
239.2442933333333
 20
206.8878683333333
 30
0.0
 10
239.6887933333333
 20
203.702285
 30
0.0
 10
241.7243211111111
 20
200.0616183333333
 30
0.0
 10
243.1954044444444
 20
198.400035
 30
0.0
 10
246.6808488888888
 20
194.4595072222222
 30
0.0
 10
247.45696
 20
192.7591183333333
 30
0.0
 10
244.2607933333333
 20
193.7398405555555
 30
0.0
 10
241.90071
 20
194.4700905555555
 30
0.0
 10
238.1436266666666
 20
194.3466183333333
 30
0.0
 10
236.8983211111111
 20
192.1311738888889
 30
0.0
 10
236.8983211111111
 20
192.0994238888889
 30
0.0
 10
237.5650711111111
 20
191.700785
 30
0.0
 10
238.4011544444444
 20
191.2280627777778
 30
0.0
 10
239.2442933333333
 20
190.7553405555555
 30
0.0
 10
239.7134877777777
 20
190.5472016666667
 30
0.0
 10
239.9463211111111
 20
190.4166738888889
 30
0.0
 10
240.964672962963
 20
189.8451738888889
 30
0.0
 10
241.9830248148148
 20
189.2736738888889
 30
0.0
 10
243.0013766666667
 20
188.7021738888889
 30
0.0
 10
242.5121914814814
 20
187.8308127777778
 30
0.0
 10
242.0230062962963
 20
186.9594516666667
 30
0.0
 10
241.5338211111111
 20
186.0880905555555
 30
0.0
 10
240.5166451851852
 20
186.6584146296296
 30
0.0
 10
239.4994692592593
 20
187.2287387037037
 30
0.0
 10
238.4822933333333
 20
187.7990627777777
 30
0.0
 10
238.2424044444444
 20
187.9331183333333
 30
0.0
 10
237.8225988888889
 20
188.2259238888889
 30
0.0
 10
236.97946
 20
188.6986461111111
 30
0.0
 10
236.1504322222222
 20
189.1678405555555
 30
0.0
 10
235.4625155555555
 20
189.5276738888889
 30
0.0
 10
235.4307655555555
 20
189.5135627777778
 30
0.0
 10
234.4853211111111
 20
187.8308127777778
 30
0.0
 10
236.91596
 20
185.1214794444444
 30
0.0
 10
240.1438766666666
 20
183.4810627777778
 30
0.0
 10
245.1321544444444
 20
180.9445905555555
 30
0.0
 10
242.7791266666667
 20
178.619785
 30
0.0
 10
246.9912933333333
 20
180.8387572222222
 30
0.0
 10
249.9087655555556
 20
182.3768683333333
 30
0.0
 10
252.0854044444444
 20
181.3044238888889
 30
0.0
 10
253.55296
 20
183.922035
 30
0.0
 10
253.55296
 20
183.9502572222222
 30
0.0
 10
252.8897377777778
 20
184.3488961111111
 30
0.0
 10
252.0501266666666
 20
184.8180905555556
 30
0.0
 10
251.2069877777778
 20
185.2943405555555
 30
0.0
 10
250.7413211111111
 20
185.4989516666666
 30
0.0
 10
250.5014322222222
 20
185.6330072222222
 30
0.0
 10
249.4842562962963
 20
186.2033312962963
 30
0.0
 10
248.4670803703704
 20
186.7736553703704
 30
0.0
 10
247.4499044444444
 20
187.3439794444444
 30
0.0
 10
247.6650988888889
 20
187.7261553703704
 30
0.0
 10
247.8802933333333
 20
188.1083312962963
 30
0.0
 10
248.0954877777778
 20
188.4905072222222
 30
0.0
  0
POLYLINE
  5
85
330
1F
100
AcDbEntity
  8
DEFAULT
 62
    18
100
AcDb2dPolyline
 66
     1
 10
0.0
 20
0.0
 30
0.0
  0
VERTEX
  5
86
330
85
100
AcDbEntity
  8
DEFAULT
 62
    18
100
AcDbVertex
100
AcDb2dVertex
 10
244.2863697222222
 20
189.9857205555555
 30
0.0
  0
VERTEX
  5
87
330
85
100
AcDbEntity
  8
DEFAULT
 62
    18
100
AcDbVertex
100
AcDb2dVertex
 10
245.0190891666666
 20
191.2899399999999
 30
0.0
  0
SEQEND
  5
88
330
85
100
AcDbEntity
  8
DEFAULT
 62
    18
  0
POLYLINE
  5
89
330
1F
100
AcDbEntity
  8
DEFAULT
 62
    18
100
AcDb2dPolyline
 66
     1
 10
0.0
 20
0.0
 30
0.0
  0
VERTEX
  5
8A
330
89
100
AcDbEntity
  8
DEFAULT
 62
    18
100
AcDbVertex
100
AcDb2dVertex
 10
244.6526588888889
 20
190.6378655555556
 30
0.0
  0
VERTEX
  5
8B
330
89
100
AcDbEntity
  8
DEFAULT
 62
    18
100
AcDbVertex
100
AcDb2dVertex
 10
246.4147838888889
 20
189.6483238888889
 30
0.0
  0
SEQEND
  5
8C
330
89
100
AcDbEntity
  8
DEFAULT
 62
    18
  0
SPLINE
  5
8D
330
1F
100
AcDbEntity
  8
DEFAULT
 62
    18
100
AcDbSpline
210
0.0
220
0.0
230
1.0
 70
     8
 71
     3
 72
    23
 73
    19
 74
     0
 42
0.000000001
 43
0.0000000001
 40
0.0
 40
0.0
 40
0.0
 40
0.0
 40
1.0
 40
1.0
 40
1.0
 40
2.0
 40
2.0
 40
2.0
 40
3.0
 40
3.0
 40
3.0
 40
4.0
 40
4.0
 40
4.0
 40
5.0
 40
5.0
 40
5.0
 40
6.0
 40
6.0
 40
6.0
 40
6.0
 10
245.3894705555556
 20
185.0334613888888
 30
0.0
 10
245.4917761111111
 20
185.0927280555555
 30
0.0
 10
245.6170122222222
 20
185.2080863888889
 30
0.0
 10
245.7073233333333
 20
185.3689530555555
 30
0.0
 10
245.8988816666667
 20
185.7100891666666
 30
0.0
 10
245.8050427777778
 20
186.0346447222222
 30
0.0
 10
245.5489261111111
 20
186.1785780555555
 30
0.0
 10
245.3587788888889
 20
186.2854697222222
 30
0.0
 10
245.1047788888889
 20
186.1327169444444
 30
0.0
 10
244.9682538888889
 20
185.8896530555555
 30
0.0
 10
244.7576455555555
 20
185.5150030555555
 30
0.0
 10
244.5114066666667
 20
185.4532669444444
 30
0.0
 10
244.2750455555556
 20
185.5859113888889
 30
0.0
 10
243.9959983333333
 20
185.7425447222222
 30
0.0
 10
243.9208566666667
 20
186.0699225
 30
0.0
 10
244.1328761111111
 20
186.4473947222222
 30
0.0
 10
244.2305955555556
 20
186.6213141666666
 30
0.0
 10
244.3635927777778
 20
186.7581919444444
 30
0.0
 10
244.4916511111111
 20
186.8329808333333
 30
0.0
  0
SPLINE
  5
8E
330
1F
100
AcDbEntity
  8
DEFAULT
 62
    18
100
AcDbSpline
210
0.0
220
0.0
230
1.0
 70
     8
 71
     3
 72
    26
 73
    22
 74
     0
 42
0.000000001
 43
0.0000000001
 40
0.0
 40
0.0
 40
0.0
 40
0.0
 40
1.0
 40
1.0
 40
1.0
 40
2.0
 40
2.0
 40
2.0
 40
3.0
 40
3.0
 40
3.0
 40
4.0
 40
4.0
 40
4.0
 40
5.0
 40
5.0
 40
5.0
 40
6.0
 40
6.0
 40
6.0
 40
7.0
 40
7.0
 40
7.0
 40
7.0
 10
246.23776
 20
201.2253969444444
 30
0.0
 10
246.5104572222222
 20
201.1534302777778
 30
0.0
 10
246.77751
 20
201.0722913888889
 30
0.0
 10
247.0114016666666
 20
200.9915052777777
 30
0.0
 10
247.0533822222222
 20
200.9766886111111
 30
0.0
 10
247.0953627777778
 20
200.9615191666666
 30
0.0
 10
247.1345211111111
 20
200.9615191666666
 30
0.0
 10
247.6139461111111
 20
200.9435275
 30
0.0
 10
248.0245794444444
 20
200.5896913888889
 30
0.0
 10
248.0245794444444
 20
199.9391691666667
 30
0.0
 10
248.0245794444444
 20
199.2914691666666
 30
0.0
 10
247.6291155555555
 20
198.8748386111111
 30
0.0
 10
247.0833683333333
 20
198.8748386111111
 30
0.0
 10
246.5344461111111
 20
198.8748386111111
 30
0.0
 10
246.1777877777778
 20
199.3006413888889
 30
0.0
 10
246.1777877777778
 20
199.8971886111111
 30
0.0
 10
246.1777877777778
 20
200.4161247222222
 30
0.0
 10
246.4921127777777
 20
200.7865413888888
 30
0.0
 10
246.72036
 20
200.8705025
 30
0.0
 10
246.94896
 20
200.9544636111111
 30
0.0
 10
247.10136
 20
200.9653997222222
 30
0.0
 10
247.10136
 20
200.9653997222222
 30
0.0
  0
SPLINE
  5
8F
330
1F
100
AcDbEntity
  8
DEFAULT
 62
     1
100
AcDbSpline
210
0.0
220
0.0
230
1.0
 70
     8
 71
     3
 72
    41
 73
    37
 74
     0
 42
0.000000001
 43
0.0000000001
 40
0.0
 40
0.0
 40
0.0
 40
0.0
 40
3.789999999999992
 40
3.789999999999992
 40
3.789999999999992
 40
24.19000245098021
 40
24.19000245098021
 40
24.19000245098021
 40
25.19000245098021
 40
25.19000245098021
 40
25.19000245098021
 40
26.19000245098021
 40
26.19000245098021
 40
26.19000245098021
 40
27.19000245098021
 40
27.19000245098021
 40
27.19000245098021
 40
28.19000245098021
 40
28.19000245098021
 40
28.19000245098021
 40
29.19000245098021
 40
29.19000245098021
 40
29.19000245098021
 40
30.19000245098021
 40
30.19000245098021
 40
30.19000245098021
 40
31.19000245098021
 40
31.19000245098021
 40
31.19000245098021
 40
32.19000245098022
 40
32.19000245098022
 40
32.19000245098022
 40
52.57000490436574
 40
52.57000490436574
 40
52.57000490436574
 40
56.29000490436574
 40
56.29000490436574
 40
56.29000490436574
 40
56.29000490436574
 10
193.7328555555555
 20
57.53798499999999
 30
0.0
 10
193.7328555555556
 20
57.09230907407406
 30
0.0
 10
193.7328555555556
 20
56.64663314814814
 30
0.0
 10
193.7328555555556
 20
56.20095722222222
 30
0.0
 10
196.1317444444444
 20
56.20213314814814
 30
0.0
 10
198.5306333333333
 20
56.20330907407407
 30
0.0
 10
200.9295222222222
 20
56.20448499999999
 30
0.0
 10
201.2011611111111
 20
56.20448499999999
 30
0.0
 10
201.7126888888889
 20
56.25387388888888
 30
0.0
 10
202.6793
 20
56.25387388888888
 30
0.0
 10
203.6459111111111
 20
56.25740166666666
 30
0.0
 10
204.4290777777778
 20
56.23270722222222
 30
0.0
 10
204.4290777777778
 20
56.20801277777777
 30
0.0
 10
204.3267722222222
 20
53.25526277777777
 30
0.0
 10
195.0099111111111
 20
52.92012388888888
 30
0.0
 10
189.7111888888889
 20
53.29054055555555
 30
0.0
 10
184.3877722222222
 20
53.66448499999999
 30
0.0
 10
177.3216333333333
 20
52.8848461111111
 30
0.0
 10
174.9544944444444
 20
51.76654055555555
 30
0.0
 10
172.5873555555555
 20
50.64823499999999
 30
0.0
 10
174.7357722222222
 20
53.41401277777777
 30
0.0
 10
171.1409666666666
 20
53.12120722222221
 30
0.0
 10
168.9502166666666
 20
52.94481833333332
 30
0.0
 10
169.0172444444444
 20
52.98362388888888
 30
0.0
 10
169.0454666666666
 20
56.18331833333333
 30
0.0
 10
169.0454666666666
 20
56.21154055555555
 30
0.0
 10
169.8286333333333
 20
56.23270722222222
 30
0.0
 10
170.7952444444444
 20
56.23623499999999
 30
0.0
 10
171.7618555555555
 20
56.23623499999999
 30
0.0
 10
172.2733833333333
 20
56.18684611111109
 30
0.0
 10
172.5450222222222
 20
56.18684611111109
 30
0.0
 10
174.9415592592592
 20
56.18802203703702
 30
0.0
 10
177.3380962962963
 20
56.18919796296296
 30
0.0
 10
179.7346333333333
 20
56.19037388888889
 30
0.0
 10
179.7346333333333
 20
56.62781833333332
 30
0.0
 10
179.7346333333333
 20
57.06526277777778
 30
0.0
 10
179.7346333333333
 20
57.50270722222221
 30
0.0
  0
POLYLINE
  5
90
330
1F
100
AcDbEntity
  8
DEFAULT
 62
     1
100
AcDb2dPolyline
 66
     1
 10
0.0
 20
0.0
 30
0.0
  0
VERTEX
  5
91
330
90
100
AcDbEntity
  8
DEFAULT
 62
     1
100
AcDbVertex
100
AcDb2dVertex
 10
204.4290777777778
 20
56.20801277777777
 30
0.0
  0
VERTEX
  5
92
330
90
100
AcDbEntity
  8
DEFAULT
 62
     1
100
AcDbVertex
100
AcDb2dVertex
 10
204.4290777777778
 20
57.53092944444444
 30
0.0
  0
SEQEND
  5
93
330
90
100
AcDbEntity
  8
DEFAULT
 62
     1
  0
POLYLINE
  5
94
330
1F
100
AcDbEntity
  8
DEFAULT
 62
     1
100
AcDb2dPolyline
 66
     1
 10
0.0
 20
0.0
 30
0.0
  0
VERTEX
  5
95
330
94
100
AcDbEntity
  8
DEFAULT
 62
     1
100
AcDbVertex
100
AcDb2dVertex
 10
204.4326055555555
 20
57.88370722222222
 30
0.0
  0
VERTEX
  5
96
330
94
100
AcDbEntity
  8
DEFAULT
 62
     1
100
AcDbVertex
100
AcDb2dVertex
 10
204.4326055555555
 20
59.20662388888888
 30
0.0
  0
SEQEND
  5
97
330
94
100
AcDbEntity
  8
DEFAULT
 62
     1
  0
POLYLINE
  5
98
330
1F
100
AcDbEntity
  8
DEFAULT
 62
     1
100
AcDb2dPolyline
 66
     1
 10
0.0
 20
0.0
 30
0.0
  0
VERTEX
  5
99
330
98
100
AcDbEntity
  8
DEFAULT
 62
     1
100
AcDbVertex
100
AcDb2dVertex
 10
169.0489944444444
 20
57.85901277777778
 30
0.0
  0
VERTEX
  5
9A
330
98
100
AcDbEntity
  8
DEFAULT
 62
     1
100
AcDbVertex
100
AcDb2dVertex
 10
169.0489944444444
 20
59.18192944444444
 30
0.0
  0
SEQEND
  5
9B
330
98
100
AcDbEntity
  8
DEFAULT
 62
     1
  0
POLYLINE
  5
9C
330
1F
100
AcDbEntity
  8
DEFAULT
 62
     1
100
AcDb2dPolyline
 66
     1
 10
0.0
 20
0.0
 30
0.0
  0
VERTEX
  5
9D
330
9C
100
AcDbEntity
  8
DEFAULT
 62
     1
100
AcDbVertex
100
AcDb2dVertex
 10
169.0454666666667
 20
56.18331833333333
 30
0.0
  0
VERTEX
  5
9E
330
9C
100
AcDbEntity
  8
DEFAULT
 62
     1
100
AcDbVertex
100
AcDb2dVertex
 10
169.0454666666667
 20
57.506235
 30
0.0
  0
SEQEND
  5
9F
330
9C
100
AcDbEntity
  8
DEFAULT
 62
     1
  0
SPLINE
  5
A0
330
1F
100
AcDbEntity
  8
DEFAULT
 62
     1
100
AcDbSpline
210
0.0
220
0.0
230
1.0
 70
     8
 71
     3
 72
    41
 73
    37
 74
     0
 42
0.000000001
 43
0.0000000001
 40
0.0
 40
0.0
 40
0.0
 40
0.0
 40
3.719999999999999
 40
3.719999999999999
 40
3.719999999999999
 40
24.12000245098022
 40
24.12000245098022
 40
24.12000245098022
 40
25.12000245098022
 40
25.12000245098022
 40
25.12000245098022
 40
26.12000245098022
 40
26.12000245098022
 40
26.12000245098022
 40
27.12000245098022
 40
27.12000245098022
 40
27.12000245098022
 40
28.12000245098022
 40
28.12000245098022
 40
28.12000245098022
 40
29.12000245098022
 40
29.12000245098022
 40
29.12000245098022
 40
30.12000245098022
 40
30.12000245098022
 40
30.12000245098022
 40
31.12000245098022
 40
31.12000245098022
 40
31.12000245098022
 40
32.12000245098022
 40
32.12000245098022
 40
32.12000245098022
 40
52.50000490436575
 40
52.50000490436575
 40
52.50000490436575
 40
56.29000490436574
 40
56.29000490436574
 40
56.29000490436574
 40
56.29000490436574
 10
193.7293277777778
 20
57.887235
 30
0.0
 10
193.7293277777777
 20
58.32467944444443
 30
0.0
 10
193.7293277777777
 20
58.76212388888888
 30
0.0
 10
193.7293277777777
 20
59.19956833333332
 30
0.0
 10
196.1282166666666
 20
59.20074425925925
 30
0.0
 10
198.5271055555555
 20
59.20192018518517
 30
0.0
 10
200.9259944444444
 20
59.2030961111111
 30
0.0
 10
201.1976333333333
 20
59.2030961111111
 30
0.0
 10
201.7091611111111
 20
59.15370722222222
 30
0.0
 10
202.6757722222222
 20
59.15370722222222
 30
0.0
 10
203.6423833333333
 20
59.15723499999999
 30
0.0
 10
204.42555
 20
59.17840166666666
 30
0.0
 10
204.42555
 20
59.20662388888888
 30
0.0
 10
204.3232444444444
 20
62.15937388888888
 30
0.0
 10
195.0063833333333
 20
62.4415961111111
 30
0.0
 10
189.7076611111111
 20
62.07117944444443
 30
0.0
 10
184.3842444444444
 20
61.697235
 30
0.0
 10
177.3181055555555
 20
62.47687388888888
 30
0.0
 10
174.9509666666666
 20
63.59517944444444
 30
0.0
 10
172.5838277777778
 20
64.71701277777777
 30
0.0
 10
174.7322444444444
 20
61.951235
 30
0.0
 10
171.1374388888889
 20
62.24404055555555
 30
0.0
 10
168.9466888888889
 20
62.42042944444444
 30
0.0
 10
169.0137166666667
 20
62.38162388888888
 30
0.0
 10
169.0419388888889
 20
59.18192944444444
 30
0.0
 10
169.0419388888889
 20
59.15723499999999
 30
0.0
 10
169.8251055555556
 20
59.13254055555555
 30
0.0
 10
170.7917166666666
 20
59.13606833333333
 30
0.0
 10
171.7583277777778
 20
59.13606833333333
 30
0.0
 10
172.2698555555556
 20
59.18545722222222
 30
0.0
 10
172.5414944444444
 20
59.18545722222222
 30
0.0
 10
174.9380314814815
 20
59.18663314814814
 30
0.0
 10
177.3345685185185
 20
59.18780907407407
 30
0.0
 10
179.7311055555555
 20
59.188985
 30
0.0
 10
179.7311055555555
 20
58.74330907407407
 30
0.0
 10
179.7311055555555
 20
58.29763314814814
 30
0.0
 10
179.7311055555555
 20
57.85195722222222
 30
0.0
  0
POLYLINE
  5
A1
330
1F
100
AcDbEntity
  8
DEFAULT
 62
    18
100
AcDb2dPolyline
 66
     1
 10
0.0
 20
0.0
 30
0.0
  0
VERTEX
  5
A2
330
A1
100
AcDbEntity
  8
DEFAULT
 62
    18
100
AcDbVertex
100
AcDb2dVertex
 10
189.8339555555555
 20
57.70100361111111
 30
0.0
  0
VERTEX
  5
A3
330
A1
100
AcDbEntity
  8
DEFAULT
 62
    18
100
AcDbVertex
100
AcDb2dVertex
 10
189.5122222222222
 20
57.70100361111111
 30
0.0
  0
SEQEND
  5
A4
330
A1
100
AcDbEntity
  8
DEFAULT
 62
    18
  0
POLYLINE
  5
A5
330
1F
100
AcDbEntity
  8
DEFAULT
 62
    18
100
AcDb2dPolyline
 66
     1
 10
0.0
 20
0.0
 30
0.0
  0
VERTEX
  5
A6
330
A5
100
AcDbEntity
  8
DEFAULT
 62
    18
100
AcDbVertex
100
AcDb2dVertex
 10
191.7501738888889
 20
57.70100361111111
 30
0.0
  0
VERTEX
  5
A7
330
A5
100
AcDbEntity
  8
DEFAULT
 62
    18
100
AcDbVertex
100
AcDb2dVertex
 10
190.2988461111111
 20
57.70100361111111
 30
0.0
  0
SEQEND
  5
A8
330
A5
100
AcDbEntity
  8
DEFAULT
 62
    18
  0
SPLINE
  5
A9
330
1F
100
AcDbEntity
  8
DEFAULT
 62
    18
100
AcDbSpline
210
0.0
220
0.0
230
1.0
 70
     8
 71
     3
 72
    17
 73
    13
 74
     0
 42
0.000000001
 43
0.0000000001
 40
0.0
 40
0.0
 40
0.0
 40
0.0
 40
2.363001904358155
 40
2.363001904358155
 40
2.363001904358155
 40
3.363001904358155
 40
3.363001904358155
 40
3.363001904358155
 40
4.363001904358155
 40
4.363001904358155
 40
4.363001904358155
 40
5.363001904358155
 40
5.363001904358155
 40
5.363001904358155
 40
5.363001904358155
 10
181.37632
 20
57.28264444444444
 30
0.0
 10
181.6541912962963
 20
57.28299722222223
 30
0.0
 10
181.9320625925926
 20
57.28335000000001
 30
0.0
 10
182.2099338888889
 20
57.28370277777777
 30
0.0
 10
182.4438255555555
 20
57.28370277777777
 30
0.0
 10
182.6413811111111
 20
57.38424444444445
 30
0.0
 10
182.6410283333333
 20
57.67140555555555
 30
0.0
 10
182.6410283333333
 20
57.86860833333333
 30
0.0
 10
182.5207311111111
 20
58.02453611111111
 30
0.0
 10
182.3767977777778
 20
58.07956944444444
 30
0.0
 10
182.3408144444444
 20
58.09685555555555
 30
0.0
 10
182.3020088888889
 20
58.10038333333333
 30
0.0
 10
182.2508561111111
 20
58.10003055555556
 30
0.0
  0
POLYLINE
  5
AA
330
1F
100
AcDbEntity
  8
DEFAULT
 62
    18
100
AcDb2dPolyline
 66
     1
 10
0.0
 20
0.0
 30
0.0
  0
VERTEX
  5
AB
330
AA
100
AcDbEntity
  8
DEFAULT
 62
    18
100
AcDbVertex
100
AcDb2dVertex
 10
181.3753675
 20
58.09918388888888
 30
0.0
  0
VERTEX
  5
AC
330
AA
100
AcDbEntity
  8
DEFAULT
 62
    18
100
AcDbVertex
100
AcDb2dVertex
 10
183.5040286111111
 20
58.10165333333332
 30
0.0
  0
SEQEND
  5
AD
330
AA
100
AcDbEntity
  8
DEFAULT
 62
    18
  0
SPLINE
  5
AE
330
1F
100
AcDbEntity
  8
DEFAULT
 62
     1
100
AcDbSpline
210
0.0
220
0.0
230
1.0
 70
     8
 71
     3
 72
    41
 73
    37
 74
     0
 42
0.000000001
 43
0.0000000001
 40
0.0
 40
0.0
 40
0.0
 40
0.0
 40
3.789999999999992
 40
3.789999999999992
 40
3.789999999999992
 40
24.19000245098021
 40
24.19000245098021
 40
24.19000245098021
 40
25.19000245098021
 40
25.19000245098021
 40
25.19000245098021
 40
26.19000245098021
 40
26.19000245098021
 40
26.19000245098021
 40
27.19000245098021
 40
27.19000245098021
 40
27.19000245098021
 40
28.19000245098021
 40
28.19000245098021
 40
28.19000245098021
 40
29.19000245098021
 40
29.19000245098021
 40
29.19000245098021
 40
30.19000245098021
 40
30.19000245098021
 40
30.19000245098021
 40
31.19000245098021
 40
31.19000245098021
 40
31.19000245098021
 40
32.19000245098022
 40
32.19000245098022
 40
32.19000245098022
 40
52.57000490436585
 40
52.57000490436585
 40
52.57000490436585
 40
56.29000490436585
 40
56.29000490436585
 40
56.29000490436585
 40
56.29000490436585
 10
231.3945644444444
 20
57.53798499999999
 30
0.0
 10
231.3945644444444
 20
57.09230907407406
 30
0.0
 10
231.3945644444444
 20
56.64663314814814
 30
0.0
 10
231.3945644444444
 20
56.20095722222222
 30
0.0
 10
233.7934533333333
 20
56.20213314814814
 30
0.0
 10
236.1923422222222
 20
56.20330907407407
 30
0.0
 10
238.5912311111111
 20
56.20448499999999
 30
0.0
 10
238.86287
 20
56.20448499999999
 30
0.0
 10
239.3743977777778
 20
56.25387388888888
 30
0.0
 10
240.3410088888889
 20
56.25387388888888
 30
0.0
 10
241.30762
 20
56.25740166666666
 30
0.0
 10
242.0907866666667
 20
56.23270722222222
 30
0.0
 10
242.0907866666667
 20
56.20801277777777
 30
0.0
 10
241.9884811111111
 20
53.25526277777777
 30
0.0
 10
232.67162
 20
52.92012388888888
 30
0.0
 10
227.3728977777778
 20
53.29054055555555
 30
0.0
 10
222.0494811111111
 20
53.66448499999999
 30
0.0
 10
214.9833422222222
 20
52.8848461111111
 30
0.0
 10
212.6162033333333
 20
51.76654055555555
 30
0.0
 10
210.2490644444445
 20
50.64823499999999
 30
0.0
 10
212.3974811111111
 20
53.41401277777777
 30
0.0
 10
208.8026755555556
 20
53.12120722222221
 30
0.0
 10
206.6119255555555
 20
52.94481833333332
 30
0.0
 10
206.6789533333333
 20
52.98362388888888
 30
0.0
 10
206.7071755555555
 20
56.18331833333333
 30
0.0
 10
206.7071755555555
 20
56.21154055555555
 30
0.0
 10
207.4903422222222
 20
56.23270722222222
 30
0.0
 10
208.4569533333333
 20
56.23623499999999
 30
0.0
 10
209.4235644444445
 20
56.23623499999999
 30
0.0
 10
209.9350922222222
 20
56.18684611111109
 30
0.0
 10
210.2067311111111
 20
56.18684611111109
 30
0.0
 10
212.6032681481481
 20
56.18802203703702
 30
0.0
 10
214.9998051851852
 20
56.18919796296296
 30
0.0
 10
217.3963422222222
 20
56.19037388888889
 30
0.0
 10
217.3963422222222
 20
56.62781833333332
 30
0.0
 10
217.3963422222222
 20
57.06526277777778
 30
0.0
 10
217.3963422222222
 20
57.50270722222221
 30
0.0
  0
POLYLINE
  5
AF
330
1F
100
AcDbEntity
  8
DEFAULT
 62
     1
100
AcDb2dPolyline
 66
     1
 10
0.0
 20
0.0
 30
0.0
  0
VERTEX
  5
B0
330
AF
100
AcDbEntity
  8
DEFAULT
 62
     1
100
AcDbVertex
100
AcDb2dVertex
 10
242.0907866666666
 20
56.20801277777777
 30
0.0
  0
VERTEX
  5
B1
330
AF
100
AcDbEntity
  8
DEFAULT
 62
     1
100
AcDbVertex
100
AcDb2dVertex
 10
242.0907866666666
 20
57.53092944444444
 30
0.0
  0
SEQEND
  5
B2
330
AF
100
AcDbEntity
  8
DEFAULT
 62
     1
  0
POLYLINE
  5
B3
330
1F
100
AcDbEntity
  8
DEFAULT
 62
     1
100
AcDb2dPolyline
 66
     1
 10
0.0
 20
0.0
 30
0.0
  0
VERTEX
  5
B4
330
B3
100
AcDbEntity
  8
DEFAULT
 62
     1
100
AcDbVertex
100
AcDb2dVertex
 10
242.0943144444444
 20
57.88370722222222
 30
0.0
  0
VERTEX
  5
B5
330
B3
100
AcDbEntity
  8
DEFAULT
 62
     1
100
AcDbVertex
100
AcDb2dVertex
 10
242.0943144444444
 20
59.20662388888888
 30
0.0
  0
SEQEND
  5
B6
330
B3
100
AcDbEntity
  8
DEFAULT
 62
     1
  0
POLYLINE
  5
B7
330
1F
100
AcDbEntity
  8
DEFAULT
 62
     1
100
AcDb2dPolyline
 66
     1
 10
0.0
 20
0.0
 30
0.0
  0
VERTEX
  5
B8
330
B7
100
AcDbEntity
  8
DEFAULT
 62
     1
100
AcDbVertex
100
AcDb2dVertex
 10
206.7107033333333
 20
57.85901277777778
 30
0.0
  0
VERTEX
  5
B9
330
B7
100
AcDbEntity
  8
DEFAULT
 62
     1
100
AcDbVertex
100
AcDb2dVertex
 10
206.7107033333333
 20
59.18192944444444
 30
0.0
  0
SEQEND
  5
BA
330
B7
100
AcDbEntity
  8
DEFAULT
 62
     1
  0
POLYLINE
  5
BB
330
1F
100
AcDbEntity
  8
DEFAULT
 62
     1
100
AcDb2dPolyline
 66
     1
 10
0.0
 20
0.0
 30
0.0
  0
VERTEX
  5
BC
330
BB
100
AcDbEntity
  8
DEFAULT
 62
     1
100
AcDbVertex
100
AcDb2dVertex
 10
206.7071755555555
 20
56.18331833333333
 30
0.0
  0
VERTEX
  5
BD
330
BB
100
AcDbEntity
  8
DEFAULT
 62
     1
100
AcDbVertex
100
AcDb2dVertex
 10
206.7071755555555
 20
57.506235
 30
0.0
  0
SEQEND
  5
BE
330
BB
100
AcDbEntity
  8
DEFAULT
 62
     1
  0
SPLINE
  5
BF
330
1F
100
AcDbEntity
  8
DEFAULT
 62
     1
100
AcDbSpline
210
0.0
220
0.0
230
1.0
 70
     8
 71
     3
 72
    41
 73
    37
 74
     0
 42
0.000000001
 43
0.0000000001
 40
0.0
 40
0.0
 40
0.0
 40
0.0
 40
3.719999999999999
 40
3.719999999999999
 40
3.719999999999999
 40
24.12000245098022
 40
24.12000245098022
 40
24.12000245098022
 40
25.12000245098022
 40
25.12000245098022
 40
25.12000245098022
 40
26.12000245098022
 40
26.12000245098022
 40
26.12000245098022
 40
27.12000245098022
 40
27.12000245098022
 40
27.12000245098022
 40
28.12000245098022
 40
28.12000245098022
 40
28.12000245098022
 40
29.12000245098022
 40
29.12000245098022
 40
29.12000245098022
 40
30.12000245098022
 40
30.12000245098022
 40
30.12000245098022
 40
31.12000245098022
 40
31.12000245098022
 40
31.12000245098022
 40
32.12000245098022
 40
32.12000245098022
 40
32.12000245098022
 40
52.50000490436586
 40
52.50000490436586
 40
52.50000490436586
 40
56.29000490436585
 40
56.29000490436585
 40
56.29000490436585
 40
56.29000490436585
 10
231.3910366666667
 20
57.887235
 30
0.0
 10
231.3910366666667
 20
58.32467944444443
 30
0.0
 10
231.3910366666667
 20
58.76212388888888
 30
0.0
 10
231.3910366666667
 20
59.19956833333332
 30
0.0
 10
233.7899255555556
 20
59.20074425925925
 30
0.0
 10
236.1888144444444
 20
59.20192018518517
 30
0.0
 10
238.5877033333333
 20
59.2030961111111
 30
0.0
 10
238.8593422222222
 20
59.2030961111111
 30
0.0
 10
239.37087
 20
59.15370722222222
 30
0.0
 10
240.3374811111111
 20
59.15370722222222
 30
0.0
 10
241.3040922222222
 20
59.15723499999999
 30
0.0
 10
242.0872588888889
 20
59.17840166666666
 30
0.0
 10
242.0872588888889
 20
59.20662388888888
 30
0.0
 10
241.9849533333333
 20
62.15937388888888
 30
0.0
 10
232.6680922222222
 20
62.4415961111111
 30
0.0
 10
227.36937
 20
62.07117944444443
 30
0.0
 10
222.0459533333333
 20
61.697235
 30
0.0
 10
214.9798144444444
 20
62.47687388888888
 30
0.0
 10
212.6126755555555
 20
63.59517944444444
 30
0.0
 10
210.2455366666667
 20
64.71701277777777
 30
0.0
 10
212.3939533333333
 20
61.951235
 30
0.0
 10
208.7991477777778
 20
62.24404055555555
 30
0.0
 10
206.6083977777778
 20
62.42042944444444
 30
0.0
 10
206.6754255555555
 20
62.38162388888888
 30
0.0
 10
206.7036477777777
 20
59.18192944444444
 30
0.0
 10
206.7036477777777
 20
59.15723499999999
 30
0.0
 10
207.4868144444444
 20
59.13254055555555
 30
0.0
 10
208.4534255555556
 20
59.13606833333333
 30
0.0
 10
209.4200366666667
 20
59.13606833333333
 30
0.0
 10
209.9315644444444
 20
59.18545722222222
 30
0.0
 10
210.2032033333333
 20
59.18545722222222
 30
0.0
 10
212.5997403703704
 20
59.18663314814814
 30
0.0
 10
214.9962774074074
 20
59.18780907407407
 30
0.0
 10
217.3928144444444
 20
59.188985
 30
0.0
 10
217.3928144444444
 20
58.74330907407407
 30
0.0
 10
217.3928144444444
 20
58.29763314814814
 30
0.0
 10
217.3928144444444
 20
57.85195722222222
 30
0.0
  0
POLYLINE
  5
C0
330
1F
100
AcDbEntity
  8
DEFAULT
 62
    18
100
AcDb2dPolyline
 66
     1
 10
0.0
 20
0.0
 30
0.0
  0
VERTEX
  5
C1
330
C0
100
AcDbEntity
  8
DEFAULT
 62
    18
100
AcDbVertex
100
AcDb2dVertex
 10
227.4956644444444
 20
57.70100361111111
 30
0.0
  0
VERTEX
  5
C2
330
C0
100
AcDbEntity
  8
DEFAULT
 62
    18
100
AcDbVertex
100
AcDb2dVertex
 10
227.1739311111111
 20
57.70100361111111
 30
0.0
  0
SEQEND
  5
C3
330
C0
100
AcDbEntity
  8
DEFAULT
 62
    18
  0
POLYLINE
  5
C4
330
1F
100
AcDbEntity
  8
DEFAULT
 62
    18
100
AcDb2dPolyline
 66
     1
 10
0.0
 20
0.0
 30
0.0
  0
VERTEX
  5
C5
330
C4
100
AcDbEntity
  8
DEFAULT
 62
    18
100
AcDbVertex
100
AcDb2dVertex
 10
229.4118827777777
 20
57.70100361111111
 30
0.0
  0
VERTEX
  5
C6
330
C4
100
AcDbEntity
  8
DEFAULT
 62
    18
100
AcDbVertex
100
AcDb2dVertex
 10
227.9605549999999
 20
57.70100361111111
 30
0.0
  0
SEQEND
  5
C7
330
C4
100
AcDbEntity
  8
DEFAULT
 62
    18
  0
SPLINE
  5
C8
330
1F
100
AcDbEntity
  8
DEFAULT
 62
    18
100
AcDbSpline
210
0.0
220
0.0
230
1.0
 70
     8
 71
     3
 72
    17
 73
    13
 74
     0
 42
0.000000001
 43
0.0000000001
 40
0.0
 40
0.0
 40
0.0
 40
0.0
 40
2.363001904358155
 40
2.363001904358155
 40
2.363001904358155
 40
3.363001904358155
 40
3.363001904358155
 40
3.363001904358155
 40
4.363001904358155
 40
4.363001904358155
 40
4.363001904358155
 40
5.363001904358155
 40
5.363001904358155
 40
5.363001904358155
 40
5.363001904358155
 10
219.0380288888889
 20
57.28264444444444
 30
0.0
 10
219.3159001851852
 20
57.28299722222223
 30
0.0
 10
219.5937714814815
 20
57.28335000000001
 30
0.0
 10
219.8716427777778
 20
57.28370277777777
 30
0.0
 10
220.1055344444444
 20
57.28370277777777
 30
0.0
 10
220.30309
 20
57.38424444444445
 30
0.0
 10
220.3027372222222
 20
57.67140555555555
 30
0.0
 10
220.3023844444444
 20
57.86860833333333
 30
0.0
 10
220.18244
 20
58.02453611111111
 30
0.0
 10
220.0385066666667
 20
58.07956944444444
 30
0.0
 10
220.0025233333333
 20
58.09685555555555
 30
0.0
 10
219.9637177777778
 20
58.10038333333333
 30
0.0
 10
219.912565
 20
58.10003055555556
 30
0.0
  0
POLYLINE
  5
C9
330
1F
100
AcDbEntity
  8
DEFAULT
 62
    18
100
AcDb2dPolyline
 66
     1
 10
0.0
 20
0.0
 30
0.0
  0
VERTEX
  5
CA
330
C9
100
AcDbEntity
  8
DEFAULT
 62
    18
100
AcDbVertex
100
AcDb2dVertex
 10
219.0370763888889
 20
58.09918388888888
 30
0.0
  0
VERTEX
  5
CB
330
C9
100
AcDbEntity
  8
DEFAULT
 62
    18
100
AcDbVertex
100
AcDb2dVertex
 10
221.1657374999999
 20
58.10165333333332
 30
0.0
  0
SEQEND
  5
CC
330
C9
100
AcDbEntity
  8
DEFAULT
 62
    18
  0
SPLINE
  5
CD
330
1F
100
AcDbEntity
  8
DEFAULT
 62
     1
100
AcDbSpline
210
0.0
220
0.0
230
1.0
 70
     8
 71
     3
 72
    41
 73
    37
 74
     0
 42
0.000000001
 43
0.0000000001
 40
0.0
 40
0.0
 40
0.0
 40
0.0
 40
3.789999999999992
 40
3.789999999999992
 40
3.789999999999992
 40
24.19000245098021
 40
24.19000245098021
 40
24.19000245098021
 40
25.19000245098021
 40
25.19000245098021
 40
25.19000245098021
 40
26.19000245098021
 40
26.19000245098021
 40
26.19000245098021
 40
27.19000245098021
 40
27.19000245098021
 40
27.19000245098021
 40
28.19000245098021
 40
28.19000245098021
 40
28.19000245098021
 40
29.19000245098021
 40
29.19000245098021
 40
29.19000245098021
 40
30.19000245098021
 40
30.19000245098021
 40
30.19000245098021
 40
31.19000245098021
 40
31.19000245098021
 40
31.19000245098021
 40
32.19000245098022
 40
32.19000245098022
 40
32.19000245098022
 40
52.57000490436574
 40
52.57000490436574
 40
52.57000490436574
 40
56.29000490436574
 40
56.29000490436574
 40
56.29000490436574
 40
56.29000490436574
 10
179.7311055555555
 20
45.49376361111111
 30
0.0
 10
179.7311055555555
 20
45.93943953703702
 30
0.0
 10
179.7311055555555
 20
46.38511546296295
 30
0.0
 10
179.7311055555555
 20
46.83079138888888
 30
0.0
 10
177.3322166666667
 20
46.82961546296296
 30
0.0
 10
174.9333277777778
 20
46.82843953703703
 30
0.0
 10
172.5344388888889
 20
46.82726361111111
 30
0.0
 10
172.2628
 20
46.82726361111111
 30
0.0
 10
171.7512722222222
 20
46.77787472222221
 30
0.0
 10
170.7846611111111
 20
46.77787472222221
 30
0.0
 10
169.81805
 20
46.77434694444444
 30
0.0
 10
169.0348833333333
 20
46.79904138888888
 30
0.0
 10
169.0348833333333
 20
46.82373583333333
 30
0.0
 10
169.1371888888889
 20
49.77648583333333
 30
0.0
 10
178.45405
 20
50.05870805555555
 30
0.0
 10
183.7527722222222
 20
49.68829138888889
 30
0.0
 10
189.0761888888889
 20
49.31434694444444
 30
0.0
 10
196.1423277777778
 20
50.14690249999999
 30
0.0
 10
198.5094666666666
 20
51.26520805555554
 30
0.0
 10
200.8766055555555
 20
52.38351361111111
 30
0.0
 10
198.7281888888889
 20
49.61773583333333
 30
0.0
 10
202.3229944444444
 20
49.91054138888889
 30
0.0
 10
204.5137444444444
 20
50.08693027777777
 30
0.0
 10
204.4467166666666
 20
50.04812472222221
 30
0.0
 10
204.4184944444444
 20
46.84843027777777
 30
0.0
 10
204.4184944444444
 20
46.82020805555555
 30
0.0
 10
203.6353277777778
 20
46.79904138888888
 30
0.0
 10
202.6687166666667
 20
46.7955136111111
 30
0.0
 10
201.7021055555555
 20
46.7955136111111
 30
0.0
 10
201.1905777777777
 20
46.8449025
 30
0.0
 10
200.9189388888889
 20
46.8449025
 30
0.0
 10
198.5224018518519
 20
46.84372657407406
 30
0.0
 10
196.1258648148148
 20
46.84255064814814
 30
0.0
 10
193.7293277777778
 20
46.84137472222221
 30
0.0
 10
193.7293277777777
 20
46.40393027777777
 30
0.0
 10
193.7293277777777
 20
45.96648583333333
 30
0.0
 10
193.7293277777778
 20
45.52904138888888
 30
0.0
  0
POLYLINE
  5
CE
330
1F
100
AcDbEntity
  8
DEFAULT
 62
     1
100
AcDb2dPolyline
 66
     1
 10
0.0
 20
0.0
 30
0.0
  0
VERTEX
  5
CF
330
CE
100
AcDbEntity
  8
DEFAULT
 62
     1
100
AcDbVertex
100
AcDb2dVertex
 10
169.0348833333333
 20
46.82373583333333
 30
0.0
  0
VERTEX
  5
D0
330
CE
100
AcDbEntity
  8
DEFAULT
 62
     1
100
AcDbVertex
100
AcDb2dVertex
 10
169.0348833333333
 20
45.50081916666667
 30
0.0
  0
SEQEND
  5
D1
330
CE
100
AcDbEntity
  8
DEFAULT
 62
     1
  0
POLYLINE
  5
D2
330
1F
100
AcDbEntity
  8
DEFAULT
 62
     1
100
AcDb2dPolyline
 66
     1
 10
0.0
 20
0.0
 30
0.0
  0
VERTEX
  5
D3
330
D2
100
AcDbEntity
  8
DEFAULT
 62
     1
100
AcDbVertex
100
AcDb2dVertex
 10
169.0313555555555
 20
45.14804138888888
 30
0.0
  0
VERTEX
  5
D4
330
D2
100
AcDbEntity
  8
DEFAULT
 62
     1
100
AcDbVertex
100
AcDb2dVertex
 10
169.0313555555555
 20
43.82512472222222
 30
0.0
  0
SEQEND
  5
D5
330
D2
100
AcDbEntity
  8
DEFAULT
 62
     1
  0
POLYLINE
  5
D6
330
1F
100
AcDbEntity
  8
DEFAULT
 62
     1
100
AcDb2dPolyline
 66
     1
 10
0.0
 20
0.0
 30
0.0
  0
VERTEX
  5
D7
330
D6
100
AcDbEntity
  8
DEFAULT
 62
     1
100
AcDbVertex
100
AcDb2dVertex
 10
204.4149666666666
 20
45.17273583333333
 30
0.0
  0
VERTEX
  5
D8
330
D6
100
AcDbEntity
  8
DEFAULT
 62
     1
100
AcDbVertex
100
AcDb2dVertex
 10
204.4149666666666
 20
43.84981916666666
 30
0.0
  0
SEQEND
  5
D9
330
D6
100
AcDbEntity
  8
DEFAULT
 62
     1
  0
POLYLINE
  5
DA
330
1F
100
AcDbEntity
  8
DEFAULT
 62
     1
100
AcDb2dPolyline
 66
     1
 10
0.0
 20
0.0
 30
0.0
  0
VERTEX
  5
DB
330
DA
100
AcDbEntity
  8
DEFAULT
 62
     1
100
AcDbVertex
100
AcDb2dVertex
 10
204.4184944444444
 20
46.84843027777777
 30
0.0
  0
VERTEX
  5
DC
330
DA
100
AcDbEntity
  8
DEFAULT
 62
     1
100
AcDbVertex
100
AcDb2dVertex
 10
204.4184944444444
 20
45.52551361111111
 30
0.0
  0
SEQEND
  5
DD
330
DA
100
AcDbEntity
  8
DEFAULT
 62
     1
  0
SPLINE
  5
DE
330
1F
100
AcDbEntity
  8
DEFAULT
 62
     1
100
AcDbSpline
210
0.0
220
0.0
230
1.0
 70
     8
 71
     3
 72
    41
 73
    37
 74
     0
 42
0.000000001
 43
0.0000000001
 40
0.0
 40
0.0
 40
0.0
 40
0.0
 40
3.719999999999999
 40
3.719999999999999
 40
3.719999999999999
 40
24.12000245098022
 40
24.12000245098022
 40
24.12000245098022
 40
25.12000245098022
 40
25.12000245098022
 40
25.12000245098022
 40
26.12000245098022
 40
26.12000245098022
 40
26.12000245098022
 40
27.12000245098022
 40
27.12000245098022
 40
27.12000245098022
 40
28.12000245098022
 40
28.12000245098022
 40
28.12000245098022
 40
29.12000245098022
 40
29.12000245098022
 40
29.12000245098022
 40
30.12000245098022
 40
30.12000245098022
 40
30.12000245098022
 40
31.12000245098022
 40
31.12000245098022
 40
31.12000245098022
 40
32.12000245098022
 40
32.12000245098022
 40
32.12000245098022
 40
52.50000490436575
 40
52.50000490436575
 40
52.50000490436575
 40
56.29000490436575
 40
56.29000490436575
 40
56.29000490436575
 40
56.29000490436575
 10
179.7346333333333
 20
45.14451361111111
 30
0.0
 10
179.7346333333333
 20
44.70706916666666
 30
0.0
 10
179.7346333333333
 20
44.26962472222223
 30
0.0
 10
179.7346333333333
 20
43.83218027777777
 30
0.0
 10
177.3357444444444
 20
43.83100435185185
 30
0.0
 10
174.9368555555556
 20
43.82982842592592
 30
0.0
 10
172.5379666666666
 20
43.8286525
 30
0.0
 10
172.2663277777777
 20
43.8286525
 30
0.0
 10
171.7548
 20
43.87804138888888
 30
0.0
 10
170.7881888888889
 20
43.87804138888888
 30
0.0
 10
169.8215777777777
 20
43.87451361111111
 30
0.0
 10
169.0384111111111
 20
43.85334694444444
 30
0.0
 10
169.0384111111111
 20
43.82512472222222
 30
0.0
 10
169.1407166666666
 20
40.87237472222222
 30
0.0
 10
178.4575777777777
 20
40.59015249999999
 30
0.0
 10
183.7563
 20
40.96056916666667
 30
0.0
 10
189.0797166666666
 20
41.33451361111111
 30
0.0
 10
196.1458555555556
 20
40.55487472222222
 30
0.0
 10
198.5129944444444
 20
39.43656916666666
 30
0.0
 10
200.8801333333333
 20
38.31473583333333
 30
0.0
 10
198.7317166666666
 20
41.08051361111111
 30
0.0
 10
202.3265222222222
 20
40.78770805555556
 30
0.0
 10
204.5172722222222
 20
40.61131916666666
 30
0.0
 10
204.4502444444444
 20
40.65012472222222
 30
0.0
 10
204.4220222222222
 20
43.84981916666666
 30
0.0
 10
204.4220222222222
 20
43.87451361111111
 30
0.0
 10
203.6388555555556
 20
43.89920805555555
 30
0.0
 10
202.6722444444444
 20
43.89568027777777
 30
0.0
 10
201.7056333333333
 20
43.89568027777777
 30
0.0
 10
201.1941055555555
 20
43.84629138888888
 30
0.0
 10
200.9224666666667
 20
43.84629138888888
 30
0.0
 10
198.5259296296296
 20
43.84511546296296
 30
0.0
 10
196.1293925925926
 20
43.84393953703704
 30
0.0
 10
193.7328555555555
 20
43.84276361111111
 30
0.0
 10
193.7328555555556
 20
44.28843953703703
 30
0.0
 10
193.7328555555556
 20
44.73411546296296
 30
0.0
 10
193.7328555555555
 20
45.17979138888889
 30
0.0
  0
SPLINE
  5
DF
330
1F
100
AcDbEntity
  8
DEFAULT
 62
    18
100
AcDbSpline
210
0.0
220
0.0
230
1.0
 70
     8
 71
     3
 72
    20
 73
    16
 74
     0
 42
0.000000001
 43
0.0000000001
 40
0.0
 40
0.0
 40
0.0
 40
0.0
 40
1.003
 40
1.003
 40
1.003
 40
2.006
 40
2.006
 40
2.006
 40
3.009
 40
3.009
 40
3.009
 40
4.012
 40
4.012
 40
4.012
 40
5.015000000000001
 40
5.015000000000001
 40
5.015000000000001
 40
5.015000000000001
 10
183.5202563888888
 20
44.83812611111111
 30
0.0
 10
183.5202563888888
 20
44.83812611111111
 30
0.0
 10
181.6893397222222
 20
44.84412333333333
 30
0.0
 10
181.5905619444444
 20
44.83812611111111
 30
0.0
 10
181.4275786111111
 20
44.93372888888889
 30
0.0
 10
181.3584341666666
 20
45.06108166666667
 30
0.0
 10
181.3584341666666
 20
45.24699555555555
 30
0.0
 10
181.3584341666666
 20
45.53380388888889
 30
0.0
 10
181.5775091666667
 20
45.82343444444444
 30
0.0
 10
182.0188341666666
 20
45.82343444444444
 30
0.0
 10
182.3934841666666
 20
45.82590388888889
 30
0.0
 10
182.6481897222222
 20
45.60047888888889
 30
0.0
 10
182.6481897222222
 20
45.28156777777777
 30
0.0
 10
182.6481897222222
 20
45.07448722222222
 30
0.0
 10
182.5592897222222
 20
44.925615
 30
0.0
 10
182.4213536111111
 20
44.83812611111111
 30
0.0
  0
SPLINE
  5
E0
330
1F
100
AcDbEntity
  8
DEFAULT
 62
    18
100
AcDbSpline
210
0.0
220
0.0
230
1.0
 70
     8
 71
     3
 72
    17
 73
    13
 74
     0
 42
0.000000001
 43
0.0000000001
 40
0.0
 40
0.0
 40
0.0
 40
0.0
 40
1.0
 40
1.0
 40
1.0
 40
2.0
 40
2.0
 40
2.0
 40
3.0
 40
3.0
 40
3.0
 40
4.0
 40
4.0
 40
4.0
 40
4.0
 10
191.6947877777777
 20
45.90711333333333
 30
0.0
 10
191.7307711111111
 20
45.83796888888889
 30
0.0
 10
191.7791016666667
 20
45.68521611111111
 30
0.0
 10
191.7791016666667
 20
45.49048277777777
 30
0.0
 10
191.7798072222222
 20
45.05268555555556
 30
0.0
 10
191.4831211111111
 20
44.76728833333333
 30
0.0
 10
191.0393266666667
 20
44.76693555555556
 30
0.0
 10
190.59271
 20
44.76623
 30
0.0
 10
190.2685072222222
 20
45.07208833333333
 30
0.0
 10
190.2678016666667
 20
45.54551611111111
 30
0.0
 10
190.2678016666667
 20
45.70144388888889
 30
0.0
 10
190.3066072222222
 20
45.83973277777778
 30
0.0
 10
190.3425905555555
 20
45.91169944444444
 30
0.0
  0
SPLINE
  5
E1
330
1F
100
AcDbEntity
  8
DEFAULT
 62
     1
100
AcDbSpline
210
0.0
220
0.0
230
1.0
 70
     8
 71
     3
 72
    41
 73
    37
 74
     0
 42
0.000000001
 43
0.0000000001
 40
0.0
 40
0.0
 40
0.0
 40
0.0
 40
3.789999999999992
 40
3.789999999999992
 40
3.789999999999992
 40
24.19000245098021
 40
24.19000245098021
 40
24.19000245098021
 40
25.19000245098021
 40
25.19000245098021
 40
25.19000245098021
 40
26.19000245098021
 40
26.19000245098021
 40
26.19000245098021
 40
27.19000245098021
 40
27.19000245098021
 40
27.19000245098021
 40
28.19000245098021
 40
28.19000245098021
 40
28.19000245098021
 40
29.19000245098021
 40
29.19000245098021
 40
29.19000245098021
 40
30.19000245098021
 40
30.19000245098021
 40
30.19000245098021
 40
31.19000245098021
 40
31.19000245098021
 40
31.19000245098021
 40
32.19000245098022
 40
32.19000245098022
 40
32.19000245098022
 40
52.57000490436585
 40
52.57000490436585
 40
52.57000490436585
 40
56.29000490436585
 40
56.29000490436585
 40
56.29000490436585
 40
56.29000490436585
 10
217.3928144444444
 20
45.49376361111111
 30
0.0
 10
217.3928144444444
 20
45.93943953703702
 30
0.0
 10
217.3928144444444
 20
46.38511546296295
 30
0.0
 10
217.3928144444444
 20
46.83079138888888
 30
0.0
 10
214.9939255555555
 20
46.82961546296296
 30
0.0
 10
212.5950366666666
 20
46.82843953703703
 30
0.0
 10
210.1961477777778
 20
46.82726361111111
 30
0.0
 10
209.9245088888889
 20
46.82726361111111
 30
0.0
 10
209.4129811111111
 20
46.77787472222221
 30
0.0
 10
208.44637
 20
46.77787472222221
 30
0.0
 10
207.4797588888889
 20
46.77434694444444
 30
0.0
 10
206.6965922222222
 20
46.79904138888888
 30
0.0
 10
206.6965922222222
 20
46.82373583333333
 30
0.0
 10
206.7988977777778
 20
49.77648583333333
 30
0.0
 10
216.1157588888888
 20
50.05870805555555
 30
0.0
 10
221.4144811111111
 20
49.68829138888889
 30
0.0
 10
226.7378977777777
 20
49.31434694444444
 30
0.0
 10
233.8040366666666
 20
50.14690249999999
 30
0.0
 10
236.1711755555555
 20
51.26520805555554
 30
0.0
 10
238.5383144444444
 20
52.38351361111111
 30
0.0
 10
236.3898977777777
 20
49.61773583333333
 30
0.0
 10
239.9847033333333
 20
49.91054138888889
 30
0.0
 10
242.1754533333333
 20
50.08693027777777
 30
0.0
 10
242.1084255555555
 20
50.04812472222221
 30
0.0
 10
242.0802033333333
 20
46.84843027777777
 30
0.0
 10
242.0802033333333
 20
46.82020805555555
 30
0.0
 10
241.2970366666666
 20
46.79904138888888
 30
0.0
 10
240.3304255555555
 20
46.7955136111111
 30
0.0
 10
239.3638144444444
 20
46.7955136111111
 30
0.0
 10
238.8522866666667
 20
46.8449025
 30
0.0
 10
238.5806477777778
 20
46.8449025
 30
0.0
 10
236.1841107407407
 20
46.84372657407406
 30
0.0
 10
233.7875737037036
 20
46.84255064814814
 30
0.0
 10
231.3910366666666
 20
46.84137472222221
 30
0.0
 10
231.3910366666666
 20
46.40393027777777
 30
0.0
 10
231.3910366666666
 20
45.96648583333333
 30
0.0
 10
231.3910366666666
 20
45.52904138888888
 30
0.0
  0
POLYLINE
  5
E2
330
1F
100
AcDbEntity
  8
DEFAULT
 62
     1
100
AcDb2dPolyline
 66
     1
 10
0.0
 20
0.0
 30
0.0
  0
VERTEX
  5
E3
330
E2
100
AcDbEntity
  8
DEFAULT
 62
     1
100
AcDbVertex
100
AcDb2dVertex
 10
206.6965922222222
 20
46.82373583333333
 30
0.0
  0
VERTEX
  5
E4
330
E2
100
AcDbEntity
  8
DEFAULT
 62
     1
100
AcDbVertex
100
AcDb2dVertex
 10
206.6965922222222
 20
45.50081916666667
 30
0.0
  0
SEQEND
  5
E5
330
E2
100
AcDbEntity
  8
DEFAULT
 62
     1
  0
POLYLINE
  5
E6
330
1F
100
AcDbEntity
  8
DEFAULT
 62
     1
100
AcDb2dPolyline
 66
     1
 10
0.0
 20
0.0
 30
0.0
  0
VERTEX
  5
E7
330
E6
100
AcDbEntity
  8
DEFAULT
 62
     1
100
AcDbVertex
100
AcDb2dVertex
 10
206.6930644444444
 20
45.14804138888888
 30
0.0
  0
VERTEX
  5
E8
330
E6
100
AcDbEntity
  8
DEFAULT
 62
     1
100
AcDbVertex
100
AcDb2dVertex
 10
206.6930644444444
 20
43.82512472222222
 30
0.0
  0
SEQEND
  5
E9
330
E6
100
AcDbEntity
  8
DEFAULT
 62
     1
  0
POLYLINE
  5
EA
330
1F
100
AcDbEntity
  8
DEFAULT
 62
     1
100
AcDb2dPolyline
 66
     1
 10
0.0
 20
0.0
 30
0.0
  0
VERTEX
  5
EB
330
EA
100
AcDbEntity
  8
DEFAULT
 62
     1
100
AcDbVertex
100
AcDb2dVertex
 10
242.0766755555555
 20
45.17273583333333
 30
0.0
  0
VERTEX
  5
EC
330
EA
100
AcDbEntity
  8
DEFAULT
 62
     1
100
AcDbVertex
100
AcDb2dVertex
 10
242.0766755555555
 20
43.84981916666666
 30
0.0
  0
SEQEND
  5
ED
330
EA
100
AcDbEntity
  8
DEFAULT
 62
     1
  0
POLYLINE
  5
EE
330
1F
100
AcDbEntity
  8
DEFAULT
 62
     1
100
AcDb2dPolyline
 66
     1
 10
0.0
 20
0.0
 30
0.0
  0
VERTEX
  5
EF
330
EE
100
AcDbEntity
  8
DEFAULT
 62
     1
100
AcDbVertex
100
AcDb2dVertex
 10
242.0802033333333
 20
46.84843027777777
 30
0.0
  0
VERTEX
  5
F0
330
EE
100
AcDbEntity
  8
DEFAULT
 62
     1
100
AcDbVertex
100
AcDb2dVertex
 10
242.0802033333333
 20
45.52551361111111
 30
0.0
  0
SEQEND
  5
F1
330
EE
100
AcDbEntity
  8
DEFAULT
 62
     1
  0
SPLINE
  5
F2
330
1F
100
AcDbEntity
  8
DEFAULT
 62
     1
100
AcDbSpline
210
0.0
220
0.0
230
1.0
 70
     8
 71
     3
 72
    41
 73
    37
 74
     0
 42
0.000000001
 43
0.0000000001
 40
0.0
 40
0.0
 40
0.0
 40
0.0
 40
3.719999999999999
 40
3.719999999999999
 40
3.719999999999999
 40
24.12000245098022
 40
24.12000245098022
 40
24.12000245098022
 40
25.12000245098022
 40
25.12000245098022
 40
25.12000245098022
 40
26.12000245098022
 40
26.12000245098022
 40
26.12000245098022
 40
27.12000245098022
 40
27.12000245098022
 40
27.12000245098022
 40
28.12000245098022
 40
28.12000245098022
 40
28.12000245098022
 40
29.12000245098022
 40
29.12000245098022
 40
29.12000245098022
 40
30.12000245098022
 40
30.12000245098022
 40
30.12000245098022
 40
31.12000245098022
 40
31.12000245098022
 40
31.12000245098022
 40
32.12000245098022
 40
32.12000245098022
 40
32.12000245098022
 40
52.50000490436586
 40
52.50000490436586
 40
52.50000490436586
 40
56.29000490436587
 40
56.29000490436587
 40
56.29000490436587
 40
56.29000490436587
 10
217.3963422222222
 20
45.14451361111111
 30
0.0
 10
217.3963422222222
 20
44.70706916666666
 30
0.0
 10
217.3963422222222
 20
44.26962472222223
 30
0.0
 10
217.3963422222222
 20
43.83218027777777
 30
0.0
 10
214.9974533333333
 20
43.83100435185185
 30
0.0
 10
212.5985644444444
 20
43.82982842592592
 30
0.0
 10
210.1996755555555
 20
43.8286525
 30
0.0
 10
209.9280366666667
 20
43.8286525
 30
0.0
 10
209.4165088888888
 20
43.87804138888888
 30
0.0
 10
208.4498977777777
 20
43.87804138888888
 30
0.0
 10
207.4832866666666
 20
43.87451361111111
 30
0.0
 10
206.7001199999999
 20
43.85334694444444
 30
0.0
 10
206.7001199999999
 20
43.82512472222222
 30
0.0
 10
206.8024255555555
 20
40.87237472222222
 30
0.0
 10
216.1192866666666
 20
40.59015249999999
 30
0.0
 10
221.4180088888888
 20
40.96056916666667
 30
0.0
 10
226.7414255555555
 20
41.33451361111111
 30
0.0
 10
233.8075644444444
 20
40.55487472222222
 30
0.0
 10
236.1747033333333
 20
39.43656916666666
 30
0.0
 10
238.5418422222222
 20
38.31473583333333
 30
0.0
 10
236.3934255555555
 20
41.08051361111111
 30
0.0
 10
239.988231111111
 20
40.78770805555556
 30
0.0
 10
242.1789811111111
 20
40.61131916666666
 30
0.0
 10
242.1119533333333
 20
40.65012472222222
 30
0.0
 10
242.0837311111111
 20
43.84981916666666
 30
0.0
 10
242.0837311111111
 20
43.87451361111111
 30
0.0
 10
241.3005644444444
 20
43.89920805555555
 30
0.0
 10
240.3339533333333
 20
43.89568027777777
 30
0.0
 10
239.3673422222222
 20
43.89568027777777
 30
0.0
 10
238.8558144444444
 20
43.84629138888888
 30
0.0
 10
238.5841755555555
 20
43.84629138888888
 30
0.0
 10
236.1876385185185
 20
43.84511546296296
 30
0.0
 10
233.7911014814814
 20
43.84393953703704
 30
0.0
 10
231.3945644444444
 20
43.84276361111111
 30
0.0
 10
231.3945644444444
 20
44.28843953703703
 30
0.0
 10
231.3945644444444
 20
44.73411546296296
 30
0.0
 10
231.3945644444444
 20
45.17979138888889
 30
0.0
  0
SPLINE
  5
F3
330
1F
100
AcDbEntity
  8
DEFAULT
 62
    18
100
AcDbSpline
210
0.0
220
0.0
230
1.0
 70
     8
 71
     3
 72
    20
 73
    16
 74
     0
 42
0.000000001
 43
0.0000000001
 40
0.0
 40
0.0
 40
0.0
 40
0.0
 40
1.003
 40
1.003
 40
1.003
 40
2.006
 40
2.006
 40
2.006
 40
3.009
 40
3.009
 40
3.009
 40
4.012
 40
4.012
 40
4.012
 40
5.015000000000001
 40
5.015000000000001
 40
5.015000000000001
 40
5.015000000000001
 10
221.1819652777777
 20
44.83812611111111
 30
0.0
 10
221.1819652777777
 20
44.83812611111111
 30
0.0
 10
219.3510486111111
 20
44.84412333333333
 30
0.0
 10
219.2522708333333
 20
44.83812611111111
 30
0.0
 10
219.0892875
 20
44.93372888888889
 30
0.0
 10
219.0201430555555
 20
45.06108166666667
 30
0.0
 10
219.0201430555555
 20
45.24699555555555
 30
0.0
 10
219.0201430555555
 20
45.53380388888889
 30
0.0
 10
219.2395708333333
 20
45.82343444444444
 30
0.0
 10
219.6805430555555
 20
45.82343444444444
 30
0.0
 10
220.0551930555555
 20
45.82590388888889
 30
0.0
 10
220.3098986111111
 20
45.60047888888889
 30
0.0
 10
220.3098986111111
 20
45.28156777777777
 30
0.0
 10
220.3098986111111
 20
45.07448722222222
 30
0.0
 10
220.2209986111111
 20
44.925615
 30
0.0
 10
220.0830625
 20
44.83812611111111
 30
0.0
  0
SPLINE
  5
F4
330
1F
100
AcDbEntity
  8
DEFAULT
 62
    18
100
AcDbSpline
210
0.0
220
0.0
230
1.0
 70
     8
 71
     3
 72
    17
 73
    13
 74
     0
 42
0.000000001
 43
0.0000000001
 40
0.0
 40
0.0
 40
0.0
 40
0.0
 40
1.0
 40
1.0
 40
1.0
 40
2.0
 40
2.0
 40
2.0
 40
3.0
 40
3.0
 40
3.0
 40
4.0
 40
4.0
 40
4.0
 40
4.0
 10
229.3564966666667
 20
45.90711333333333
 30
0.0
 10
229.39248
 20
45.83796888888889
 30
0.0
 10
229.4404577777778
 20
45.68521611111111
 30
0.0
 10
229.4408105555555
 20
45.49048277777777
 30
0.0
 10
229.4415161111111
 20
45.05268555555556
 30
0.0
 10
229.14483
 20
44.76728833333333
 30
0.0
 10
228.7010355555556
 20
44.76693555555556
 30
0.0
 10
228.2544188888889
 20
44.76623
 30
0.0
 10
227.9302161111111
 20
45.07208833333333
 30
0.0
 10
227.9295105555556
 20
45.54551611111111
 30
0.0
 10
227.9295105555556
 20
45.70144388888889
 30
0.0
 10
227.9683161111111
 20
45.83973277777778
 30
0.0
 10
228.0042994444444
 20
45.91169944444444
 30
0.0
  0
SPLINE
  5
F5
330
1F
100
AcDbEntity
  8
DEFAULT
 62
     1
100
AcDbSpline
210
0.0
220
0.0
230
1.0
 70
     8
 71
     3
 72
    38
 73
    34
 74
     0
 42
0.000000001
 43
0.0000000001
 40
0.0
 40
0.0
 40
0.0
 40
0.0
 40
3.774466849768301
 40
3.774466849768301
 40
3.774466849768301
 40
13.68265033615969
 40
13.68265033615969
 40
13.68265033615969
 40
14.68265033615969
 40
14.68265033615969
 40
14.68265033615969
 40
15.68265033615969
 40
15.68265033615969
 40
15.68265033615969
 40
16.68265033615969
 40
16.68265033615969
 40
16.68265033615969
 40
17.68265033615969
 40
17.68265033615969
 40
17.68265033615969
 40
18.68265033615969
 40
18.68265033615969
 40
18.68265033615969
 40
19.68265033615969
 40
19.68265033615969
 40
19.68265033615969
 40
20.68265033615969
 40
20.68265033615969
 40
20.68265033615969
 40
30.59265033615965
 40
30.59265033615965
 40
30.59265033615965
 40
34.34265033615965
 40
34.34265033615965
 40
34.34265033615965
 40
34.34265033615965
 10
161.7350644444444
 20
188.7974238888889
 30
0.0
 10
161.5175181481481
 20
189.1843035185185
 30
0.0
 10
161.2999718518518
 20
189.5711831481482
 30
0.0
 10
161.0824255555555
 20
189.9580627777778
 30
0.0
 10
160.0664255555555
 20
189.3877387037037
 30
0.0
 10
159.0504255555555
 20
188.8174146296296
 30
0.0
 10
158.0344255555555
 20
188.2470905555556
 30
0.0
 10
157.7910088888889
 20
188.113035
 30
0.0
 10
157.3747311111111
 20
187.8202294444444
 30
0.0
 10
156.5315922222222
 20
187.3475072222222
 30
0.0
 10
155.6990366666666
 20
186.8818405555556
 30
0.0
 10
155.01112
 20
186.5220072222222
 30
0.0
 10
154.97937
 20
186.5361183333333
 30
0.0
 10
154.26817
 20
187.7997683333333
 30
0.0
 10
155.2884033333333
 20
190.824485
 30
0.0
 10
157.4784477777778
 20
192.7375988888889
 30
0.0
 10
160.59912
 20
195.4705683333333
 30
0.0
 10
159.2980755555555
 20
196.7754933333333
 30
0.0
 10
158.8458144444444
 20
201.3633683333333
 30
0.0
 10
158.4824533333333
 20
205.035785
 30
0.0
 10
158.4013144444444
 20
210.0875627777778
 30
0.0
 10
161.3999255555555
 20
210.0875627777778
 30
0.0
 10
161.42462
 20
210.0663961111111
 30
0.0
 10
161.4493144444444
 20
209.290285
 30
0.0
 10
161.4528422222222
 20
208.337785
 30
0.0
 10
161.4493144444444
 20
207.3711738888889
 30
0.0
 10
161.3999255555555
 20
206.8596461111111
 30
0.0
 10
161.4034533333333
 20
206.5880072222222
 30
0.0
 10
161.4034533333333
 20
205.4226646296296
 30
0.0
 10
161.4034533333333
 20
204.2573220370371
 30
0.0
 10
161.4034533333333
 20
203.0919794444444
 30
0.0
 10
161.8444255555555
 20
203.0919794444444
 30
0.0
 10
162.2853977777778
 20
203.0919794444444
 30
0.0
 10
162.72637
 20
203.0919794444444
 30
0.0
  0
POLYLINE
  5
F6
330
1F
100
AcDbEntity
  8
DEFAULT
 62
     1
100
AcDb2dPolyline
 66
     1
 10
0.0
 20
0.0
 30
0.0
  0
VERTEX
  5
F7
330
F6
100
AcDbEntity
  8
DEFAULT
 62
     1
100
AcDbVertex
100
AcDb2dVertex
 10
162.7228422222222
 20
210.0875627777778
 30
0.0
  0
VERTEX
  5
F8
330
F6
100
AcDbEntity
  8
DEFAULT
 62
     1
100
AcDbVertex
100
AcDb2dVertex
 10
161.3999255555555
 20
210.0875627777778
 30
0.0
  0
SEQEND
  5
F9
330
F6
100
AcDbEntity
  8
DEFAULT
 62
     1
  0
POLYLINE
  5
FA
330
1F
100
AcDbEntity
  8
DEFAULT
 62
     1
100
AcDb2dPolyline
 66
     1
 10
0.0
 20
0.0
 30
0.0
  0
VERTEX
  5
FB
330
FA
100
AcDbEntity
  8
DEFAULT
 62
     1
100
AcDbVertex
100
AcDb2dVertex
 10
164.3985366666666
 20
210.0910905555556
 30
0.0
  0
VERTEX
  5
FC
330
FA
100
AcDbEntity
  8
DEFAULT
 62
     1
100
AcDbVertex
100
AcDb2dVertex
 10
163.0720922222222
 20
210.0910905555556
 30
0.0
  0
SEQEND
  5
FD
330
FA
100
AcDbEntity
  8
DEFAULT
 62
     1
  0
POLYLINE
  5
FE
330
1F
100
AcDbEntity
  8
DEFAULT
 62
     1
100
AcDb2dPolyline
 66
     1
 10
0.0
 20
0.0
 30
0.0
  0
VERTEX
  5
FF
330
FE
100
AcDbEntity
  8
DEFAULT
 62
     1
100
AcDbVertex
100
AcDb2dVertex
 10
156.4469255555555
 20
183.9185072222222
 30
0.0
  0
VERTEX
  5
100
330
FE
100
AcDbEntity
  8
DEFAULT
 62
     1
100
AcDbVertex
100
AcDb2dVertex
 10
155.7978144444444
 20
185.0720905555555
 30
0.0
  0
SEQEND
  5
101
330
FE
100
AcDbEntity
  8
DEFAULT
 62
     1
  0
POLYLINE
  5
102
330
1F
100
AcDbEntity
  8
DEFAULT
 62
     1
100
AcDb2dPolyline
 66
     1
 10
0.0
 20
0.0
 30
0.0
  0
VERTEX
  5
103
330
102
100
AcDbEntity
  8
DEFAULT
 62
     1
100
AcDbVertex
100
AcDb2dVertex
 10
155.6284811111111
 20
185.382535
 30
0.0
  0
VERTEX
  5
104
330
102
100
AcDbEntity
  8
DEFAULT
 62
     1
100
AcDbVertex
100
AcDb2dVertex
 10
154.97937
 20
186.5361183333333
 30
0.0
  0
SEQEND
  5
105
330
102
100
AcDbEntity
  8
DEFAULT
 62
     1
  0
POLYLINE
  5
106
330
1F
100
AcDbEntity
  8
DEFAULT
 62
     1
100
AcDb2dPolyline
 66
     1
 10
0.0
 20
0.0
 30
0.0
  0
VERTEX
  5
107
330
106
100
AcDbEntity
  8
DEFAULT
 62
     1
100
AcDbVertex
100
AcDb2dVertex
 10
173.7506755555555
 20
190.9740627777778
 30
0.0
  0
VERTEX
  5
108
330
106
100
AcDbEntity
  8
DEFAULT
 62
     1
100
AcDbVertex
100
AcDb2dVertex
 10
173.1015644444444
 20
192.1311738888889
 30
0.0
  0
SEQEND
  5
109
330
106
100
AcDbEntity
  8
DEFAULT
 62
     1
  0
POLYLINE
  5
10A
330
1F
100
AcDbEntity
  8
DEFAULT
 62
     1
100
AcDb2dPolyline
 66
     1
 10
0.0
 20
0.0
 30
0.0
  0
VERTEX
  5
10B
330
10A
100
AcDbEntity
  8
DEFAULT
 62
     1
100
AcDbVertex
100
AcDb2dVertex
 10
174.56912
 20
189.5135627777778
 30
0.0
  0
VERTEX
  5
10C
330
10A
100
AcDbEntity
  8
DEFAULT
 62
     1
100
AcDbVertex
100
AcDb2dVertex
 10
173.9200088888889
 20
190.6671461111111
 30
0.0
  0
SEQEND
  5
10D
330
10A
100
AcDbEntity
  8
DEFAULT
 62
     1
  0
SPLINE
  5
10E
330
1F
100
AcDbEntity
  8
DEFAULT
 62
     1
100
AcDbSpline
210
0.0
220
0.0
230
1.0
 70
     8
 71
     3
 72
    74
 73
    70
 74
     0
 42
0.000000001
 43
0.0000000001
 40
0.0
 40
0.0
 40
0.0
 40
0.0
 40
3.759999999999991
 40
3.759999999999991
 40
3.759999999999991
 40
13.68000504032125
 40
13.68000504032125
 40
13.68000504032125
 40
14.68000504032125
 40
14.68000504032125
 40
14.68000504032125
 40
15.68000504032125
 40
15.68000504032125
 40
15.68000504032125
 40
16.68000504032125
 40
16.68000504032125
 40
16.68000504032125
 40
17.68000504032125
 40
17.68000504032125
 40
17.68000504032125
 40
18.68000504032125
 40
18.68000504032125
 40
18.68000504032125
 40
19.68000504032125
 40
19.68000504032125
 40
19.68000504032125
 40
20.68000504032125
 40
20.68000504032125
 40
20.68000504032125
 40
21.68000504032125
 40
21.68000504032125
 40
21.68000504032125
 40
22.68000504032125
 40
22.68000504032125
 40
22.68000504032125
 40
32.61052365719119
 40
32.61052365719119
 40
32.61052365719119
 40
41.11328791359637
 40
41.11328791359637
 40
41.11328791359637
 40
51.0301926726429
 40
51.0301926726429
 40
51.0301926726429
 40
52.0301926726429
 40
52.0301926726429
 40
52.0301926726429
 40
53.0301926726429
 40
53.0301926726429
 40
53.0301926726429
 40
54.0301926726429
 40
54.0301926726429
 40
54.0301926726429
 40
55.0301926726429
 40
55.0301926726429
 40
55.0301926726429
 40
56.0301926726429
 40
56.0301926726429
 40
56.0301926726429
 40
57.0301926726429
 40
57.0301926726429
 40
57.0301926726429
 40
58.0301926726429
 40
58.0301926726429
 40
58.0301926726429
 40
67.94709743168943
 40
67.94709743168943
 40
67.94709743168943
 40
71.67689635388348
 40
71.67689635388348
 40
71.67689635388348
 40
71.67689635388348
 10
163.07562
 20
203.0919794444444
 30
0.0
 10
163.5177681481481
 20
203.0919794444444
 30
0.0
 10
163.9599162962963
 20
203.0919794444444
 30
0.0
 10
164.4020644444444
 20
203.0919794444444
 30
0.0
 10
164.4008885185185
 20
204.2584979629629
 30
0.0
 10
164.3997125925926
 20
205.4250164814815
 30
0.0
 10
164.3985366666666
 20
206.591535
 30
0.0
 10
164.3985366666666
 20
206.8596461111111
 30
0.0
 10
164.3491477777778
 20
207.3711738888889
 30
0.0
 10
164.3491477777778
 20
208.337785
 30
0.0
 10
164.34562
 20
209.3043961111111
 30
0.0
 10
164.3703144444444
 20
210.0910905555556
 30
0.0
 10
164.3985366666666
 20
210.0910905555556
 30
0.0
 10
166.5928144444444
 20
210.0910905555556
 30
0.0
 10
165.5944533333333
 20
208.9304516666666
 30
0.0
 10
168.0533144444444
 20
208.6376461111111
 30
0.0
 10
170.9108144444444
 20
208.3025072222222
 30
0.0
 10
171.2212588888889
 20
210.2357294444444
 30
0.0
 10
170.7555922222222
 20
206.8878683333333
 30
0.0
 10
170.31462
 20
203.702285
 30
0.0
 10
168.2755644444444
 20
200.0616183333333
 30
0.0
 10
166.8044811111111
 20
198.400035
 30
0.0
 10
163.3190366666666
 20
194.4595072222222
 30
0.0
 10
162.5429255555555
 20
192.7591183333333
 30
0.0
 10
165.7390922222222
 20
193.7398405555555
 30
0.0
 10
168.1027033333333
 20
194.4700905555555
 30
0.0
 10
171.8562588888889
 20
194.3466183333333
 30
0.0
 10
173.1015644444444
 20
192.1311738888889
 30
0.0
 10
173.1015644444444
 20
192.0994238888889
 30
0.0
 10
172.4383422222222
 20
191.700785
 30
0.0
 10
171.6022588888889
 20
191.2280627777778
 30
0.0
 10
170.7555922222222
 20
190.7553405555555
 30
0.0
 10
170.2899255555555
 20
190.5472016666667
 30
0.0
 10
170.0535644444444
 20
190.4166738888889
 30
0.0
 10
169.0352125925926
 20
189.8451738888889
 30
0.0
 10
168.0168607407407
 20
189.2736738888889
 30
0.0
 10
166.9985088888889
 20
188.7021738888889
 30
0.0
 10
167.48887
 20
187.8308127777778
 30
0.0
 10
167.9792311111111
 20
186.9594516666667
 30
0.0
 10
168.4695922222222
 20
186.0880905555555
 30
0.0
 10
169.4867681481481
 20
186.6584146296296
 30
0.0
 10
170.503944074074
 20
187.2287387037037
 30
0.0
 10
171.52112
 20
187.7990627777777
 30
0.0
 10
171.7574811111111
 20
187.9331183333333
 30
0.0
 10
172.1772866666666
 20
188.2259238888889
 30
0.0
 10
173.0204255555555
 20
188.6986461111111
 30
0.0
 10
173.8529811111111
 20
189.1678405555555
 30
0.0
 10
174.53737
 20
189.5276738888889
 30
0.0
 10
174.56912
 20
189.5135627777778
 30
0.0
 10
175.5145644444444
 20
187.8308127777778
 30
0.0
 10
173.0874533333333
 20
185.1214794444444
 30
0.0
 10
169.8560088888889
 20
183.4810627777778
 30
0.0
 10
164.8677311111111
 20
180.9445905555555
 30
0.0
 10
167.2242866666666
 20
178.619785
 30
0.0
 10
163.0085922222222
 20
180.8387572222222
 30
0.0
 10
160.09112
 20
182.3768683333333
 30
0.0
 10
157.9144811111111
 20
181.3044238888889
 30
0.0
 10
156.4469255555555
 20
183.922035
 30
0.0
 10
156.4469255555555
 20
183.9502572222222
 30
0.0
 10
157.1136755555555
 20
184.3488961111111
 30
0.0
 10
157.9497588888889
 20
184.8180905555556
 30
0.0
 10
158.7928977777778
 20
185.2943405555555
 30
0.0
 10
159.2620922222222
 20
185.4989516666666
 30
0.0
 10
159.4984533333333
 20
185.6330072222222
 30
0.0
 10
160.5156292592592
 20
186.2033312962963
 30
0.0
 10
161.5328051851852
 20
186.7736553703704
 30
0.0
 10
162.5499811111111
 20
187.3439794444444
 30
0.0
 10
162.3347866666666
 20
187.7261553703704
 30
0.0
 10
162.1195922222222
 20
188.1083312962963
 30
0.0
 10
161.9043977777778
 20
188.4905072222222
 30
0.0
  0
POLYLINE
  5
10F
330
1F
100
AcDbEntity
  8
DEFAULT
 62
    18
100
AcDb2dPolyline
 66
     1
 10
0.0
 20
0.0
 30
0.0
  0
VERTEX
  5
110
330
10F
100
AcDbEntity
  8
DEFAULT
 62
    18
100
AcDbVertex
100
AcDb2dVertex
 10
164.9828072222222
 20
191.2914216666666
 30
0.0
  0
VERTEX
  5
111
330
10F
100
AcDbEntity
  8
DEFAULT
 62
    18
100
AcDbVertex
100
AcDb2dVertex
 10
165.7155266666667
 20
189.9872022222222
 30
0.0
  0
SEQEND
  5
112
330
10F
100
AcDbEntity
  8
DEFAULT
 62
    18
  0
POLYLINE
  5
113
330
1F
100
AcDbEntity
  8
DEFAULT
 62
    18
100
AcDb2dPolyline
 66
     1
 10
0.0
 20
0.0
 30
0.0
  0
VERTEX
  5
114
330
113
100
AcDbEntity
  8
DEFAULT
 62
    18
100
AcDbVertex
100
AcDb2dVertex
 10
165.3490963888889
 20
190.6392766666667
 30
0.0
  0
VERTEX
  5
115
330
113
100
AcDbEntity
  8
DEFAULT
 62
    18
100
AcDbVertex
100
AcDb2dVertex
 10
163.5869713888889
 20
189.649735
 30
0.0
  0
SEQEND
  5
116
330
113
100
AcDbEntity
  8
DEFAULT
 62
    18
  0
SPLINE
  5
117
330
1F
100
AcDbEntity
  8
DEFAULT
 62
    18
100
AcDbSpline
210
0.0
220
0.0
230
1.0
 70
     8
 71
     3
 72
    23
 73
    19
 74
     0
 42
0.000000001
 43
0.0000000001
 40
0.0
 40
0.0
 40
0.0
 40
0.0
 40
1.0
 40
1.0
 40
1.0
 40
2.0
 40
2.0
 40
2.0
 40
3.0
 40
3.0
 40
3.0
 40
4.0
 40
4.0
 40
4.0
 40
5.0
 40
5.0
 40
5.0
 40
6.0
 40
6.0
 40
6.0
 40
6.0
 10
164.0921844444444
 20
185.9608788888889
 30
0.0
 10
164.089715
 20
185.8426983333333
 30
0.0
 10
164.1228761111111
 20
185.6758344444444
 30
0.0
 10
164.2131872222222
 20
185.5149677777777
 30
0.0
 10
164.4047455555555
 20
185.1734788888889
 30
0.0
 10
164.731065
 20
185.0849316666667
 30
0.0
 10
164.9868288888889
 20
185.228865
 30
0.0
 10
165.1773288888889
 20
185.3357566666666
 30
0.0
 10
165.1790927777778
 20
185.63209
 30
0.0
 10
165.0425677777777
 20
185.8751538888889
 30
0.0
 10
164.8319594444444
 20
186.2498038888889
 30
0.0
 10
164.9074538888889
 20
186.4921622222222
 30
0.0
 10
165.143815
 20
186.6248066666666
 30
0.0
 10
165.4228622222222
 20
186.7817927777778
 30
0.0
 10
165.7414205555555
 20
186.6756066666666
 30
0.0
 10
165.95344
 20
186.2981344444444
 30
0.0
 10
166.0511594444444
 20
186.124215
 30
0.0
 10
166.0987844444444
 20
185.9393594444444
 30
0.0
 10
166.0959622222222
 20
185.7911927777778
 30
0.0
  0
SPLINE
  5
118
330
1F
100
AcDbEntity
  8
DEFAULT
 62
    18
100
AcDbSpline
210
0.0
220
0.0
230
1.0
 70
     8
 71
     3
 72
    26
 73
    22
 74
     0
 42
0.000000001
 43
0.0000000001
 40
0.0
 40
0.0
 40
0.0
 40
0.0
 40
1.0
 40
1.0
 40
1.0
 40
2.0
 40
2.0
 40
2.0
 40
3.0
 40
3.0
 40
3.0
 40
4.0
 40
4.0
 40
4.0
 40
5.0
 40
5.0
 40
5.0
 40
6.0
 40
6.0
 40
6.0
 40
7.0
 40
7.0
 40
7.0
 40
7.0
 10
162.0398644444444
 20
201.2253969444444
 30
0.0
 10
162.3125616666667
 20
201.1534302777778
 30
0.0
 10
162.5796144444444
 20
201.0722913888889
 30
0.0
 10
162.8135061111111
 20
200.9915052777777
 30
0.0
 10
162.8554866666666
 20
200.9766886111111
 30
0.0
 10
162.8974672222222
 20
200.9615191666666
 30
0.0
 10
162.9366255555555
 20
200.9615191666666
 30
0.0
 10
163.4160505555556
 20
200.9435275
 30
0.0
 10
163.8266838888889
 20
200.5896913888889
 30
0.0
 10
163.8266838888889
 20
199.9391691666667
 30
0.0
 10
163.8266838888889
 20
199.2914691666666
 30
0.0
 10
163.43122
 20
198.8748386111111
 30
0.0
 10
162.8854727777777
 20
198.8748386111111
 30
0.0
 10
162.3365505555555
 20
198.8748386111111
 30
0.0
 10
161.9798922222222
 20
199.3006413888889
 30
0.0
 10
161.9798922222222
 20
199.8971886111111
 30
0.0
 10
161.9798922222222
 20
200.4161247222222
 30
0.0
 10
162.2942172222222
 20
200.7865413888888
 30
0.0
 10
162.5224644444444
 20
200.8705025
 30
0.0
 10
162.7510644444444
 20
200.9544636111111
 30
0.0
 10
162.9034644444444
 20
200.9653997222222
 30
0.0
 10
162.9034644444444
 20
200.9653997222222
 30
0.0
  0
POLYLINE
  5
119
330
1F
100
AcDbEntity
  8
DEFAULT
 62
     1
100
AcDb2dPolyline
 66
     1
 10
0.0
 20
0.0
 30
0.0
  0
VERTEX
  5
11A
330
119
100
AcDbEntity
  8
DEFAULT
 62
     1
100
AcDbVertex
100
AcDb2dVertex
 10
201.0318983333333
 20
167.5980194444444
 30
0.0
  0
VERTEX
  5
11B
330
119
100
AcDbEntity
  8
DEFAULT
 62
     1
100
AcDbVertex
100
AcDb2dVertex
 10
199.7054538888889
 20
167.5980194444444
 30
0.0
  0
SEQEND
  5
11C
330
119
100
AcDbEntity
  8
DEFAULT
 62
     1
  0
POLYLINE
  5
11D
330
1F
100
AcDbEntity
  8
DEFAULT
 62
     1
100
AcDb2dPolyline
 66
     1
 10
0.0
 20
0.0
 30
0.0
  0
VERTEX
  5
11E
330
11D
100
AcDbEntity
  8
DEFAULT
 62
     1
100
AcDbVertex
100
AcDb2dVertex
 10
199.3562038888889
 20
167.6015472222222
 30
0.0
  0
VERTEX
  5
11F
330
11D
100
AcDbEntity
  8
DEFAULT
 62
     1
100
AcDbVertex
100
AcDb2dVertex
 10
198.0297594444444
 20
167.6015472222222
 30
0.0
  0
SEQEND
  5
120
330
11D
100
AcDbEntity
  8
DEFAULT
 62
     1
  0
SPLINE
  5
121
330
1F
100
AcDbEntity
  8
DEFAULT
 62
     1
100
AcDbSpline
210
0.0
220
0.0
230
1.0
 70
     8
 71
     3
 72
    32
 73
    28
 74
     0
 42
0.000000001
 43
0.0000000001
 40
0.0
 40
0.0
 40
0.0
 40
0.0
 40
1.0
 40
1.0
 40
1.0
 40
2.0
 40
2.0
 40
2.0
 40
3.0
 40
3.0
 40
3.0
 40
4.0
 40
4.0
 40
4.0
 40
5.0
 40
5.0
 40
5.0
 40
6.0
 40
6.0
 40
6.0
 40
7.0
 40
7.0
 40
7.0
 40
16.92000000000002
 40
16.92000000000002
 40
16.92000000000002
 40
20.65000000000003
 40
20.65000000000003
 40
20.65000000000003
 40
20.65000000000003
 10
170.9681761111111
 20
214.182325
 30
0.0
 10
164.5370372222222
 20
219.2976027777777
 30
0.0
 10
166.6783983333333
 20
218.8566305555555
 30
0.0
 10
171.2292316666667
 20
216.563575
 30
0.0
 10
184.5959816666667
 20
209.8219916666666
 30
0.0
 10
195.7613983333333
 20
183.5012416666666
 30
0.0
 10
202.0302594444444
 20
181.7408805555555
 30
0.0
 10
202.3371761111111
 20
181.6526861111111
 30
0.0
 10
202.9510094444445
 20
181.3281305555555
 30
0.0
 10
203.0250927777778
 20
180.463825
 30
0.0
 10
203.0250927777778
 20
179.1585472222222
 30
0.0
 10
203.0321483333333
 20
173.9056861111111
 30
0.0
 10
203.0321483333333
 20
170.9317694444444
 30
0.0
 10
203.0321483333333
 20
167.5980194444444
 30
0.0
 10
203.0321483333333
 20
167.5980194444444
 30
0.0
 10
201.0318983333333
 20
167.5980194444444
 30
0.0
 10
201.0036761111111
 20
167.5980194444444
 30
0.0
 10
200.9825094444444
 20
168.3811861111111
 30
0.0
 10
200.9825094444444
 20
169.3477972222222
 30
0.0
 10
200.9825094444444
 20
170.3144083333333
 30
0.0
 10
201.0318983333333
 20
170.8259361111111
 30
0.0
 10
201.0318983333333
 20
171.097575
 30
0.0
 10
201.0318983333333
 20
172.2640935185185
 30
0.0
 10
201.0318983333333
 20
173.430612037037
 30
0.0
 10
201.0318983333333
 20
174.5971305555555
 30
0.0
 10
200.5932779629629
 20
174.5971305555555
 30
0.0
 10
200.1546575925925
 20
174.5971305555555
 30
0.0
 10
199.7160372222222
 20
174.5971305555555
 30
0.0
  0
SPLINE
  5
122
330
1F
100
AcDbEntity
  8
DEFAULT
 62
     1
100
AcDbSpline
210
0.0
220
0.0
230
1.0
 70
     8
 71
     3
 72
    29
 73
    25
 74
     0
 42
0.000000001
 43
0.0000000001
 40
0.0
 40
0.0
 40
0.0
 40
0.0
 40
1.0
 40
1.0
 40
1.0
 40
2.0
 40
2.0
 40
2.0
 40
3.0
 40
3.0
 40
3.0
 40
4.0
 40
4.0
 40
4.0
 40
5.0
 40
5.0
 40
5.0
 40
6.0
 40
6.0
 40
6.0
 40
15.91999999999996
 40
15.91999999999996
 40
15.91999999999996
 40
19.69999999999993
 40
19.69999999999993
 40
19.69999999999993
 40
19.69999999999993
 10
171.239815
 20
213.9636027777777
 30
0.0
 10
177.8826205555555
 20
208.6013805555555
 30
0.0
 10
191.242315
 20
190.4262694444444
 30
0.0
 10
193.8916761111111
 20
185.7272694444444
 30
0.0
 10
195.7860927777778
 20
182.3617694444444
 30
0.0
 10
196.1706205555556
 20
182.4429083333333
 30
0.0
 10
193.6447316666667
 20
180.7284083333333
 30
0.0
 10
188.9951205555555
 20
177.574575
 30
0.0
 10
195.9695372222222
 20
178.7846027777777
 30
0.0
 10
195.0346761111111
 20
176.0999638888889
 30
0.0
 10
193.4154261111111
 20
171.4503527777778
 30
0.0
 10
195.0346761111111
 20
167.5980194444444
 30
0.0
 10
198.0332872222222
 20
167.5980194444444
 30
0.0
 10
198.0579816666667
 20
167.5980194444444
 30
0.0
 10
198.0826761111111
 20
168.3811861111111
 30
0.0
 10
198.0826761111111
 20
169.3477972222222
 30
0.0
 10
198.0826761111111
 20
170.3144083333333
 30
0.0
 10
198.0332872222222
 20
170.8259361111111
 30
0.0
 10
198.0332872222222
 20
171.097575
 30
0.0
 10
198.0332872222222
 20
172.2640935185185
 30
0.0
 10
198.0332872222222
 20
173.430612037037
 30
0.0
 10
198.0332872222222
 20
174.5971305555555
 30
0.0
 10
198.4777872222222
 20
174.5971305555555
 30
0.0
 10
198.9222872222222
 20
174.5971305555555
 30
0.0
 10
199.3667872222222
 20
174.5971305555555
 30
0.0
  0
POLYLINE
  5
123
330
1F
100
AcDbEntity
  8
DEFAULT
 62
    18
100
AcDb2dPolyline
 66
     1
 10
0.0
 20
0.0
 30
0.0
  0
VERTEX
  5
124
330
123
100
AcDbEntity
  8
DEFAULT
 62
    18
100
AcDbVertex
100
AcDb2dVertex
 10
198.7839630555555
 20
178.6494536111111
 30
0.0
  0
VERTEX
  5
125
330
123
100
AcDbEntity
  8
DEFAULT
 62
    18
100
AcDbVertex
100
AcDb2dVertex
 10
200.2800936111111
 20
178.6494536111111
 30
0.0
  0
SEQEND
  5
126
330
123
100
AcDbEntity
  8
DEFAULT
 62
    18
  0
POLYLINE
  5
127
330
1F
100
AcDbEntity
  8
DEFAULT
 62
    18
100
AcDb2dPolyline
 66
     1
 10
0.0
 20
0.0
 30
0.0
  0
VERTEX
  5
128
330
127
100
AcDbEntity
  8
DEFAULT
 62
    18
100
AcDbVertex
100
AcDb2dVertex
 10
199.5319577777778
 20
178.6494536111111
 30
0.0
  0
VERTEX
  5
129
330
127
100
AcDbEntity
  8
DEFAULT
 62
    18
100
AcDbVertex
100
AcDb2dVertex
 10
199.5319577777778
 20
176.6287425
 30
0.0
  0
SEQEND
  5
12A
330
127
100
AcDbEntity
  8
DEFAULT
 62
    18
  0
POLYLINE
  5
12B
330
1F
100
AcDbEntity
  8
DEFAULT
 62
     1
100
AcDb2dPolyline
 66
     1
 10
0.0
 20
0.0
 30
0.0
  0
VERTEX
  5
12C
330
12B
100
AcDbEntity
  8
DEFAULT
 62
     1
100
AcDbVertex
100
AcDb2dVertex
 10
211.9680094444444
 20
167.5980194444444
 30
0.0
  0
VERTEX
  5
12D
330
12B
100
AcDbEntity
  8
DEFAULT
 62
     1
100
AcDbVertex
100
AcDb2dVertex
 10
210.641565
 20
167.5980194444444
 30
0.0
  0
SEQEND
  5
12E
330
12B
100
AcDbEntity
  8
DEFAULT
 62
     1
  0
POLYLINE
  5
12F
330
1F
100
AcDbEntity
  8
DEFAULT
 62
     1
100
AcDb2dPolyline
 66
     1
 10
0.0
 20
0.0
 30
0.0
  0
VERTEX
  5
130
330
12F
100
AcDbEntity
  8
DEFAULT
 62
     1
100
AcDbVertex
100
AcDb2dVertex
 10
210.292315
 20
167.6015472222222
 30
0.0
  0
VERTEX
  5
131
330
12F
100
AcDbEntity
  8
DEFAULT
 62
     1
100
AcDbVertex
100
AcDb2dVertex
 10
208.9658705555555
 20
167.6015472222222
 30
0.0
  0
SEQEND
  5
132
330
12F
100
AcDbEntity
  8
DEFAULT
 62
     1
  0
SPLINE
  5
133
330
1F
100
AcDbEntity
  8
DEFAULT
 62
     1
100
AcDbSpline
210
0.0
220
0.0
230
1.0
 70
     8
 71
     3
 72
    32
 73
    28
 74
     0
 42
0.000000001
 43
0.0000000001
 40
0.0
 40
0.0
 40
0.0
 40
0.0
 40
1.0
 40
1.0
 40
1.0
 40
2.0
 40
2.0
 40
2.0
 40
3.0
 40
3.0
 40
3.0
 40
4.0
 40
4.0
 40
4.0
 40
5.0
 40
5.0
 40
5.0
 40
6.0
 40
6.0
 40
6.0
 40
7.0
 40
7.0
 40
7.0
 40
16.92000000000002
 40
16.92000000000002
 40
16.92000000000002
 40
20.69999999999999
 40
20.69999999999999
 40
20.69999999999999
 40
20.69999999999999
 10
239.0295927777778
 20
214.182325
 30
0.0
 10
245.4607316666667
 20
219.2976027777777
 30
0.0
 10
243.3193705555555
 20
218.8566305555555
 30
0.0
 10
238.7685372222222
 20
216.563575
 30
0.0
 10
225.4017872222222
 20
209.8219916666666
 30
0.0
 10
214.2363705555556
 20
183.5012416666666
 30
0.0
 10
207.9675094444445
 20
181.7408805555555
 30
0.0
 10
207.6605927777778
 20
181.6526861111111
 30
0.0
 10
207.0467594444444
 20
181.3281305555555
 30
0.0
 10
206.9762038888889
 20
180.463825
 30
0.0
 10
206.9762038888889
 20
179.1585472222222
 30
0.0
 10
206.9691483333333
 20
173.9056861111111
 30
0.0
 10
206.9691483333333
 20
170.9317694444444
 30
0.0
 10
206.9691483333333
 20
167.5980194444444
 30
0.0
 10
206.9691483333333
 20
167.5980194444444
 30
0.0
 10
208.9693983333333
 20
167.5980194444444
 30
0.0
 10
208.9976205555556
 20
167.5980194444444
 30
0.0
 10
209.0187872222222
 20
168.3811861111111
 30
0.0
 10
209.0187872222222
 20
169.3477972222222
 30
0.0
 10
209.0187872222222
 20
170.3144083333333
 30
0.0
 10
208.9693983333333
 20
170.8259361111111
 30
0.0
 10
208.9693983333333
 20
171.097575
 30
0.0
 10
208.9693983333333
 20
172.2640935185185
 30
0.0
 10
208.9693983333333
 20
173.430612037037
 30
0.0
 10
208.9693983333333
 20
174.5971305555555
 30
0.0
 10
209.4138983333333
 20
174.5971305555555
 30
0.0
 10
209.8583983333333
 20
174.5971305555555
 30
0.0
 10
210.3028983333333
 20
174.5971305555555
 30
0.0
  0
SPLINE
  5
134
330
1F
100
AcDbEntity
  8
DEFAULT
 62
     1
100
AcDbSpline
210
0.0
220
0.0
230
1.0
 70
     8
 71
     3
 72
    29
 73
    25
 74
     0
 42
0.000000001
 43
0.0000000001
 40
0.0
 40
0.0
 40
0.0
 40
0.0
 40
3.730000000000018
 40
3.730000000000018
 40
3.730000000000018
 40
13.65000000000003
 40
13.65000000000003
 40
13.65000000000003
 40
14.65000000000003
 40
14.65000000000003
 40
14.65000000000003
 40
15.65000000000003
 40
15.65000000000003
 40
15.65000000000003
 40
16.65000000000003
 40
16.65000000000003
 40
16.65000000000003
 40
17.65000000000003
 40
17.65000000000003
 40
17.65000000000003
 40
18.65000000000003
 40
18.65000000000003
 40
18.65000000000003
 40
19.65000000000003
 40
19.65000000000003
 40
19.65000000000003
 40
19.65000000000003
 10
210.6521483333333
 20
174.5971305555555
 30
0.0
 10
211.0907687037037
 20
174.5971305555555
 30
0.0
 10
211.5293890740741
 20
174.5971305555555
 30
0.0
 10
211.9680094444444
 20
174.5971305555555
 30
0.0
 10
211.9680094444444
 20
173.430612037037
 30
0.0
 10
211.9680094444444
 20
172.2640935185185
 30
0.0
 10
211.9680094444444
 20
171.097575
 30
0.0
 10
211.9680094444444
 20
170.8259361111111
 30
0.0
 10
211.9186205555555
 20
170.3144083333333
 30
0.0
 10
211.9186205555555
 20
169.3477972222222
 30
0.0
 10
211.9186205555555
 20
168.3811861111111
 30
0.0
 10
211.943315
 20
167.5980194444444
 30
0.0
 10
211.9680094444444
 20
167.5980194444444
 30
0.0
 10
214.9666205555555
 20
167.5980194444444
 30
0.0
 10
216.5858705555555
 20
171.4503527777778
 30
0.0
 10
214.9666205555555
 20
176.0999638888889
 30
0.0
 10
214.0317594444444
 20
178.7846027777778
 30
0.0
 10
221.0061761111111
 20
177.574575
 30
0.0
 10
216.356565
 20
180.7284083333333
 30
0.0
 10
213.8306761111111
 20
182.4429083333333
 30
0.0
 10
214.2116761111111
 20
182.3617694444444
 30
0.0
 10
216.1060927777778
 20
185.7272694444444
 30
0.0
 10
218.7554538888889
 20
190.4262694444444
 30
0.0
 10
232.1116205555555
 20
208.594325
 30
0.0
 10
238.7544261111111
 20
213.9636027777777
 30
0.0
  0
POLYLINE
  5
135
330
1F
100
AcDbEntity
  8
DEFAULT
 62
    18
100
AcDb2dPolyline
 66
     1
 10
0.0
 20
0.0
 30
0.0
  0
VERTEX
  5
136
330
135
100
AcDbEntity
  8
DEFAULT
 62
    18
100
AcDbVertex
100
AcDb2dVertex
 10
209.7200741666666
 20
178.6494536111111
 30
0.0
  0
VERTEX
  5
137
330
135
100
AcDbEntity
  8
DEFAULT
 62
    18
100
AcDbVertex
100
AcDb2dVertex
 10
211.2162047222222
 20
178.6494536111111
 30
0.0
  0
SEQEND
  5
138
330
135
100
AcDbEntity
  8
DEFAULT
 62
    18
  0
POLYLINE
  5
139
330
1F
100
AcDbEntity
  8
DEFAULT
 62
    18
100
AcDb2dPolyline
 66
     1
 10
0.0
 20
0.0
 30
0.0
  0
VERTEX
  5
13A
330
139
100
AcDbEntity
  8
DEFAULT
 62
    18
100
AcDbVertex
100
AcDb2dVertex
 10
210.4680688888889
 20
178.6494536111111
 30
0.0
  0
VERTEX
  5
13B
330
139
100
AcDbEntity
  8
DEFAULT
 62
    18
100
AcDbVertex
100
AcDb2dVertex
 10
210.4680688888889
 20
176.6287425
 30
0.0
  0
SEQEND
  5
13C
330
139
100
AcDbEntity
  8
DEFAULT
 62
    18
  0
SPLINE
  5
13D
330
1F
100
AcDbEntity
  8
DEFAULT
 62
     1
100
AcDbSpline
210
0.0
220
0.0
230
1.0
 70
     8
 71
     3
 72
    95
 73
    91
 74
     0
 42
0.000000001
 43
0.0000000001
 40
0.0
 40
0.0
 40
0.0
 40
0.0
 40
3.75
 40
3.75
 40
3.75
 40
13.67000000000002
 40
13.67000000000002
 40
13.67000000000002
 40
14.67000000000002
 40
14.67000000000002
 40
14.67000000000002
 40
15.67000000000002
 40
15.67000000000002
 40
15.67000000000002
 40
16.67000000000002
 40
16.67000000000002
 40
16.67000000000002
 40
17.67000000000002
 40
17.67000000000002
 40
17.67000000000002
 40
18.67000000000002
 40
18.67000000000002
 40
18.67000000000002
 40
19.67000000000002
 40
19.67000000000002
 40
19.67000000000002
 40
20.67000000000002
 40
20.67000000000002
 40
20.67000000000002
 40
21.67000000000002
 40
21.67000000000002
 40
21.67000000000002
 40
22.67000000000002
 40
22.67000000000002
 40
22.67000000000002
 40
23.67000000000002
 40
23.67000000000002
 40
23.67000000000002
 40
24.67000000000002
 40
24.67000000000002
 40
24.67000000000002
 40
25.67000000000002
 40
25.67000000000002
 40
25.67000000000002
 40
26.67000000000002
 40
26.67000000000002
 40
26.67000000000002
 40
27.67000000000002
 40
27.67000000000002
 40
27.67000000000002
 40
28.67000000000002
 40
28.67000000000002
 40
28.67000000000002
 40
29.67000000000002
 40
29.67000000000002
 40
29.67000000000002
 40
30.67000000000002
 40
30.67000000000002
 40
30.67000000000002
 40
31.67000000000002
 40
31.67000000000002
 40
31.67000000000002
 40
32.67000000000002
 40
32.67000000000002
 40
32.67000000000002
 40
33.67000000000002
 40
33.67000000000002
 40
33.67000000000002
 40
34.67000000000002
 40
34.67000000000002
 40
34.67000000000002
 40
35.67000000000002
 40
35.67000000000002
 40
35.67000000000002
 40
36.67000000000002
 40
36.67000000000002
 40
36.67000000000002
 40
37.67000000000002
 40
37.67000000000002
 40
37.67000000000002
 40
38.67000000000002
 40
38.67000000000002
 40
38.67000000000002
 40
39.67000000000002
 40
39.67000000000002
 40
39.67000000000002
 40
52.79000381097508
 40
52.79000381097508
 40
52.79000381097508
 40
56.55000381097507
 40
56.55000381097507
 40
56.55000381097507
 40
56.55000381097507
 10
245.78437
 20
165.9233127777778
 30
0.0
 10
246.2253422222222
 20
165.9233127777778
 30
0.0
 10
246.6663144444444
 20
165.9233127777778
 30
0.0
 10
247.1072866666666
 20
165.9233127777778
 30
0.0
 10
247.1072866666666
 20
167.0898312962963
 30
0.0
 10
247.1072866666666
 20
168.2563498148148
 30
0.0
 10
247.1072866666666
 20
169.4228683333333
 30
0.0
 10
247.1072866666666
 20
169.6945072222222
 30
0.0
 10
247.0578977777778
 20
170.206035
 30
0.0
 10
247.0578977777778
 20
171.1726461111111
 30
0.0
 10
247.0578977777778
 20
172.1392572222222
 30
0.0
 10
247.0825922222222
 20
172.9224238888889
 30
0.0
 10
247.1072866666666
 20
172.9224238888889
 30
0.0
 10
251.4111755555555
 20
172.9224238888889
 30
0.0
 10
255.4187311111111
 20
173.3140072222222
 30
0.0
 10
255.4187311111111
 20
171.8147016666667
 30
0.0
 10
255.4187311111111
 20
169.5745627777778
 30
0.0
 10
257.5142311111111
 20
171.444285
 30
0.0
 10
257.5142311111111
 20
168.9960072222222
 30
0.0
 10
257.5142311111111
 20
165.792785
 30
0.0
 10
255.3270088888889
 20
164.2264516666667
 30
0.0
 10
256.0360922222222
 20
163.2104516666666
 30
0.0
 10
257.3237311111111
 20
161.3654238888889
 30
0.0
 10
252.2648977777777
 20
160.0389794444444
 30
0.0
 10
249.5449811111111
 20
159.0512016666667
 30
0.0
 10
249.2204255555555
 20
158.9136183333333
 30
0.0
 10
249.2627588888889
 20
158.458535
 30
0.0
 10
249.5837866666666
 20
158.109285
 30
0.0
 10
251.68987
 20
155.8056461111111
 30
0.0
 10
255.75387
 20
149.1981183333333
 30
0.0
 10
254.4768144444444
 20
149.1981183333333
 30
0.0
 10
253.8241755555555
 20
149.1981183333333
 30
0.0
 10
257.2813977777778
 20
132.4305905555555
 30
0.0
 10
256.1066477777778
 20
132.4305905555555
 30
0.0
 10
255.0624255555555
 20
132.4305905555555
 30
0.0
 10
256.6640366666666
 20
118.1642572222222
 30
0.0
 10
255.1435644444444
 20
118.1642572222222
 30
0.0
 10
253.5348977777778
 20
118.1642572222222
 30
0.0
 10
252.7340922222222
 20
104.3953405555555
 30
0.0
 10
251.5099533333333
 20
104.3953405555555
 30
0.0
 10
250.3210922222222
 20
104.3953405555555
 30
0.0
 10
250.3387311111111
 20
100.4407016666667
 30
0.0
 10
247.1143422222222
 20
100.2854794444444
 30
0.0
 10
247.0825922222222
 20
100.3807294444444
 30
0.0
 10
247.0649533333333
 20
101.1250905555555
 30
0.0
 10
247.0649533333333
 20
102.0282016666667
 30
0.0
 10
247.0649533333333
 20
102.9948127777778
 30
0.0
 10
247.1143422222222
 20
103.5063405555555
 30
0.0
 10
247.1143422222222
 20
103.7779794444444
 30
0.0
 10
247.1143422222222
 20
104.0496183333333
 30
0.0
 10
247.0649533333333
 20
104.5611461111111
 30
0.0
 10
247.0649533333333
 20
105.5277572222222
 30
0.0
 10
247.0649533333333
 20
106.4943683333333
 30
0.0
 10
247.1143422222222
 20
107.0058961111111
 30
0.0
 10
247.1143422222222
 20
107.277535
 30
0.0
 10
247.1143422222222
 20
107.5491738888889
 30
0.0
 10
247.0649533333333
 20
108.0607016666667
 30
0.0
 10
247.0649533333333
 20
109.0273127777778
 30
0.0
 10
247.0649533333333
 20
109.9939238888889
 30
0.0
 10
247.1143422222222
 20
110.5054516666666
 30
0.0
 10
247.1143422222222
 20
110.7770905555555
 30
0.0
 10
247.1143422222222
 20
111.0487294444444
 30
0.0
 10
247.0649533333333
 20
111.5602572222222
 30
0.0
 10
247.0649533333333
 20
112.5268683333333
 30
0.0
 10
247.0649533333333
 20
113.4934794444444
 30
0.0
 10
247.1143422222222
 20
114.0050072222222
 30
0.0
 10
247.1143422222222
 20
114.2766461111111
 30
0.0
 10
247.1143422222222
 20
114.548285
 30
0.0
 10
247.0649533333333
 20
115.0598127777778
 30
0.0
 10
247.0649533333333
 20
116.0264238888889
 30
0.0
 10
247.0649533333333
 20
116.993035
 30
0.0
 10
247.1143422222222
 20
117.5045627777778
 30
0.0
 10
247.1143422222222
 20
117.7762016666667
 30
0.0
 10
247.1143422222222
 20
118.0584238888889
 30
0.0
 10
247.0649533333333
 20
118.5840627777778
 30
0.0
 10
247.0649533333333
 20
119.5753683333333
 30
0.0
 10
247.0649533333333
 20
120.5702016666666
 30
0.0
 10
247.1143422222222
 20
121.0958405555555
 30
0.0
 10
247.1143422222222
 20
121.374535
 30
0.0
 10
247.1143422222222
 20
121.6532294444444
 30
0.0
 10
247.0649533333333
 20
122.1788683333333
 30
0.0
 10
247.0649533333333
 20
123.1737016666666
 30
0.0
 10
247.0649533333333
 20
124.1650072222222
 30
0.0
 10
247.1143422222222
 20
124.6906461111111
 30
0.0
 10
247.1143422222222
 20
124.9728683333333
 30
0.0
 10
247.1131662962963
 20
126.5156831481481
 30
0.0
 10
247.1119903703703
 20
128.0584979629629
 30
0.0
 10
247.1108144444444
 20
129.6013127777778
 30
0.0
 10
246.6686662962962
 20
129.6013127777778
 30
0.0
 10
246.2265181481481
 20
129.6013127777778
 30
0.0
 10
245.78437
 20
129.6013127777778
 30
0.0
  0
SPLINE
  5
13E
330
1F
100
AcDbEntity
  8
DEFAULT
 62
     1
100
AcDbSpline
210
0.0
220
0.0
230
1.0
 70
     8
 71
     3
 72
    44
 73
    40
 74
     0
 42
0.000000001
 43
0.0000000001
 40
0.0
 40
0.0
 40
0.0
 40
0.0
 40
1.0
 40
1.0
 40
1.0
 40
2.0
 40
2.0
 40
2.0
 40
3.0
 40
3.0
 40
3.0
 40
4.0
 40
4.0
 40
4.0
 40
5.0
 40
5.0
 40
5.0
 40
6.0
 40
6.0
 40
6.0
 40
7.0
 40
7.0
 40
7.0
 40
8.0
 40
8.0
 40
8.0
 40
9.0
 40
9.0
 40
9.0
 40
10.0
 40
10.0
 40
10.0
 40
11.0
 40
11.0
 40
11.0
 40
20.92000000000007
 40
20.92000000000007
 40
20.92000000000007
 40
24.67000000000007
 40
24.67000000000007
 40
24.67000000000007
 40
24.67000000000007
 10
239.7024811111111
 20
104.3953405555555
 30
0.0
 10
238.4783422222222
 20
104.3953405555555
 30
0.0
 10
237.6775366666666
 20
118.1642572222222
 30
0.0
 10
236.06887
 20
118.1642572222222
 30
0.0
 10
234.5483977777778
 20
118.1642572222222
 30
0.0
 10
236.1500088888888
 20
132.4305905555556
 30
0.0
 10
235.1057866666666
 20
132.4305905555556
 30
0.0
 10
233.9310366666666
 20
132.4305905555556
 30
0.0
 10
237.3847311111111
 20
149.1981183333333
 30
0.0
 10
236.7320922222222
 20
149.1981183333333
 30
0.0
 10
235.4585644444444
 20
149.1981183333333
 30
0.0
 10
239.5190366666666
 20
155.8056461111111
 30
0.0
 10
241.6321755555555
 20
158.109285
 30
0.0
 10
241.9532033333333
 20
158.458535
 30
0.0
 10
241.9920088888888
 20
158.9136183333333
 30
0.0
 10
241.6674533333333
 20
159.0512016666667
 30
0.0
 10
238.9475366666667
 20
160.0389794444444
 30
0.0
 10
233.8922311111111
 20
161.3654238888889
 30
0.0
 10
235.1798699999999
 20
163.2104516666667
 30
0.0
 10
235.8889533333333
 20
164.2264516666667
 30
0.0
 10
233.7017311111111
 20
165.792785
 30
0.0
 10
233.7017311111111
 20
168.9960072222222
 30
0.0
 10
233.7017311111111
 20
171.444285
 30
0.0
 10
235.7972311111111
 20
169.5745627777778
 30
0.0
 10
235.7972311111111
 20
171.8147016666667
 30
0.0
 10
235.7972311111111
 20
173.3140072222222
 30
0.0
 10
239.8047866666666
 20
172.9224238888889
 30
0.0
 10
244.1086755555555
 20
172.9224238888889
 30
0.0
 10
244.1368977777778
 20
172.9224238888889
 30
0.0
 10
244.1580644444444
 20
172.1392572222222
 30
0.0
 10
244.1580644444444
 20
171.1726461111111
 30
0.0
 10
244.1580644444444
 20
170.206035
 30
0.0
 10
244.1086755555555
 20
169.6945072222222
 30
0.0
 10
244.1086755555555
 20
169.4228683333334
 30
0.0
 10
244.1086755555555
 20
168.2563498148148
 30
0.0
 10
244.1086755555555
 20
167.0898312962963
 30
0.0
 10
244.1086755555555
 20
165.9233127777778
 30
0.0
 10
244.5496477777777
 20
165.9233127777778
 30
0.0
 10
244.99062
 20
165.9233127777778
 30
0.0
 10
245.4315922222222
 20
165.9233127777778
 30
0.0
  0
POLYLINE
  5
13F
330
1F
100
AcDbEntity
  8
DEFAULT
 62
     1
100
AcDb2dPolyline
 66
     1
 10
0.0
 20
0.0
 30
0.0
  0
VERTEX
  5
140
330
13F
100
AcDbEntity
  8
DEFAULT
 62
     1
100
AcDbVertex
100
AcDb2dVertex
 10
245.4315922222222
 20
100.2890072222222
 30
0.0
  0
VERTEX
  5
141
330
13F
100
AcDbEntity
  8
DEFAULT
 62
     1
100
AcDbVertex
100
AcDb2dVertex
 10
244.1086755555555
 20
100.2890072222222
 30
0.0
  0
SEQEND
  5
142
330
13F
100
AcDbEntity
  8
DEFAULT
 62
     1
  0
POLYLINE
  5
143
330
1F
100
AcDbEntity
  8
DEFAULT
 62
     1
100
AcDb2dPolyline
 66
     1
 10
0.0
 20
0.0
 30
0.0
  0
VERTEX
  5
144
330
143
100
AcDbEntity
  8
DEFAULT
 62
     1
100
AcDbVertex
100
AcDb2dVertex
 10
247.1072866666666
 20
100.2854794444444
 30
0.0
  0
VERTEX
  5
145
330
143
100
AcDbEntity
  8
DEFAULT
 62
     1
100
AcDbVertex
100
AcDb2dVertex
 10
245.78437
 20
100.2854794444444
 30
0.0
  0
SEQEND
  5
146
330
143
100
AcDbEntity
  8
DEFAULT
 62
     1
  0
POLYLINE
  5
147
330
1F
100
AcDbEntity
  8
DEFAULT
 62
     1
100
AcDb2dPolyline
 66
     1
 10
0.0
 20
0.0
 30
0.0
  0
VERTEX
  5
148
330
147
100
AcDbEntity
  8
DEFAULT
 62
     1
100
AcDbVertex
100
AcDb2dVertex
 10
245.4315922222222
 20
172.9259516666667
 30
0.0
  0
VERTEX
  5
149
330
147
100
AcDbEntity
  8
DEFAULT
 62
     1
100
AcDbVertex
100
AcDb2dVertex
 10
244.1086755555555
 20
172.9259516666667
 30
0.0
  0
SEQEND
  5
14A
330
147
100
AcDbEntity
  8
DEFAULT
 62
     1
  0
POLYLINE
  5
14B
330
1F
100
AcDbEntity
  8
DEFAULT
 62
     1
100
AcDb2dPolyline
 66
     1
 10
0.0
 20
0.0
 30
0.0
  0
VERTEX
  5
14C
330
14B
100
AcDbEntity
  8
DEFAULT
 62
     1
100
AcDbVertex
100
AcDb2dVertex
 10
247.1072866666666
 20
172.9224238888889
 30
0.0
  0
VERTEX
  5
14D
330
14B
100
AcDbEntity
  8
DEFAULT
 62
     1
100
AcDbVertex
100
AcDb2dVertex
 10
245.78437
 20
172.9224238888889
 30
0.0
  0
SEQEND
  5
14E
330
14B
100
AcDbEntity
  8
DEFAULT
 62
     1
  0
SPLINE
  5
14F
330
1F
100
AcDbEntity
  8
DEFAULT
 62
     1
100
AcDbSpline
210
0.0
220
0.0
230
1.0
 70
    11
 71
     3
 72
    20
 73
    16
 74
     0
 42
0.000000001
 43
0.0000000001
 40
1.0
 40
1.0
 40
1.0
 40
1.0
 40
2.0
 40
2.0
 40
2.0
 40
3.0
 40
3.0
 40
3.0
 40
29.44999999999999
 40
29.44999999999999
 40
29.44999999999999
 40
30.44999999999999
 40
30.44999999999999
 40
30.44999999999999
 40
31.44999999999999
 40
31.44999999999999
 40
31.44999999999999
 40
31.44999999999999
 10
237.2757227777777
 20
138.5332933333333
 30
0.0
 10
237.3674449999999
 20
141.3343488888889
 30
0.0
 10
237.7590283333333
 20
145.0455711111111
 30
0.0
 10
239.0960561111111
 20
147.47621
 30
0.0
 10
239.6675561111111
 20
148.5204322222222
 30
0.0
 10
242.3451394444444
 20
149.1554322222222
 30
0.0
 10
242.3451394444444
 20
148.4251822222222
 30
0.0
 10
242.3451394444444
 20
145.3148581481481
 30
0.0
 10
242.3451394444444
 20
142.2045340740741
 30
0.0
 10
242.3451394444444
 20
139.09421
 30
0.0
 10
242.3451394444444
 20
136.0638488888889
 30
0.0
 10
241.4455561111111
 20
137.1151266666667
 30
0.0
 10
238.6797783333333
 20
135.7816266666667
 30
0.0
 10
237.2827783333333
 20
135.1078211111111
 30
0.0
 10
237.1628338888889
 20
135.0654877777778
 30
0.0
 10
237.2757227777777
 20
138.5332933333333
 30
0.0
  0
SPLINE
  5
150
330
1F
100
AcDbEntity
  8
DEFAULT
 62
     1
100
AcDbSpline
210
0.0
220
0.0
230
1.0
 70
    11
 71
     3
 72
    20
 73
    16
 74
     0
 42
0.000000001
 43
0.0000000001
 40
1.0
 40
1.0
 40
1.0
 40
1.0
 40
2.0
 40
2.0
 40
2.0
 40
3.0
 40
3.0
 40
3.0
 40
30.04000000000002
 40
30.04000000000002
 40
30.04000000000002
 40
31.04000000000002
 40
31.04000000000002
 40
31.04000000000002
 40
32.04000000000002
 40
32.04000000000002
 40
32.04000000000002
 40
32.04000000000002
 10
237.1875283333333
 20
123.3426822222222
 30
0.0
 10
237.2157505555555
 20
125.7098211111111
 30
0.0
 10
237.1487227777777
 20
130.9697377777778
 30
0.0
 10
237.8860283333333
 20
132.8359322222222
 30
0.0
 10
238.4363616666666
 20
134.23646
 30
0.0
 10
242.3451394444444
 20
135.1325155555556
 30
0.0
 10
242.3451394444444
 20
133.8942655555556
 30
0.0
 10
242.3451394444444
 20
130.7145618518518
 30
0.0
 10
242.3451394444444
 20
127.5348581481481
 30
0.0
 10
242.3451394444444
 20
124.3551544444445
 30
0.0
 10
242.3451394444444
 20
120.9155711111111
 30
0.0
 10
241.1845005555555
 20
122.5736266666667
 30
0.0
 10
239.081945
 20
121.4623766666667
 30
0.0
 10
237.5403061111111
 20
120.64746
 30
0.0
 10
237.1416672222222
 20
119.8748766666667
 30
0.0
 10
237.1875283333333
 20
123.3426822222222
 30
0.0
  0
SPLINE
  5
151
330
1F
100
AcDbEntity
  8
DEFAULT
 62
     1
100
AcDbSpline
210
0.0
220
0.0
230
1.0
 70
    11
 71
     3
 72
    14
 73
    10
 74
     0
 42
0.000000001
 43
0.0000000001
 40
3.939999999999998
 40
3.939999999999998
 40
3.939999999999998
 40
3.939999999999998
 40
4.939999999999998
 40
4.939999999999998
 40
4.939999999999998
 40
5.939999999999998
 40
5.939999999999998
 40
5.939999999999998
 40
9.879999999999995
 40
9.879999999999995
 40
9.879999999999995
 40
9.879999999999995
 10
242.3451394444444
 20
104.1162933333333
 30
0.0
 10
242.3451394444444
 20
102.8709877777778
 30
0.0
 10
240.8352505555555
 20
105.1075988888889
 30
0.0
 10
241.5372783333333
 20
105.8272655555556
 30
0.0
 10
241.9923616666666
 20
106.29646
 30
0.0
 10
242.3451394444444
 20
106.2999877777778
 30
0.0
 10
242.3451394444444
 20
105.5062377777778
 30
0.0
 10
242.3451394444444
 20
105.042922962963
 30
0.0
 10
242.3451394444444
 20
104.5796081481482
 30
0.0
 10
242.3451394444444
 20
104.1162933333333
 30
0.0
  0
SPLINE
  5
152
330
1F
100
AcDbEntity
  8
DEFAULT
 62
     1
100
AcDbSpline
210
0.0
220
0.0
230
1.0
 70
    11
 71
     3
 72
    20
 73
    16
 74
     0
 42
0.000000001
 43
0.0000000001
 40
1.0
 40
1.0
 40
1.0
 40
1.0
 40
2.0
 40
2.0
 40
2.0
 40
3.0
 40
3.0
 40
3.0
 40
4.0
 40
4.0
 40
4.0
 40
29.87
 40
29.87
 40
29.87
 40
30.87
 40
30.87
 40
30.87
 40
30.87
 10
240.9587227777778
 20
107.8169322222222
 30
0.0
 10
240.3131394444444
 20
107.5488211111111
 30
0.0
 10
240.3131394444444
 20
107.5276544444445
 30
0.0
 10
239.6605005555555
 20
110.9531266666667
 30
0.0
 10
239.177195
 20
113.4754877777778
 30
0.0
 10
238.3270005555555
 20
118.1180433333333
 30
0.0
 10
239.1701394444444
 20
118.8659322222222
 30
0.0
 10
240.5389172222222
 20
120.07596
 30
0.0
 10
242.3451394444444
 20
120.2699877777778
 30
0.0
 10
242.3451394444444
 20
119.2539877777778
 30
0.0
 10
242.3451394444444
 20
116.2118674074074
 30
0.0
 10
242.3451394444444
 20
113.169747037037
 30
0.0
 10
242.3451394444444
 20
110.1276266666667
 30
0.0
 10
242.3451394444444
 20
107.4641544444444
 30
0.0
 10
242.5250561111111
 20
108.45546
 30
0.0
 10
240.9587227777778
 20
107.8169322222222
 30
0.0
  0
SPLINE
  5
153
330
1F
100
AcDbEntity
  8
DEFAULT
 62
     1
100
AcDbSpline
210
0.0
220
0.0
230
1.0
 70
    11
 71
     3
 72
    17
 73
    13
 74
     0
 42
0.000000001
 43
0.0000000001
 40
1.0
 40
1.0
 40
1.0
 40
1.0
 40
2.0
 40
2.0
 40
2.0
 40
3.850000000000023
 40
3.850000000000023
 40
3.850000000000023
 40
9.160000000000025
 40
9.160000000000025
 40
9.160000000000025
 40
10.16000000000003
 40
10.16000000000003
 40
10.16000000000003
 40
10.16000000000003
 10
239.8157227777778
 20
150.3407655555555
 30
0.0
 10
237.2580838888889
 20
148.9649322222222
 30
0.0
 10
242.3451394444444
 20
157.4210155555555
 30
0.0
 10
242.3451394444444
 20
155.1949877777778
 30
0.0
 10
242.3451394444444
 20
154.9774414814815
 30
0.0
 10
242.3451394444444
 20
154.7598951851852
 30
0.0
 10
242.3451394444444
 20
154.5423488888889
 30
0.0
 10
242.3451394444444
 20
153.9179322222222
 30
0.0
 10
242.3451394444444
 20
153.2935155555556
 30
0.0
 10
242.3451394444444
 20
152.6690988888889
 30
0.0
 10
242.3451394444444
 20
149.8433488888889
 30
0.0
 10
242.6167783333333
 20
151.8471266666667
 30
0.0
 10
239.8157227777778
 20
150.3407655555555
 30
0.0
  0
SPLINE
  5
154
330
1F
100
AcDbEntity
  8
DEFAULT
 62
     1
100
AcDbSpline
210
0.0
220
0.0
230
1.0
 70
    11
 71
     3
 72
    20
 73
    16
 74
     0
 42
0.000000001
 43
0.0000000001
 40
1.0
 40
1.0
 40
1.0
 40
1.0
 40
2.0
 40
2.0
 40
2.0
 40
3.0
 40
3.0
 40
3.0
 40
29.44999999999999
 40
29.44999999999999
 40
29.44999999999999
 40
30.44999999999999
 40
30.44999999999999
 40
30.44999999999999
 40
31.44999999999999
 40
31.44999999999999
 40
31.44999999999999
 40
31.44999999999999
 10
253.940945
 20
138.5332933333333
 30
0.0
 10
254.0538338888889
 20
135.0654877777778
 30
0.0
 10
253.9338894444444
 20
135.1078211111111
 30
0.0
 10
252.5368894444444
 20
135.7816266666667
 30
0.0
 10
249.7711116666667
 20
137.1151266666667
 30
0.0
 10
248.8715283333333
 20
136.0638488888889
 30
0.0
 10
248.8715283333333
 20
139.09421
 30
0.0
 10
248.8715283333333
 20
142.2045340740741
 30
0.0
 10
248.8715283333333
 20
145.3148581481481
 30
0.0
 10
248.8715283333333
 20
148.4251822222222
 30
0.0
 10
248.8715283333333
 20
149.1554322222222
 30
0.0
 10
251.5491116666666
 20
148.5204322222222
 30
0.0
 10
252.1206116666666
 20
147.47621
 30
0.0
 10
253.4576394444444
 20
145.0455711111111
 30
0.0
 10
253.8492227777778
 20
141.3343488888889
 30
0.0
 10
253.940945
 20
138.5332933333333
 30
0.0
  0
SPLINE
  5
155
330
1F
100
AcDbEntity
  8
DEFAULT
 62
     1
100
AcDbSpline
210
0.0
220
0.0
230
1.0
 70
    11
 71
     3
 72
    17
 73
    13
 74
     0
 42
0.000000001
 43
0.0000000001
 40
1.0
 40
1.0
 40
1.0
 40
1.0
 40
6.310000000000002
 40
6.310000000000002
 40
6.310000000000002
 40
8.160000000000025
 40
8.160000000000025
 40
8.160000000000025
 40
9.160000000000025
 40
9.160000000000025
 40
9.160000000000025
 40
10.16000000000003
 40
10.16000000000003
 40
10.16000000000003
 40
10.16000000000003
 10
248.8715283333333
 20
152.6690988888889
 30
0.0
 10
248.8715283333333
 20
153.2935155555556
 30
0.0
 10
248.8715283333333
 20
153.9179322222222
 30
0.0
 10
248.8715283333333
 20
154.5423488888889
 30
0.0
 10
248.8715283333333
 20
154.7598951851852
 30
0.0
 10
248.8715283333333
 20
154.9774414814815
 30
0.0
 10
248.8715283333333
 20
155.1949877777778
 30
0.0
 10
248.8715283333333
 20
157.4210155555555
 30
0.0
 10
253.9585838888888
 20
148.9649322222222
 30
0.0
 10
251.400945
 20
150.3407655555555
 30
0.0
 10
248.5998894444444
 20
151.8471266666667
 30
0.0
 10
248.8715283333333
 20
149.8433488888889
 30
0.0
 10
248.8715283333333
 20
152.6690988888889
 30
0.0
  0
SPLINE
  5
156
330
1F
100
AcDbEntity
  8
DEFAULT
 62
     1
100
AcDbSpline
210
0.0
220
0.0
230
1.0
 70
    11
 71
     3
 72
    14
 73
    10
 74
     0
 42
0.000000001
 43
0.0000000001
 40
1.0
 40
1.0
 40
1.0
 40
1.0
 40
4.939999999999998
 40
4.939999999999998
 40
4.939999999999998
 40
5.939999999999998
 40
5.939999999999998
 40
5.939999999999998
 40
6.939999999999998
 40
6.939999999999998
 40
6.939999999999998
 40
6.939999999999998
 10
248.8715283333333
 20
104.1162933333333
 30
0.0
 10
248.8715283333333
 20
104.5796081481482
 30
0.0
 10
248.8715283333333
 20
105.042922962963
 30
0.0
 10
248.8715283333333
 20
105.5062377777778
 30
0.0
 10
248.8715283333333
 20
106.2999877777778
 30
0.0
 10
249.2243061111111
 20
106.29646
 30
0.0
 10
249.6793894444444
 20
105.8272655555556
 30
0.0
 10
250.3814172222222
 20
105.1075988888889
 30
0.0
 10
248.8715283333333
 20
102.8709877777778
 30
0.0
 10
248.8715283333333
 20
104.1162933333333
 30
0.0
  0
SPLINE
  5
157
330
1F
100
AcDbEntity
  8
DEFAULT
 62
     1
100
AcDbSpline
210
0.0
220
0.0
230
1.0
 70
    11
 71
     3
 72
    20
 73
    16
 74
     0
 42
0.000000001
 43
0.0000000001
 40
1.0
 40
1.0
 40
1.0
 40
1.0
 40
2.0
 40
2.0
 40
2.0
 40
3.0
 40
3.0
 40
3.0
 40
28.87
 40
28.87
 40
28.87
 40
29.87
 40
29.87
 40
29.87
 40
30.87
 40
30.87
 40
30.87
 40
30.87
 10
251.5561672222222
 20
110.9531266666667
 30
0.0
 10
250.9035283333333
 20
107.5276544444445
 30
0.0
 10
250.9035283333333
 20
107.5488211111111
 30
0.0
 10
250.257945
 20
107.8169322222222
 30
0.0
 10
248.6916116666666
 20
108.45546
 30
0.0
 10
248.8715283333333
 20
107.4641544444444
 30
0.0
 10
248.8715283333333
 20
110.1276266666667
 30
0.0
 10
248.8715283333333
 20
113.169747037037
 30
0.0
 10
248.8715283333333
 20
116.2118674074074
 30
0.0
 10
248.8715283333333
 20
119.2539877777778
 30
0.0
 10
248.8715283333333
 20
120.2699877777778
 30
0.0
 10
250.6777505555555
 20
120.07596
 30
0.0
 10
252.0465283333333
 20
118.8659322222222
 30
0.0
 10
252.8896672222222
 20
118.1180433333333
 30
0.0
 10
252.0394727777777
 20
113.4754877777778
 30
0.0
 10
251.5561672222222
 20
110.9531266666667
 30
0.0
  0
SPLINE
  5
158
330
1F
100
AcDbEntity
  8
DEFAULT
 62
     1
100
AcDbSpline
210
0.0
220
0.0
230
1.0
 70
    11
 71
     3
 72
    20
 73
    16
 74
     0
 42
0.000000001
 43
0.0000000001
 40
1.0
 40
1.0
 40
1.0
 40
1.0
 40
2.0
 40
2.0
 40
2.0
 40
29.04000000000002
 40
29.04000000000002
 40
29.04000000000002
 40
30.04000000000002
 40
30.04000000000002
 40
30.04000000000002
 40
31.04000000000002
 40
31.04000000000002
 40
31.04000000000002
 40
32.04000000000002
 40
32.04000000000002
 40
32.04000000000002
 40
32.04000000000002
 10
252.1347227777777
 20
121.4623766666667
 30
0.0
 10
250.0321672222222
 20
122.5736266666667
 30
0.0
 10
248.8715283333333
 20
120.9155711111111
 30
0.0
 10
248.8715283333333
 20
124.3551544444445
 30
0.0
 10
248.8715283333333
 20
127.5348581481481
 30
0.0
 10
248.8715283333333
 20
130.7145618518519
 30
0.0
 10
248.8715283333333
 20
133.8942655555556
 30
0.0
 10
248.8715283333333
 20
135.1325155555556
 30
0.0
 10
252.7803061111111
 20
134.23646
 30
0.0
 10
253.3306394444444
 20
132.8359322222222
 30
0.0
 10
254.067945
 20
130.9697377777778
 30
0.0
 10
254.0009172222222
 20
125.7098211111111
 30
0.0
 10
254.0291394444444
 20
123.3426822222222
 30
0.0
 10
254.0750005555555
 20
119.8748766666667
 30
0.0
 10
253.6763616666666
 20
120.64746
 30
0.0
 10
252.1347227777777
 20
121.4623766666667
 30
0.0
  0
SPLINE
  5
159
330
1F
100
AcDbEntity
  8
DEFAULT
 62
     1
100
AcDbSpline
210
0.0
220
0.0
230
1.0
 70
     8
 71
     3
 72
    56
 73
    52
 74
     0
 42
0.000000001
 43
0.0000000001
 40
0.0
 40
0.0
 40
0.0
 40
0.0
 40
1.0
 40
1.0
 40
1.0
 40
2.0
 40
2.0
 40
2.0
 40
3.0
 40
3.0
 40
3.0
 40
4.0
 40
4.0
 40
4.0
 40
5.0
 40
5.0
 40
5.0
 40
6.0
 40
6.0
 40
6.0
 40
7.0
 40
7.0
 40
7.0
 40
8.0
 40
8.0
 40
8.0
 40
9.0
 40
9.0
 40
9.0
 40
10.0
 40
10.0
 40
10.0
 40
11.0
 40
11.0
 40
11.0
 40
12.0
 40
12.0
 40
12.0
 40
13.0
 40
13.0
 40
13.0
 40
14.0
 40
14.0
 40
14.0
 40
15.0
 40
15.0
 40
15.0
 40
28.12000381097506
 40
28.12000381097506
 40
28.12000381097506
 40
31.86000381097507
 40
31.86000381097507
 40
31.86000381097507
 40
31.86000381097507
 10
239.7024811111111
 20
104.3953405555555
 30
0.0
 10
240.8878144444444
 20
104.3953405555555
 30
0.0
 10
240.8772311111111
 20
100.4230627777778
 30
0.0
 10
244.1192588888889
 20
100.2854794444444
 30
0.0
 10
244.1439533333333
 20
100.3666183333333
 30
0.0
 10
244.1651199999999
 20
101.118035
 30
0.0
 10
244.1651199999999
 20
102.0282016666667
 30
0.0
 10
244.1651199999999
 20
102.9948127777778
 30
0.0
 10
244.1157311111111
 20
103.5063405555556
 30
0.0
 10
244.1157311111111
 20
103.7779794444444
 30
0.0
 10
244.1157311111111
 20
104.0496183333333
 30
0.0
 10
244.1651199999999
 20
104.5611461111111
 30
0.0
 10
244.1651199999999
 20
105.5277572222222
 30
0.0
 10
244.1651199999999
 20
106.4943683333333
 30
0.0
 10
244.1157311111111
 20
107.0058961111111
 30
0.0
 10
244.1157311111111
 20
107.277535
 30
0.0
 10
244.1157311111111
 20
107.5491738888889
 30
0.0
 10
244.1651199999999
 20
108.0607016666667
 30
0.0
 10
244.1651199999999
 20
109.0273127777778
 30
0.0
 10
244.1651199999999
 20
109.9939238888889
 30
0.0
 10
244.1157311111111
 20
110.5054516666667
 30
0.0
 10
244.1157311111111
 20
110.7770905555555
 30
0.0
 10
244.1157311111111
 20
111.0487294444444
 30
0.0
 10
244.1651199999999
 20
111.5602572222222
 30
0.0
 10
244.1651199999999
 20
112.5268683333333
 30
0.0
 10
244.1651199999999
 20
113.4934794444444
 30
0.0
 10
244.1157311111111
 20
114.0050072222222
 30
0.0
 10
244.1157311111111
 20
114.2766461111111
 30
0.0
 10
244.1157311111111
 20
114.548285
 30
0.0
 10
244.1651199999999
 20
115.0598127777778
 30
0.0
 10
244.1651199999999
 20
116.0264238888889
 30
0.0
 10
244.1651199999999
 20
116.993035
 30
0.0
 10
244.1157311111111
 20
117.5045627777778
 30
0.0
 10
244.1157311111111
 20
117.7762016666667
 30
0.0
 10
244.1157311111111
 20
118.0584238888889
 30
0.0
 10
244.1651199999999
 20
118.5840627777778
 30
0.0
 10
244.1651199999999
 20
119.5753683333333
 30
0.0
 10
244.1651199999999
 20
120.5702016666667
 30
0.0
 10
244.1157311111111
 20
121.0958405555556
 30
0.0
 10
244.1157311111111
 20
121.374535
 30
0.0
 10
244.1157311111111
 20
121.6532294444444
 30
0.0
 10
244.1651199999999
 20
122.1788683333333
 30
0.0
 10
244.1651199999999
 20
123.1737016666667
 30
0.0
 10
244.1651199999999
 20
124.1650072222222
 30
0.0
 10
244.1157311111111
 20
124.6906461111111
 30
0.0
 10
244.1157311111111
 20
124.9728683333333
 30
0.0
 10
244.1145551851851
 20
126.5156831481481
 30
0.0
 10
244.1133792592592
 20
128.0584979629629
 30
0.0
 10
244.1122033333333
 20
129.6013127777778
 30
0.0
 10
244.5519996296296
 20
129.6013127777778
 30
0.0
 10
244.9917959259259
 20
129.6013127777778
 30
0.0
 10
245.4315922222222
 20
129.6013127777778
 30
0.0
  0
SPLINE
  5
15A
330
1F
100
AcDbEntity
  8
DEFAULT
 62
    18
100
AcDbSpline
210
0.0
220
0.0
230
1.0
 70
     8
 71
     3
 72
    17
 73
    13
 74
     0
 42
0.000000001
 43
0.0000000001
 40
0.0
 40
0.0
 40
0.0
 40
0.0
 40
1.0
 40
1.0
 40
1.0
 40
2.0
 40
2.0
 40
2.0
 40
3.0
 40
3.0
 40
3.0
 40
4.0
 40
4.0
 40
4.0
 40
4.0
 10
244.8428061111111
 20
163.8273541666667
 30
0.0
 10
244.9387616666667
 20
163.8753319444444
 30
0.0
 10
245.1306727777778
 20
163.9233097222222
 30
0.0
 10
245.3765588888889
 20
163.9233097222222
 30
0.0
 10
245.9459422222222
 20
163.9233097222222
 30
0.0
 10
246.37492
 20
163.5634763888889
 30
0.0
 10
246.37492
 20
162.9009597222222
 30
0.0
 10
246.37492
 20
162.2684291666667
 30
0.0
 10
245.9459422222222
 20
161.8394513888889
 30
0.0
 10
245.3194088888889
 20
161.8394513888889
 30
0.0
 10
245.0675255555555
 20
161.8394513888889
 30
0.0
 10
244.9087755555555
 20
161.8934263888889
 30
0.0
 10
244.8396311111111
 20
161.9294097222222
 30
0.0
  0
POLYLINE
  5
15B
330
1F
100
AcDbEntity
  8
DEFAULT
 62
    18
100
AcDb2dPolyline
 66
     1
 10
0.0
 20
0.0
 30
0.0
  0
VERTEX
  5
15C
330
15B
100
AcDbEntity
  8
DEFAULT
 62
    18
100
AcDbVertex
100
AcDb2dVertex
 10
244.7653008333333
 20
131.6327483333333
 30
0.0
  0
VERTEX
  5
15D
330
15B
100
AcDbEntity
  8
DEFAULT
 62
    18
100
AcDbVertex
100
AcDb2dVertex
 10
245.6031480555555
 20
133.6534594444444
 30
0.0
  0
VERTEX
  5
15E
330
15B
100
AcDbEntity
  8
DEFAULT
 62
    18
100
AcDbVertex
100
AcDb2dVertex
 10
246.4565175
 20
131.6327483333333
 30
0.0
  0
SEQEND
  5
15F
330
15B
100
AcDbEntity
  8
DEFAULT
 62
    18
  0
POLYLINE
  5
160
330
1F
100
AcDbEntity
  8
DEFAULT
 62
    18
100
AcDb2dPolyline
 66
     1
 10
0.0
 20
0.0
 30
0.0
  0
VERTEX
  5
161
330
160
100
AcDbEntity
  8
DEFAULT
 62
    18
100
AcDbVertex
100
AcDb2dVertex
 10
246.1896763888889
 20
132.2677483333333
 30
0.0
  0
VERTEX
  5
162
330
160
100
AcDbEntity
  8
DEFAULT
 62
    18
100
AcDbVertex
100
AcDb2dVertex
 10
245.0290375
 20
132.2677483333333
 30
0.0
  0
SEQEND
  5
163
330
160
100
AcDbEntity
  8
DEFAULT
 62
    18
  0
SPLINE
  5
164
330
1F
100
AcDbEntity
  8
DEFAULT
 62
     1
100
AcDbSpline
210
0.0
220
0.0
230
1.0
 70
     8
 71
     3
 72
    59
 73
    55
 74
     0
 42
0.000000001
 43
0.0000000001
 40
0.0
 40
0.0
 40
0.0
 40
0.0
 40
3.72013440617411
 40
3.72013440617411
 40
3.72013440617411
 40
13.64349069323744
 40
13.64349069323744
 40
13.64349069323744
 40
14.64349069323744
 40
14.64349069323744
 40
14.64349069323744
 40
15.64349069323744
 40
15.64349069323744
 40
15.64349069323744
 40
16.64349069323744
 40
16.64349069323744
 40
16.64349069323744
 40
17.64349069323744
 40
17.64349069323744
 40
17.64349069323744
 40
18.64349069323744
 40
18.64349069323744
 40
18.64349069323744
 40
19.64349069323744
 40
19.64349069323744
 40
19.64349069323744
 40
20.64349069323744
 40
20.64349069323744
 40
20.64349069323744
 40
21.64349069323744
 40
21.64349069323744
 40
21.64349069323744
 40
22.64349069323744
 40
22.64349069323744
 40
22.64349069323744
 40
23.64349069323744
 40
23.64349069323744
 40
23.64349069323744
 40
24.64349069323744
 40
24.64349069323744
 40
24.64349069323744
 40
25.64349069323744
 40
25.64349069323744
 40
25.64349069323744
 40
26.64349069323744
 40
26.64349069323744
 40
26.64349069323744
 40
27.64349069323744
 40
27.64349069323744
 40
27.64349069323744
 40
28.64349069323744
 40
28.64349069323744
 40
28.64349069323744
 40
32.33349069323738
 40
32.33349069323738
 40
32.33349069323738
 40
32.33349069323738
 10
237.8433422222222
 20
85.37345694444444
 30
0.0
 10
237.4846848148148
 20
85.62392916666666
 30
0.0
 10
237.1260274074074
 20
85.87440138888887
 30
0.0
 10
236.76737
 20
86.12487361111111
 30
0.0
 10
237.4364718518518
 20
87.08090138888888
 30
0.0
 10
238.1055737037037
 20
88.03692916666665
 30
0.0
 10
238.7746755555555
 20
88.99295694444443
 30
0.0
 10
238.9298977777778
 20
89.21520694444445
 30
0.0
 10
239.2650366666666
 20
89.60679027777778
 30
0.0
 10
239.8188977777777
 20
90.39701249999999
 30
0.0
 10
240.3727588888889
 20
91.18723472222221
 30
0.0
 10
240.8031477777778
 20
91.84340138888888
 30
0.0
 10
240.7819811111111
 20
91.8575125
 30
0.0
 10
238.7711477777777
 20
93.26509583333332
 30
0.0
 10
236.5945088888889
 20
92.82412361111109
 30
0.0
 10
234.9329255555555
 20
88.73895694444444
 30
0.0
 10
233.2713422222222
 20
84.65731805555555
 30
0.0
 10
230.7313422222222
 20
83.67659583333332
 30
0.0
 10
232.2412311111111
 20
80.90729027777778
 30
0.0
 10
235.4691477777777
 20
74.99120694444444
 30
0.0
 10
244.80012
 20
81.58815138888889
 30
0.0
 10
244.2709533333333
 20
77.61940138888889
 30
0.0
 10
243.6818144444444
 20
73.20615138888888
 30
0.0
 10
243.6394811111111
 20
69.25856805555554
 30
0.0
 10
243.8088144444444
 20
64.61248472222222
 30
0.0
 10
243.9195866666666
 20
61.2360486111111
 30
0.0
 10
246.0101477777777
 20
59.21851249999999
 30
0.0
 10
246.3770366666667
 20
60.12515138888889
 30
0.0
 10
246.9767588888889
 20
61.62445694444444
 30
0.0
 10
245.6220922222222
 20
67.8862625
 30
0.0
 10
248.0492033333333
 20
67.88979027777778
 30
0.0
 10
248.0774255555555
 20
67.88979027777778
 30
0.0
 10
248.0950644444444
 20
68.66942916666666
 30
0.0
 10
248.0950644444444
 20
69.63604027777778
 30
0.0
 10
248.0985922222222
 20
70.60617916666666
 30
0.0
 10
248.0492033333333
 20
71.11417916666666
 30
0.0
 10
248.0492033333333
 20
71.38934583333332
 30
0.0
 10
248.0492033333333
 20
71.66098472222221
 30
0.0
 10
248.0950644444444
 20
72.16898472222222
 30
0.0
 10
248.10212
 20
73.13559583333333
 30
0.0
 10
248.10212
 20
74.10220694444445
 30
0.0
 10
248.0492033333333
 20
74.6172625
 30
0.0
 10
248.0527311111111
 20
74.8853736111111
 30
0.0
 10
248.0492033333333
 20
75.1570125
 30
0.0
 10
248.0985922222222
 20
75.66854027777778
 30
0.0
 10
248.10212
 20
76.63515138888889
 30
0.0
 10
248.10212
 20
77.60176249999999
 30
0.0
 10
248.0492033333333
 20
78.11681805555556
 30
0.0
 10
248.0527311111111
 20
78.38492916666667
 30
0.0
 10
248.0527311111111
 20
80.01123472222223
 30
0.0
 10
248.0562588888889
 20
84.8866236111111
 30
0.0
 10
248.0562588888889
 20
84.8866236111111
 30
0.0
 10
248.4901755555555
 20
84.8866236111111
 30
0.0
 10
248.9240922222222
 20
84.8866236111111
 30
0.0
 10
249.3580088888889
 20
84.8866236111111
 30
0.0
  0
POLYLINE
  5
165
330
1F
100
AcDbEntity
  8
DEFAULT
 62
     1
100
AcDb2dPolyline
 66
     1
 10
0.0
 20
0.0
 30
0.0
  0
VERTEX
  5
166
330
165
100
AcDbEntity
  8
DEFAULT
 62
     1
100
AcDbVertex
100
AcDb2dVertex
 10
241.8544255555556
 20
91.09904027777779
 30
0.0
  0
VERTEX
  5
167
330
165
100
AcDbEntity
  8
DEFAULT
 62
     1
100
AcDbVertex
100
AcDb2dVertex
 10
240.76787
 20
91.86104027777779
 30
0.0
  0
SEQEND
  5
168
330
165
100
AcDbEntity
  8
DEFAULT
 62
     1
  0
POLYLINE
  5
169
330
1F
100
AcDbEntity
  8
DEFAULT
 62
     1
100
AcDb2dPolyline
 66
     1
 10
0.0
 20
0.0
 30
0.0
  0
VERTEX
  5
16A
330
169
100
AcDbEntity
  8
DEFAULT
 62
     1
100
AcDbVertex
100
AcDb2dVertex
 10
243.2267311111111
 20
90.1394847222222
 30
0.0
  0
VERTEX
  5
16B
330
169
100
AcDbEntity
  8
DEFAULT
 62
     1
100
AcDbVertex
100
AcDb2dVertex
 10
242.1401755555555
 20
90.89795694444443
 30
0.0
  0
SEQEND
  5
16C
330
169
100
AcDbEntity
  8
DEFAULT
 62
     1
  0
POLYLINE
  5
16D
330
1F
100
AcDbEntity
  8
DEFAULT
 62
     1
100
AcDb2dPolyline
 66
     1
 10
0.0
 20
0.0
 30
0.0
  0
VERTEX
  5
16E
330
16D
100
AcDbEntity
  8
DEFAULT
 62
     1
100
AcDbVertex
100
AcDb2dVertex
 10
249.3615366666666
 20
67.92154027777778
 30
0.0
  0
VERTEX
  5
16F
330
16D
100
AcDbEntity
  8
DEFAULT
 62
     1
100
AcDbVertex
100
AcDb2dVertex
 10
248.0350922222221
 20
67.88979027777778
 30
0.0
  0
SEQEND
  5
170
330
16D
100
AcDbEntity
  8
DEFAULT
 62
     1
  0
POLYLINE
  5
171
330
1F
100
AcDbEntity
  8
DEFAULT
 62
     1
100
AcDb2dPolyline
 66
     1
 10
0.0
 20
0.0
 30
0.0
  0
VERTEX
  5
172
330
171
100
AcDbEntity
  8
DEFAULT
 62
     1
100
AcDbVertex
100
AcDb2dVertex
 10
251.0337033333332
 20
67.96387361111111
 30
0.0
  0
VERTEX
  5
173
330
171
100
AcDbEntity
  8
DEFAULT
 62
     1
100
AcDbVertex
100
AcDb2dVertex
 10
249.7107866666666
 20
67.9321236111111
 30
0.0
  0
SEQEND
  5
174
330
171
100
AcDbEntity
  8
DEFAULT
 62
     1
  0
SPLINE
  5
175
330
1F
100
AcDbEntity
  8
DEFAULT
 62
     1
100
AcDbSpline
210
0.0
220
0.0
230
1.0
 70
     8
 71
     3
 72
    62
 73
    58
 74
     0
 42
0.000000001
 43
0.0000000001
 40
0.0
 40
0.0
 40
0.0
 40
0.0
 40
3.784032240877569
 40
3.784032240877569
 40
3.784032240877569
 40
13.69919739330955
 40
13.69919739330955
 40
13.69919739330955
 40
14.69919739330955
 40
14.69919739330955
 40
14.69919739330955
 40
15.69919739330955
 40
15.69919739330955
 40
15.69919739330955
 40
16.69919739330955
 40
16.69919739330955
 40
16.69919739330955
 40
17.69919739330955
 40
17.69919739330955
 40
17.69919739330955
 40
18.69919739330955
 40
18.69919739330955
 40
18.69919739330955
 40
19.69919739330955
 40
19.69919739330955
 40
19.69919739330955
 40
20.69919739330955
 40
20.69919739330955
 40
20.69919739330955
 40
21.69919739330955
 40
21.69919739330955
 40
21.69919739330955
 40
22.69919739330955
 40
22.69919739330955
 40
22.69919739330955
 40
23.69919739330955
 40
23.69919739330955
 40
23.69919739330955
 40
24.69919739330955
 40
24.69919739330955
 40
24.69919739330955
 40
25.69919739330955
 40
25.69919739330955
 40
25.69919739330955
 40
26.69919739330955
 40
26.69919739330955
 40
26.69919739330955
 40
27.69919739330955
 40
27.69919739330955
 40
27.69919739330955
 40
28.69919739330955
 40
28.69919739330955
 40
28.69919739330955
 40
29.69919739330955
 40
29.69919739330955
 40
29.69919739330955
 40
33.49919739330951
 40
33.49919739330951
 40
33.49919739330951
 40
33.49919739330951
 10
238.1290922222221
 20
85.17237361111108
 30
0.0
 10
238.4936292592592
 20
84.91719768518516
 30
0.0
 10
238.8581662962962
 20
84.66202175925923
 30
0.0
 10
239.2227033333333
 20
84.4068458333333
 30
0.0
 10
239.8918051851851
 20
85.36169768518516
 30
0.0
 10
240.560907037037
 20
86.31654953703702
 30
0.0
 10
241.2300088888889
 20
87.27140138888888
 30
0.0
 10
241.3852311111111
 20
87.49365138888889
 30
0.0
 10
241.6392311111111
 20
87.94167916666666
 30
0.0
 10
242.1930922222222
 20
88.73190138888889
 30
0.0
 10
242.7398977777778
 20
89.51859583333332
 30
0.0
 10
243.2020366666667
 20
90.13948472222222
 30
0.0
 10
243.2373144444445
 20
90.13948472222222
 30
0.0
 10
243.78412
 20
89.75495694444444
 30
0.0
 10
245.4210088888889
 20
93.08165138888889
 30
0.0
 10
247.1531477777778
 20
93.63198472222221
 30
0.0
 10
250.8114533333333
 20
94.79967916666666
 30
0.0
 10
252.8081755555556
 20
102.9911791666667
 30
0.0
 10
253.9194255555555
 20
89.34573472222222
 30
0.0
 10
254.4238977777778
 20
83.11920694444444
 30
0.0
 10
254.6320366666666
 20
76.39173472222221
 30
0.0
 10
256.9638977777778
 20
76.5222625
 30
0.0
 10
258.3362033333333
 20
76.59987361111111
 30
0.0
 10
258.35737
 20
74.89595694444444
 30
0.0
 10
258.7983422222222
 20
69.7595125
 30
0.0
 10
259.0205922222222
 20
67.1419013888889
 30
0.0
 10
259.3557311111111
 20
61.92784583333333
 30
0.0
 10
257.1649811111111
 20
59.4548736111111
 30
0.0
 10
254.86487
 20
56.86195694444444
 30
0.0
 10
252.2119811111111
 20
55.96237361111112
 30
0.0
 10
253.7500922222222
 20
58.62231805555555
 30
0.0
 10
255.1717866666666
 20
61.08470694444444
 30
0.0
 10
254.0570088888889
 20
67.81923472222222
 30
0.0
 10
251.0337033333333
 20
67.96387361111111
 30
0.0
 10
251.0125366666666
 20
68.18965138888888
 30
0.0
 10
250.9948977777778
 20
68.85287361111111
 30
0.0
 10
250.9948977777778
 20
69.63604027777778
 30
0.0
 10
250.9948977777778
 20
70.60265138888889
 30
0.0
 10
251.0478144444444
 20
71.11417916666666
 30
0.0
 10
251.0478144444444
 20
71.38581805555555
 30
0.0
 10
251.0478144444444
 20
71.65745694444443
 30
0.0
 10
250.9984255555555
 20
72.16898472222222
 30
0.0
 10
250.9984255555555
 20
73.13559583333333
 30
0.0
 10
251.0019533333333
 20
74.10220694444445
 30
0.0
 10
251.0478144444444
 20
74.61373472222222
 30
0.0
 10
251.0478144444444
 20
74.8853736111111
 30
0.0
 10
251.0478144444444
 20
75.1570125
 30
0.0
 10
250.9984255555555
 20
75.66854027777778
 30
0.0
 10
251.0019533333333
 20
76.63515138888889
 30
0.0
 10
251.0019533333333
 20
77.60176249999999
 30
0.0
 10
251.0513422222222
 20
78.11329027777778
 30
0.0
 10
251.0478144444444
 20
78.38492916666667
 30
0.0
 10
251.0513422222222
 20
80.00770694444444
 30
0.0
 10
251.0513422222222
 20
84.8866236111111
 30
0.0
 10
251.0513422222222
 20
84.8866236111111
 30
0.0
 10
250.6044903703704
 20
84.8866236111111
 30
0.0
 10
250.1576385185185
 20
84.8866236111111
 30
0.0
 10
249.7107866666667
 20
84.8866236111111
 30
0.0
  0
SPLINE
  5
176
330
1F
100
AcDbEntity
  8
DEFAULT
 62
    18
100
AcDbSpline
210
0.0
220
0.0
230
1.0
 70
     8
 71
     3
 72
    11
 73
     7
 74
     0
 42
0.000000001
 43
0.0000000001
 40
0.0
 40
0.0
 40
0.0
 40
0.0
 40
1.01999999999997
 40
1.01999999999997
 40
1.01999999999997
 40
2.01999999999997
 40
2.01999999999997
 40
2.01999999999997
 40
2.01999999999997
 10
236.2396497222222
 20
81.62942638888889
 30
0.0
 10
236.2396497222222
 20
81.62942638888889
 30
0.0
 10
236.7190747222222
 20
83.28748194444444
 30
0.0
 10
236.8079747222222
 20
83.5372486111111
 30
0.0
 10
236.6090080555556
 20
83.3689736111111
 30
0.0
 10
235.1749663888889
 20
82.37484583333332
 30
0.0
 10
235.1749663888889
 20
82.37484583333332
 30
0.0
  0
SPLINE
  5
177
330
1F
100
AcDbEntity
  8
DEFAULT
 62
    18
100
AcDbSpline
210
0.0
220
0.0
230
1.0
 70
     8
 71
     3
 72
    20
 73
    16
 74
     0
 42
0.000000001
 43
0.0000000001
 40
0.0
 40
0.0
 40
0.0
 40
0.0
 40
5.651999999999987
 40
5.651999999999987
 40
5.651999999999987
 40
6.651999999999987
 40
6.651999999999987
 40
6.651999999999987
 40
7.651999999999987
 40
7.651999999999987
 40
7.651999999999987
 40
8.651999999999987
 40
8.651999999999987
 40
8.651999999999987
 40
9.651999999999987
 40
9.651999999999987
 40
9.651999999999987
 40
9.651999999999987
 10
248.9055008333333
 20
86.91364944444445
 30
0.0
 10
248.9055008333333
 20
87.57828277777777
 30
0.0
 10
248.9055008333333
 20
88.24291611111111
 30
0.0
 10
248.9055008333333
 20
88.90754944444444
 30
0.0
 10
249.0374397222222
 20
88.93471333333333
 30
0.0
 10
249.2261758333333
 20
88.94953
 30
0.0
 10
249.4060925
 20
88.94953
 30
0.0
 10
249.6847869444444
 20
88.94953
 30
0.0
 10
249.8650563888889
 20
88.89837722222222
 30
0.0
 10
249.9909980555555
 20
88.78443
 30
0.0
 10
250.0929508333333
 20
88.69447166666666
 30
0.0
 10
250.1497480555555
 20
88.55688833333332
 30
0.0
 10
250.1497480555555
 20
88.40060777777778
 30
0.0
 10
250.1497480555555
 20
88.13390777777778
 30
0.0
 10
249.9641869444444
 20
87.84110222222222
 30
0.0
 10
249.5863619444444
 20
87.84110222222222
 30
0.0
  0
SPLINE
  5
178
330
1F
100
AcDbEntity
  8
DEFAULT
 62
    18
100
AcDbSpline
210
0.0
220
0.0
230
1.0
 70
     8
 71
     3
 72
    14
 73
    10
 74
     0
 42
0.000000001
 43
0.0000000001
 40
0.0
 40
0.0
 40
0.0
 40
0.0
 40
1.0
 40
1.0
 40
1.0
 40
2.0
 40
2.0
 40
2.0
 40
3.658000000000015
 40
3.658000000000015
 40
3.658000000000015
 40
3.658000000000015
 10
250.2007597222222
 20
86.91364944444445
 30
0.0
 10
250.1573680555555
 20
86.97079944444444
 30
0.0
 10
250.1012763888889
 20
87.14542444444444
 30
0.0
 10
250.0229597222222
 20
87.39624944444444
 30
0.0
 10
249.9143041666667
 20
87.74373555555556
 30
0.0
 10
249.8021208333333
 20
87.83828
 30
0.0
 10
249.4902652777778
 20
87.84745222222222
 30
0.0
 10
249.2952967592592
 20
87.84745222222222
 30
0.0
 10
249.1003282407407
 20
87.84745222222222
 30
0.0
 10
248.9053597222222
 20
87.84745222222222
 30
0.0
  0
SPLINE
  5
179
330
1F
100
AcDbEntity
  8
DEFAULT
 62
     1
100
AcDbSpline
210
0.0
220
0.0
230
1.0
 70
     8
 71
     3
 72
    35
 73
    31
 74
     0
 42
0.000000001
 43
0.0000000001
 40
0.0
 40
0.0
 40
0.0
 40
0.0
 40
3.799223604896151
 40
3.799223604896151
 40
3.799223604896151
 40
13.72338603806898
 40
13.72338603806898
 40
13.72338603806898
 40
14.72338603806898
 40
14.72338603806898
 40
14.72338603806898
 40
15.72338603806898
 40
15.72338603806898
 40
15.72338603806898
 40
16.72338603806898
 40
16.72338603806898
 40
16.72338603806898
 40
17.72338603806898
 40
17.72338603806898
 40
17.72338603806898
 40
18.72338603806898
 40
18.72338603806898
 40
18.72338603806898
 40
19.72338603806898
 40
19.72338603806898
 40
19.72338603806898
 40
29.64754847124191
 40
29.64754847124191
 40
29.64754847124191
 40
33.39713511512681
 40
33.39713511512681
 40
33.39713511512681
 40
33.39713511512681
 10
197.6099186111111
 20
208.1704977777778
 30
0.0
 10
197.9967982407407
 20
208.3939237037037
 30
0.0
 10
198.3836778703703
 20
208.6173496296296
 30
0.0
 10
198.7705575
 20
208.8407755555556
 30
0.0
 10
198.1861223148148
 20
209.8508959259259
 30
0.0
 10
197.6016871296296
 20
210.8610162962963
 30
0.0
 10
197.0172519444444
 20
211.8711366666666
 30
0.0
 10
196.8831963888889
 20
212.1074977777778
 30
0.0
 10
196.5798075
 20
212.5273033333333
 30
0.0
 10
196.1000297222222
 20
213.3598588888889
 30
0.0
 10
195.6167241666666
 20
214.19947
 30
0.0
 10
195.2427797222222
 20
214.8909144444444
 30
0.0
 10
195.2674741666666
 20
214.9014977777778
 30
0.0
 10
197.8674463888889
 20
216.4043311111111
 30
0.0
 10
200.2557519444444
 20
215.50122
 30
0.0
 10
205.0006130555555
 20
215.50122
 30
0.0
 10
209.7454741666666
 20
215.50122
 30
0.0
 10
212.1373075
 20
216.4043311111111
 30
0.0
 10
214.7337519444444
 20
214.9014977777778
 30
0.0
 10
214.7584463888889
 20
214.8909144444444
 30
0.0
 10
214.3880297222222
 20
214.19947
 30
0.0
 10
213.9011963888888
 20
213.3598588888889
 30
0.0
 10
213.4214186111111
 20
212.5273033333333
 30
0.0
 10
213.1215575
 20
212.1074977777778
 30
0.0
 10
212.9875019444444
 20
211.8711366666666
 30
0.0
 10
212.4030667592592
 20
210.8610162962963
 30
0.0
 10
211.8186315740741
 20
209.8508959259259
 30
0.0
 10
211.2341963888888
 20
208.8407755555555
 30
0.0
 10
211.6163723148148
 20
208.6208774074074
 30
0.0
 10
211.9985482407407
 20
208.4009792592592
 30
0.0
 10
212.3807241666667
 20
208.1810811111111
 30
0.0
  0
POLYLINE
  5
17A
330
1F
100
AcDbEntity
  8
DEFAULT
 62
     1
100
AcDb2dPolyline
 66
     1
 10
0.0
 20
0.0
 30
0.0
  0
VERTEX
  5
17B
330
17A
100
AcDbEntity
  8
DEFAULT
 62
     1
100
AcDbVertex
100
AcDb2dVertex
 10
215.8802797222222
 20
214.2382755555555
 30
0.0
  0
VERTEX
  5
17C
330
17A
100
AcDbEntity
  8
DEFAULT
 62
     1
100
AcDbVertex
100
AcDb2dVertex
 10
214.7337519444444
 20
214.9014977777777
 30
0.0
  0
SEQEND
  5
17D
330
17A
100
AcDbEntity
  8
DEFAULT
 62
     1
  0
POLYLINE
  5
17E
330
1F
100
AcDbEntity
  8
DEFAULT
 62
     1
100
AcDb2dPolyline
 66
     1
 10
0.0
 20
0.0
 30
0.0
  0
VERTEX
  5
17F
330
17E
100
AcDbEntity
  8
DEFAULT
 62
     1
100
AcDbVertex
100
AcDb2dVertex
 10
217.3301963888889
 20
213.4021922222222
 30
0.0
  0
VERTEX
  5
180
330
17E
100
AcDbEntity
  8
DEFAULT
 62
     1
100
AcDbVertex
100
AcDb2dVertex
 10
216.1836686111111
 20
214.0654144444444
 30
0.0
  0
SEQEND
  5
181
330
17E
100
AcDbEntity
  8
DEFAULT
 62
     1
  0
POLYLINE
  5
182
330
1F
100
AcDbEntity
  8
DEFAULT
 62
     1
100
AcDb2dPolyline
 66
     1
 10
0.0
 20
0.0
 30
0.0
  0
VERTEX
  5
183
330
182
100
AcDbEntity
  8
DEFAULT
 62
     1
100
AcDbVertex
100
AcDb2dVertex
 10
193.8140297222222
 20
214.0654144444445
 30
0.0
  0
VERTEX
  5
184
330
182
100
AcDbEntity
  8
DEFAULT
 62
     1
100
AcDbVertex
100
AcDb2dVertex
 10
192.6675019444444
 20
213.4021922222222
 30
0.0
  0
SEQEND
  5
185
330
182
100
AcDbEntity
  8
DEFAULT
 62
     1
  0
POLYLINE
  5
186
330
1F
100
AcDbEntity
  8
DEFAULT
 62
     1
100
AcDb2dPolyline
 66
     1
 10
0.0
 20
0.0
 30
0.0
  0
VERTEX
  5
187
330
186
100
AcDbEntity
  8
DEFAULT
 62
     1
100
AcDbVertex
100
AcDb2dVertex
 10
195.2639463888888
 20
214.9014977777777
 30
0.0
  0
VERTEX
  5
188
330
186
100
AcDbEntity
  8
DEFAULT
 62
     1
100
AcDbVertex
100
AcDb2dVertex
 10
194.1174186111111
 20
214.2382755555555
 30
0.0
  0
SEQEND
  5
189
330
186
100
AcDbEntity
  8
DEFAULT
 62
     1
  0
POLYLINE
  5
18A
330
1F
100
AcDbEntity
  8
DEFAULT
 62
     1
100
AcDb2dPolyline
 66
     1
 10
0.0
 20
0.0
 30
0.0
  0
VERTEX
  5
18B
330
18A
100
AcDbEntity
  8
DEFAULT
 62
     1
100
AcDbVertex
100
AcDb2dVertex
 10
206.4999186111111
 20
201.1219977777778
 30
0.0
  0
VERTEX
  5
18C
330
18A
100
AcDbEntity
  8
DEFAULT
 62
     1
100
AcDbVertex
100
AcDb2dVertex
 10
205.1734741666667
 20
201.1219977777778
 30
0.0
  0
SEQEND
  5
18D
330
18A
100
AcDbEntity
  8
DEFAULT
 62
     1
  0
POLYLINE
  5
18E
330
1F
100
AcDbEntity
  8
DEFAULT
 62
     1
100
AcDb2dPolyline
 66
     1
 10
0.0
 20
0.0
 30
0.0
  0
VERTEX
  5
18F
330
18E
100
AcDbEntity
  8
DEFAULT
 62
     1
100
AcDbVertex
100
AcDb2dVertex
 10
204.8242241666667
 20
201.1255255555555
 30
0.0
  0
VERTEX
  5
190
330
18E
100
AcDbEntity
  8
DEFAULT
 62
     1
100
AcDbVertex
100
AcDb2dVertex
 10
203.4977797222222
 20
201.1255255555555
 30
0.0
  0
SEQEND
  5
191
330
18E
100
AcDbEntity
  8
DEFAULT
 62
     1
  0
SPLINE
  5
192
330
1F
100
AcDbEntity
  8
DEFAULT
 62
     1
100
AcDbSpline
210
0.0
220
0.0
230
1.0
 70
     8
 71
     3
 72
    35
 73
    31
 74
     0
 42
0.000000001
 43
0.0000000001
 40
0.0
 40
0.0
 40
0.0
 40
0.0
 40
3.763243282063915
 40
3.763243282063915
 40
3.763243282063915
 40
13.68240151247863
 40
13.68240151247863
 40
13.68240151247863
 40
14.68240151247863
 40
14.68240151247863
 40
14.68240151247863
 40
15.68240151247863
 40
15.68240151247863
 40
15.68240151247863
 40
16.68240151247863
 40
16.68240151247863
 40
16.68240151247863
 40
17.68240151247863
 40
17.68240151247863
 40
17.68240151247863
 40
18.68240151247863
 40
18.68240151247863
 40
18.68240151247863
 40
19.68240151247863
 40
19.68240151247863
 40
19.68240151247863
 40
29.6024015124787
 40
29.6024015124787
 40
29.6024015124787
 40
33.33240151247873
 40
33.33240151247873
 40
33.33240151247873
 40
33.33240151247873
 10
212.6841130555555
 20
208.0046922222222
 30
0.0
 10
213.0674649074074
 20
207.7836181481481
 30
0.0
 10
213.4508167592592
 20
207.562544074074
 30
0.0
 10
213.834168611111
 20
207.3414699999999
 30
0.0
 10
214.4174278703703
 20
208.3515903703703
 30
0.0
 10
215.0006871296296
 20
209.3617107407407
 30
0.0
 10
215.5839463888889
 20
210.3718311111111
 30
0.0
 10
215.7180019444444
 20
210.6081922222222
 30
0.0
 10
215.9296686111111
 20
211.0809144444444
 30
0.0
 10
216.4129741666667
 20
211.91347
 30
0.0
 10
216.8927519444444
 20
212.73897
 30
0.0
 10
217.2984463888889
 20
213.4021922222222
 30
0.0
 10
217.3337241666666
 20
213.4021922222222
 30
0.0
 10
220.8509186111111
 20
211.3913588888889
 30
0.0
 10
220.1912241666666
 20
212.0298866666666
 30
0.0
 10
218.5755019444444
 20
207.6166366666666
 30
0.0
 10
215.6086408333333
 20
199.5133311111111
 30
0.0
 10
218.3461963888888
 20
201.1219977777778
 30
0.0
 10
206.4999186111111
 20
201.1219977777778
 30
0.0
 10
206.4716963888889
 20
201.1219977777778
 30
0.0
 10
206.4505297222222
 20
201.9051644444444
 30
0.0
 10
206.4505297222222
 20
202.8717755555556
 30
0.0
 10
206.4505297222222
 20
203.8383866666667
 30
0.0
 10
206.4999186111111
 20
204.3499144444444
 30
0.0
 10
206.4999186111111
 20
204.6215533333333
 30
0.0
 10
206.4999186111111
 20
205.7880718518518
 30
0.0
 10
206.4999186111111
 20
206.9545903703704
 30
0.0
 10
206.4999186111111
 20
208.1211088888889
 30
0.0
 10
206.0612982407407
 20
208.1211088888889
 30
0.0
 10
205.6226778703704
 20
208.1211088888889
 30
0.0
 10
205.1840575
 20
208.1211088888889
 30
0.0
  0
SPLINE
  5
193
330
1F
100
AcDbEntity
  8
DEFAULT
 62
     1
100
AcDbSpline
210
0.0
220
0.0
230
1.0
 70
     8
 71
     3
 72
    35
 73
    31
 74
     0
 42
0.000000001
 43
0.0000000001
 40
0.0
 40
0.0
 40
0.0
 40
0.0
 40
3.718601887806791
 40
3.718601887806791
 40
3.718601887806791
 40
13.64276432097976
 40
13.64276432097976
 40
13.64276432097976
 40
14.64276432097976
 40
14.64276432097976
 40
14.64276432097976
 40
15.64276432097976
 40
15.64276432097976
 40
15.64276432097976
 40
16.64276432097976
 40
16.64276432097976
 40
16.64276432097976
 40
17.64276432097976
 40
17.64276432097976
 40
17.64276432097976
 40
18.64276432097976
 40
18.64276432097976
 40
18.64276432097976
 40
19.64276432097976
 40
19.64276432097976
 40
19.64276432097976
 40
29.56276432097983
 40
29.56276432097983
 40
29.56276432097983
 40
33.34276432097992
 40
33.34276432097992
 40
33.34276432097992
 40
33.34276432097992
 10
197.3065297222221
 20
207.9976366666666
 30
0.0
 10
196.927881574074
 20
207.7789144444444
 30
0.0
 10
196.5492334259258
 20
207.5601922222222
 30
0.0
 10
196.1705852777777
 20
207.3414699999999
 30
0.0
 10
195.5861500925925
 20
208.3515903703703
 30
0.0
 10
195.0017149074073
 20
209.3617107407407
 30
0.0
 10
194.4172797222222
 20
210.3718311111111
 30
0.0
 10
194.2832241666666
 20
210.6081922222222
 30
0.0
 10
194.0715575
 20
211.0809144444444
 30
0.0
 10
193.5882519444444
 20
211.91347
 30
0.0
 10
193.1084741666666
 20
212.73897
 30
0.0
 10
192.7027797222222
 20
213.4021922222222
 30
0.0
 10
192.6675019444444
 20
213.4021922222222
 30
0.0
 10
189.1503075
 20
211.3913588888889
 30
0.0
 10
189.8100019444444
 20
212.0298866666666
 30
0.0
 10
191.4257241666666
 20
207.6166366666666
 30
0.0
 10
194.3925852777778
 20
199.5133311111111
 30
0.0
 10
191.6550297222222
 20
201.1219977777778
 30
0.0
 10
203.5013074999999
 20
201.1219977777778
 30
0.0
 10
203.5260019444444
 20
201.1219977777778
 30
0.0
 10
203.5506963888889
 20
201.9051644444444
 30
0.0
 10
203.5506963888889
 20
202.8717755555556
 30
0.0
 10
203.5506963888889
 20
203.8383866666667
 30
0.0
 10
203.5013074999999
 20
204.3499144444444
 30
0.0
 10
203.5013074999999
 20
204.6215533333333
 30
0.0
 10
203.5013074999999
 20
205.7880718518518
 30
0.0
 10
203.5013074999999
 20
206.9545903703704
 30
0.0
 10
203.5013074999999
 20
208.1211088888889
 30
0.0
 10
203.9458075
 20
208.1211088888889
 30
0.0
 10
204.3903075
 20
208.1211088888889
 30
0.0
 10
204.8348075
 20
208.1211088888889
 30
0.0
  0
POLYLINE
  5
194
330
1F
100
AcDbEntity
  8
DEFAULT
 62
    18
100
AcDb2dPolyline
 66
     1
 10
0.0
 20
0.0
 30
0.0
  0
VERTEX
  5
195
330
194
100
AcDbEntity
  8
DEFAULT
 62
    18
100
AcDbVertex
100
AcDb2dVertex
 10
200.1283286111111
 20
205.0133483333334
 30
0.0
  0
VERTEX
  5
196
330
194
100
AcDbEntity
  8
DEFAULT
 62
    18
100
AcDbVertex
100
AcDb2dVertex
 10
198.8159952777778
 20
204.25664
 30
0.0
  0
VERTEX
  5
197
330
194
100
AcDbEntity
  8
DEFAULT
 62
    18
100
AcDbVertex
100
AcDb2dVertex
 10
199.1772397222222
 20
206.6625844444444
 30
0.0
  0
VERTEX
  5
198
330
194
100
AcDbEntity
  8
DEFAULT
 62
    18
100
AcDbVertex
100
AcDb2dVertex
 10
197.8504425
 20
205.8977622222222
 30
0.0
  0
SEQEND
  5
199
330
194
100
AcDbEntity
  8
DEFAULT
 62
    18
  0
POLYLINE
  5
19A
330
1F
100
AcDbEntity
  8
DEFAULT
 62
    18
100
AcDb2dPolyline
 66
     1
 10
0.0
 20
0.0
 30
0.0
  0
VERTEX
  5
19B
330
19A
100
AcDbEntity
  8
DEFAULT
 62
    18
100
AcDbVertex
100
AcDb2dVertex
 10
211.2027991666667
 20
204.2484555555555
 30
0.0
  0
VERTEX
  5
19C
330
19A
100
AcDbEntity
  8
DEFAULT
 62
    18
100
AcDbVertex
100
AcDb2dVertex
 10
209.8904658333334
 20
205.0051638888889
 30
0.0
  0
VERTEX
  5
19D
330
19A
100
AcDbEntity
  8
DEFAULT
 62
    18
100
AcDbVertex
100
AcDb2dVertex
 10
212.1538880555556
 20
205.8980444444444
 30
0.0
  0
VERTEX
  5
19E
330
19A
100
AcDbEntity
  8
DEFAULT
 62
    18
100
AcDbVertex
100
AcDb2dVertex
 10
210.8274436111111
 20
206.6628666666666
 30
0.0
  0
SEQEND
  5
19F
330
19A
100
AcDbEntity
  8
DEFAULT
 62
    18
  0
SPLINE
  5
1A0
330
1F
100
AcDbEntity
  8
DEFAULT
 62
    18
100
AcDbSpline
210
0.0
220
0.0
230
1.0
 70
    11
 71
     3
 72
    26
 73
    22
 74
     0
 42
0.000000001
 43
0.0000000001
 40
0.0
 40
0.0
 40
0.0
 40
0.0
 40
1.0
 40
1.0
 40
1.0
 40
2.0
 40
2.0
 40
2.0
 40
3.0
 40
3.0
 40
3.0
 40
4.0
 40
4.0
 40
4.0
 40
5.0
 40
5.0
 40
5.0
 40
6.0
 40
6.0
 40
6.0
 40
11.63499999999999
 40
11.63499999999999
 40
11.63499999999999
 40
11.63499999999999
 10
204.1708797222222
 20
212.1478908333333
 30
0.0
 10
204.3296297222222
 20
212.1718797222222
 30
0.0
 10
204.5187186111111
 20
212.1898713888889
 30
0.0
 10
204.7254463888889
 20
212.1898713888889
 30
0.0
 10
205.1004491666667
 20
212.1898713888889
 30
0.0
 10
205.3671491666666
 20
212.1027352777778
 30
0.0
 10
205.5442436111111
 20
211.9379880555555
 30
0.0
 10
205.7238075
 20
211.7732408333333
 30
0.0
 10
205.8289352777778
 20
211.5393491666667
 30
0.0
 10
205.8289352777778
 20
211.2123241666666
 30
0.0
 10
205.8289352777778
 20
210.8828297222222
 30
0.0
 10
205.7269825
 20
210.6126019444444
 30
0.0
 10
205.5378936111111
 20
210.4270408333333
 30
0.0
 10
205.3491575
 20
210.2379519444444
 30
0.0
 10
205.0373019444444
 20
210.1359991666667
 30
0.0
 10
204.6446602777778
 20
210.1359991666667
 30
0.0
 10
204.4587463888889
 20
210.1359991666667
 30
0.0
 10
204.3028186111111
 20
210.1451713888889
 30
0.0
 10
204.1708797222222
 20
210.1599880555555
 30
0.0
 10
204.1708797222222
 20
210.8226223148148
 30
0.0
 10
204.1708797222222
 20
211.485256574074
 30
0.0
 10
204.1708797222222
 20
212.1478908333333
 30
0.0
  0
SPLINE
  5
1A1
330
1F
100
AcDbEntity
  8
DEFAULT
 62
     1
100
AcDbSpline
210
0.0
220
0.0
230
1.0
 70
     8
 71
     3
 72
    44
 73
    40
 74
     0
 42
0.000000001
 43
0.0000000001
 40
0.0
 40
0.0
 40
0.0
 40
0.0
 40
3.75
 40
3.75
 40
3.75
 40
13.67000000000002
 40
13.67000000000002
 40
13.67000000000002
 40
14.67000000000002
 40
14.67000000000002
 40
14.67000000000002
 40
15.67000000000002
 40
15.67000000000002
 40
15.67000000000002
 40
16.67000000000002
 40
16.67000000000002
 40
16.67000000000002
 40
17.67000000000002
 40
17.67000000000002
 40
17.67000000000002
 40
18.67000000000002
 40
18.67000000000002
 40
18.67000000000002
 40
19.67000000000002
 40
19.67000000000002
 40
19.67000000000002
 40
20.67000000000002
 40
20.67000000000002
 40
20.67000000000002
 40
21.67000000000002
 40
21.67000000000002
 40
21.67000000000002
 40
22.67000000000002
 40
22.67000000000002
 40
22.67000000000002
 40
32.59000000000003
 40
32.59000000000003
 40
32.59000000000003
 40
36.34000000000003
 40
36.34000000000003
 40
36.34000000000003
 40
36.34000000000003
 10
204.82687
 20
133.2737294444444
 30
0.0
 10
204.3858977777777
 20
133.2737294444444
 30
0.0
 10
203.9449255555555
 20
133.2737294444444
 30
0.0
 10
203.5039533333333
 20
133.2737294444444
 30
0.0
 10
203.5039533333333
 20
134.440247962963
 30
0.0
 10
203.5039533333333
 20
135.6067664814815
 30
0.0
 10
203.5039533333333
 20
136.773285
 30
0.0
 10
203.5039533333333
 20
137.0449238888889
 30
0.0
 10
203.5533422222222
 20
137.5564516666666
 30
0.0
 10
203.5533422222222
 20
138.5230627777778
 30
0.0
 10
203.5533422222222
 20
139.4896738888889
 30
0.0
 10
203.5321755555555
 20
140.2728405555555
 30
0.0
 10
203.5039533333333
 20
140.2728405555555
 30
0.0
 10
193.2451755555555
 20
140.2728405555555
 30
0.0
 10
192.3702866666667
 20
140.7173405555556
 30
0.0
 10
191.2943144444444
 20
135.9830627777778
 30
0.0
 10
189.7420922222222
 20
129.1497572222222
 30
0.0
 10
195.7005088888889
 20
128.2889794444444
 30
0.0
 10
200.6076477777777
 20
126.6838405555555
 30
0.0
 10
201.0627311111111
 20
126.5356738888889
 30
0.0
 10
201.1262311111111
 20
125.9888683333333
 30
0.0
 10
200.7699255555555
 20
125.8301183333333
 30
0.0
 10
195.9086477777778
 20
123.7099238888889
 30
0.0
 10
191.5906477777777
 20
121.6673405555555
 30
0.0
 10
192.2962033333333
 20
115.7724238888889
 30
0.0
 10
192.7830366666666
 20
111.722535
 30
0.0
 10
192.7089533333333
 20
112.2728683333333
 30
0.0
 10
203.5039533333333
 20
112.2728683333333
 30
0.0
 10
203.5286477777778
 20
112.2728683333333
 30
0.0
 10
203.5533422222222
 20
113.056035
 30
0.0
 10
203.5533422222222
 20
114.0226461111111
 30
0.0
 10
203.5533422222222
 20
114.9892572222222
 30
0.0
 10
203.5039533333333
 20
115.500785
 30
0.0
 10
203.5039533333333
 20
115.7724238888889
 30
0.0
 10
203.5039533333333
 20
116.9389424074074
 30
0.0
 10
203.5039533333333
 20
118.1054609259259
 30
0.0
 10
203.5039533333333
 20
119.2719794444444
 30
0.0
 10
203.9449255555555
 20
119.2719794444444
 30
0.0
 10
204.3858977777777
 20
119.2719794444444
 30
0.0
 10
204.82687
 20
119.2719794444444
 30
0.0
  0
SPLINE
  5
1A2
330
1F
100
AcDbEntity
  8
DEFAULT
 62
     1
100
AcDbSpline
210
0.0
220
0.0
230
1.0
 70
     8
 71
     3
 72
    44
 73
    40
 74
     0
 42
0.000000001
 43
0.0000000001
 40
0.0
 40
0.0
 40
0.0
 40
0.0
 40
3.759999999999991
 40
3.759999999999991
 40
3.759999999999991
 40
13.68000000000001
 40
13.68000000000001
 40
13.68000000000001
 40
14.68000000000001
 40
14.68000000000001
 40
14.68000000000001
 40
15.68000000000001
 40
15.68000000000001
 40
15.68000000000001
 40
16.68000000000001
 40
16.68000000000001
 40
16.68000000000001
 40
17.68000000000001
 40
17.68000000000001
 40
17.68000000000001
 40
18.68000000000001
 40
18.68000000000001
 40
18.68000000000001
 40
19.68000000000001
 40
19.68000000000001
 40
19.68000000000001
 40
20.68000000000001
 40
20.68000000000001
 40
20.68000000000001
 40
21.68000000000001
 40
21.68000000000001
 40
21.68000000000001
 40
22.68000000000001
 40
22.68000000000001
 40
22.68000000000001
 40
32.60000000000002
 40
32.60000000000002
 40
32.60000000000002
 40
36.36000000000001
 40
36.36000000000001
 40
36.36000000000001
 40
36.36000000000001
 10
205.17612
 20
133.2737294444444
 30
0.0
 10
205.6182681481481
 20
133.2737294444444
 30
0.0
 10
206.0604162962962
 20
133.2737294444444
 30
0.0
 10
206.5025644444444
 20
133.2737294444444
 30
0.0
 10
206.5025644444444
 20
134.440247962963
 30
0.0
 10
206.5025644444444
 20
135.6067664814815
 30
0.0
 10
206.5025644444444
 20
136.773285
 30
0.0
 10
206.5025644444444
 20
137.0449238888889
 30
0.0
 10
206.4531755555555
 20
137.5564516666666
 30
0.0
 10
206.4531755555555
 20
138.5230627777778
 30
0.0
 10
206.4531755555555
 20
139.4896738888889
 30
0.0
 10
206.47787
 20
140.2728405555555
 30
0.0
 10
206.5025644444444
 20
140.2728405555555
 30
0.0
 10
216.7613422222222
 20
140.2728405555555
 30
0.0
 10
217.6362311111111
 20
140.7173405555556
 30
0.0
 10
218.7122033333333
 20
135.9830627777778
 30
0.0
 10
220.2644255555555
 20
129.1497572222222
 30
0.0
 10
214.3060088888889
 20
128.2889794444444
 30
0.0
 10
209.39887
 20
126.6838405555555
 30
0.0
 10
208.9437866666666
 20
126.5356738888889
 30
0.0
 10
208.8802866666666
 20
125.9888683333333
 30
0.0
 10
209.2365922222222
 20
125.8301183333333
 30
0.0
 10
214.0978699999999
 20
123.7099238888889
 30
0.0
 10
218.41587
 20
121.6673405555555
 30
0.0
 10
217.7103144444444
 20
115.7724238888889
 30
0.0
 10
217.2234811111111
 20
111.722535
 30
0.0
 10
217.2975644444444
 20
112.2728683333333
 30
0.0
 10
206.5025644444444
 20
112.2728683333333
 30
0.0
 10
206.4743422222222
 20
112.2728683333333
 30
0.0
 10
206.4531755555555
 20
113.056035
 30
0.0
 10
206.4531755555555
 20
114.0226461111111
 30
0.0
 10
206.4531755555555
 20
114.9892572222222
 30
0.0
 10
206.5025644444444
 20
115.500785
 30
0.0
 10
206.5025644444444
 20
115.7724238888889
 30
0.0
 10
206.5025644444444
 20
116.9389424074074
 30
0.0
 10
206.5025644444444
 20
118.1054609259259
 30
0.0
 10
206.5025644444444
 20
119.2719794444444
 30
0.0
 10
206.0604162962962
 20
119.2719794444444
 30
0.0
 10
205.6182681481481
 20
119.2719794444444
 30
0.0
 10
205.17612
 20
119.2719794444444
 30
0.0
  0
POLYLINE
  5
1A3
330
1F
100
AcDbEntity
  8
DEFAULT
 62
     1
100
AcDb2dPolyline
 66
     1
 10
0.0
 20
0.0
 30
0.0
  0
VERTEX
  5
1A4
330
1A3
100
AcDbEntity
  8
DEFAULT
 62
     1
100
AcDbVertex
100
AcDb2dVertex
 10
204.82687
 20
140.2763683333333
 30
0.0
  0
VERTEX
  5
1A5
330
1A3
100
AcDbEntity
  8
DEFAULT
 62
     1
100
AcDbVertex
100
AcDb2dVertex
 10
203.5004255555555
 20
140.2763683333333
 30
0.0
  0
SEQEND
  5
1A6
330
1A3
100
AcDbEntity
  8
DEFAULT
 62
     1
  0
POLYLINE
  5
1A7
330
1F
100
AcDbEntity
  8
DEFAULT
 62
     1
100
AcDb2dPolyline
 66
     1
 10
0.0
 20
0.0
 30
0.0
  0
VERTEX
  5
1A8
330
1A7
100
AcDbEntity
  8
DEFAULT
 62
     1
100
AcDbVertex
100
AcDb2dVertex
 10
206.5025644444444
 20
140.2728405555555
 30
0.0
  0
VERTEX
  5
1A9
330
1A7
100
AcDbEntity
  8
DEFAULT
 62
     1
100
AcDbVertex
100
AcDb2dVertex
 10
205.17612
 20
140.2728405555555
 30
0.0
  0
SEQEND
  5
1AA
330
1A7
100
AcDbEntity
  8
DEFAULT
 62
     1
  0
POLYLINE
  5
1AB
330
1F
100
AcDbEntity
  8
DEFAULT
 62
     1
100
AcDb2dPolyline
 66
     1
 10
0.0
 20
0.0
 30
0.0
  0
VERTEX
  5
1AC
330
1AB
100
AcDbEntity
  8
DEFAULT
 62
     1
100
AcDbVertex
100
AcDb2dVertex
 10
206.5025644444444
 20
112.2728683333333
 30
0.0
  0
VERTEX
  5
1AD
330
1AB
100
AcDbEntity
  8
DEFAULT
 62
     1
100
AcDbVertex
100
AcDb2dVertex
 10
205.17612
 20
112.2728683333333
 30
0.0
  0
SEQEND
  5
1AE
330
1AB
100
AcDbEntity
  8
DEFAULT
 62
     1
  0
POLYLINE
  5
1AF
330
1F
100
AcDbEntity
  8
DEFAULT
 62
     1
100
AcDb2dPolyline
 66
     1
 10
0.0
 20
0.0
 30
0.0
  0
VERTEX
  5
1B0
330
1AF
100
AcDbEntity
  8
DEFAULT
 62
     1
100
AcDbVertex
100
AcDb2dVertex
 10
204.82687
 20
112.2763961111111
 30
0.0
  0
VERTEX
  5
1B1
330
1AF
100
AcDbEntity
  8
DEFAULT
 62
     1
100
AcDbVertex
100
AcDb2dVertex
 10
203.5004255555555
 20
112.2763961111111
 30
0.0
  0
SEQEND
  5
1B2
330
1AF
100
AcDbEntity
  8
DEFAULT
 62
     1
  0
SPLINE
  5
1B3
330
1F
100
AcDbEntity
  8
DEFAULT
 62
    18
100
AcDbSpline
210
0.0
220
0.0
230
1.0
 70
     8
 71
     3
 72
    26
 73
    22
 74
     0
 42
0.000000001
 43
0.0000000001
 40
0.0
 40
0.0
 40
0.0
 40
0.0
 40
1.886999999999944
 40
1.886999999999944
 40
1.886999999999944
 40
4.640999999999963
 40
4.640999999999963
 40
4.640999999999963
 40
5.640999999999963
 40
5.640999999999963
 40
5.640999999999963
 40
6.640999999999963
 40
6.640999999999963
 40
6.640999999999963
 40
7.640999999999963
 40
7.640999999999963
 40
7.640999999999963
 40
8.640999999999963
 40
8.640999999999963
 40
8.640999999999963
 40
9.640999999999963
 40
9.640999999999963
 40
9.640999999999963
 40
9.640999999999963
 10
204.8391819444444
 20
130.1808561111111
 30
0.0
 10
204.6172847222222
 20
130.1808561111111
 30
0.0
 10
204.3953875
 20
130.1808561111111
 30
0.0
 10
204.1734902777778
 20
130.1808561111111
 30
0.0
 10
204.1734902777778
 20
130.5047061111111
 30
0.0
 10
204.1734902777778
 20
130.8285561111111
 30
0.0
 10
204.1734902777778
 20
131.1524061111111
 30
0.0
 10
204.2906125
 20
131.1943866666666
 30
0.0
 10
204.5213291666666
 20
131.2631783333333
 30
0.0
 10
204.7940263888888
 20
131.2631783333333
 30
0.0
 10
205.0998847222222
 20
131.2631783333333
 30
0.0
 10
205.3517680555555
 20
131.1852144444444
 30
0.0
 10
205.5496763888889
 20
130.9964783333333
 30
0.0
 10
205.7235958333333
 20
130.8285561111111
 30
0.0
 10
205.8315458333333
 20
130.5586811111111
 30
0.0
 10
205.8315458333333
 20
130.2440033333333
 30
0.0
 10
205.8287236111111
 20
129.6411061111111
 30
0.0
 10
205.4149152777777
 20
129.2004866666666
 30
0.0
 10
204.7372291666666
 20
129.2004866666666
 30
0.0
 10
204.5033375
 20
129.2004866666666
 30
0.0
 10
204.3205986111111
 20
129.2512866666667
 30
0.0
 10
204.2334625
 20
129.2932672222222
 30
0.0
  0
POLYLINE
  5
1B4
330
1F
100
AcDbEntity
  8
DEFAULT
 62
    18
100
AcDb2dPolyline
 66
     1
 10
0.0
 20
0.0
 30
0.0
  0
VERTEX
  5
1B5
330
1B4
100
AcDbEntity
  8
DEFAULT
 62
    18
100
AcDbVertex
100
AcDb2dVertex
 10
204.4584288888888
 20
122.4337855555555
 30
0.0
  0
VERTEX
  5
1B6
330
1B4
100
AcDbEntity
  8
DEFAULT
 62
    18
100
AcDbVertex
100
AcDb2dVertex
 10
205.4839538888889
 20
122.4337855555555
 30
0.0
  0
SEQEND
  5
1B7
330
1B4
100
AcDbEntity
  8
DEFAULT
 62
    18
  0
POLYLINE
  5
1B8
330
1F
100
AcDbEntity
  8
DEFAULT
 62
    18
100
AcDb2dPolyline
 66
     1
 10
0.0
 20
0.0
 30
0.0
  0
VERTEX
  5
1B9
330
1B8
100
AcDbEntity
  8
DEFAULT
 62
    18
100
AcDbVertex
100
AcDb2dVertex
 10
204.4584288888888
 20
121.3034502777778
 30
0.0
  0
VERTEX
  5
1BA
330
1B8
100
AcDbEntity
  8
DEFAULT
 62
    18
100
AcDbVertex
100
AcDb2dVertex
 10
204.4584288888888
 20
123.3245141666667
 30
0.0
  0
VERTEX
  5
1BB
330
1B8
100
AcDbEntity
  8
DEFAULT
 62
    18
100
AcDbVertex
100
AcDb2dVertex
 10
205.5467483333333
 20
123.3245141666667
 30
0.0
  0
SEQEND
  5
1BC
330
1B8
100
AcDbEntity
  8
DEFAULT
 62
    18
  0
SPLINE
  5
1BD
330
1F
100
AcDbEntity
  8
DEFAULT
 62
     1
100
AcDbSpline
210
0.0
220
0.0
230
1.0
 70
     8
 71
     3
 72
    53
 73
    49
 74
     0
 42
0.000000001
 43
0.0000000001
 40
0.0
 40
0.0
 40
0.0
 40
0.0
 40
3.75
 40
3.75
 40
3.75
 40
18.60000000000002
 40
18.60000000000002
 40
18.60000000000002
 40
19.60000000000002
 40
19.60000000000002
 40
19.60000000000002
 40
20.60000000000002
 40
20.60000000000002
 40
20.60000000000002
 40
21.60000000000002
 40
21.60000000000002
 40
21.60000000000002
 40
22.60000000000002
 40
22.60000000000002
 40
22.60000000000002
 40
23.60000000000002
 40
23.60000000000002
 40
23.60000000000002
 40
24.60000000000002
 40
24.60000000000002
 40
24.60000000000002
 40
25.60000000000002
 40
25.60000000000002
 40
25.60000000000002
 40
26.60000000000002
 40
26.60000000000002
 40
26.60000000000002
 40
27.60000000000002
 40
27.60000000000002
 40
27.60000000000002
 40
28.60000000000002
 40
28.60000000000002
 40
28.60000000000002
 40
29.60000000000002
 40
29.60000000000002
 40
29.60000000000002
 40
30.60000000000002
 40
30.60000000000002
 40
30.60000000000002
 40
40.5200000000001
 40
40.5200000000001
 40
40.5200000000001
 40
44.08000000000007
 40
44.08000000000007
 40
44.08000000000007
 40
44.08000000000007
 10
207.1754527777778
 20
75.6923175
 30
0.0
 10
207.1754527777778
 20
75.25134527777777
 30
0.0
 10
207.1754527777778
 20
74.81037305555556
 30
0.0
 10
207.1754527777778
 20
74.36940083333333
 30
0.0
 10
205.4292027777778
 20
74.36940083333333
 30
0.0
 10
203.6829527777778
 20
74.36940083333333
 30
0.0
 10
201.9367027777778
 20
74.36940083333333
 30
0.0
 10
201.6580083333333
 20
74.36940083333333
 30
0.0
 10
201.1323694444444
 20
74.41878972222221
 30
0.0
 10
200.1410638888889
 20
74.41878972222221
 30
0.0
 10
199.1462305555555
 20
74.41878972222221
 30
0.0
 10
198.6205916666667
 20
74.36940083333333
 30
0.0
 10
198.3418972222222
 20
74.36940083333333
 30
0.0
 10
198.0702583333333
 20
74.36940083333333
 30
0.0
 10
197.5587305555555
 20
74.41878972222221
 30
0.0
 10
196.5921194444444
 20
74.41878972222221
 30
0.0
 10
195.6255083333333
 20
74.41878972222221
 30
0.0
 10
195.1139805555555
 20
74.36940083333333
 30
0.0
 10
194.8423416666666
 20
74.36940083333333
 30
0.0
 10
194.5707027777778
 20
74.36940083333333
 30
0.0
 10
194.059175
 20
74.41878972222221
 30
0.0
 10
193.0925638888889
 20
74.41878972222221
 30
0.0
 10
192.1259527777778
 20
74.41878972222221
 30
0.0
 10
191.614425
 20
74.36940083333333
 30
0.0
 10
191.3427861111111
 20
74.36940083333333
 30
0.0
 10
191.0711472222222
 20
74.36940083333333
 30
0.0
 10
190.5596194444444
 20
74.41878972222221
 30
0.0
 10
189.5930083333333
 20
74.41878972222221
 30
0.0
 10
188.6263972222222
 20
74.41878972222221
 30
0.0
 10
187.8432305555556
 20
74.39762305555556
 30
0.0
 10
187.8432305555556
 20
74.36940083333333
 30
0.0
 10
187.8432305555556
 20
69.59984527777777
 30
0.0
 10
196.0029805555556
 20
67.23270638888889
 30
0.0
 10
207.2107305555556
 20
67.23270638888889
 30
0.0
 10
214.5132305555555
 20
67.23270638888889
 30
0.0
 10
221.5123416666667
 20
67.87123416666665
 30
0.0
 10
221.5123416666667
 20
70.86984527777777
 30
0.0
 10
221.5123416666667
 20
70.89453972222222
 30
0.0
 10
220.729175
 20
70.91923416666666
 30
0.0
 10
219.7625638888888
 20
70.91923416666666
 30
0.0
 10
218.7959527777778
 20
70.91923416666666
 30
0.0
 10
218.284425
 20
70.86984527777777
 30
0.0
 10
218.0127861111111
 20
70.86984527777777
 30
0.0
 10
216.8462675925925
 20
70.86984527777777
 30
0.0
 10
215.679749074074
 20
70.86984527777777
 30
0.0
 10
214.5132305555555
 20
70.86984527777777
 30
0.0
 10
214.5132305555555
 20
71.2884749074074
 30
0.0
 10
214.5132305555555
 20
71.70710453703704
 30
0.0
 10
214.5132305555555
 20
72.12573416666666
 30
0.0
  0
POLYLINE
  5
1BE
330
1F
100
AcDbEntity
  8
DEFAULT
 62
     1
100
AcDb2dPolyline
 66
     1
 10
0.0
 20
0.0
 30
0.0
  0
VERTEX
  5
1BF
330
1BE
100
AcDbEntity
  8
DEFAULT
 62
     1
100
AcDbVertex
100
AcDb2dVertex
 10
221.5123416666667
 20
72.47498416666666
 30
0.0
  0
VERTEX
  5
1C0
330
1BE
100
AcDbEntity
  8
DEFAULT
 62
     1
100
AcDbVertex
100
AcDb2dVertex
 10
221.5123416666667
 20
73.8014286111111
 30
0.0
  0
SEQEND
  5
1C1
330
1BE
100
AcDbEntity
  8
DEFAULT
 62
     1
  0
POLYLINE
  5
1C2
330
1F
100
AcDbEntity
  8
DEFAULT
 62
     1
100
AcDb2dPolyline
 66
     1
 10
0.0
 20
0.0
 30
0.0
  0
VERTEX
  5
1C3
330
1C2
100
AcDbEntity
  8
DEFAULT
 62
     1
100
AcDbVertex
100
AcDb2dVertex
 10
221.5088138888889
 20
70.79928972222221
 30
0.0
  0
VERTEX
  5
1C4
330
1C2
100
AcDbEntity
  8
DEFAULT
 62
     1
100
AcDbVertex
100
AcDb2dVertex
 10
221.5088138888889
 20
72.12573416666666
 30
0.0
  0
SEQEND
  5
1C5
330
1C2
100
AcDbEntity
  8
DEFAULT
 62
     1
  0
POLYLINE
  5
1C6
330
1F
100
AcDbEntity
  8
DEFAULT
 62
     1
100
AcDb2dPolyline
 66
     1
 10
0.0
 20
0.0
 30
0.0
  0
VERTEX
  5
1C7
330
1C6
100
AcDbEntity
  8
DEFAULT
 62
     1
100
AcDbVertex
100
AcDb2dVertex
 10
221.5123416666667
 20
79.54112305555554
 30
0.0
  0
VERTEX
  5
1C8
330
1C6
100
AcDbEntity
  8
DEFAULT
 62
     1
100
AcDbVertex
100
AcDb2dVertex
 10
221.5123416666667
 20
80.86756749999999
 30
0.0
  0
SEQEND
  5
1C9
330
1C6
100
AcDbEntity
  8
DEFAULT
 62
     1
  0
POLYLINE
  5
1CA
330
1F
100
AcDbEntity
  8
DEFAULT
 62
     1
100
AcDb2dPolyline
 66
     1
 10
0.0
 20
0.0
 30
0.0
  0
VERTEX
  5
1CB
330
1CA
100
AcDbEntity
  8
DEFAULT
 62
     1
100
AcDbVertex
100
AcDb2dVertex
 10
221.5088138888889
 20
77.86895638888888
 30
0.0
  0
VERTEX
  5
1CC
330
1CA
100
AcDbEntity
  8
DEFAULT
 62
     1
100
AcDbVertex
100
AcDb2dVertex
 10
221.5088138888889
 20
79.19187305555555
 30
0.0
  0
SEQEND
  5
1CD
330
1CA
100
AcDbEntity
  8
DEFAULT
 62
     1
  0
POLYLINE
  5
1CE
330
1F
100
AcDbEntity
  8
DEFAULT
 62
     1
100
AcDb2dPolyline
 66
     1
 10
0.0
 20
0.0
 30
0.0
  0
VERTEX
  5
1CF
330
1CE
100
AcDbEntity
  8
DEFAULT
 62
     1
100
AcDbVertex
100
AcDb2dVertex
 10
187.8432305555556
 20
76.0415675
 30
0.0
  0
VERTEX
  5
1D0
330
1CE
100
AcDbEntity
  8
DEFAULT
 62
     1
100
AcDbVertex
100
AcDb2dVertex
 10
187.8432305555556
 20
77.36801194444443
 30
0.0
  0
SEQEND
  5
1D1
330
1CE
100
AcDbEntity
  8
DEFAULT
 62
     1
  0
POLYLINE
  5
1D2
330
1F
100
AcDbEntity
  8
DEFAULT
 62
     1
100
AcDb2dPolyline
 66
     1
 10
0.0
 20
0.0
 30
0.0
  0
VERTEX
  5
1D3
330
1D2
100
AcDbEntity
  8
DEFAULT
 62
     1
100
AcDbVertex
100
AcDb2dVertex
 10
187.8397027777777
 20
74.36940083333333
 30
0.0
  0
VERTEX
  5
1D4
330
1D2
100
AcDbEntity
  8
DEFAULT
 62
     1
100
AcDbVertex
100
AcDb2dVertex
 10
187.8397027777777
 20
75.6923175
 30
0.0
  0
SEQEND
  5
1D5
330
1D2
100
AcDbEntity
  8
DEFAULT
 62
     1
  0
SPLINE
  5
1D6
330
1F
100
AcDbEntity
  8
DEFAULT
 62
     1
100
AcDbSpline
210
0.0
220
0.0
230
1.0
 70
     8
 71
     3
 72
    35
 73
    31
 74
     0
 42
0.000000001
 43
0.0000000001
 40
0.0
 40
0.0
 40
0.0
 40
0.0
 40
3.75
 40
3.75
 40
3.75
 40
13.66999999999996
 40
13.66999999999996
 40
13.66999999999996
 40
14.66999999999996
 40
14.66999999999996
 40
14.66999999999996
 40
15.66999999999996
 40
15.66999999999996
 40
15.66999999999996
 40
16.66999999999996
 40
16.66999999999996
 40
16.66999999999996
 40
17.66999999999996
 40
17.66999999999996
 40
17.66999999999996
 40
18.66999999999996
 40
18.66999999999996
 40
18.66999999999996
 40
19.66999999999996
 40
19.66999999999996
 40
19.66999999999996
 40
29.58999999999992
 40
29.58999999999992
 40
29.58999999999992
 40
33.53999999999991
 40
33.53999999999991
 40
33.53999999999991
 40
33.53999999999991
 10
214.5132305555555
 20
79.19187305555555
 30
0.0
 10
214.5132305555555
 20
78.75090083333333
 30
0.0
 10
214.5132305555555
 20
78.3099286111111
 30
0.0
 10
214.5132305555555
 20
77.86895638888888
 30
0.0
 10
215.679749074074
 20
77.86895638888888
 30
0.0
 10
216.8462675925925
 20
77.86895638888888
 30
0.0
 10
218.0127861111111
 20
77.86895638888888
 30
0.0
 10
218.284425
 20
77.86895638888888
 30
0.0
 10
218.7959527777777
 20
77.91834527777776
 30
0.0
 10
219.7625638888888
 20
77.91834527777776
 30
0.0
 10
220.729175
 20
77.91834527777776
 30
0.0
 10
221.5123416666667
 20
77.89365083333333
 30
0.0
 10
221.5123416666667
 20
77.86895638888888
 30
0.0
 10
221.5123416666667
 20
77.51265083333332
 30
0.0
 10
222.1579249999999
 20
76.97290083333333
 30
0.0
 10
222.1579249999999
 20
75.86870638888888
 30
0.0
 10
222.1579249999999
 20
74.76098416666666
 30
0.0
 10
221.5123416666667
 20
74.22123416666666
 30
0.0
 10
221.5123416666667
 20
73.86845638888887
 30
0.0
 10
221.5123416666667
 20
73.84023416666666
 30
0.0
 10
220.729175
 20
73.81906749999999
 30
0.0
 10
219.7625638888888
 20
73.81906749999999
 30
0.0
 10
218.7959527777777
 20
73.81906749999999
 30
0.0
 10
218.284425
 20
73.86845638888887
 30
0.0
 10
218.0127861111111
 20
73.86845638888887
 30
0.0
 10
216.8462675925925
 20
73.86845638888887
 30
0.0
 10
215.679749074074
 20
73.86845638888887
 30
0.0
 10
214.5132305555555
 20
73.86845638888887
 30
0.0
 10
214.5132305555555
 20
73.40396564814813
 30
0.0
 10
214.5132305555555
 20
72.93947490740739
 30
0.0
 10
214.5132305555555
 20
72.47498416666666
 30
0.0
  0
SPLINE
  5
1D7
330
1F
100
AcDbEntity
  8
DEFAULT
 62
     1
100
AcDbSpline
210
0.0
220
0.0
230
1.0
 70
     8
 71
     3
 72
    53
 73
    49
 74
     0
 42
0.000000001
 43
0.0000000001
 40
0.0
 40
0.0
 40
0.0
 40
0.0
 40
3.759999999999991
 40
3.759999999999991
 40
3.759999999999991
 40
18.61000000000001
 40
18.61000000000001
 40
18.61000000000001
 40
19.61000000000001
 40
19.61000000000001
 40
19.61000000000001
 40
20.61000000000001
 40
20.61000000000001
 40
20.61000000000001
 40
21.61000000000001
 40
21.61000000000001
 40
21.61000000000001
 40
22.61000000000001
 40
22.61000000000001
 40
22.61000000000001
 40
23.61000000000001
 40
23.61000000000001
 40
23.61000000000001
 40
24.61000000000001
 40
24.61000000000001
 40
24.61000000000001
 40
25.61000000000001
 40
25.61000000000001
 40
25.61000000000001
 40
26.61000000000001
 40
26.61000000000001
 40
26.61000000000001
 40
27.61000000000001
 40
27.61000000000001
 40
27.61000000000001
 40
28.61000000000001
 40
28.61000000000001
 40
28.61000000000001
 40
29.61000000000001
 40
29.61000000000001
 40
29.61000000000001
 40
30.61000000000001
 40
30.61000000000001
 40
30.61000000000001
 40
40.53000000000009
 40
40.53000000000009
 40
40.53000000000009
 40
44.29000000000011
 40
44.29000000000011
 40
44.29000000000011
 40
44.29000000000011
 10
207.1754527777778
 20
76.0415675
 30
0.0
 10
207.1754527777778
 20
76.48371564814813
 30
0.0
 10
207.1754527777778
 20
76.92586379629628
 30
0.0
 10
207.1754527777778
 20
77.36801194444443
 30
0.0
 10
205.4292027777778
 20
77.36801194444443
 30
0.0
 10
203.6829527777778
 20
77.36801194444443
 30
0.0
 10
201.9367027777778
 20
77.36801194444443
 30
0.0
 10
201.6580083333333
 20
77.36801194444443
 30
0.0
 10
201.1323694444444
 20
77.31862305555555
 30
0.0
 10
200.1410638888889
 20
77.31862305555555
 30
0.0
 10
199.1462305555555
 20
77.31862305555555
 30
0.0
 10
198.6205916666667
 20
77.36801194444443
 30
0.0
 10
198.3418972222222
 20
77.36801194444443
 30
0.0
 10
198.0702583333333
 20
77.36801194444443
 30
0.0
 10
197.5587305555555
 20
77.31862305555555
 30
0.0
 10
196.5921194444444
 20
77.31862305555555
 30
0.0
 10
195.6255083333333
 20
77.31862305555555
 30
0.0
 10
195.1139805555555
 20
77.36801194444443
 30
0.0
 10
194.8423416666666
 20
77.36801194444443
 30
0.0
 10
194.5707027777778
 20
77.36801194444443
 30
0.0
 10
194.059175
 20
77.31862305555555
 30
0.0
 10
193.0925638888889
 20
77.31862305555555
 30
0.0
 10
192.1259527777778
 20
77.31862305555555
 30
0.0
 10
191.614425
 20
77.36801194444443
 30
0.0
 10
191.3427861111111
 20
77.36801194444443
 30
0.0
 10
191.0711472222222
 20
77.36801194444443
 30
0.0
 10
190.5596194444444
 20
77.31862305555555
 30
0.0
 10
189.5930083333333
 20
77.31862305555555
 30
0.0
 10
188.6263972222222
 20
77.31862305555555
 30
0.0
 10
187.8432305555556
 20
77.3433175
 30
0.0
 10
187.8432305555556
 20
77.36801194444443
 30
0.0
 10
187.8432305555556
 20
82.1375675
 30
0.0
 10
196.0029805555556
 20
84.50470638888889
 30
0.0
 10
207.2107305555556
 20
84.50470638888889
 30
0.0
 10
214.5132305555555
 20
84.50470638888889
 30
0.0
 10
221.5123416666667
 20
83.86617861111111
 30
0.0
 10
221.5123416666667
 20
80.86756749999999
 30
0.0
 10
221.5123416666667
 20
80.83934527777777
 30
0.0
 10
220.729175
 20
80.81817861111111
 30
0.0
 10
219.7625638888888
 20
80.81817861111111
 30
0.0
 10
218.7959527777778
 20
80.81817861111111
 30
0.0
 10
218.284425
 20
80.86756749999999
 30
0.0
 10
218.0127861111111
 20
80.86756749999999
 30
0.0
 10
216.8462675925925
 20
80.86756749999999
 30
0.0
 10
215.679749074074
 20
80.86756749999999
 30
0.0
 10
214.5132305555555
 20
80.86756749999999
 30
0.0
 10
214.5132305555555
 20
80.42541935185186
 30
0.0
 10
214.5132305555555
 20
79.9832712037037
 30
0.0
 10
214.5132305555555
 20
79.54112305555554
 30
0.0
  0
SPLINE
  5
1D8
330
1F
100
AcDbEntity
  8
DEFAULT
 62
    18
100
AcDbSpline
210
0.0
220
0.0
230
1.0
 70
     8
 71
     3
 72
    26
 73
    22
 74
     0
 42
0.000000001
 43
0.0000000001
 40
0.0
 40
0.0
 40
0.0
 40
0.0
 40
1.0
 40
1.0
 40
1.0
 40
2.0
 40
2.0
 40
2.0
 40
3.0
 40
3.0
 40
3.0
 40
4.0
 40
4.0
 40
4.0
 40
5.0
 40
5.0
 40
5.0
 40
6.0
 40
6.0
 40
6.0
 40
7.0
 40
7.0
 40
7.0
 40
7.0
 10
212.6466833333333
 20
73.23204527777777
 30
0.0
 10
212.5747166666667
 20
72.95934805555555
 30
0.0
 10
212.4935777777778
 20
72.69229527777777
 30
0.0
 10
212.4127916666667
 20
72.45840361111111
 30
0.0
 10
212.397975
 20
72.41642305555555
 30
0.0
 10
212.3828055555555
 20
72.3744425
 30
0.0
 10
212.3828055555555
 20
72.33563694444445
 30
0.0
 10
212.3648138888889
 20
71.85585916666666
 30
0.0
 10
212.0109777777778
 20
71.44522583333334
 30
0.0
 10
211.3604555555555
 20
71.44522583333334
 30
0.0
 10
210.7127555555556
 20
71.44522583333334
 30
0.0
 10
210.296125
 20
71.84068972222222
 30
0.0
 10
210.296125
 20
72.38643694444444
 30
0.0
 10
210.296125
 20
72.93535916666666
 30
0.0
 10
210.721575
 20
73.2920175
 30
0.0
 10
211.318475
 20
73.2920175
 30
0.0
 10
211.8374111111111
 20
73.2920175
 30
0.0
 10
212.2078277777778
 20
72.9776925
 30
0.0
 10
212.2917888888889
 20
72.74944527777778
 30
0.0
 10
212.3753972222222
 20
72.52119805555556
 30
0.0
 10
212.3863333333333
 20
72.36844527777777
 30
0.0
 10
212.3863333333333
 20
72.36844527777777
 30
0.0
  0
SPLINE
  5
1D9
330
1F
100
AcDbEntity
  8
DEFAULT
 62
    18
100
AcDbSpline
210
0.0
220
0.0
230
1.0
 70
     8
 71
     3
 72
    26
 73
    22
 74
     0
 42
0.000000001
 43
0.0000000001
 40
0.0
 40
0.0
 40
0.0
 40
0.0
 40
1.0
 40
1.0
 40
1.0
 40
2.0
 40
2.0
 40
2.0
 40
3.0
 40
3.0
 40
3.0
 40
4.0
 40
4.0
 40
4.0
 40
5.0
 40
5.0
 40
5.0
 40
6.0
 40
6.0
 40
6.0
 40
7.0
 40
7.0
 40
7.0
 40
7.0
 10
212.6466833333333
 20
80.23115638888888
 30
0.0
 10
212.5747166666667
 20
79.95845916666666
 30
0.0
 10
212.4935777777778
 20
79.69140638888888
 30
0.0
 10
212.4127916666667
 20
79.4575147222222
 30
0.0
 10
212.397975
 20
79.41553416666665
 30
0.0
 10
212.3828055555555
 20
79.37355361111109
 30
0.0
 10
212.3828055555555
 20
79.33474805555555
 30
0.0
 10
212.3648138888889
 20
78.85497027777777
 30
0.0
 10
212.0109777777778
 20
78.44433694444443
 30
0.0
 10
211.3604555555555
 20
78.44433694444443
 30
0.0
 10
210.7127555555556
 20
78.44433694444443
 30
0.0
 10
210.296125
 20
78.83980083333333
 30
0.0
 10
210.296125
 20
79.38554805555555
 30
0.0
 10
210.296125
 20
79.93447027777776
 30
0.0
 10
210.721575
 20
80.29112861111109
 30
0.0
 10
211.318475
 20
80.29112861111109
 30
0.0
 10
211.8374111111111
 20
80.29112861111109
 30
0.0
 10
212.2078277777778
 20
79.9768036111111
 30
0.0
 10
212.2917888888889
 20
79.74855638888889
 30
0.0
 10
212.3753972222222
 20
79.52030916666666
 30
0.0
 10
212.3863333333333
 20
79.36755638888887
 30
0.0
 10
212.3863333333333
 20
79.36755638888887
 30
0.0
  0
SPLINE
  5
1DA
330
1F
100
AcDbEntity
  8
DEFAULT
 62
    18
100
AcDbSpline
210
0.0
220
0.0
230
1.0
 70
     8
 71
     3
 72
    26
 73
    22
 74
     0
 42
0.000000001
 43
0.0000000001
 40
0.0
 40
0.0
 40
0.0
 40
0.0
 40
5.660999999999945
 40
5.660999999999945
 40
5.660999999999945
 40
6.660999999999945
 40
6.660999999999945
 40
6.660999999999945
 40
7.660999999999945
 40
7.660999999999945
 40
7.660999999999945
 40
8.660999999999945
 40
8.660999999999945
 40
8.660999999999945
 40
9.660999999999945
 40
9.660999999999945
 40
9.660999999999945
 40
10.66099999999994
 40
10.66099999999994
 40
10.66099999999994
 40
11.66099999999994
 40
11.66099999999994
 40
11.66099999999994
 40
11.66099999999994
 10
209.1994094444444
 20
76.49005388888888
 30
0.0
 10
209.8651011111111
 20
76.49005388888888
 30
0.0
 10
210.5307927777777
 20
76.49005388888888
 30
0.0
 10
211.1964844444444
 20
76.49005388888888
 30
0.0
 10
211.2172983333333
 20
76.36411222222222
 30
0.0
 10
211.23529
 20
76.19936499999999
 30
0.0
 10
211.23529
 20
75.98910944444445
 30
0.0
 10
211.23529
 20
75.73158166666666
 30
0.0
 10
211.1753177777778
 20
75.54249277777777
 30
0.0
 10
211.0673677777777
 20
75.42254833333332
 30
0.0
 10
210.9714122222222
 20
75.3117761111111
 30
0.0
 10
210.8243038888889
 20
75.24580666666667
 30
0.0
 10
210.64474
 20
75.24580666666667
 30
0.0
 10
210.4616483333333
 20
75.24580666666667
 30
0.0
 10
210.317715
 20
75.29978166666666
 30
0.0
 10
210.21294
 20
75.40173444444444
 30
0.0
 10
210.0658316666667
 20
75.53967055555556
 30
0.0
 10
209.9910427777778
 20
75.76439
 30
0.0
 10
209.9910427777778
 20
76.01909555555555
 30
0.0
 10
209.9910427777778
 20
76.09741222222222
 30
0.0
 10
210.044665
 20
76.43960666666666
 30
0.0
 10
210.0961705555555
 20
76.49005388888888
 30
0.0
  0
SPLINE
  5
1DB
330
1F
100
AcDbEntity
  8
DEFAULT
 62
     1
100
AcDbSpline
210
0.0
220
0.0
230
1.0
 70
     8
 71
     3
 72
    68
 73
    64
 74
     0
 42
0.000000001
 43
0.0000000001
 40
0.0
 40
0.0
 40
0.0
 40
0.0
 40
3.75
 40
3.75
 40
3.75
 40
22.07999999999998
 40
22.07999999999998
 40
22.07999999999998
 40
23.07999999999998
 40
23.07999999999998
 40
23.07999999999998
 40
24.07999999999998
 40
24.07999999999998
 40
24.07999999999998
 40
25.07999999999998
 40
25.07999999999998
 40
25.07999999999998
 40
26.07999999999998
 40
26.07999999999998
 40
26.07999999999998
 40
27.07999999999998
 40
27.07999999999998
 40
27.07999999999998
 40
42.6699999999999
 40
42.6699999999999
 40
42.6699999999999
 40
51.1699999999999
 40
51.1699999999999
 40
51.1699999999999
 40
66.75999999999982
 40
66.75999999999982
 40
66.75999999999982
 40
67.75999999999982
 40
67.75999999999982
 40
67.75999999999982
 40
68.75999999999982
 40
68.75999999999982
 40
68.75999999999982
 40
69.75999999999982
 40
69.75999999999982
 40
69.75999999999982
 40
70.75999999999982
 40
70.75999999999982
 40
70.75999999999982
 40
71.75999999999982
 40
71.75999999999982
 40
71.75999999999982
 40
72.75999999999982
 40
72.75999999999982
 40
72.75999999999982
 40
73.75999999999982
 40
73.75999999999982
 40
73.75999999999982
 40
74.75999999999982
 40
74.75999999999982
 40
74.75999999999982
 40
75.75999999999982
 40
75.75999999999982
 40
75.75999999999982
 40
85.6799999999999
 40
85.6799999999999
 40
85.6799999999999
 40
89.4299999999999
 40
89.4299999999999
 40
89.4299999999999
 40
89.4299999999999
 10
186.4365644444444
 20
98.72733055555555
 30
0.0
 10
186.4365644444444
 20
98.28635833333334
 30
0.0
 10
186.4365644444444
 20
97.84538611111111
 30
0.0
 10
186.4365644444444
 20
97.4044138888889
 30
0.0
 10
184.2810922222222
 20
97.4044138888889
 30
0.0
 10
182.1256199999999
 20
97.4044138888889
 30
0.0
 10
179.9701477777778
 20
97.4044138888889
 30
0.0
 10
179.6985088888889
 20
97.4044138888889
 30
0.0
 10
179.1869811111111
 20
97.45380277777777
 30
0.0
 10
178.22037
 20
97.45380277777777
 30
0.0
 10
177.2537588888889
 20
97.45380277777777
 30
0.0
 10
176.4705922222222
 20
97.43263611111111
 30
0.0
 10
176.4705922222222
 20
97.4044138888889
 30
0.0
 10
176.4705922222222
 20
95.74635833333333
 30
0.0
 10
179.4374533333333
 20
95.354775
 30
0.0
 10
179.4374533333333
 20
94.40580277777778
 30
0.0
 10
179.4374533333333
 20
94.38110833333333
 30
0.0
 10
180.22062
 20
94.3564138888889
 30
0.0
 10
181.1872311111111
 20
94.3564138888889
 30
0.0
 10
182.1538422222222
 20
94.3564138888889
 30
0.0
 10
182.6653699999999
 20
94.40580277777778
 30
0.0
 10
182.9370088888889
 20
94.40580277777778
 30
0.0
 10
184.7702774074073
 20
94.40580277777777
 30
0.0
 10
186.6035459259259
 20
94.40580277777777
 30
0.0
 10
188.4368144444444
 20
94.40580277777778
 30
0.0
 10
188.4368144444444
 20
93.40626574074072
 30
0.0
 10
188.4368144444444
 20
92.40672870370368
 30
0.0
 10
188.4368144444444
 20
91.40719166666666
 30
0.0
 10
186.6035459259259
 20
91.40719166666666
 30
0.0
 10
184.7702774074074
 20
91.40719166666666
 30
0.0
 10
182.9370088888889
 20
91.40719166666666
 30
0.0
 10
182.6653699999999
 20
91.40719166666666
 30
0.0
 10
182.1538422222222
 20
91.45658055555555
 30
0.0
 10
181.1872311111111
 20
91.45658055555555
 30
0.0
 10
180.22062
 20
91.45658055555555
 30
0.0
 10
179.4374533333333
 20
91.43541388888889
 30
0.0
 10
179.4374533333333
 20
91.40719166666666
 30
0.0
 10
179.4374533333333
 20
88.40858055555556
 30
0.0
 10
185.0007588888888
 20
88.05933055555555
 30
0.0
 10
195.3618422222222
 20
88.40858055555556
 30
0.0
 10
203.3099255555555
 20
88.67669166666667
 30
0.0
 10
208.9190922222222
 20
92.60310833333332
 30
0.0
 10
212.9760366666666
 20
95.04785833333334
 30
0.0
 10
213.3923144444444
 20
95.29833055555555
 30
0.0
 10
214.1966477777777
 20
95.34066388888888
 30
0.0
 10
214.5988144444444
 20
95.04785833333334
 30
0.0
 10
217.0400366666666
 20
93.2416361111111
 30
0.0
 10
217.2128977777778
 20
88.22866388888889
 30
0.0
 10
227.4540366666666
 20
88.22866388888889
 30
0.0
 10
230.6043422222222
 20
88.22866388888889
 30
0.0
 10
231.5991755555555
 20
88.6731638888889
 30
0.0
 10
231.5991755555555
 20
91.40719166666666
 30
0.0
 10
231.5991755555555
 20
91.43188611111111
 30
0.0
 10
230.8160088888888
 20
91.45658055555555
 30
0.0
 10
229.8493977777778
 20
91.45658055555555
 30
0.0
 10
228.8827866666666
 20
91.45658055555555
 30
0.0
 10
228.3712588888889
 20
91.40719166666666
 30
0.0
 10
228.09962
 20
91.40719166666666
 30
0.0
 10
226.9331014814814
 20
91.40719166666666
 30
0.0
 10
225.7665829629629
 20
91.40719166666666
 30
0.0
 10
224.6000644444444
 20
91.40719166666666
 30
0.0
 10
224.6000644444444
 20
91.84816388888889
 30
0.0
 10
224.6000644444444
 20
92.28913611111109
 30
0.0
 10
224.6000644444444
 20
92.73010833333333
 30
0.0
  0
POLYLINE
  5
1DC
330
1F
100
AcDbEntity
  8
DEFAULT
 62
     1
100
AcDb2dPolyline
 66
     1
 10
0.0
 20
0.0
 30
0.0
  0
VERTEX
  5
1DD
330
1DC
100
AcDbEntity
  8
DEFAULT
 62
     1
100
AcDbVertex
100
AcDb2dVertex
 10
231.5991755555555
 20
93.07935833333332
 30
0.0
  0
VERTEX
  5
1DE
330
1DC
100
AcDbEntity
  8
DEFAULT
 62
     1
100
AcDbVertex
100
AcDb2dVertex
 10
231.5991755555555
 20
94.40580277777777
 30
0.0
  0
SEQEND
  5
1DF
330
1DC
100
AcDbEntity
  8
DEFAULT
 62
     1
  0
POLYLINE
  5
1E0
330
1F
100
AcDbEntity
  8
DEFAULT
 62
     1
100
AcDb2dPolyline
 66
     1
 10
0.0
 20
0.0
 30
0.0
  0
VERTEX
  5
1E1
330
1E0
100
AcDbEntity
  8
DEFAULT
 62
     1
100
AcDbVertex
100
AcDb2dVertex
 10
231.5956477777777
 20
91.40719166666666
 30
0.0
  0
VERTEX
  5
1E2
330
1E0
100
AcDbEntity
  8
DEFAULT
 62
     1
100
AcDbVertex
100
AcDb2dVertex
 10
231.5956477777777
 20
92.73010833333333
 30
0.0
  0
SEQEND
  5
1E3
330
1E0
100
AcDbEntity
  8
DEFAULT
 62
     1
  0
POLYLINE
  5
1E4
330
1F
100
AcDbEntity
  8
DEFAULT
 62
     1
100
AcDb2dPolyline
 66
     1
 10
0.0
 20
0.0
 30
0.0
  0
VERTEX
  5
1E5
330
1E4
100
AcDbEntity
  8
DEFAULT
 62
     1
100
AcDbVertex
100
AcDb2dVertex
 10
179.4374533333333
 20
93.07935833333332
 30
0.0
  0
VERTEX
  5
1E6
330
1E4
100
AcDbEntity
  8
DEFAULT
 62
     1
100
AcDbVertex
100
AcDb2dVertex
 10
179.4374533333333
 20
94.40580277777777
 30
0.0
  0
SEQEND
  5
1E7
330
1E4
100
AcDbEntity
  8
DEFAULT
 62
     1
  0
POLYLINE
  5
1E8
330
1F
100
AcDbEntity
  8
DEFAULT
 62
     1
100
AcDb2dPolyline
 66
     1
 10
0.0
 20
0.0
 30
0.0
  0
VERTEX
  5
1E9
330
1E8
100
AcDbEntity
  8
DEFAULT
 62
     1
100
AcDbVertex
100
AcDb2dVertex
 10
179.4339255555555
 20
91.40719166666666
 30
0.0
  0
VERTEX
  5
1EA
330
1E8
100
AcDbEntity
  8
DEFAULT
 62
     1
100
AcDbVertex
100
AcDb2dVertex
 10
179.4339255555555
 20
92.73010833333333
 30
0.0
  0
SEQEND
  5
1EB
330
1E8
100
AcDbEntity
  8
DEFAULT
 62
     1
  0
POLYLINE
  5
1EC
330
1F
100
AcDbEntity
  8
DEFAULT
 62
     1
100
AcDb2dPolyline
 66
     1
 10
0.0
 20
0.0
 30
0.0
  0
VERTEX
  5
1ED
330
1EC
100
AcDbEntity
  8
DEFAULT
 62
     1
100
AcDbVertex
100
AcDb2dVertex
 10
179.4374533333333
 20
105.0773305555556
 30
0.0
  0
VERTEX
  5
1EE
330
1EC
100
AcDbEntity
  8
DEFAULT
 62
     1
100
AcDbVertex
100
AcDb2dVertex
 10
179.4374533333333
 20
106.403775
 30
0.0
  0
SEQEND
  5
1EF
330
1EC
100
AcDbEntity
  8
DEFAULT
 62
     1
  0
POLYLINE
  5
1F0
330
1F
100
AcDbEntity
  8
DEFAULT
 62
     1
100
AcDb2dPolyline
 66
     1
 10
0.0
 20
0.0
 30
0.0
  0
VERTEX
  5
1F1
330
1F0
100
AcDbEntity
  8
DEFAULT
 62
     1
100
AcDbVertex
100
AcDb2dVertex
 10
179.4339255555555
 20
103.4051638888889
 30
0.0
  0
VERTEX
  5
1F2
330
1F0
100
AcDbEntity
  8
DEFAULT
 62
     1
100
AcDbVertex
100
AcDb2dVertex
 10
179.4339255555555
 20
104.7280805555556
 30
0.0
  0
SEQEND
  5
1F3
330
1F0
100
AcDbEntity
  8
DEFAULT
 62
     1
  0
POLYLINE
  5
1F4
330
1F
100
AcDbEntity
  8
DEFAULT
 62
     1
100
AcDb2dPolyline
 66
     1
 10
0.0
 20
0.0
 30
0.0
  0
VERTEX
  5
1F5
330
1F4
100
AcDbEntity
  8
DEFAULT
 62
     1
100
AcDbVertex
100
AcDb2dVertex
 10
176.4705922222222
 20
99.07658055555554
 30
0.0
  0
VERTEX
  5
1F6
330
1F4
100
AcDbEntity
  8
DEFAULT
 62
     1
100
AcDbVertex
100
AcDb2dVertex
 10
176.4705922222222
 20
100.403025
 30
0.0
  0
SEQEND
  5
1F7
330
1F4
100
AcDbEntity
  8
DEFAULT
 62
     1
  0
POLYLINE
  5
1F8
330
1F
100
AcDbEntity
  8
DEFAULT
 62
     1
100
AcDb2dPolyline
 66
     1
 10
0.0
 20
0.0
 30
0.0
  0
VERTEX
  5
1F9
330
1F8
100
AcDbEntity
  8
DEFAULT
 62
     1
100
AcDbVertex
100
AcDb2dVertex
 10
176.4670644444444
 20
97.4044138888889
 30
0.0
  0
VERTEX
  5
1FA
330
1F8
100
AcDbEntity
  8
DEFAULT
 62
     1
100
AcDbVertex
100
AcDb2dVertex
 10
176.4670644444444
 20
98.72733055555555
 30
0.0
  0
SEQEND
  5
1FB
330
1F8
100
AcDbEntity
  8
DEFAULT
 62
     1
  0
POLYLINE
  5
1FC
330
1F
100
AcDbEntity
  8
DEFAULT
 62
     1
100
AcDb2dPolyline
 66
     1
 10
0.0
 20
0.0
 30
0.0
  0
VERTEX
  5
1FD
330
1FC
100
AcDbEntity
  8
DEFAULT
 62
     1
100
AcDbVertex
100
AcDb2dVertex
 10
231.5991755555555
 20
99.08010833333333
 30
0.0
  0
VERTEX
  5
1FE
330
1FC
100
AcDbEntity
  8
DEFAULT
 62
     1
100
AcDbVertex
100
AcDb2dVertex
 10
231.5991755555555
 20
100.4065527777778
 30
0.0
  0
SEQEND
  5
1FF
330
1FC
100
AcDbEntity
  8
DEFAULT
 62
     1
  0
POLYLINE
  5
200
330
1F
100
AcDbEntity
  8
DEFAULT
 62
     1
100
AcDb2dPolyline
 66
     1
 10
0.0
 20
0.0
 30
0.0
  0
VERTEX
  5
201
330
200
100
AcDbEntity
  8
DEFAULT
 62
     1
100
AcDbVertex
100
AcDb2dVertex
 10
231.5956477777777
 20
97.40794166666666
 30
0.0
  0
VERTEX
  5
202
330
200
100
AcDbEntity
  8
DEFAULT
 62
     1
100
AcDbVertex
100
AcDb2dVertex
 10
231.5956477777777
 20
98.73085833333333
 30
0.0
  0
SEQEND
  5
203
330
200
100
AcDbEntity
  8
DEFAULT
 62
     1
  0
POLYLINE
  5
204
330
1F
100
AcDbEntity
  8
DEFAULT
 62
     1
100
AcDb2dPolyline
 66
     1
 10
0.0
 20
0.0
 30
0.0
  0
VERTEX
  5
205
330
204
100
AcDbEntity
  8
DEFAULT
 62
     1
100
AcDbVertex
100
AcDb2dVertex
 10
231.5991755555555
 20
105.0773305555556
 30
0.0
  0
VERTEX
  5
206
330
204
100
AcDbEntity
  8
DEFAULT
 62
     1
100
AcDbVertex
100
AcDb2dVertex
 10
231.5991755555555
 20
106.403775
 30
0.0
  0
SEQEND
  5
207
330
204
100
AcDbEntity
  8
DEFAULT
 62
     1
  0
POLYLINE
  5
208
330
1F
100
AcDbEntity
  8
DEFAULT
 62
     1
100
AcDb2dPolyline
 66
     1
 10
0.0
 20
0.0
 30
0.0
  0
VERTEX
  5
209
330
208
100
AcDbEntity
  8
DEFAULT
 62
     1
100
AcDbVertex
100
AcDb2dVertex
 10
231.5956477777777
 20
103.4051638888889
 30
0.0
  0
VERTEX
  5
20A
330
208
100
AcDbEntity
  8
DEFAULT
 62
     1
100
AcDbVertex
100
AcDb2dVertex
 10
231.5956477777777
 20
104.7280805555556
 30
0.0
  0
SEQEND
  5
20B
330
208
100
AcDbEntity
  8
DEFAULT
 62
     1
  0
SPLINE
  5
20C
330
1F
100
AcDbEntity
  8
DEFAULT
 62
     1
100
AcDbSpline
210
0.0
220
0.0
230
1.0
 70
     8
 71
     3
 72
    68
 73
    64
 74
     0
 42
0.000000001
 43
0.0000000001
 40
0.0
 40
0.0
 40
0.0
 40
0.0
 40
3.759999999999991
 40
3.759999999999991
 40
3.759999999999991
 40
22.08999999999997
 40
22.08999999999997
 40
22.08999999999997
 40
23.08999999999997
 40
23.08999999999997
 40
23.08999999999997
 40
24.08999999999997
 40
24.08999999999997
 40
24.08999999999997
 40
25.08999999999997
 40
25.08999999999997
 40
25.08999999999997
 40
26.08999999999997
 40
26.08999999999997
 40
26.08999999999997
 40
27.08999999999997
 40
27.08999999999997
 40
27.08999999999997
 40
42.67999999999989
 40
42.67999999999989
 40
42.67999999999989
 40
51.17999999999989
 40
51.17999999999989
 40
51.17999999999989
 40
66.76999999999981
 40
66.76999999999981
 40
66.76999999999981
 40
67.76999999999981
 40
67.76999999999981
 40
67.76999999999981
 40
68.76999999999981
 40
68.76999999999981
 40
68.76999999999981
 40
69.76999999999981
 40
69.76999999999981
 40
69.76999999999981
 40
70.76999999999981
 40
70.76999999999981
 40
70.76999999999981
 40
71.76999999999981
 40
71.76999999999981
 40
71.76999999999981
 40
72.76999999999981
 40
72.76999999999981
 40
72.76999999999981
 40
73.76999999999981
 40
73.76999999999981
 40
73.76999999999981
 40
74.76999999999981
 40
74.76999999999981
 40
74.76999999999981
 40
75.76999999999981
 40
75.76999999999981
 40
75.76999999999981
 40
85.68999999999988
 40
85.68999999999988
 40
85.68999999999988
 40
89.44999999999987
 40
89.44999999999987
 40
89.44999999999987
 40
89.44999999999987
 10
186.4365644444444
 20
99.07658055555554
 30
0.0
 10
186.4365644444444
 20
99.51872870370369
 30
0.0
 10
186.4365644444444
 20
99.96087685185182
 30
0.0
 10
186.4365644444444
 20
100.403025
 30
0.0
 10
184.2810922222222
 20
100.403025
 30
0.0
 10
182.1256199999999
 20
100.403025
 30
0.0
 10
179.9701477777778
 20
100.403025
 30
0.0
 10
179.6985088888889
 20
100.403025
 30
0.0
 10
179.1869811111111
 20
100.3536361111111
 30
0.0
 10
178.22037
 20
100.3536361111111
 30
0.0
 10
177.2537588888889
 20
100.3536361111111
 30
0.0
 10
176.4705922222222
 20
100.3783305555555
 30
0.0
 10
176.4705922222222
 20
100.403025
 30
0.0
 10
176.4705922222222
 20
102.0610805555555
 30
0.0
 10
179.4374533333333
 20
102.4561916666666
 30
0.0
 10
179.4374533333333
 20
103.4051638888889
 30
0.0
 10
179.4374533333333
 20
103.4298583333333
 30
0.0
 10
180.22062
 20
103.4545527777778
 30
0.0
 10
181.1872311111111
 20
103.4545527777778
 30
0.0
 10
182.1538422222222
 20
103.4545527777778
 30
0.0
 10
182.6653699999999
 20
103.4051638888889
 30
0.0
 10
182.9370088888889
 20
103.4051638888889
 30
0.0
 10
184.7702774074073
 20
103.4051638888889
 30
0.0
 10
186.6035459259259
 20
103.4051638888889
 30
0.0
 10
188.4368144444444
 20
103.4051638888889
 30
0.0
 10
188.4368144444444
 20
104.4047009259259
 30
0.0
 10
188.4368144444444
 20
105.404237962963
 30
0.0
 10
188.4368144444444
 20
106.403775
 30
0.0
 10
186.6035459259259
 20
106.403775
 30
0.0
 10
184.7702774074074
 20
106.403775
 30
0.0
 10
182.9370088888889
 20
106.403775
 30
0.0
 10
182.6653699999999
 20
106.403775
 30
0.0
 10
182.1538422222222
 20
106.3543861111111
 30
0.0
 10
181.1872311111111
 20
106.3543861111111
 30
0.0
 10
180.22062
 20
106.3543861111111
 30
0.0
 10
179.4374533333333
 20
106.3755527777778
 30
0.0
 10
179.4374533333333
 20
106.403775
 30
0.0
 10
179.4374533333333
 20
109.4023861111111
 30
0.0
 10
185.0007588888888
 20
109.7516361111111
 30
0.0
 10
195.3618422222222
 20
109.4023861111111
 30
0.0
 10
203.3099255555555
 20
109.134275
 30
0.0
 10
208.9190922222222
 20
105.2043305555555
 30
0.0
 10
212.9760366666666
 20
102.7595805555555
 30
0.0
 10
213.3923144444444
 20
102.5091083333333
 30
0.0
 10
214.1966477777777
 20
102.466775
 30
0.0
 10
214.5988144444444
 20
102.7595805555555
 30
0.0
 10
217.0400366666666
 20
104.5658027777778
 30
0.0
 10
217.2128977777778
 20
109.5823027777778
 30
0.0
 10
227.4540366666666
 20
109.5823027777778
 30
0.0
 10
230.6043422222222
 20
109.5823027777778
 30
0.0
 10
231.5991755555555
 20
109.1378027777778
 30
0.0
 10
231.5991755555555
 20
106.403775
 30
0.0
 10
231.5991755555555
 20
106.3790805555555
 30
0.0
 10
230.8160088888888
 20
106.3543861111111
 30
0.0
 10
229.8493977777778
 20
106.3543861111111
 30
0.0
 10
228.8827866666666
 20
106.3543861111111
 30
0.0
 10
228.3712588888889
 20
106.403775
 30
0.0
 10
228.09962
 20
106.403775
 30
0.0
 10
226.9331014814814
 20
106.403775
 30
0.0
 10
225.7665829629629
 20
106.403775
 30
0.0
 10
224.6000644444444
 20
106.403775
 30
0.0
 10
224.6000644444444
 20
105.9616268518518
 30
0.0
 10
224.6000644444444
 20
105.5194787037037
 30
0.0
 10
224.6000644444444
 20
105.0773305555555
 30
0.0
  0
SPLINE
  5
20D
330
1F
100
AcDbEntity
  8
DEFAULT
 62
     1
100
AcDbSpline
210
0.0
220
0.0
230
1.0
 70
     8
 71
     3
 72
    56
 73
    52
 74
     0
 42
0.000000001
 43
0.0000000001
 40
0.0
 40
0.0
 40
0.0
 40
0.0
 40
3.75
 40
3.75
 40
3.75
 40
13.66999999999996
 40
13.66999999999996
 40
13.66999999999996
 40
14.66999999999996
 40
14.66999999999996
 40
14.66999999999996
 40
15.66999999999996
 40
15.66999999999996
 40
15.66999999999996
 40
24.16999999999996
 40
24.16999999999996
 40
24.16999999999996
 40
25.16999999999996
 40
25.16999999999996
 40
25.16999999999996
 40
26.16999999999996
 40
26.16999999999996
 40
26.16999999999996
 40
36.08999999999992
 40
36.08999999999992
 40
36.08999999999992
 40
44.58999999999992
 40
44.58999999999992
 40
44.58999999999992
 40
54.50999999999988
 40
54.50999999999988
 40
54.50999999999988
 40
55.50999999999988
 40
55.50999999999988
 40
55.50999999999988
 40
56.50999999999988
 40
56.50999999999988
 40
56.50999999999988
 40
65.01999999999987
 40
65.01999999999987
 40
65.01999999999987
 40
66.01999999999987
 40
66.01999999999987
 40
66.01999999999987
 40
67.01999999999987
 40
67.01999999999987
 40
67.01999999999987
 40
76.93999999999983
 40
76.93999999999983
 40
76.93999999999983
 40
80.69999999999982
 40
80.69999999999982
 40
80.69999999999982
 40
80.69999999999982
 10
224.6000644444444
 20
104.7280805555556
 30
0.0
 10
224.6000644444444
 20
104.2871083333333
 30
0.0
 10
224.6000644444444
 20
103.8461361111111
 30
0.0
 10
224.6000644444444
 20
103.4051638888889
 30
0.0
 10
225.766582962963
 20
103.4051638888889
 30
0.0
 10
226.9331014814815
 20
103.4051638888889
 30
0.0
 10
228.09962
 20
103.4051638888889
 30
0.0
 10
228.3712588888889
 20
103.4051638888889
 30
0.0
 10
228.8827866666666
 20
103.4545527777778
 30
0.0
 10
229.8493977777778
 20
103.4545527777778
 30
0.0
 10
230.8160088888889
 20
103.4545527777778
 30
0.0
 10
231.5991755555555
 20
103.4333861111111
 30
0.0
 10
231.5991755555555
 20
103.4051638888889
 30
0.0
 10
231.5991755555555
 20
102.4056268518519
 30
0.0
 10
231.5991755555555
 20
101.4060898148148
 30
0.0
 10
231.5991755555555
 20
100.4065527777778
 30
0.0
 10
231.5991755555555
 20
100.3818583333333
 30
0.0
 10
230.8160088888889
 20
100.3571638888889
 30
0.0
 10
229.8493977777778
 20
100.3571638888889
 30
0.0
 10
228.8827866666666
 20
100.3571638888889
 30
0.0
 10
228.3712588888889
 20
100.4065527777778
 30
0.0
 10
228.09962
 20
100.4065527777778
 30
0.0
 10
226.9331014814815
 20
100.4065527777778
 30
0.0
 10
225.766582962963
 20
100.4065527777778
 30
0.0
 10
224.6000644444444
 20
100.4065527777778
 30
0.0
 10
224.6000644444444
 20
99.40701574074075
 30
0.0
 10
224.6000644444444
 20
98.4074787037037
 30
0.0
 10
224.6000644444444
 20
97.40794166666666
 30
0.0
 10
225.766582962963
 20
97.40794166666666
 30
0.0
 10
226.9331014814815
 20
97.40794166666666
 30
0.0
 10
228.09962
 20
97.40794166666666
 30
0.0
 10
228.3712588888889
 20
97.40794166666666
 30
0.0
 10
228.8827866666666
 20
97.45733055555554
 30
0.0
 10
229.8493977777778
 20
97.45733055555554
 30
0.0
 10
230.8160088888889
 20
97.45733055555554
 30
0.0
 10
231.5991755555555
 20
97.43616388888888
 30
0.0
 10
231.5991755555555
 20
97.40794166666666
 30
0.0
 10
231.5991755555555
 20
96.40722870370371
 30
0.0
 10
231.5991755555555
 20
95.40651574074074
 30
0.0
 10
231.5991755555555
 20
94.40580277777778
 30
0.0
 10
231.5991755555555
 20
94.37758055555557
 30
0.0
 10
230.8160088888889
 20
94.3564138888889
 30
0.0
 10
229.8493977777778
 20
94.3564138888889
 30
0.0
 10
228.8827866666666
 20
94.3564138888889
 30
0.0
 10
228.3712588888889
 20
94.40580277777778
 30
0.0
 10
228.09962
 20
94.40580277777778
 30
0.0
 10
226.9331014814815
 20
94.40580277777777
 30
0.0
 10
225.766582962963
 20
94.40580277777777
 30
0.0
 10
224.6000644444444
 20
94.40580277777778
 30
0.0
 10
224.6000644444444
 20
93.96365462962963
 30
0.0
 10
224.6000644444444
 20
93.52150648148148
 30
0.0
 10
224.6000644444444
 20
93.07935833333333
 30
0.0
  0
SPLINE
  5
20E
330
1F
100
AcDbEntity
  8
DEFAULT
 62
    18
100
AcDbSpline
210
0.0
220
0.0
230
1.0
 70
     8
 71
     3
 72
    20
 73
    16
 74
     0
 42
0.000000001
 43
0.0000000001
 40
0.0
 40
0.0
 40
0.0
 40
0.0
 40
5.652000000000044
 40
5.652000000000044
 40
5.652000000000044
 40
6.652000000000044
 40
6.652000000000044
 40
6.652000000000044
 40
7.652000000000044
 40
7.652000000000044
 40
7.652000000000044
 40
8.652000000000044
 40
8.652000000000044
 40
8.652000000000044
 40
9.652000000000044
 40
9.652000000000044
 40
9.652000000000044
 40
9.652000000000044
 10
190.4607711111111
 20
93.55338583333332
 30
0.0
 10
191.1254044444444
 20
93.55338583333332
 30
0.0
 10
191.7900377777777
 20
93.55338583333332
 30
0.0
 10
192.4546711111111
 20
93.55338583333332
 30
0.0
 10
192.481835
 20
93.42144694444443
 30
0.0
 10
192.4966516666666
 20
93.23271083333333
 30
0.0
 10
192.4966516666666
 20
93.05279416666666
 30
0.0
 10
192.4966516666666
 20
92.77374694444444
 30
0.0
 10
192.4454988888888
 20
92.59383027777776
 30
0.0
 10
192.3315516666666
 20
92.4678886111111
 30
0.0
 10
192.2415933333333
 20
92.36593583333332
 30
0.0
 10
192.10401
 20
92.30913861111111
 30
0.0
 10
191.9477294444444
 20
92.30913861111111
 30
0.0
 10
191.6810294444444
 20
92.30913861111111
 30
0.0
 10
191.3882238888889
 20
92.49469972222222
 30
0.0
 10
191.3882238888889
 20
92.87252472222221
 30
0.0
  0
SPLINE
  5
20F
330
1F
100
AcDbEntity
  8
DEFAULT
 62
    18
100
AcDbSpline
210
0.0
220
0.0
230
1.0
 70
     8
 71
     3
 72
    14
 73
    10
 74
     0
 42
0.000000001
 43
0.0000000001
 40
0.0
 40
0.0
 40
0.0
 40
0.0
 40
1.0
 40
1.0
 40
1.0
 40
2.0
 40
2.0
 40
2.0
 40
3.658000000000015
 40
3.658000000000015
 40
3.658000000000015
 40
3.658000000000015
 10
190.4607711111111
 20
92.25812694444443
 30
0.0
 10
190.5179211111111
 20
92.30187138888888
 30
0.0
 10
190.6925461111111
 20
92.35761027777775
 30
0.0
 10
190.9433711111111
 20
92.43592694444443
 30
0.0
 10
191.2908572222222
 20
92.54458249999999
 30
0.0
 10
191.3854016666666
 20
92.65676583333331
 30
0.0
 10
191.3945738888889
 20
92.96862138888888
 30
0.0
 10
191.3945738888889
 20
93.1635899074074
 30
0.0
 10
191.3945738888889
 20
93.35855842592592
 30
0.0
 10
191.3945738888889
 20
93.55352694444444
 30
0.0
  0
SPLINE
  5
210
330
1F
100
AcDbEntity
  8
DEFAULT
 62
    18
100
AcDbSpline
210
0.0
220
0.0
230
1.0
 70
     8
 71
     3
 72
    20
 73
    16
 74
     0
 42
0.000000001
 43
0.0000000001
 40
0.0
 40
0.0
 40
0.0
 40
0.0
 40
5.652000000000044
 40
5.652000000000044
 40
5.652000000000044
 40
6.652000000000044
 40
6.652000000000044
 40
6.652000000000044
 40
7.652000000000044
 40
7.652000000000044
 40
7.652000000000044
 40
8.652000000000044
 40
8.652000000000044
 40
8.652000000000044
 40
9.652000000000044
 40
9.652000000000044
 40
9.652000000000044
 40
9.652000000000044
 10
190.4607711111111
 20
105.5513580555555
 30
0.0
 10
191.1254044444444
 20
105.5513580555556
 30
0.0
 10
191.7900377777777
 20
105.5513580555556
 30
0.0
 10
192.4546711111111
 20
105.5513580555555
 30
0.0
 10
192.481835
 20
105.4194191666666
 30
0.0
 10
192.4966516666666
 20
105.2306830555555
 30
0.0
 10
192.4966516666666
 20
105.0507663888889
 30
0.0
 10
192.4966516666666
 20
104.7717191666667
 30
0.0
 10
192.4454988888888
 20
104.5918025
 30
0.0
 10
192.3315516666666
 20
104.4658608333333
 30
0.0
 10
192.2415933333333
 20
104.3639080555555
 30
0.0
 10
192.10401
 20
104.3071108333333
 30
0.0
 10
191.9477294444444
 20
104.3071108333333
 30
0.0
 10
191.6810294444444
 20
104.3071108333333
 30
0.0
 10
191.3882238888889
 20
104.4926719444444
 30
0.0
 10
191.3882238888889
 20
104.8704969444444
 30
0.0
  0
SPLINE
  5
211
330
1F
100
AcDbEntity
  8
DEFAULT
 62
    18
100
AcDbSpline
210
0.0
220
0.0
230
1.0
 70
     8
 71
     3
 72
    14
 73
    10
 74
     0
 42
0.000000001
 43
0.0000000001
 40
0.0
 40
0.0
 40
0.0
 40
0.0
 40
1.0
 40
1.0
 40
1.0
 40
2.0
 40
2.0
 40
2.0
 40
3.658000000000015
 40
3.658000000000015
 40
3.658000000000015
 40
3.658000000000015
 10
190.4607711111111
 20
104.2560991666667
 30
0.0
 10
190.5179211111111
 20
104.2994908333333
 30
0.0
 10
190.6925461111111
 20
104.3555825
 30
0.0
 10
190.9433711111111
 20
104.4338991666667
 30
0.0
 10
191.2908572222222
 20
104.5425547222222
 30
0.0
 10
191.3854016666666
 20
104.6547380555556
 30
0.0
 10
191.3945738888889
 20
104.9665936111111
 30
0.0
 10
191.3945738888889
 20
105.1615621296296
 30
0.0
 10
191.3945738888889
 20
105.3565306481482
 30
0.0
 10
191.3945738888889
 20
105.5514991666667
 30
0.0
  0
SPLINE
  5
212
330
1F
100
AcDbEntity
  8
DEFAULT
 62
    18
100
AcDbSpline
210
0.0
220
0.0
230
1.0
 70
    11
 71
     3
 72
    17
 73
    13
 74
     0
 42
0.000000001
 43
0.0000000001
 40
0.0
 40
0.0
 40
0.0
 40
0.0
 40
1.0
 40
1.0
 40
1.0
 40
2.0
 40
2.0
 40
2.0
 40
3.0
 40
3.0
 40
3.0
 40
4.0
 40
4.0
 40
4.0
 40
4.0
 10
189.4994516666667
 20
97.9795122222222
 30
0.0
 10
188.8037738888889
 20
97.9795122222222
 30
0.0
 10
188.4351211111111
 20
98.40213999999997
 30
0.0
 10
188.4351211111111
 20
98.9179011111111
 30
0.0
 10
188.4351211111111
 20
99.45165388888887
 30
0.0
 10
188.8489294444444
 20
99.82630388888887
 30
0.0
 10
189.4602933333333
 20
99.82630388888887
 30
0.0
 10
190.1019961111111
 20
99.82630388888887
 30
0.0
 10
190.5218016666667
 20
99.42766499999999
 30
0.0
 10
190.5218016666667
 20
98.88791499999998
 30
0.0
 10
190.5218016666667
 20
98.33617055555554
 30
0.0
 10
190.0991738888889
 20
97.9795122222222
 30
0.0
 10
189.4994516666667
 20
97.9795122222222
 30
0.0
  0
POLYLINE
  5
213
330
1F
100
AcDbEntity
  8
DEFAULT
 62
    18
100
AcDb2dPolyline
 66
     1
 10
0.0
 20
0.0
 30
0.0
  0
VERTEX
  5
214
330
213
100
AcDbEntity
  8
DEFAULT
 62
    18
100
AcDbVertex
100
AcDb2dVertex
 10
222.5686288888889
 20
93.46797833333332
 30
0.0
  0
VERTEX
  5
215
330
213
100
AcDbEntity
  8
DEFAULT
 62
    18
100
AcDbVertex
100
AcDb2dVertex
 10
222.5686288888889
 20
92.34367555555555
 30
0.0
  0
VERTEX
  5
216
330
213
100
AcDbEntity
  8
DEFAULT
 62
    18
100
AcDbVertex
100
AcDb2dVertex
 10
220.547565
 20
92.34367555555555
 30
0.0
  0
SEQEND
  5
217
330
213
100
AcDbEntity
  8
DEFAULT
 62
    18
  0
POLYLINE
  5
218
330
1F
100
AcDbEntity
  8
DEFAULT
 62
    18
100
AcDb2dPolyline
 66
     1
 10
0.0
 20
0.0
 30
0.0
  0
VERTEX
  5
219
330
218
100
AcDbEntity
  8
DEFAULT
 62
    18
100
AcDbVertex
100
AcDb2dVertex
 10
222.5686288888889
 20
105.4659505555555
 30
0.0
  0
VERTEX
  5
21A
330
218
100
AcDbEntity
  8
DEFAULT
 62
    18
100
AcDbVertex
100
AcDb2dVertex
 10
222.5686288888889
 20
104.3416477777778
 30
0.0
  0
VERTEX
  5
21B
330
218
100
AcDbEntity
  8
DEFAULT
 62
    18
100
AcDbVertex
100
AcDb2dVertex
 10
220.547565
 20
104.3416477777778
 30
0.0
  0
SEQEND
  5
21C
330
218
100
AcDbEntity
  8
DEFAULT
 62
    18
  0
SPLINE
  5
21D
330
1F
100
AcDbEntity
  8
DEFAULT
 62
    18
100
AcDbSpline
210
0.0
220
0.0
230
1.0
 70
     8
 71
     3
 72
    11
 73
     7
 74
     0
 42
0.000000001
 43
0.0000000001
 40
0.0
 40
0.0
 40
0.0
 40
0.0
 40
1.0
 40
1.0
 40
1.0
 40
5.219370687673766
 40
5.219370687673766
 40
5.219370687673766
 40
5.219370687673766
 10
220.5477413888889
 20
99.42385499999997
 30
0.0
 10
220.5477413888889
 20
99.42385499999997
 30
0.0
 10
221.4445025
 20
98.4314911111111
 30
0.0
 10
221.5221136111111
 20
98.37751611111109
 30
0.0
 10
221.8710108333333
 20
98.73029388888887
 30
0.0
 10
222.2199080555555
 20
99.08307166666664
 30
0.0
 10
222.5688052777778
 20
99.43584944444443
 30
0.0
  0
POLYLINE
  5
21E
330
1F
100
AcDbEntity
  8
DEFAULT
 62
    18
100
AcDb2dPolyline
 66
     1
 10
0.0
 20
0.0
 30
0.0
  0
VERTEX
  5
21F
330
21E
100
AcDbEntity
  8
DEFAULT
 62
    18
100
AcDbVertex
100
AcDb2dVertex
 10
222.5686288888889
 20
98.37741027777777
 30
0.0
  0
VERTEX
  5
220
330
21E
100
AcDbEntity
  8
DEFAULT
 62
    18
100
AcDbVertex
100
AcDb2dVertex
 10
220.547565
 20
98.37741027777777
 30
0.0
  0
SEQEND
  5
221
330
21E
100
AcDbEntity
  8
DEFAULT
 62
    18
  0
SPLINE
  5
222
330
1F
100
AcDbEntity
  8
DEFAULT
 62
     1
100
AcDbSpline
210
0.0
220
0.0
230
1.0
 70
     8
 71
     3
 72
     8
 73
     4
 74
     0
 42
0.000000001
 43
0.0000000001
 40
0.0
 40
0.0
 40
0.0
 40
0.0
 40
1.0
 40
1.0
 40
1.0
 40
1.0
 10
140.0006372222222
 20
16.85014833333333
 30
0.0
 10
140.0817761111111
 20
10.34139833333333
 30
0.0
 10
145.3416927777778
 20
5.081481666666667
 30
0.0
 10
151.8504427777777
 20
5.000342777777777
 30
0.0
  0
POLYLINE
  5
223
330
1F
100
AcDbEntity
  8
DEFAULT
 62
     1
100
AcDb2dPolyline
 66
     1
 10
0.0
 20
0.0
 30
0.0
  0
VERTEX
  5
224
330
223
100
AcDbEntity
  8
DEFAULT
 62
     1
100
AcDbVertex
100
AcDb2dVertex
 10
140.0006372222222
 20
17.15000944444444
 30
0.0
  0
VERTEX
  5
225
330
223
100
AcDbEntity
  8
DEFAULT
 62
     1
100
AcDbVertex
100
AcDb2dVertex
 10
140.0006372222222
 20
212.8499538888889
 30
0.0
  0
SEQEND
  5
226
330
223
100
AcDbEntity
  8
DEFAULT
 62
     1
  0
SPLINE
  5
227
330
1F
100
AcDbEntity
  8
DEFAULT
 62
     1
100
AcDbSpline
210
0.0
220
0.0
230
1.0
 70
     8
 71
     3
 72
     8
 73
     4
 74
     0
 42
0.000000001
 43
0.0000000001
 40
0.0
 40
0.0
 40
0.0
 40
0.0
 40
1.0
 40
1.0
 40
1.0
 40
1.0
 10
140.0006372222222
 20
213.149815
 30
0.0
 10
140.0817761111111
 20
219.658565
 30
0.0
 10
145.3416927777778
 20
224.9184816666667
 30
0.0
 10
151.8504427777777
 20
224.9996205555555
 30
0.0
  0
POLYLINE
  5
228
330
1F
100
AcDbEntity
  8
DEFAULT
 62
     1
100
AcDb2dPolyline
 66
     1
 10
0.0
 20
0.0
 30
0.0
  0
VERTEX
  5
229
330
228
100
AcDbEntity
  8
DEFAULT
 62
     1
100
AcDbVertex
100
AcDb2dVertex
 10
257.8495816666667
 20
224.9996205555555
 30
0.0
  0
VERTEX
  5
22A
330
228
100
AcDbEntity
  8
DEFAULT
 62
     1
100
AcDbVertex
100
AcDb2dVertex
 10
152.1503038888889
 20
224.9996205555555
 30
0.0
  0
SEQEND
  5
22B
330
228
100
AcDbEntity
  8
DEFAULT
 62
     1
  0
SPLINE
  5
22C
330
1F
100
AcDbEntity
  8
DEFAULT
 62
     1
100
AcDbSpline
210
0.0
220
0.0
230
1.0
 70
     8
 71
     3
 72
     8
 73
     4
 74
     0
 42
0.000000001
 43
0.0000000001
 40
0.0
 40
0.0
 40
0.0
 40
0.0
 40
1.0
 40
1.0
 40
1.0
 40
1.0
 10
258.1494427777778
 20
224.9996205555555
 30
0.0
 10
264.6581927777778
 20
224.9184816666667
 30
0.0
 10
269.9181094444444
 20
219.658565
 30
0.0
 10
269.9992483333333
 20
213.149815
 30
0.0
  0
POLYLINE
  5
22D
330
1F
100
AcDbEntity
  8
DEFAULT
 62
     1
100
AcDb2dPolyline
 66
     1
 10
0.0
 20
0.0
 30
0.0
  0
VERTEX
  5
22E
330
22D
100
AcDbEntity
  8
DEFAULT
 62
     1
100
AcDbVertex
100
AcDb2dVertex
 10
269.9992483333333
 20
17.15000944444444
 30
0.0
  0
VERTEX
  5
22F
330
22D
100
AcDbEntity
  8
DEFAULT
 62
     1
100
AcDbVertex
100
AcDb2dVertex
 10
269.9992483333333
 20
212.8499538888889
 30
0.0
  0
SEQEND
  5
230
330
22D
100
AcDbEntity
  8
DEFAULT
 62
     1
  0
SPLINE
  5
231
330
1F
100
AcDbEntity
  8
DEFAULT
 62
     1
100
AcDbSpline
210
0.0
220
0.0
230
1.0
 70
     8
 71
     3
 72
     8
 73
     4
 74
     0
 42
0.000000001
 43
0.0000000001
 40
0.0
 40
0.0
 40
0.0
 40
0.0
 40
1.0
 40
1.0
 40
1.0
 40
1.0
 10
258.1494427777778
 20
5.000342777777778
 30
0.0
 10
264.6581927777778
 20
5.081481666666667
 30
0.0
 10
269.9181094444444
 20
10.34139833333333
 30
0.0
 10
269.9992483333333
 20
16.85014833333333
 30
0.0
  0
POLYLINE
  5
232
330
1F
100
AcDbEntity
  8
DEFAULT
 62
     1
100
AcDb2dPolyline
 66
     1
 10
0.0
 20
0.0
 30
0.0
  0
VERTEX
  5
233
330
232
100
AcDbEntity
  8
DEFAULT
 62
     1
100
AcDbVertex
100
AcDb2dVertex
 10
257.8495816666667
 20
5.000342777777778
 30
0.0
  0
VERTEX
  5
234
330
232
100
AcDbEntity
  8
DEFAULT
 62
     1
100
AcDbVertex
100
AcDb2dVertex
 10
152.1503038888889
 20
5.000342777777778
 30
0.0
  0
SEQEND
  5
235
330
232
100
AcDbEntity
  8
DEFAULT
 62
     1
  0
SPLINE
  5
236
330
1F
100
AcDbEntity
  8
DEFAULT
 62
    18
100
AcDbSpline
210
0.0
220
0.0
230
1.0
 70
     8
 71
     3
 72
    11
 73
     7
 74
     0
 42
0.000000001
 43
0.0000000001
 40
0.0
 40
0.0
 40
0.0
 40
0.0
 40
1.019416487838961
 40
1.019416487838961
 40
1.019416487838961
 40
2.019416487838961
 40
2.019416487838961
 40
2.019416487838961
 40
2.019416487838961
 10
174.8259422222222
 20
82.37177666666666
 30
0.0
 10
174.8259422222222
 20
82.37177666666666
 30
0.0
 10
173.4317644444444
 20
83.38918777777776
 30
0.0
 10
173.2275061111111
 20
83.55816833333333
 30
0.0
 10
173.3174644444444
 20
83.31334055555556
 30
0.0
 10
173.7612588888889
 20
81.62635722222221
 30
0.0
 10
173.7612588888889
 20
81.62635722222221
 30
0.0
  0
SPLINE
  5
237
330
1F
100
AcDbEntity
  8
DEFAULT
 62
    18
100
AcDbSpline
210
0.0
220
0.0
230
1.0
 70
     8
 71
     3
 72
    20
 73
    16
 74
     0
 42
0.000000001
 43
0.0000000001
 40
0.0
 40
0.0
 40
0.0
 40
0.0
 40
5.651999999999987
 40
5.651999999999987
 40
5.651999999999987
 40
6.651999999999987
 40
6.651999999999987
 40
6.651999999999987
 40
7.651999999999987
 40
7.651999999999987
 40
7.651999999999987
 40
8.651999999999987
 40
8.651999999999987
 40
8.651999999999987
 40
9.651999999999987
 40
9.651999999999987
 40
9.651999999999987
 40
9.651999999999987
 10
159.8016658333333
 20
86.9113211111111
 30
0.0
 10
159.8016658333333
 20
87.57595444444443
 30
0.0
 10
159.8016658333333
 20
88.24058777777776
 30
0.0
 10
159.8016658333333
 20
88.90522111111109
 30
0.0
 10
159.9336047222222
 20
88.932385
 30
0.0
 10
160.1223408333333
 20
88.94720166666666
 30
0.0
 10
160.3022575
 20
88.94720166666666
 30
0.0
 10
160.5813047222222
 20
88.94720166666666
 30
0.0
 10
160.7612213888889
 20
88.89640166666666
 30
0.0
 10
160.8871630555556
 20
88.78210166666665
 30
0.0
 10
160.9891158333333
 20
88.69214333333332
 30
0.0
 10
161.0459130555556
 20
88.55455999999998
 30
0.0
 10
161.0459130555556
 20
88.39827944444444
 30
0.0
 10
161.0459130555556
 20
88.13157944444444
 30
0.0
 10
160.8603519444444
 20
87.83877388888888
 30
0.0
 10
160.4825269444444
 20
87.83877388888888
 30
0.0
  0
SPLINE
  5
238
330
1F
100
AcDbEntity
  8
DEFAULT
 62
    18
100
AcDbSpline
210
0.0
220
0.0
230
1.0
 70
     8
 71
     3
 72
    14
 73
    10
 74
     0
 42
0.000000001
 43
0.0000000001
 40
0.0
 40
0.0
 40
0.0
 40
0.0
 40
1.0
 40
1.0
 40
1.0
 40
2.0
 40
2.0
 40
2.0
 40
3.658000000000015
 40
3.658000000000015
 40
3.658000000000015
 40
3.658000000000015
 10
161.0969247222222
 20
86.9113211111111
 30
0.0
 10
161.0531802777778
 20
86.9684711111111
 30
0.0
 10
160.9974413888889
 20
87.1430961111111
 30
0.0
 10
160.9191247222222
 20
87.3939211111111
 30
0.0
 10
160.8104691666666
 20
87.74140722222222
 30
0.0
 10
160.6982858333333
 20
87.83595166666666
 30
0.0
 10
160.3864302777777
 20
87.84512388888888
 30
0.0
 10
160.1914617592592
 20
87.84512388888886
 30
0.0
 10
159.9964932407407
 20
87.84512388888886
 30
0.0
 10
159.8015247222222
 20
87.84512388888888
 30
0.0
  0
POLYLINE
  5
239
330
1F
100
AcDbEntity
  8
DEFAULT
 62
     1
100
AcDb2dPolyline
 66
     1
 10
0.0
 20
0.0
 30
0.0
  0
VERTEX
  5
23A
330
239
100
AcDbEntity
  8
DEFAULT
 62
     1
100
AcDbVertex
100
AcDb2dVertex
 10
169.2210088888889
 20
91.85751249999998
 30
0.0
  0
VERTEX
  5
23B
330
239
100
AcDbEntity
  8
DEFAULT
 62
     1
100
AcDbVertex
100
AcDb2dVertex
 10
168.1379811111111
 20
91.09904027777776
 30
0.0
  0
SEQEND
  5
23C
330
239
100
AcDbEntity
  8
DEFAULT
 62
     1
  0
POLYLINE
  5
23D
330
1F
100
AcDbEntity
  8
DEFAULT
 62
     1
100
AcDb2dPolyline
 66
     1
 10
0.0
 20
0.0
 30
0.0
  0
VERTEX
  5
23E
330
23D
100
AcDbEntity
  8
DEFAULT
 62
     1
100
AcDbVertex
100
AcDb2dVertex
 10
167.8522311111111
 20
90.89795694444446
 30
0.0
  0
VERTEX
  5
23F
330
23D
100
AcDbEntity
  8
DEFAULT
 62
     1
100
AcDbVertex
100
AcDb2dVertex
 10
166.7656755555556
 20
90.13595694444444
 30
0.0
  0
SEQEND
  5
240
330
23D
100
AcDbEntity
  8
DEFAULT
 62
     1
  0
POLYLINE
  5
241
330
1F
100
AcDbEntity
  8
DEFAULT
 62
     1
100
AcDb2dPolyline
 66
     1
 10
0.0
 20
0.0
 30
0.0
  0
VERTEX
  5
242
330
241
100
AcDbEntity
  8
DEFAULT
 62
     1
100
AcDbVertex
100
AcDb2dVertex
 10
161.9573144444444
 20
67.88979027777775
 30
0.0
  0
VERTEX
  5
243
330
241
100
AcDbEntity
  8
DEFAULT
 62
     1
100
AcDbVertex
100
AcDb2dVertex
 10
160.6343977777778
 20
67.92154027777775
 30
0.0
  0
SEQEND
  5
244
330
241
100
AcDbEntity
  8
DEFAULT
 62
     1
  0
POLYLINE
  5
245
330
1F
100
AcDbEntity
  8
DEFAULT
 62
     1
100
AcDb2dPolyline
 66
     1
 10
0.0
 20
0.0
 30
0.0
  0
VERTEX
  5
246
330
245
100
AcDbEntity
  8
DEFAULT
 62
     1
100
AcDbVertex
100
AcDb2dVertex
 10
160.28162
 20
67.93212361111111
 30
0.0
  0
VERTEX
  5
247
330
245
100
AcDbEntity
  8
DEFAULT
 62
     1
100
AcDbVertex
100
AcDb2dVertex
 10
158.9551755555555
 20
67.96387361111111
 30
0.0
  0
SEQEND
  5
248
330
245
100
AcDbEntity
  8
DEFAULT
 62
     1
  0
SPLINE
  5
249
330
1F
100
AcDbEntity
  8
DEFAULT
 62
     1
100
AcDbSpline
210
0.0
220
0.0
230
1.0
 70
     8
 71
     3
 72
    59
 73
    55
 74
     0
 42
0.000000001
 43
0.0000000001
 40
0.0
 40
0.0
 40
0.0
 40
0.0
 40
3.740000000000009
 40
3.740000000000009
 40
3.740000000000009
 40
4.740000000000009
 40
4.740000000000009
 40
4.740000000000009
 40
5.740000000000009
 40
5.740000000000009
 40
5.740000000000009
 40
6.740000000000009
 40
6.740000000000009
 40
6.740000000000009
 40
7.740000000000009
 40
7.740000000000009
 40
7.740000000000009
 40
8.740000000000009
 40
8.740000000000009
 40
8.740000000000009
 40
9.740000000000009
 40
9.740000000000009
 40
9.740000000000009
 40
10.74000000000001
 40
10.74000000000001
 40
10.74000000000001
 40
11.74000000000001
 40
11.74000000000001
 40
11.74000000000001
 40
12.74000000000001
 40
12.74000000000001
 40
12.74000000000001
 40
13.74000000000001
 40
13.74000000000001
 40
13.74000000000001
 40
14.74000000000001
 40
14.74000000000001
 40
14.74000000000001
 40
15.74000000000001
 40
15.74000000000001
 40
15.74000000000001
 40
16.74000000000001
 40
16.74000000000001
 40
16.74000000000001
 40
17.74000000000001
 40
17.74000000000001
 40
17.74000000000001
 40
18.74000000000001
 40
18.74000000000001
 40
18.74000000000001
 40
28.66909361422282
 40
28.66909361422282
 40
28.66909361422282
 40
32.42527518597893
 40
32.42527518597893
 40
32.42527518597893
 40
32.42527518597893
 10
160.63087
 20
84.8866236111111
 30
0.0
 10
161.0706662962963
 20
84.8866236111111
 30
0.0
 10
161.5104625925926
 20
84.8866236111111
 30
0.0
 10
161.9502588888889
 20
84.8866236111111
 30
0.0
 10
161.9502588888889
 20
84.8866236111111
 30
0.0
 10
161.9502588888889
 20
80.01123472222223
 30
0.0
 10
161.9537866666666
 20
78.38492916666667
 30
0.0
 10
161.9537866666666
 20
78.11681805555556
 30
0.0
 10
161.9043977777778
 20
77.60176249999999
 30
0.0
 10
161.9043977777778
 20
76.63515138888889
 30
0.0
 10
161.9043977777778
 20
75.66854027777778
 30
0.0
 10
161.9537866666666
 20
75.1570125
 30
0.0
 10
161.9537866666666
 20
74.8853736111111
 30
0.0
 10
161.9537866666666
 20
74.6172625
 30
0.0
 10
161.9043977777778
 20
74.10220694444445
 30
0.0
 10
161.9043977777778
 20
73.13559583333333
 30
0.0
 10
161.9079255555555
 20
72.16898472222222
 30
0.0
 10
161.9537866666666
 20
71.66098472222221
 30
0.0
 10
161.9573144444444
 20
71.38934583333334
 30
0.0
 10
161.9537866666666
 20
71.11417916666666
 30
0.0
 10
161.9079255555555
 20
70.60617916666666
 30
0.0
 10
161.9079255555555
 20
69.63604027777778
 30
0.0
 10
161.9079255555555
 20
68.66942916666666
 30
0.0
 10
161.9290922222222
 20
67.88979027777778
 30
0.0
 10
161.9573144444444
 20
67.88979027777778
 30
0.0
 10
164.3808977777778
 20
67.8862625
 30
0.0
 10
163.0262311111111
 20
61.62445694444444
 30
0.0
 10
163.6294811111111
 20
60.12515138888889
 30
0.0
 10
163.9928422222222
 20
59.21851249999999
 30
0.0
 10
166.0777588888889
 20
61.23640138888889
 30
0.0
 10
166.1977033333333
 20
64.61248472222222
 30
0.0
 10
166.3670366666666
 20
69.25856805555556
 30
0.0
 10
166.3211755555555
 20
73.20615138888888
 30
0.0
 10
165.7320366666666
 20
77.61940138888889
 30
0.0
 10
165.20287
 20
81.58815138888889
 30
0.0
 10
174.5338422222222
 20
74.99120694444444
 30
0.0
 10
177.7617588888889
 20
80.90729027777778
 30
0.0
 10
179.2716477777778
 20
83.67659583333332
 30
0.0
 10
176.7316477777777
 20
84.65731805555555
 30
0.0
 10
175.0700644444444
 20
88.73895694444444
 30
0.0
 10
173.4084811111111
 20
92.82412361111112
 30
0.0
 10
171.23537
 20
93.26509583333333
 30
0.0
 10
169.2210088888889
 20
91.8575125
 30
0.0
 10
169.2210088888889
 20
91.81870694444444
 30
0.0
 10
169.6408144444444
 20
91.17312361111111
 30
0.0
 10
170.18762
 20
90.39701249999999
 30
0.0
 10
170.7414811111111
 20
89.60679027777778
 30
0.0
 10
171.0730922222222
 20
89.21520694444445
 30
0.0
 10
171.2283144444444
 20
88.99295694444444
 30
0.0
 10
171.8985922222222
 20
88.03692916666667
 30
0.0
 10
172.56887
 20
87.08090138888888
 30
0.0
 10
173.2391477777778
 20
86.1248736111111
 30
0.0
 10
172.8769625925925
 20
85.87204953703701
 30
0.0
 10
172.5147774074073
 20
85.61922546296296
 30
0.0
 10
172.1525922222222
 20
85.36640138888889
 30
0.0
  0
SPLINE
  5
24A
330
1F
100
AcDbEntity
  8
DEFAULT
 62
     1
100
AcDbSpline
210
0.0
220
0.0
230
1.0
 70
     8
 71
     3
 72
    62
 73
    58
 74
     0
 42
0.000000001
 43
0.0000000001
 40
0.0
 40
0.0
 40
0.0
 40
0.0
 40
3.769999999999982
 40
3.769999999999982
 40
3.769999999999982
 40
4.769999999999982
 40
4.769999999999982
 40
4.769999999999982
 40
5.769999999999982
 40
5.769999999999982
 40
5.769999999999982
 40
6.769999999999982
 40
6.769999999999982
 40
6.769999999999982
 40
7.769999999999982
 40
7.769999999999982
 40
7.769999999999982
 40
8.769999999999982
 40
8.769999999999982
 40
8.769999999999982
 40
9.769999999999982
 40
9.769999999999982
 40
9.769999999999982
 40
10.76999999999998
 40
10.76999999999998
 40
10.76999999999998
 40
11.76999999999998
 40
11.76999999999998
 40
11.76999999999998
 40
12.76999999999998
 40
12.76999999999998
 40
12.76999999999998
 40
13.76999999999998
 40
13.76999999999998
 40
13.76999999999998
 40
14.76999999999998
 40
14.76999999999998
 40
14.76999999999998
 40
15.76999999999998
 40
15.76999999999998
 40
15.76999999999998
 40
16.76999999999998
 40
16.76999999999998
 40
16.76999999999998
 40
17.76999999999998
 40
17.76999999999998
 40
17.76999999999998
 40
18.76999999999998
 40
18.76999999999998
 40
18.76999999999998
 40
19.76999999999998
 40
19.76999999999998
 40
19.76999999999998
 40
29.68516515243189
 40
29.68516515243189
 40
29.68516515243189
 40
33.44134672418797
 40
33.44134672418797
 40
33.44134672418797
 40
33.44134672418797
 10
160.28162
 20
84.8866236111111
 30
0.0
 10
159.8382959259259
 20
84.8866236111111
 30
0.0
 10
159.3949718518519
 20
84.8866236111111
 30
0.0
 10
158.9516477777778
 20
84.8866236111111
 30
0.0
 10
158.9516477777778
 20
84.8866236111111
 30
0.0
 10
158.9516477777778
 20
80.00770694444444
 30
0.0
 10
158.9551755555555
 20
78.38492916666667
 30
0.0
 10
158.9516477777778
 20
78.11329027777778
 30
0.0
 10
159.0045644444444
 20
77.60176249999999
 30
0.0
 10
159.0010366666667
 20
76.63515138888889
 30
0.0
 10
159.0045644444444
 20
75.66854027777778
 30
0.0
 10
158.9551755555555
 20
75.1570125
 30
0.0
 10
158.9551755555555
 20
74.8853736111111
 30
0.0
 10
158.9551755555555
 20
74.61373472222222
 30
0.0
 10
159.0045644444444
 20
74.10220694444445
 30
0.0
 10
159.0045644444444
 20
73.13559583333333
 30
0.0
 10
159.0080922222222
 20
72.16898472222222
 30
0.0
 10
158.9587033333333
 20
71.65745694444443
 30
0.0
 10
158.9551755555555
 20
71.38581805555555
 30
0.0
 10
158.9551755555555
 20
71.11417916666666
 30
0.0
 10
159.0080922222222
 20
70.60265138888889
 30
0.0
 10
159.0080922222222
 20
69.63604027777778
 30
0.0
 10
159.0080922222222
 20
68.85287361111111
 30
0.0
 10
158.9904533333333
 20
68.18965138888888
 30
0.0
 10
158.9692866666666
 20
67.96387361111111
 30
0.0
 10
155.9459811111111
 20
67.81923472222222
 30
0.0
 10
154.8347311111111
 20
61.08470694444444
 30
0.0
 10
156.2528977777778
 20
58.62231805555555
 30
0.0
 10
157.7910088888889
 20
55.96237361111112
 30
0.0
 10
155.13812
 20
56.86195694444444
 30
0.0
 10
152.8415366666667
 20
59.4548736111111
 30
0.0
 10
150.6472588888889
 20
61.92784583333333
 30
0.0
 10
150.9823977777778
 20
67.1419013888889
 30
0.0
 10
151.2046477777778
 20
69.7595125
 30
0.0
 10
151.64562
 20
74.89595694444444
 30
0.0
 10
151.6667866666667
 20
76.59987361111111
 30
0.0
 10
153.04262
 20
76.5222625
 30
0.0
 10
155.3709533333333
 20
76.39173472222221
 30
0.0
 10
155.5790922222222
 20
83.11920694444444
 30
0.0
 10
156.0835644444444
 20
89.34573472222222
 30
0.0
 10
157.1948144444444
 20
102.9911791666667
 30
0.0
 10
159.1950644444445
 20
94.79967916666666
 30
0.0
 10
162.8498422222222
 20
93.63198472222221
 30
0.0
 10
164.5855088888889
 20
93.08165138888889
 30
0.0
 10
166.21887
 20
89.75495694444444
 30
0.0
 10
166.7656755555556
 20
90.13948472222222
 30
0.0
 10
166.8009533333333
 20
90.13948472222222
 30
0.0
 10
167.2630922222222
 20
89.51859583333332
 30
0.0
 10
167.8098977777778
 20
88.73190138888889
 30
0.0
 10
168.3637588888889
 20
87.94167916666666
 30
0.0
 10
168.6177588888889
 20
87.49365138888888
 30
0.0
 10
168.7729811111111
 20
87.27140138888888
 30
0.0
 10
169.442082962963
 20
86.31654953703702
 30
0.0
 10
170.1111848148148
 20
85.36169768518516
 30
0.0
 10
170.7802866666667
 20
84.40684583333332
 30
0.0
 10
171.1424718518518
 20
84.6596699074074
 30
0.0
 10
171.504657037037
 20
84.91249398148148
 30
0.0
 10
171.8668422222222
 20
85.16531805555555
 30
0.0
  0
SPLINE
  5
24B
330
1F
100
AcDbEntity
  8
DEFAULT
 62
    18
100
AcDbSpline
210
0.0
220
0.0
230
1.0
 70
     8
 71
     3
 72
    17
 73
    13
 74
     0
 42
0.000000001
 43
0.0000000001
 40
0.0
 40
0.0
 40
0.0
 40
0.0
 40
3.340000000000032
 40
3.340000000000032
 40
3.340000000000032
 40
4.340000000000032
 40
4.340000000000032
 40
4.340000000000032
 40
5.340000000000032
 40
5.340000000000032
 40
5.340000000000032
 40
8.714000000000055
 40
8.714000000000055
 40
8.714000000000055
 40
8.714000000000055
 10
193.0680105555555
 20
159.8944816666666
 30
0.0
 10
192.6752512962963
 20
159.8944816666666
 30
0.0
 10
192.282492037037
 20
159.8944816666666
 30
0.0
 10
191.8897327777778
 20
159.8944816666666
 30
0.0
 10
191.2688438888889
 20
159.8944816666666
 30
0.0
 10
191.0141383333333
 20
160.2211538888889
 30
0.0
 10
191.0141383333333
 20
160.6589511111111
 30
0.0
 10
191.0141383333333
 20
161.0727594444444
 30
0.0
 10
191.251205
 20
161.384615
 30
0.0
 10
191.8777383333333
 20
161.384615
 30
0.0
 10
192.2744957407407
 20
161.384615
 30
0.0
 10
192.6712531481481
 20
161.384615
 30
0.0
 10
193.0680105555555
 20
161.384615
 30
0.0
  0
SPLINE
  5
24C
330
1F
100
AcDbEntity
  8
DEFAULT
 62
    18
100
AcDbSpline
210
0.0
220
0.0
230
1.0
 70
     8
 71
     3
 72
    17
 73
    13
 74
     0
 42
0.000000001
 43
0.0000000001
 40
0.0
 40
0.0
 40
0.0
 40
0.0
 40
3.340000000000032
 40
3.340000000000032
 40
3.340000000000032
 40
4.340000000000032
 40
4.340000000000032
 40
4.340000000000032
 40
5.340000000000032
 40
5.340000000000032
 40
5.340000000000032
 40
8.714000000000055
 40
8.714000000000055
 40
8.714000000000055
 40
8.714000000000055
 10
216.9307461111111
 20
161.3847913888889
 30
0.0
 10
217.3235053703703
 20
161.3847913888889
 30
0.0
 10
217.7162646296296
 20
161.3847913888889
 30
0.0
 10
218.1090238888889
 20
161.3847913888889
 30
0.0
 10
218.7299127777777
 20
161.3847913888889
 30
0.0
 10
218.9846183333333
 20
161.0581191666667
 30
0.0
 10
218.9846183333333
 20
160.6203219444444
 30
0.0
 10
218.9846183333333
 20
160.2065136111111
 30
0.0
 10
218.7475516666666
 20
159.8946580555555
 30
0.0
 10
218.1210183333333
 20
159.8946580555555
 30
0.0
 10
217.7242609259259
 20
159.8946580555555
 30
0.0
 10
217.3275035185185
 20
159.8946580555555
 30
0.0
 10
216.9307461111111
 20
159.8946580555555
 30
0.0
  0
SPLINE
  5
24D
330
1F
100
AcDbEntity
  8
DEFAULT
 62
    18
100
AcDbSpline
210
0.0
220
0.0
230
1.0
 70
     8
 71
     3
 72
    23
 73
    19
 74
     0
 42
0.000000001
 43
0.0000000001
 40
0.0
 40
0.0
 40
0.0
 40
0.0
 40
1.0
 40
1.0
 40
1.0
 40
2.0
 40
2.0
 40
2.0
 40
3.0
 40
3.0
 40
3.0
 40
4.0
 40
4.0
 40
4.0
 40
5.0
 40
5.0
 40
5.0
 40
6.0
 40
6.0
 40
6.0
 40
6.0
 10
207.8827016666667
 20
151.5292386111111
 30
0.0
 10
207.9843016666667
 20
151.4692663888889
 30
0.0
 10
208.1462266666666
 20
151.4163497222222
 30
0.0
 10
208.3307294444444
 20
151.4163497222222
 30
0.0
 10
208.7223127777778
 20
151.4163497222222
 30
0.0
 10
208.9590266666667
 20
151.6572969444444
 30
0.0
 10
208.9590266666667
 20
151.9508080555555
 30
0.0
 10
208.9590266666667
 20
152.1691775
 30
0.0
 10
208.7014988888889
 20
152.3159330555555
 30
0.0
 10
208.4228044444444
 20
152.3159330555555
 30
0.0
 10
207.9931211111111
 20
152.3159330555555
 30
0.0
 10
207.8188488888889
 20
152.5004358333333
 30
0.0
 10
207.8188488888889
 20
152.7713691666667
 30
0.0
 10
207.8188488888889
 20
153.0913386111111
 30
0.0
 10
208.0672044444445
 20
153.3171163888889
 30
0.0
 10
208.5000627777778
 20
153.3171163888889
 30
0.0
 10
208.6993822222222
 20
153.3171163888889
 30
0.0
 10
208.883885
 20
153.2684330555555
 30
0.0
 10
209.0119433333333
 20
153.1929386111111
 30
0.0
  0
SPLINE
  5
24E
330
1F
100
AcDbEntity
  8
DEFAULT
 62
    18
100
AcDbSpline
210
0.0
220
0.0
230
1.0
 70
     8
 71
     3
 72
    23
 73
    19
 74
     0
 42
0.000000001
 43
0.0000000001
 40
0.0
 40
0.0
 40
0.0
 40
0.0
 40
1.0
 40
1.0
 40
1.0
 40
2.0
 40
2.0
 40
2.0
 40
3.0
 40
3.0
 40
3.0
 40
4.0
 40
4.0
 40
4.0
 40
5.0
 40
5.0
 40
5.0
 40
6.0
 40
6.0
 40
6.0
 40
6.0
 10
201.0493255555555
 20
151.5292386111111
 30
0.0
 10
201.1509255555555
 20
151.4692663888889
 30
0.0
 10
201.3128505555555
 20
151.4163497222222
 30
0.0
 10
201.4973533333333
 20
151.4163497222222
 30
0.0
 10
201.8889366666666
 20
151.4163497222222
 30
0.0
 10
202.1260033333333
 20
151.6572969444444
 30
0.0
 10
202.1260033333333
 20
151.9508080555555
 30
0.0
 10
202.1260033333333
 20
152.1691775
 30
0.0
 10
201.8684755555555
 20
152.3159330555555
 30
0.0
 10
201.5894283333333
 20
152.3159330555555
 30
0.0
 10
201.159745
 20
152.3159330555555
 30
0.0
 10
200.9854727777777
 20
152.5004358333333
 30
0.0
 10
200.9854727777777
 20
152.7713691666667
 30
0.0
 10
200.9854727777777
 20
153.0913386111111
 30
0.0
 10
201.2338283333333
 20
153.3171163888889
 30
0.0
 10
201.6666866666666
 20
153.3171163888889
 30
0.0
 10
201.8660061111111
 20
153.3171163888889
 30
0.0
 10
202.0505088888889
 20
153.2684330555555
 30
0.0
 10
202.1785672222222
 20
153.1929386111111
 30
0.0
  0
POLYLINE
  5
24F
330
1F
100
AcDbEntity
  8
DEFAULT
 62
     1
100
AcDb2dPolyline
 66
     1
 10
0.0
 20
0.0
 30
0.0
  0
VERTEX
  5
250
330
24F
100
AcDbEntity
  8
DEFAULT
 62
     1
100
AcDbVertex
100
AcDb2dVertex
 10
208.2409122222222
 20
162.4103163888889
 30
0.0
  0
VERTEX
  5
251
330
24F
100
AcDbEntity
  8
DEFAULT
 62
     1
100
AcDbVertex
100
AcDb2dVertex
 10
206.9179955555556
 20
162.4103163888889
 30
0.0
  0
SEQEND
  5
252
330
24F
100
AcDbEntity
  8
DEFAULT
 62
     1
  0
POLYLINE
  5
253
330
1F
100
AcDbEntity
  8
DEFAULT
 62
     1
100
AcDb2dPolyline
 66
     1
 10
0.0
 20
0.0
 30
0.0
  0
VERTEX
  5
254
330
253
100
AcDbEntity
  8
DEFAULT
 62
     1
100
AcDbVertex
100
AcDb2dVertex
 10
209.9166066666667
 20
162.4067886111111
 30
0.0
  0
VERTEX
  5
255
330
253
100
AcDbEntity
  8
DEFAULT
 62
     1
100
AcDbVertex
100
AcDb2dVertex
 10
208.5901622222222
 20
162.4067886111111
 30
0.0
  0
SEQEND
  5
256
330
253
100
AcDbEntity
  8
DEFAULT
 62
     1
  0
POLYLINE
  5
257
330
1F
100
AcDbEntity
  8
DEFAULT
 62
     1
100
AcDb2dPolyline
 66
     1
 10
0.0
 20
0.0
 30
0.0
  0
VERTEX
  5
258
330
257
100
AcDbEntity
  8
DEFAULT
 62
     1
100
AcDbVertex
100
AcDb2dVertex
 10
227.9964677777778
 20
159.1400663888889
 30
0.0
  0
VERTEX
  5
259
330
257
100
AcDbEntity
  8
DEFAULT
 62
     1
100
AcDbVertex
100
AcDb2dVertex
 10
227.9964677777778
 20
160.4665108333333
 30
0.0
  0
SEQEND
  5
25A
330
257
100
AcDbEntity
  8
DEFAULT
 62
     1
  0
POLYLINE
  5
25B
330
1F
100
AcDbEntity
  8
DEFAULT
 62
     1
100
AcDb2dPolyline
 66
     1
 10
0.0
 20
0.0
 30
0.0
  0
VERTEX
  5
25C
330
25B
100
AcDbEntity
  8
DEFAULT
 62
     1
100
AcDbVertex
100
AcDb2dVertex
 10
227.9999955555556
 20
160.8157608333333
 30
0.0
  0
VERTEX
  5
25D
330
25B
100
AcDbEntity
  8
DEFAULT
 62
     1
100
AcDbVertex
100
AcDb2dVertex
 10
227.9999955555556
 20
162.1386775
 30
0.0
  0
SEQEND
  5
25E
330
25B
100
AcDbEntity
  8
DEFAULT
 62
     1
  0
POLYLINE
  5
25F
330
1F
100
AcDbEntity
  8
DEFAULT
 62
     1
100
AcDb2dPolyline
 66
     1
 10
0.0
 20
0.0
 30
0.0
  0
VERTEX
  5
260
330
25F
100
AcDbEntity
  8
DEFAULT
 62
     1
100
AcDbVertex
100
AcDb2dVertex
 10
182.0013011111111
 20
160.8157608333333
 30
0.0
  0
VERTEX
  5
261
330
25F
100
AcDbEntity
  8
DEFAULT
 62
     1
100
AcDbVertex
100
AcDb2dVertex
 10
182.0013011111111
 20
162.1386775
 30
0.0
  0
SEQEND
  5
262
330
25F
100
AcDbEntity
  8
DEFAULT
 62
     1
  0
POLYLINE
  5
263
330
1F
100
AcDbEntity
  8
DEFAULT
 62
     1
100
AcDb2dPolyline
 66
     1
 10
0.0
 20
0.0
 30
0.0
  0
VERTEX
  5
264
330
263
100
AcDbEntity
  8
DEFAULT
 62
     1
100
AcDbVertex
100
AcDb2dVertex
 10
181.9977733333333
 20
159.1400663888889
 30
0.0
  0
VERTEX
  5
265
330
263
100
AcDbEntity
  8
DEFAULT
 62
     1
100
AcDbVertex
100
AcDb2dVertex
 10
181.9977733333333
 20
160.4665108333333
 30
0.0
  0
SEQEND
  5
266
330
263
100
AcDbEntity
  8
DEFAULT
 62
     1
  0
POLYLINE
  5
267
330
1F
100
AcDbEntity
  8
DEFAULT
 62
     1
100
AcDb2dPolyline
 66
     1
 10
0.0
 20
0.0
 30
0.0
  0
VERTEX
  5
268
330
267
100
AcDbEntity
  8
DEFAULT
 62
     1
100
AcDbVertex
100
AcDb2dVertex
 10
201.4076066666667
 20
162.4103163888889
 30
0.0
  0
VERTEX
  5
269
330
267
100
AcDbEntity
  8
DEFAULT
 62
     1
100
AcDbVertex
100
AcDb2dVertex
 10
200.08469
 20
162.4103163888889
 30
0.0
  0
SEQEND
  5
26A
330
267
100
AcDbEntity
  8
DEFAULT
 62
     1
  0
POLYLINE
  5
26B
330
1F
100
AcDbEntity
  8
DEFAULT
 62
     1
100
AcDb2dPolyline
 66
     1
 10
0.0
 20
0.0
 30
0.0
  0
VERTEX
  5
26C
330
26B
100
AcDbEntity
  8
DEFAULT
 62
     1
100
AcDbVertex
100
AcDb2dVertex
 10
203.0833011111111
 20
162.4067886111111
 30
0.0
  0
VERTEX
  5
26D
330
26B
100
AcDbEntity
  8
DEFAULT
 62
     1
100
AcDbVertex
100
AcDb2dVertex
 10
201.7568566666667
 20
162.4067886111111
 30
0.0
  0
SEQEND
  5
26E
330
26B
100
AcDbEntity
  8
DEFAULT
 62
     1
  0
SPLINE
  5
26F
330
1F
100
AcDbEntity
  8
DEFAULT
 62
     1
100
AcDbSpline
210
0.0
220
0.0
230
1.0
 70
     8
 71
     3
 72
    92
 73
    88
 74
     0
 42
0.000000001
 43
0.0000000001
 40
0.0
 40
0.0
 40
0.0
 40
0.0
 40
3.75
 40
3.75
 40
3.75
 40
13.66999999999996
 40
13.66999999999996
 40
13.66999999999996
 40
14.66999999999996
 40
14.66999999999996
 40
14.66999999999996
 40
15.66999999999996
 40
15.66999999999996
 40
15.66999999999996
 40
16.66999999999996
 40
16.66999999999996
 40
16.66999999999996
 40
17.66999999999996
 40
17.66999999999996
 40
17.66999999999996
 40
18.66999999999996
 40
18.66999999999996
 40
18.66999999999996
 40
19.66999999999996
 40
19.66999999999996
 40
19.66999999999996
 40
20.66999999999996
 40
20.66999999999996
 40
20.66999999999996
 40
30.59999999999997
 40
30.59999999999997
 40
30.59999999999997
 40
39.09999999999997
 40
39.09999999999997
 40
39.09999999999997
 40
49.02999999999997
 40
49.02999999999997
 40
49.02999999999997
 40
50.02999999999997
 40
50.02999999999997
 40
50.02999999999997
 40
51.02999999999997
 40
51.02999999999997
 40
51.02999999999997
 40
61.89999999999998
 40
61.89999999999998
 40
61.89999999999998
 40
62.89999999999998
 40
62.89999999999998
 40
62.89999999999998
 40
63.89999999999998
 40
63.89999999999998
 40
63.89999999999998
 40
73.82999999999998
 40
73.82999999999998
 40
73.82999999999998
 40
82.32999999999998
 40
82.32999999999998
 40
82.32999999999998
 40
92.25999999999999
 40
92.25999999999999
 40
92.25999999999999
 40
93.25999999999999
 40
93.25999999999999
 40
93.25999999999999
 40
94.25999999999999
 40
94.25999999999999
 40
94.25999999999999
 40
95.25999999999999
 40
95.25999999999999
 40
95.25999999999999
 40
96.25999999999999
 40
96.25999999999999
 40
96.25999999999999
 40
97.25999999999999
 40
97.25999999999999
 40
97.25999999999999
 40
98.25999999999999
 40
98.25999999999999
 40
98.25999999999999
 40
99.25999999999999
 40
99.25999999999999
 40
99.25999999999999
 40
109.1799999999999
 40
109.1799999999999
 40
109.1799999999999
 40
112.9299999999999
 40
112.9299999999999
 40
112.9299999999999
 40
112.9299999999999
 10
189.0004122222222
 20
160.8157608333333
 30
0.0
 10
189.0004122222222
 20
161.2567330555555
 30
0.0
 10
189.0004122222222
 20
161.6977052777778
 30
0.0
 10
189.0004122222222
 20
162.1386775
 30
0.0
 10
187.8338937037037
 20
162.1386775
 30
0.0
 10
186.6673751851852
 20
162.1386775
 30
0.0
 10
185.5008566666667
 20
162.1386775
 30
0.0
 10
185.2292177777777
 20
162.1386775
 30
0.0
 10
184.71769
 20
162.0928163888889
 30
0.0
 10
183.7510788888889
 20
162.0928163888889
 30
0.0
 10
182.7844677777778
 20
162.0928163888889
 30
0.0
 10
182.0013011111111
 20
162.1139830555555
 30
0.0
 10
182.0013011111111
 20
162.1386775
 30
0.0
 10
182.0013011111111
 20
163.3839830555555
 30
0.0
 10
183.5993844444444
 20
164.1565663888889
 30
0.0
 10
186.8978566666666
 20
165.1902052777777
 30
0.0
 10
190.1963288888889
 20
166.2132608333333
 30
0.0
 10
192.8068844444444
 20
162.8759830555555
 30
0.0
 10
196.6133566666666
 20
165.1443441666667
 30
0.0
 10
199.7001622222222
 20
166.9858441666667
 30
0.0
 10
198.1726344444444
 20
162.4067886111111
 30
0.0
 10
200.08469
 20
162.4067886111111
 30
0.0
 10
200.1129122222222
 20
162.4067886111111
 30
0.0
 10
200.1340788888888
 20
161.6236219444444
 30
0.0
 10
200.1340788888888
 20
160.6570108333333
 30
0.0
 10
200.1340788888888
 20
159.6903997222222
 30
0.0
 10
200.08469
 20
159.1823997222222
 30
0.0
 10
200.08469
 20
158.9107608333333
 30
0.0
 10
200.08469
 20
157.7430663888889
 30
0.0
 10
200.08469
 20
156.5753719444445
 30
0.0
 10
200.08469
 20
155.4076775
 30
0.0
 10
201.084227037037
 20
155.4076775
 30
0.0
 10
202.0837640740741
 20
155.4076775
 30
0.0
 10
203.0833011111111
 20
155.4076775
 30
0.0
 10
203.0833011111111
 20
156.5753719444444
 30
0.0
 10
203.0833011111111
 20
157.7430663888889
 30
0.0
 10
203.0833011111111
 20
158.9107608333333
 30
0.0
 10
203.0833011111111
 20
159.1823997222222
 30
0.0
 10
203.0339122222222
 20
159.6903997222222
 30
0.0
 10
203.0339122222222
 20
160.6570108333333
 30
0.0
 10
203.0339122222222
 20
161.6236219444444
 30
0.0
 10
203.0586066666666
 20
162.4067886111111
 30
0.0
 10
203.0833011111111
 20
162.4067886111111
 30
0.0
 10
204.3615325925925
 20
162.4067886111111
 30
0.0
 10
205.639764074074
 20
162.4067886111111
 30
0.0
 10
206.9179955555555
 20
162.4067886111111
 30
0.0
 10
206.94269
 20
162.4067886111111
 30
0.0
 10
206.9673844444444
 20
161.6236219444444
 30
0.0
 10
206.9673844444444
 20
160.6570108333333
 30
0.0
 10
206.9673844444444
 20
159.6903997222222
 30
0.0
 10
206.9179955555555
 20
159.1823997222222
 30
0.0
 10
206.9179955555555
 20
158.9107608333333
 30
0.0
 10
206.9179955555555
 20
157.7430663888889
 30
0.0
 10
206.9179955555555
 20
156.5753719444445
 30
0.0
 10
206.9179955555555
 20
155.4076775
 30
0.0
 10
207.9175325925926
 20
155.4076775
 30
0.0
 10
208.9170696296296
 20
155.4076775
 30
0.0
 10
209.9166066666666
 20
155.4076775
 30
0.0
 10
209.9166066666666
 20
156.5753719444444
 30
0.0
 10
209.9166066666666
 20
157.7430663888889
 30
0.0
 10
209.9166066666666
 20
158.9107608333333
 30
0.0
 10
209.9166066666666
 20
159.1823997222222
 30
0.0
 10
209.8672177777777
 20
159.6903997222222
 30
0.0
 10
209.8672177777777
 20
160.6570108333333
 30
0.0
 10
209.8672177777777
 20
161.6236219444444
 30
0.0
 10
209.8883844444444
 20
162.4067886111111
 30
0.0
 10
209.9166066666666
 20
162.4067886111111
 30
0.0
 10
211.8286622222222
 20
162.4067886111111
 30
0.0
 10
210.3011344444444
 20
166.9858441666667
 30
0.0
 10
213.38794
 20
165.1443441666667
 30
0.0
 10
217.1944122222222
 20
162.8759830555555
 30
0.0
 10
219.8049677777777
 20
166.2132608333333
 30
0.0
 10
223.1034399999999
 20
165.1902052777777
 30
0.0
 10
226.4019122222222
 20
164.1565663888889
 30
0.0
 10
227.9999955555555
 20
163.3839830555555
 30
0.0
 10
227.9999955555555
 20
162.1386775
 30
0.0
 10
227.9999955555555
 20
162.1139830555555
 30
0.0
 10
227.2168288888889
 20
162.0928163888889
 30
0.0
 10
226.2502177777777
 20
162.0928163888889
 30
0.0
 10
225.2836066666667
 20
162.0928163888889
 30
0.0
 10
224.7720788888888
 20
162.1386775
 30
0.0
 10
224.50044
 20
162.1386775
 30
0.0
 10
223.3339214814815
 20
162.1386775
 30
0.0
 10
222.1674029629629
 20
162.1386775
 30
0.0
 10
221.0008844444444
 20
162.1386775
 30
0.0
 10
221.0008844444444
 20
161.6977052777778
 30
0.0
 10
221.0008844444444
 20
161.2567330555555
 30
0.0
 10
221.0008844444444
 20
160.8157608333333
 30
0.0
  0
SPLINE
  5
270
330
1F
100
AcDbEntity
  8
DEFAULT
 62
     1
100
AcDbSpline
210
0.0
220
0.0
230
1.0
 70
     8
 71
     3
 72
    29
 73
    25
 74
     0
 42
0.000000001
 43
0.0000000001
 40
0.0
 40
0.0
 40
0.0
 40
0.0
 40
3.759999999999991
 40
3.759999999999991
 40
3.759999999999991
 40
13.67999999999995
 40
13.67999999999995
 40
13.67999999999995
 40
14.67999999999995
 40
14.67999999999995
 40
14.67999999999995
 40
15.67999999999995
 40
15.67999999999995
 40
15.67999999999995
 40
16.67999999999995
 40
16.67999999999995
 40
16.67999999999995
 40
17.67999999999995
 40
17.67999999999995
 40
17.67999999999995
 40
18.67999999999995
 40
18.67999999999995
 40
18.67999999999995
 40
19.67999999999995
 40
19.67999999999995
 40
19.67999999999995
 40
19.67999999999995
 10
221.0008844444444
 20
160.4665108333333
 30
0.0
 10
221.0008844444444
 20
160.0243626851852
 30
0.0
 10
221.0008844444444
 20
159.582214537037
 30
0.0
 10
221.0008844444444
 20
159.1400663888889
 30
0.0
 10
222.1674029629629
 20
159.1400663888889
 30
0.0
 10
223.3339214814815
 20
159.1400663888889
 30
0.0
 10
224.50044
 20
159.1400663888889
 30
0.0
 10
224.7720788888889
 20
159.1400663888889
 30
0.0
 10
225.2836066666667
 20
159.1929830555555
 30
0.0
 10
226.2502177777777
 20
159.1929830555555
 30
0.0
 10
227.2168288888889
 20
159.1929830555555
 30
0.0
 10
227.9999955555556
 20
159.1718163888889
 30
0.0
 10
227.9999955555556
 20
159.1400663888889
 30
0.0
 10
227.9999955555556
 20
157.6372330555556
 30
0.0
 10
226.3666344444444
 20
156.5965386111111
 30
0.0
 10
223.8195788888889
 20
155.8768719444444
 30
0.0
 10
217.8435233333333
 20
154.1976497222222
 30
0.0
 10
215.7903566666667
 20
159.1400663888889
 30
0.0
 10
212.8623011111111
 20
153.6967052777778
 30
0.0
 10
209.7719677777777
 20
147.9499552777777
 30
0.0
 10
215.4728566666667
 20
147.6571497222222
 30
0.0
 10
211.2430511111111
 20
144.7996497222222
 30
0.0
 10
203.1997177777777
 20
139.3527608333333
 30
0.0
 10
214.4639122222222
 20
147.7770941666667
 30
0.0
 10
205.1788011111111
 20
147.8793997222222
 30
0.0
  0
SPLINE
  5
271
330
1F
100
AcDbEntity
  8
DEFAULT
 62
     1
100
AcDbSpline
210
0.0
220
0.0
230
1.0
 70
     8
 71
     3
 72
    29
 73
    25
 74
     0
 42
0.000000001
 43
0.0000000001
 40
0.0
 40
0.0
 40
0.0
 40
0.0
 40
3.759999999999991
 40
3.759999999999991
 40
3.759999999999991
 40
13.67999999999995
 40
13.67999999999995
 40
13.67999999999995
 40
14.67999999999995
 40
14.67999999999995
 40
14.67999999999995
 40
15.67999999999995
 40
15.67999999999995
 40
15.67999999999995
 40
16.67999999999995
 40
16.67999999999995
 40
16.67999999999995
 40
17.67999999999995
 40
17.67999999999995
 40
17.67999999999995
 40
18.67999999999995
 40
18.67999999999995
 40
18.67999999999995
 40
19.67999999999995
 40
19.67999999999995
 40
19.67999999999995
 40
19.67999999999995
 10
189.0004122222222
 20
160.4665108333333
 30
0.0
 10
189.0004122222222
 20
160.0243626851852
 30
0.0
 10
189.0004122222222
 20
159.582214537037
 30
0.0
 10
189.0004122222222
 20
159.1400663888889
 30
0.0
 10
187.8338937037037
 20
159.1400663888889
 30
0.0
 10
186.6673751851852
 20
159.1400663888889
 30
0.0
 10
185.5008566666667
 20
159.1400663888889
 30
0.0
 10
185.2292177777777
 20
159.1400663888889
 30
0.0
 10
184.71769
 20
159.1929830555555
 30
0.0
 10
183.7510788888889
 20
159.1929830555555
 30
0.0
 10
182.7844677777778
 20
159.1929830555555
 30
0.0
 10
182.0013011111111
 20
159.1718163888889
 30
0.0
 10
182.0013011111111
 20
159.1400663888889
 30
0.0
 10
182.0013011111111
 20
157.6372330555556
 30
0.0
 10
183.6346622222222
 20
156.5965386111111
 30
0.0
 10
186.1817177777777
 20
155.8768719444444
 30
0.0
 10
192.1577733333333
 20
154.1976497222222
 30
0.0
 10
194.21094
 20
159.1400663888889
 30
0.0
 10
197.1389955555555
 20
153.6967052777778
 30
0.0
 10
200.2293288888889
 20
147.9499552777777
 30
0.0
 10
194.52844
 20
147.6571497222222
 30
0.0
 10
198.7582455555555
 20
144.7996497222222
 30
0.0
 10
206.8015788888889
 20
139.3527608333333
 30
0.0
 10
195.5373844444444
 20
147.7770941666667
 30
0.0
 10
204.8260233333333
 20
147.8793997222222
 30
0.0
  0
SPLINE
  5
272
330
1F
100
AcDbEntity
  8
DEFAULT
 62
    18
100
AcDbSpline
210
0.0
220
0.0
230
1.0
 70
     8
 71
     3
 72
    17
 73
    13
 74
     0
 42
0.000000001
 43
0.0000000001
 40
0.0
 40
0.0
 40
0.0
 40
0.0
 40
3.339999999999975
 40
3.339999999999975
 40
3.339999999999975
 40
4.339999999999975
 40
4.339999999999975
 40
4.339999999999975
 40
5.339999999999975
 40
5.339999999999975
 40
5.339999999999975
 40
8.713999999999999
 40
8.713999999999999
 40
8.713999999999999
 40
8.713999999999999
 10
177.4596752777778
 20
178.8201980555556
 30
0.0
 10
177.8524345370371
 20
178.8201980555556
 30
0.0
 10
178.2451937962963
 20
178.8201980555556
 30
0.0
 10
178.6379530555555
 20
178.8201980555556
 30
0.0
 10
179.2588419444444
 20
178.8201980555556
 30
0.0
 10
179.5135475
 20
178.4935258333333
 30
0.0
 10
179.5135475
 20
178.0557286111111
 30
0.0
 10
179.5135475
 20
177.6419202777778
 30
0.0
 10
179.2764808333333
 20
177.3300647222222
 30
0.0
 10
178.6499475
 20
177.3300647222222
 30
0.0
 10
178.2531900925926
 20
177.3300647222222
 30
0.0
 10
177.8564326851852
 20
177.3300647222222
 30
0.0
 10
177.4596752777778
 20
177.3300647222222
 30
0.0
  0
POLYLINE
  5
273
330
1F
100
AcDbEntity
  8
DEFAULT
 62
     1
100
AcDb2dPolyline
 66
     1
 10
0.0
 20
0.0
 30
0.0
  0
VERTEX
  5
274
330
273
100
AcDbEntity
  8
DEFAULT
 62
     1
100
AcDbVertex
100
AcDb2dVertex
 10
188.5301594444444
 20
178.2486980555555
 30
0.0
  0
VERTEX
  5
275
330
273
100
AcDbEntity
  8
DEFAULT
 62
     1
100
AcDbVertex
100
AcDb2dVertex
 10
188.5301594444444
 20
179.5751425
 30
0.0
  0
SEQEND
  5
276
330
273
100
AcDbEntity
  8
DEFAULT
 62
     1
  0
POLYLINE
  5
277
330
1F
100
AcDbEntity
  8
DEFAULT
 62
     1
100
AcDb2dPolyline
 66
     1
 10
0.0
 20
0.0
 30
0.0
  0
VERTEX
  5
278
330
277
100
AcDbEntity
  8
DEFAULT
 62
     1
100
AcDbVertex
100
AcDb2dVertex
 10
188.5301594444444
 20
176.5765313888889
 30
0.0
  0
VERTEX
  5
279
330
277
100
AcDbEntity
  8
DEFAULT
 62
     1
100
AcDbVertex
100
AcDb2dVertex
 10
188.5301594444444
 20
177.8994480555556
 30
0.0
  0
SEQEND
  5
27A
330
277
100
AcDbEntity
  8
DEFAULT
 62
     1
  0
SPLINE
  5
27B
330
1F
100
AcDbEntity
  8
DEFAULT
 62
     1
100
AcDbSpline
210
0.0
220
0.0
230
1.0
 70
     8
 71
     3
 72
    41
 73
    37
 74
     0
 42
0.000000001
 43
0.0000000001
 40
0.0
 40
0.0
 40
0.0
 40
0.0
 40
1.0
 40
1.0
 40
1.0
 40
2.0
 40
2.0
 40
2.0
 40
3.0
 40
3.0
 40
3.0
 40
4.0
 40
4.0
 40
4.0
 40
5.0
 40
5.0
 40
5.0
 40
14.92000000000007
 40
14.92000000000007
 40
14.92000000000007
 40
23.42000000000007
 40
23.42000000000007
 40
23.42000000000007
 40
33.34000000000015
 40
33.34000000000015
 40
33.34000000000015
 40
34.34000000000015
 40
34.34000000000015
 40
34.34000000000015
 40
35.34000000000015
 40
35.34000000000015
 40
35.34000000000015
 40
36.34000000000015
 40
36.34000000000015
 40
36.34000000000015
 40
37.34000000000015
 40
37.34000000000015
 40
37.34000000000015
 40
37.34000000000015
 10
175.2057427777778
 20
175.6663647222222
 30
0.0
 10
173.5265205555555
 20
176.4812813888889
 30
0.0
 10
172.8809372222222
 20
178.2416425
 30
0.0
 10
173.5759094444444
 20
179.0777258333333
 30
0.0
 10
175.8336872222222
 20
181.7835313888889
 30
0.0
 10
178.3736872222222
 20
184.5175591666667
 30
0.0
 10
184.3497427777777
 20
182.8383369444444
 30
0.0
 10
186.9003261111111
 20
182.1186702777778
 30
0.0
 10
188.5301594444444
 20
181.0779758333333
 30
0.0
 10
188.5301594444444
 20
179.5751425
 30
0.0
 10
188.5301594444444
 20
179.5469202777778
 30
0.0
 10
187.7469927777778
 20
179.5257536111111
 30
0.0
 10
186.7803816666667
 20
179.5257536111111
 30
0.0
 10
185.8137705555555
 20
179.5257536111111
 30
0.0
 10
185.3022427777778
 20
179.5751425
 30
0.0
 10
185.0306038888889
 20
179.5751425
 30
0.0
 10
183.8640853703704
 20
179.5751425
 30
0.0
 10
182.6975668518518
 20
179.5751425
 30
0.0
 10
181.5310483333333
 20
179.5751425
 30
0.0
 10
181.5310483333333
 20
178.575605462963
 30
0.0
 10
181.5310483333333
 20
177.5760684259259
 30
0.0
 10
181.5310483333333
 20
176.5765313888889
 30
0.0
 10
182.6975668518518
 20
176.5765313888889
 30
0.0
 10
183.8640853703704
 20
176.5765313888889
 30
0.0
 10
185.0306038888889
 20
176.5765313888889
 30
0.0
 10
185.3022427777778
 20
176.5765313888889
 30
0.0
 10
185.8137705555555
 20
176.6259202777778
 30
0.0
 10
186.7803816666667
 20
176.6259202777778
 30
0.0
 10
187.7469927777778
 20
176.6259202777778
 30
0.0
 10
188.5301594444444
 20
176.6012258333333
 30
0.0
 10
188.5301594444444
 20
176.5765313888889
 30
0.0
 10
188.5301594444444
 20
175.3312258333333
 30
0.0
 10
186.9320761111111
 20
174.5586425
 30
0.0
 10
183.6336038888889
 20
173.5285313888889
 30
0.0
 10
181.7497705555555
 20
172.9429202777778
 30
0.0
 10
178.1479094444444
 20
174.3857813888889
 30
0.0
 10
175.5267705555555
 20
175.5181980555555
 30
0.0
  0
SPLINE
  5
27C
330
1F
100
AcDbEntity
  8
DEFAULT
 62
    18
100
AcDbSpline
210
0.0
220
0.0
230
1.0
 70
     8
 71
     3
 72
    17
 73
    13
 74
     0
 42
0.000000001
 43
0.0000000001
 40
0.0
 40
0.0
 40
0.0
 40
0.0
 40
3.340000000000032
 40
3.340000000000032
 40
3.340000000000032
 40
4.340000000000032
 40
4.340000000000032
 40
4.340000000000032
 40
5.340000000000032
 40
5.340000000000032
 40
5.340000000000032
 40
8.714000000000055
 40
8.714000000000055
 40
8.714000000000055
 40
8.714000000000055
 10
232.5391166666667
 20
177.3298883333333
 30
0.0
 10
232.1463574074074
 20
177.3298883333333
 30
0.0
 10
231.7535981481481
 20
177.3298883333333
 30
0.0
 10
231.3608388888889
 20
177.3298883333333
 30
0.0
 10
230.73995
 20
177.3298883333333
 30
0.0
 10
230.4852444444444
 20
177.6565605555555
 30
0.0
 10
230.4852444444444
 20
178.0943577777778
 30
0.0
 10
230.4852444444444
 20
178.5081661111111
 30
0.0
 10
230.7223111111111
 20
178.8200216666666
 30
0.0
 10
231.3488444444444
 20
178.8200216666666
 30
0.0
 10
231.7456018518518
 20
178.8200216666666
 30
0.0
 10
232.1423592592593
 20
178.8200216666666
 30
0.0
 10
232.5391166666667
 20
178.8200216666666
 30
0.0
  0
POLYLINE
  5
27D
330
1F
100
AcDbEntity
  8
DEFAULT
 62
     1
100
AcDb2dPolyline
 66
     1
 10
0.0
 20
0.0
 30
0.0
  0
VERTEX
  5
27E
330
27D
100
AcDbEntity
  8
DEFAULT
 62
     1
100
AcDbVertex
100
AcDb2dVertex
 10
221.4711019444444
 20
178.2486980555555
 30
0.0
  0
VERTEX
  5
27F
330
27D
100
AcDbEntity
  8
DEFAULT
 62
     1
100
AcDbVertex
100
AcDb2dVertex
 10
221.4711019444444
 20
179.5751425
 30
0.0
  0
SEQEND
  5
280
330
27D
100
AcDbEntity
  8
DEFAULT
 62
     1
  0
POLYLINE
  5
281
330
1F
100
AcDbEntity
  8
DEFAULT
 62
     1
100
AcDb2dPolyline
 66
     1
 10
0.0
 20
0.0
 30
0.0
  0
VERTEX
  5
282
330
281
100
AcDbEntity
  8
DEFAULT
 62
     1
100
AcDbVertex
100
AcDb2dVertex
 10
221.4711019444444
 20
176.5765313888889
 30
0.0
  0
VERTEX
  5
283
330
281
100
AcDbEntity
  8
DEFAULT
 62
     1
100
AcDbVertex
100
AcDb2dVertex
 10
221.4711019444444
 20
177.8994480555556
 30
0.0
  0
SEQEND
  5
284
330
281
100
AcDbEntity
  8
DEFAULT
 62
     1
  0
SPLINE
  5
285
330
1F
100
AcDbEntity
  8
DEFAULT
 62
     1
100
AcDbSpline
210
0.0
220
0.0
230
1.0
 70
     8
 71
     3
 72
    41
 73
    37
 74
     0
 42
0.000000001
 43
0.0000000001
 40
0.0
 40
0.0
 40
0.0
 40
0.0
 40
1.0
 40
1.0
 40
1.0
 40
2.0
 40
2.0
 40
2.0
 40
3.0
 40
3.0
 40
3.0
 40
4.0
 40
4.0
 40
4.0
 40
13.92000000000007
 40
13.92000000000007
 40
13.92000000000007
 40
22.42000000000007
 40
22.42000000000007
 40
22.42000000000007
 40
32.34000000000015
 40
32.34000000000015
 40
32.34000000000015
 40
33.34000000000015
 40
33.34000000000015
 40
33.34000000000015
 40
34.34000000000015
 40
34.34000000000015
 40
34.34000000000015
 40
35.34000000000015
 40
35.34000000000015
 40
35.34000000000015
 40
36.34000000000015
 40
36.34000000000015
 40
36.34000000000015
 40
37.34000000000015
 40
37.34000000000015
 40
37.34000000000015
 40
37.34000000000015
 10
234.4780186111111
 20
175.5181980555555
 30
0.0
 10
231.8568797222222
 20
174.3857813888889
 30
0.0
 10
228.2514908333333
 20
172.9429202777778
 30
0.0
 10
226.3676575
 20
173.5285313888889
 30
0.0
 10
223.0691852777778
 20
174.5586425
 30
0.0
 10
221.4711019444444
 20
175.3312258333333
 30
0.0
 10
221.4711019444444
 20
176.5765313888889
 30
0.0
 10
221.4711019444444
 20
176.6012258333333
 30
0.0
 10
222.2542686111111
 20
176.6259202777778
 30
0.0
 10
223.2208797222222
 20
176.6259202777778
 30
0.0
 10
224.1874908333333
 20
176.6259202777778
 30
0.0
 10
224.6990186111111
 20
176.5765313888889
 30
0.0
 10
224.9706575
 20
176.5765313888889
 30
0.0
 10
226.1371760185185
 20
176.5765313888889
 30
0.0
 10
227.303694537037
 20
176.5765313888889
 30
0.0
 10
228.4702130555555
 20
176.5765313888889
 30
0.0
 10
228.4702130555555
 20
177.5760684259259
 30
0.0
 10
228.4702130555555
 20
178.575605462963
 30
0.0
 10
228.4702130555555
 20
179.5751425
 30
0.0
 10
227.303694537037
 20
179.5751425
 30
0.0
 10
226.1371760185185
 20
179.5751425
 30
0.0
 10
224.9706575
 20
179.5751425
 30
0.0
 10
224.6990186111111
 20
179.5751425
 30
0.0
 10
224.1874908333333
 20
179.5257536111111
 30
0.0
 10
223.2208797222222
 20
179.5257536111111
 30
0.0
 10
222.2542686111111
 20
179.5257536111111
 30
0.0
 10
221.4711019444444
 20
179.5469202777778
 30
0.0
 10
221.4711019444444
 20
179.5751425
 30
0.0
 10
221.4711019444444
 20
181.0779758333333
 30
0.0
 10
223.1009352777778
 20
182.1186702777778
 30
0.0
 10
225.6515186111111
 20
182.8383369444444
 30
0.0
 10
231.6275741666666
 20
184.5175591666667
 30
0.0
 10
234.1675741666666
 20
181.7835313888889
 30
0.0
 10
236.4253519444444
 20
179.0777258333333
 30
0.0
 10
237.1203241666666
 20
178.2416425
 30
0.0
 10
236.4747408333333
 20
176.4812813888889
 30
0.0
 10
234.7955186111111
 20
175.6663647222222
 30
0.0
  0
SPLINE
  5
286
330
1F
100
AcDbEntity
  8
DEFAULT
 62
    18
100
AcDbSpline
210
0.0
220
0.0
230
1.0
 70
    11
 71
     3
 72
    32
 73
    28
 74
     0
 42
0.000000001
 43
0.0000000001
 40
5.634999999999991
 40
5.634999999999991
 40
5.634999999999991
 40
5.634999999999991
 40
6.634999999999991
 40
6.634999999999991
 40
6.634999999999991
 40
7.634999999999991
 40
7.634999999999991
 40
7.634999999999991
 40
8.634999999999991
 40
8.634999999999991
 40
8.634999999999991
 40
9.634999999999991
 40
9.634999999999991
 40
9.634999999999991
 40
10.63499999999999
 40
10.63499999999999
 40
10.63499999999999
 40
11.63499999999999
 40
11.63499999999999
 40
11.63499999999999
 40
12.63499999999999
 40
12.63499999999999
 40
12.63499999999999
 40
13.63499999999999
 40
13.63499999999999
 40
13.63499999999999
 40
19.26999999999998
 40
19.26999999999998
 40
19.26999999999998
 40
19.26999999999998
 10
165.1474838888889
 20
134.1017341666667
 30
0.0
 10
165.0335366666667
 20
134.0777452777778
 30
0.0
 10
164.85362
 20
134.0597536111111
 30
0.0
 10
164.6708811111111
 20
134.0597536111111
 30
0.0
 10
164.4098255555555
 20
134.0597536111111
 30
0.0
 10
164.2419033333333
 20
134.1045563888889
 30
0.0
 10
164.1159616666667
 20
134.2065091666666
 30
0.0
 10
164.0111866666666
 20
134.2848258333333
 30
0.0
 10
163.9483922222222
 20
134.4044175
 30
0.0
 10
163.9483922222222
 20
134.5635202777778
 30
0.0
 10
163.9483922222222
 20
134.7582536111111
 30
0.0
 10
164.2052144444444
 20
134.9293508333333
 30
0.0
 10
164.4179394444444
 20
135.0073147222222
 30
0.0
 10
164.4179394444444
 20
135.0073147222222
 30
0.0
 10
163.8732505555555
 20
135.2200397222222
 30
0.0
 10
163.8732505555555
 20
135.5199008333333
 30
0.0
 10
163.8732505555555
 20
135.6938202777777
 30
0.0
 10
163.942395
 20
135.8257591666666
 30
0.0
 10
164.0443477777777
 20
135.9248897222222
 30
0.0
 10
164.1851061111111
 20
136.0536536111111
 30
0.0
 10
164.4130005555555
 20
136.1136258333333
 30
0.0
 10
164.7428477777778
 20
136.1136258333333
 30
0.0
 10
164.9227644444444
 20
136.1136258333333
 30
0.0
 10
165.0607005555555
 20
136.1016313888889
 30
0.0
 10
165.1474838888889
 20
136.0896369444444
 30
0.0
 10
165.1474838888889
 20
135.4270026851852
 30
0.0
 10
165.1474838888889
 20
134.7643684259259
 30
0.0
 10
165.1474838888889
 20
134.1017341666667
 30
0.0
  0
POLYLINE
  5
287
330
1F
100
AcDbEntity
  8
DEFAULT
 62
     1
100
AcDb2dPolyline
 66
     1
 10
0.0
 20
0.0
 30
0.0
  0
VERTEX
  5
288
330
287
100
AcDbEntity
  8
DEFAULT
 62
     1
100
AcDbVertex
100
AcDb2dVertex
 10
164.3350366666666
 20
173.5045072222222
 30
0.0
  0
VERTEX
  5
289
330
287
100
AcDbEntity
  8
DEFAULT
 62
     1
100
AcDbVertex
100
AcDb2dVertex
 10
163.0085922222222
 20
173.5045072222222
 30
0.0
  0
SEQEND
  5
28A
330
287
100
AcDbEntity
  8
DEFAULT
 62
     1
  0
POLYLINE
  5
28B
330
1F
100
AcDbEntity
  8
DEFAULT
 62
     1
100
AcDb2dPolyline
 66
     1
 10
0.0
 20
0.0
 30
0.0
  0
VERTEX
  5
28C
330
28B
100
AcDbEntity
  8
DEFAULT
 62
     1
100
AcDbVertex
100
AcDb2dVertex
 10
166.0072033333333
 20
173.5009794444444
 30
0.0
  0
VERTEX
  5
28D
330
28B
100
AcDbEntity
  8
DEFAULT
 62
     1
100
AcDbVertex
100
AcDb2dVertex
 10
164.6842866666667
 20
173.5009794444444
 30
0.0
  0
SEQEND
  5
28E
330
28B
100
AcDbEntity
  8
DEFAULT
 62
     1
  0
SPLINE
  5
28F
330
1F
100
AcDbEntity
  8
DEFAULT
 62
     1
100
AcDbSpline
210
0.0
220
0.0
230
1.0
 70
    11
 71
     3
 72
    14
 73
    10
 74
     0
 42
0.000000001
 43
0.0000000001
 40
25.42000000000002
 40
25.42000000000002
 40
25.42000000000002
 40
25.42000000000002
 40
26.42000000000002
 40
26.42000000000002
 40
26.42000000000002
 40
27.42000000000002
 40
27.42000000000002
 40
27.42000000000002
 40
52.84000000000003
 40
52.84000000000003
 40
52.84000000000003
 40
52.84000000000003
 10
167.7795588888889
 20
168.2706961111111
 30
0.0
 10
167.7795588888889
 20
172.3382238888888
 30
0.0
 10
172.7890033333333
 20
161.0775572222222
 30
0.0
 10
171.3955311111111
 20
159.620585
 30
0.0
 10
170.1819755555556
 20
158.3541127777777
 30
0.0
 10
167.7795588888889
 20
158.0683627777778
 30
0.0
 10
167.7795588888889
 20
159.303085
 30
0.0
 10
167.7795588888889
 20
162.2922887037037
 30
0.0
 10
167.7795588888889
 20
165.2814924074074
 30
0.0
 10
167.7795588888889
 20
168.2706961111111
 30
0.0
  0
SPLINE
  5
290
330
1F
100
AcDbEntity
  8
DEFAULT
 62
     1
100
AcDbSpline
210
0.0
220
0.0
230
1.0
 70
    11
 71
     3
 72
    20
 73
    16
 74
     0
 42
0.000000001
 43
0.0000000001
 40
26.44999999999999
 40
26.44999999999999
 40
26.44999999999999
 40
26.44999999999999
 40
27.44999999999999
 40
27.44999999999999
 40
27.44999999999999
 40
28.44999999999999
 40
28.44999999999999
 40
28.44999999999999
 40
29.44999999999999
 40
29.44999999999999
 40
29.44999999999999
 40
30.44999999999999
 40
30.44999999999999
 40
30.44999999999999
 40
56.89999999999998
 40
56.89999999999998
 40
56.89999999999998
 40
56.89999999999998
 10
167.7795588888889
 20
154.2160294444444
 30
0.0
 10
167.7795588888889
 20
157.9660572222222
 30
0.0
 10
168.7038366666667
 20
155.7576683333333
 30
0.0
 10
171.6495311111111
 20
157.588585
 30
0.0
 10
172.7960588888889
 20
158.3011961111111
 30
0.0
 10
173.5227811111111
 20
158.3047238888889
 30
0.0
 10
173.7520866666667
 20
154.8439738888889
 30
0.0
 10
173.9073088888889
 20
152.5191683333333
 30
0.0
 10
174.3094755555556
 20
148.7056405555555
 30
0.0
 10
173.3781422222222
 20
146.9170572222222
 30
0.0
 10
172.0305311111111
 20
144.317085
 30
0.0
 10
167.7795588888889
 20
143.6468072222222
 30
0.0
 10
167.7795588888889
 20
144.8850572222222
 30
0.0
 10
167.7795588888889
 20
147.9953812962963
 30
0.0
 10
167.7795588888889
 20
151.1057053703703
 30
0.0
 10
167.7795588888889
 20
154.2160294444444
 30
0.0
  0
SPLINE
  5
291
330
1F
100
AcDbEntity
  8
DEFAULT
 62
     1
100
AcDbSpline
210
0.0
220
0.0
230
1.0
 70
    11
 71
     3
 72
    20
 73
    16
 74
     0
 42
0.000000001
 43
0.0000000001
 40
27.04000000000002
 40
27.04000000000002
 40
27.04000000000002
 40
27.04000000000002
 40
28.04000000000002
 40
28.04000000000002
 40
28.04000000000002
 40
29.04000000000002
 40
29.04000000000002
 40
29.04000000000002
 40
30.04000000000002
 40
30.04000000000002
 40
30.04000000000002
 40
31.04000000000002
 40
31.04000000000002
 40
31.04000000000002
 40
58.08000000000004
 40
58.08000000000004
 40
58.08000000000004
 40
58.08000000000004
 10
167.7795588888889
 20
139.9885016666667
 30
0.0
 10
167.7795588888889
 20
144.0560294444444
 30
0.0
 10
168.7638088888889
 20
141.142085
 30
0.0
 10
172.6725866666667
 20
143.809085
 30
0.0
 10
174.6128644444444
 20
145.1320016666666
 30
0.0
 10
174.9903366666667
 20
144.4687794444444
 30
0.0
 10
174.9444755555556
 20
141.0009738888889
 30
0.0
 10
174.9127255555555
 20
138.633835
 30
0.0
 10
174.8315866666667
 20
134.6298072222222
 30
0.0
 10
173.5686422222222
 20
132.1603627777777
 30
0.0
 10
172.8842533333333
 20
130.823335
 30
0.0
 10
167.7795588888889
 20
129.2111405555555
 30
0.0
 10
167.7795588888889
 20
130.4493905555555
 30
0.0
 10
167.7795588888889
 20
133.6290942592592
 30
0.0
 10
167.7795588888889
 20
136.808797962963
 30
0.0
 10
167.7795588888889
 20
139.9885016666667
 30
0.0
  0
SPLINE
  5
292
330
1F
100
AcDbEntity
  8
DEFAULT
 62
     1
100
AcDbSpline
210
0.0
220
0.0
230
1.0
 70
    11
 71
     3
 72
    20
 73
    16
 74
     0
 42
0.000000001
 43
0.0000000001
 40
26.45000000000005
 40
26.45000000000005
 40
26.45000000000005
 40
26.45000000000005
 40
27.45000000000005
 40
27.45000000000005
 40
27.45000000000005
 40
28.45000000000005
 40
28.45000000000005
 40
28.45000000000005
 40
29.45000000000005
 40
29.45000000000005
 40
29.45000000000005
 40
30.45000000000005
 40
30.45000000000005
 40
30.45000000000005
 40
56.90000000000009
 40
56.90000000000009
 40
56.90000000000009
 40
56.90000000000009
 10
167.7795588888889
 20
125.2494461111111
 30
0.0
 10
167.7795588888889
 20
129.3169738888889
 30
0.0
 10
168.5345033333333
 20
126.7769738888889
 30
0.0
 10
172.6725866666667
 20
129.0700294444444
 30
0.0
 10
175.2125866666667
 20
130.4776127777778
 30
0.0
 10
174.8456977777778
 20
129.5180572222222
 30
0.0
 10
173.8861422222222
 20
126.1843072222222
 30
0.0
 10
173.2299755555555
 20
123.901835
 30
0.0
 10
171.7694755555555
 20
118.9029738888889
 30
0.0
 10
170.4324477777778
 20
116.472335
 30
0.0
 10
169.85742
 20
115.4316405555555
 30
0.0
 10
167.7795588888889
 20
115.1882238888889
 30
0.0
 10
167.7795588888889
 20
115.9184738888889
 30
0.0
 10
167.7795588888889
 20
119.0287979629629
 30
0.0
 10
167.7795588888889
 20
122.139122037037
 30
0.0
 10
167.7795588888889
 20
125.2494461111111
 30
0.0
  0
SPLINE
  5
293
330
1F
100
AcDbEntity
  8
DEFAULT
 62
     1
100
AcDbSpline
210
0.0
220
0.0
230
1.0
 70
    11
 71
     3
 72
    17
 73
    13
 74
     0
 42
0.000000001
 43
0.0000000001
 40
1.0
 40
1.0
 40
1.0
 40
1.0
 40
2.0
 40
2.0
 40
2.0
 40
3.850000000000023
 40
3.850000000000023
 40
3.850000000000023
 40
9.160000000000025
 40
9.160000000000025
 40
9.160000000000025
 40
10.16000000000003
 40
10.16000000000003
 40
10.16000000000003
 40
10.16000000000003
 10
170.3089755555555
 20
114.0028905555555
 30
0.0
 10
172.8666144444444
 20
115.3787238888889
 30
0.0
 10
167.7795588888889
 20
106.9226405555555
 30
0.0
 10
167.7795588888889
 20
109.1486683333333
 30
0.0
 10
167.7795588888889
 20
109.3662146296296
 30
0.0
 10
167.7795588888889
 20
109.5837609259259
 30
0.0
 10
167.7795588888889
 20
109.8013072222222
 30
0.0
 10
167.7795588888889
 20
110.4257238888889
 30
0.0
 10
167.7795588888889
 20
111.0501405555555
 30
0.0
 10
167.7795588888889
 20
111.6745572222222
 30
0.0
 10
167.7795588888889
 20
114.5003072222222
 30
0.0
 10
167.5043922222222
 20
112.4965294444444
 30
0.0
 10
170.3089755555555
 20
114.0028905555555
 30
0.0
  0
SPLINE
  5
294
330
1F
100
AcDbEntity
  8
DEFAULT
 62
     1
100
AcDbSpline
210
0.0
220
0.0
230
1.0
 70
    11
 71
     3
 72
    20
 73
    16
 74
     0
 42
0.000000001
 43
0.0000000001
 40
1.0
 40
1.0
 40
1.0
 40
1.0
 40
2.0
 40
2.0
 40
2.0
 40
3.0
 40
3.0
 40
3.0
 40
29.45000000000005
 40
29.45000000000005
 40
29.45000000000005
 40
30.45000000000005
 40
30.45000000000005
 40
30.45000000000005
 40
31.45000000000005
 40
31.45000000000005
 40
31.45000000000005
 40
31.45000000000005
 10
155.1395311111111
 20
126.1843072222222
 30
0.0
 10
154.1835033333333
 20
129.5180572222222
 30
0.0
 10
153.8130866666667
 20
130.4776127777778
 30
0.0
 10
156.3530866666667
 20
129.0700294444444
 30
0.0
 10
160.4946977777778
 20
126.7769738888889
 30
0.0
 10
161.2496422222222
 20
129.3169738888889
 30
0.0
 10
161.2496422222222
 20
125.2494461111111
 30
0.0
 10
161.2496422222222
 20
122.139122037037
 30
0.0
 10
161.2496422222222
 20
119.0287979629629
 30
0.0
 10
161.2496422222222
 20
115.9184738888889
 30
0.0
 10
161.2496422222222
 20
115.1882238888889
 30
0.0
 10
159.1682533333333
 20
115.4316405555555
 30
0.0
 10
158.5967533333333
 20
116.472335
 30
0.0
 10
157.2597255555555
 20
118.9029738888889
 30
0.0
 10
155.7956977777778
 20
123.901835
 30
0.0
 10
155.1395311111111
 20
126.1843072222222
 30
0.0
  0
SPLINE
  5
295
330
1F
100
AcDbEntity
  8
DEFAULT
 62
     1
100
AcDbSpline
210
0.0
220
0.0
230
1.0
 70
    11
 71
     3
 72
    17
 73
    13
 74
     0
 42
0.000000001
 43
0.0000000001
 40
1.0
 40
1.0
 40
1.0
 40
1.0
 40
6.310000000000002
 40
6.310000000000002
 40
6.310000000000002
 40
8.160000000000025
 40
8.160000000000025
 40
8.160000000000025
 40
9.160000000000025
 40
9.160000000000025
 40
9.160000000000025
 40
10.16000000000003
 40
10.16000000000003
 40
10.16000000000003
 40
10.16000000000003
 10
161.2496422222222
 20
111.6745572222222
 30
0.0
 10
161.2496422222222
 20
111.0501405555555
 30
0.0
 10
161.2496422222222
 20
110.4257238888889
 30
0.0
 10
161.2496422222222
 20
109.8013072222222
 30
0.0
 10
161.2496422222222
 20
109.5837609259259
 30
0.0
 10
161.2496422222222
 20
109.3662146296296
 30
0.0
 10
161.2496422222222
 20
109.1486683333333
 30
0.0
 10
161.2496422222222
 20
106.9226405555555
 30
0.0
 10
156.1625866666667
 20
115.3787238888889
 30
0.0
 10
158.7202255555555
 20
114.0028905555555
 30
0.0
 10
161.5248088888889
 20
112.4965294444444
 30
0.0
 10
161.2496422222222
 20
114.5003072222222
 30
0.0
 10
161.2496422222222
 20
111.6745572222222
 30
0.0
  0
SPLINE
  5
296
330
1F
100
AcDbEntity
  8
DEFAULT
 62
     1
100
AcDbSpline
210
0.0
220
0.0
230
1.0
 70
    11
 71
     3
 72
    14
 73
    10
 74
     0
 42
0.000000001
 43
0.0000000001
 40
1.0
 40
1.0
 40
1.0
 40
1.0
 40
26.42000000000002
 40
26.42000000000002
 40
26.42000000000002
 40
27.42000000000002
 40
27.42000000000002
 40
27.42000000000002
 40
28.42000000000002
 40
28.42000000000002
 40
28.42000000000002
 40
28.42000000000002
 10
161.2496422222222
 20
168.2706961111111
 30
0.0
 10
161.2496422222222
 20
165.2814924074074
 30
0.0
 10
161.2496422222222
 20
162.2922887037037
 30
0.0
 10
161.2496422222222
 20
159.303085
 30
0.0
 10
161.2496422222222
 20
158.0683627777778
 30
0.0
 10
158.8436977777778
 20
158.3541127777777
 30
0.0
 10
157.6301422222222
 20
159.620585
 30
0.0
 10
156.23667
 20
161.0775572222222
 30
0.0
 10
161.2496422222222
 20
172.3382238888888
 30
0.0
 10
161.2496422222222
 20
168.2706961111111
 30
0.0
  0
SPLINE
  5
297
330
1F
100
AcDbEntity
  8
DEFAULT
 62
     1
100
AcDbSpline
210
0.0
220
0.0
230
1.0
 70
    11
 71
     3
 72
    20
 73
    16
 74
     0
 42
0.000000001
 43
0.0000000001
 40
1.0
 40
1.0
 40
1.0
 40
1.0
 40
2.0
 40
2.0
 40
2.0
 40
3.0
 40
3.0
 40
3.0
 40
29.44999999999999
 40
29.44999999999999
 40
29.44999999999999
 40
30.44999999999999
 40
30.44999999999999
 40
30.44999999999999
 40
31.44999999999999
 40
31.44999999999999
 40
31.44999999999999
 40
31.44999999999999
 10
155.2771144444444
 20
154.8439738888889
 30
0.0
 10
155.50642
 20
158.3047238888889
 30
0.0
 10
156.2296144444445
 20
158.3011961111111
 30
0.0
 10
157.37967
 20
157.588585
 30
0.0
 10
160.3253644444444
 20
155.7576683333333
 30
0.0
 10
161.2496422222222
 20
157.9660572222222
 30
0.0
 10
161.2496422222222
 20
154.2160294444444
 30
0.0
 10
161.2496422222222
 20
151.1057053703703
 30
0.0
 10
161.2496422222222
 20
147.9953812962963
 30
0.0
 10
161.2496422222222
 20
144.8850572222222
 30
0.0
 10
161.2496422222222
 20
143.6468072222222
 30
0.0
 10
156.99867
 20
144.317085
 30
0.0
 10
155.6475311111111
 20
146.9170572222222
 30
0.0
 10
154.7197255555556
 20
148.7056405555555
 30
0.0
 10
155.1218922222222
 20
152.5191683333333
 30
0.0
 10
155.2771144444444
 20
154.8439738888889
 30
0.0
  0
SPLINE
  5
298
330
1F
100
AcDbEntity
  8
DEFAULT
 62
     1
100
AcDbSpline
210
0.0
220
0.0
230
1.0
 70
    11
 71
     3
 72
    20
 73
    16
 74
     0
 42
0.000000001
 43
0.0000000001
 40
1.0
 40
1.0
 40
1.0
 40
1.0
 40
2.0
 40
2.0
 40
2.0
 40
29.04000000000002
 40
29.04000000000002
 40
29.04000000000002
 40
30.04000000000002
 40
30.04000000000002
 40
30.04000000000002
 40
31.04000000000002
 40
31.04000000000002
 40
31.04000000000002
 40
32.04000000000002
 40
32.04000000000002
 40
32.04000000000002
 40
32.04000000000002
 10
156.3530866666667
 20
143.809085
 30
0.0
 10
160.2653922222222
 20
141.142085
 30
0.0
 10
161.2496422222222
 20
144.0560294444444
 30
0.0
 10
161.2496422222222
 20
139.9885016666667
 30
0.0
 10
161.2496422222222
 20
136.808797962963
 30
0.0
 10
161.2496422222222
 20
133.6290942592592
 30
0.0
 10
161.2496422222222
 20
130.4493905555555
 30
0.0
 10
161.2496422222222
 20
129.2111405555555
 30
0.0
 10
156.1449477777778
 20
130.823335
 30
0.0
 10
155.4605588888889
 20
132.1603627777777
 30
0.0
 10
154.1940866666667
 20
134.6298072222222
 30
0.0
 10
154.1129477777778
 20
138.633835
 30
0.0
 10
154.0811977777778
 20
141.0009738888889
 30
0.0
 10
154.0353366666667
 20
144.4687794444444
 30
0.0
 10
154.4163366666666
 20
145.1320016666666
 30
0.0
 10
156.3530866666667
 20
143.809085
 30
0.0
  0
SPLINE
  5
299
330
1F
100
AcDbEntity
  8
DEFAULT
 62
     1
100
AcDbSpline
210
0.0
220
0.0
230
1.0
 70
     8
 71
     3
 72
    17
 73
    13
 74
     0
 42
0.000000001
 43
0.0000000001
 40
0.0
 40
0.0
 40
0.0
 40
0.0
 40
1.0
 40
1.0
 40
1.0
 40
2.0
 40
2.0
 40
2.0
 40
3.0
 40
3.0
 40
3.0
 40
4.0
 40
4.0
 40
4.0
 40
4.0
 10
177.3772311111111
 20
131.8414516666666
 30
0.0
 10
178.5484533333333
 20
130.7266738888889
 30
0.0
 10
171.2000922222222
 20
115.1444794444444
 30
0.0
 10
173.0274811111111
 20
115.1444794444444
 30
0.0
 10
174.8619255555555
 20
115.1444794444444
 30
0.0
 10
167.6758422222222
 20
102.7408127777778
 30
0.0
 10
164.5184811111111
 20
102.7408127777778
 30
0.0
 10
161.36112
 20
102.7408127777778
 30
0.0
 10
154.1785644444444
 20
115.1444794444444
 30
0.0
 10
156.0130088888889
 20
115.1444794444444
 30
0.0
 10
157.8403977777778
 20
115.1444794444444
 30
0.0
 10
150.4779255555555
 20
130.7548961111111
 30
0.0
 10
151.6667866666667
 20
131.8449794444444
 30
0.0
  0
SPLINE
  5
29A
330
1F
100
AcDbEntity
  8
DEFAULT
 62
     1
100
AcDbSpline
210
0.0
220
0.0
230
1.0
 70
     8
 71
     3
 72
   140
 73
   136
 74
     0
 42
0.000000001
 43
0.0000000001
 40
0.0
 40
0.0
 40
0.0
 40
0.0
 40
1.0
 40
1.0
 40
1.0
 40
2.0
 40
2.0
 40
2.0
 40
3.0
 40
3.0
 40
3.0
 40
4.0
 40
4.0
 40
4.0
 40
5.0
 40
5.0
 40
5.0
 40
6.0
 40
6.0
 40
6.0
 40
7.0
 40
7.0
 40
7.0
 40
8.0
 40
8.0
 40
8.0
 40
9.0
 40
9.0
 40
9.0
 40
10.0
 40
10.0
 40
10.0
 40
11.0
 40
11.0
 40
11.0
 40
12.0
 40
12.0
 40
12.0
 40
13.0
 40
13.0
 40
13.0
 40
14.0
 40
14.0
 40
14.0
 40
15.0
 40
15.0
 40
15.0
 40
16.0
 40
16.0
 40
16.0
 40
17.0
 40
17.0
 40
17.0
 40
18.0
 40
18.0
 40
18.0
 40
19.0
 40
19.0
 40
19.0
 40
20.0
 40
20.0
 40
20.0
 40
21.0
 40
21.0
 40
21.0
 40
30.92000000000002
 40
30.92000000000002
 40
30.92000000000002
 40
39.42000000000002
 40
39.42000000000002
 40
39.42000000000002
 40
49.34000000000003
 40
49.34000000000003
 40
49.34000000000003
 40
50.34000000000003
 40
50.34000000000003
 40
50.34000000000003
 40
51.34000000000003
 40
51.34000000000003
 40
51.34000000000003
 40
52.34000000000003
 40
52.34000000000003
 40
52.34000000000003
 40
53.34000000000003
 40
53.34000000000003
 40
53.34000000000003
 40
54.34000000000003
 40
54.34000000000003
 40
54.34000000000003
 40
55.34000000000003
 40
55.34000000000003
 40
55.34000000000003
 40
56.34000000000003
 40
56.34000000000003
 40
56.34000000000003
 40
57.34000000000003
 40
57.34000000000003
 40
57.34000000000003
 40
58.34000000000003
 40
58.34000000000003
 40
58.34000000000003
 40
59.34000000000003
 40
59.34000000000003
 40
59.34000000000003
 40
60.34000000000003
 40
60.34000000000003
 40
60.34000000000003
 40
61.34000000000003
 40
61.34000000000003
 40
61.34000000000003
 40
62.34000000000003
 40
62.34000000000003
 40
62.34000000000003
 40
63.34000000000003
 40
63.34000000000003
 40
63.34000000000003
 40
64.34000000000003
 40
64.34000000000003
 40
64.34000000000003
 40
65.34000000000003
 40
65.34000000000003
 40
65.34000000000003
 40
66.34000000000003
 40
66.34000000000003
 40
66.34000000000003
 40
67.34000000000003
 40
67.34000000000003
 40
67.34000000000003
 40
68.34000000000003
 40
68.34000000000003
 40
68.34000000000003
 40
69.34000000000003
 40
69.34000000000003
 40
69.34000000000003
 40
70.34000000000003
 40
70.34000000000003
 40
70.34000000000003
 40
70.34000000000003
 10
151.99487
 20
131.9755072222222
 30
0.0
 10
153.2084255555556
 20
133.0020905555556
 30
0.0
 10
150.94712
 20
146.1783405555555
 30
0.0
 10
152.2135922222222
 20
146.1783405555555
 30
0.0
 10
153.6987866666666
 20
146.1783405555555
 30
0.0
 10
153.0955366666667
 20
159.9472572222222
 30
0.0
 10
154.5772033333333
 20
159.9472572222222
 30
0.0
 10
155.8930644444444
 20
159.9472572222222
 30
0.0
 10
158.3554533333333
 20
173.095285
 30
0.0
 10
163.0156477777778
 20
173.5009794444444
 30
0.0
 10
163.04387
 20
173.412785
 30
0.0
 10
163.0615088888889
 20
172.6684238888889
 30
0.0
 10
163.0615088888889
 20
171.761785
 30
0.0
 10
163.0615088888889
 20
170.7951738888889
 30
0.0
 10
163.01212
 20
170.2836461111111
 30
0.0
 10
163.01212
 20
170.0120072222222
 30
0.0
 10
163.01212
 20
169.7403683333333
 30
0.0
 10
163.0615088888889
 20
169.2288405555555
 30
0.0
 10
163.0615088888889
 20
168.2622294444444
 30
0.0
 10
163.0615088888889
 20
167.2956183333333
 30
0.0
 10
163.01212
 20
166.7840905555555
 30
0.0
 10
163.01212
 20
166.5124516666666
 30
0.0
 10
163.01212
 20
166.2408127777778
 30
0.0
 10
163.0615088888889
 20
165.729285
 30
0.0
 10
163.0615088888889
 20
164.7626738888889
 30
0.0
 10
163.0615088888889
 20
163.7960627777778
 30
0.0
 10
163.01212
 20
163.284535
 30
0.0
 10
163.01212
 20
163.0128961111111
 30
0.0
 10
163.01212
 20
162.7412572222222
 30
0.0
 10
163.0615088888889
 20
162.2297294444444
 30
0.0
 10
163.0615088888889
 20
161.2631183333333
 30
0.0
 10
163.0615088888889
 20
160.2965072222222
 30
0.0
 10
163.01212
 20
159.7849794444444
 30
0.0
 10
163.01212
 20
159.5133405555555
 30
0.0
 10
163.01212
 20
159.2417016666666
 30
0.0
 10
163.0615088888889
 20
158.7301738888889
 30
0.0
 10
163.0615088888889
 20
157.7635627777778
 30
0.0
 10
163.0615088888889
 20
156.7969516666666
 30
0.0
 10
163.01212
 20
156.2854238888889
 30
0.0
 10
163.01212
 20
156.013785
 30
0.0
 10
163.01212
 20
155.7350905555555
 30
0.0
 10
163.0615088888889
 20
155.2094516666666
 30
0.0
 10
163.0615088888889
 20
154.2146183333333
 30
0.0
 10
163.0615088888889
 20
153.2233127777777
 30
0.0
 10
163.01212
 20
152.6941461111111
 30
0.0
 10
163.01212
 20
152.4154516666667
 30
0.0
 10
163.01212
 20
152.1367572222222
 30
0.0
 10
163.0615088888889
 20
151.6111183333333
 30
0.0
 10
163.0615088888889
 20
150.6198127777778
 30
0.0
 10
163.0615088888889
 20
149.6249794444444
 30
0.0
 10
163.01212
 20
149.0993405555555
 30
0.0
 10
163.01212
 20
148.8206461111111
 30
0.0
 10
163.01212
 20
148.5419516666666
 30
0.0
 10
163.0615088888889
 20
148.0163127777778
 30
0.0
 10
163.0615088888889
 20
147.0214794444444
 30
0.0
 10
163.0615088888889
 20
146.0266461111111
 30
0.0
 10
163.01212
 20
145.5010072222222
 30
0.0
 10
163.01212
 20
145.2223127777778
 30
0.0
 10
163.01212
 20
144.9436183333333
 30
0.0
 10
163.0615088888889
 20
144.4179794444444
 30
0.0
 10
163.0615088888889
 20
143.4231461111111
 30
0.0
 10
163.0615088888889
 20
142.4318405555555
 30
0.0
 10
163.01212
 20
141.9062016666666
 30
0.0
 10
163.01212
 20
141.6275072222222
 30
0.0
 10
163.01212
 20
140.4609887037037
 30
0.0
 10
163.01212
 20
139.2944701851851
 30
0.0
 10
163.01212
 20
138.1279516666666
 30
0.0
 10
164.011657037037
 20
138.1279516666666
 30
0.0
 10
165.0111940740741
 20
138.1279516666666
 30
0.0
 10
166.0107311111111
 20
138.1279516666666
 30
0.0
 10
166.0107311111111
 20
139.2944701851851
 30
0.0
 10
166.0107311111111
 20
140.4609887037037
 30
0.0
 10
166.0107311111111
 20
141.6275072222222
 30
0.0
 10
166.0107311111111
 20
141.9062016666666
 30
0.0
 10
165.9613422222222
 20
142.4318405555555
 30
0.0
 10
165.9613422222222
 20
143.4231461111111
 30
0.0
 10
165.9613422222222
 20
144.4179794444444
 30
0.0
 10
166.0107311111111
 20
144.9436183333333
 30
0.0
 10
166.0107311111111
 20
145.2223127777778
 30
0.0
 10
166.0107311111111
 20
145.5010072222222
 30
0.0
 10
165.9613422222222
 20
146.0266461111111
 30
0.0
 10
165.9613422222222
 20
147.0214794444444
 30
0.0
 10
165.9613422222222
 20
148.0163127777778
 30
0.0
 10
166.0107311111111
 20
148.5419516666666
 30
0.0
 10
166.0107311111111
 20
148.8206461111111
 30
0.0
 10
166.0107311111111
 20
149.0993405555555
 30
0.0
 10
165.9613422222222
 20
149.6249794444444
 30
0.0
 10
165.9613422222222
 20
150.6198127777778
 30
0.0
 10
165.9613422222222
 20
151.6111183333333
 30
0.0
 10
166.0107311111111
 20
152.1367572222222
 30
0.0
 10
166.0107311111111
 20
152.4154516666667
 30
0.0
 10
166.0107311111111
 20
152.6941461111111
 30
0.0
 10
165.9613422222222
 20
153.219785
 30
0.0
 10
165.9613422222222
 20
154.2146183333333
 30
0.0
 10
165.9613422222222
 20
155.2094516666666
 30
0.0
 10
166.0107311111111
 20
155.7350905555555
 30
0.0
 10
166.0107311111111
 20
156.013785
 30
0.0
 10
166.0107311111111
 20
156.2854238888889
 30
0.0
 10
165.9613422222222
 20
156.7969516666666
 30
0.0
 10
165.9613422222222
 20
157.7635627777778
 30
0.0
 10
165.9613422222222
 20
158.7301738888889
 30
0.0
 10
166.0107311111111
 20
159.2417016666666
 30
0.0
 10
166.0107311111111
 20
159.5133405555555
 30
0.0
 10
166.0107311111111
 20
159.7849794444444
 30
0.0
 10
165.9613422222222
 20
160.2965072222222
 30
0.0
 10
165.9613422222222
 20
161.2631183333333
 30
0.0
 10
165.9613422222222
 20
162.2297294444444
 30
0.0
 10
166.0107311111111
 20
162.7412572222222
 30
0.0
 10
166.0107311111111
 20
163.0128961111111
 30
0.0
 10
166.0107311111111
 20
163.284535
 30
0.0
 10
165.9613422222222
 20
163.7960627777778
 30
0.0
 10
165.9613422222222
 20
164.7626738888889
 30
0.0
 10
165.9613422222222
 20
165.729285
 30
0.0
 10
166.0107311111111
 20
166.2408127777778
 30
0.0
 10
166.0107311111111
 20
166.5124516666666
 30
0.0
 10
166.0107311111111
 20
166.7840905555555
 30
0.0
 10
165.9613422222222
 20
167.2956183333333
 30
0.0
 10
165.9613422222222
 20
168.2622294444444
 30
0.0
 10
165.9613422222222
 20
169.2288405555555
 30
0.0
 10
166.0107311111111
 20
169.7403683333333
 30
0.0
 10
166.0107311111111
 20
170.0120072222222
 30
0.0
 10
166.0107311111111
 20
170.2836461111111
 30
0.0
 10
165.9613422222222
 20
170.7951738888889
 30
0.0
 10
165.9613422222222
 20
171.761785
 30
0.0
 10
165.9613422222222
 20
172.6684238888889
 30
0.0
 10
165.9825088888889
 20
173.412785
 30
0.0
 10
166.0072033333333
 20
173.5009794444444
 30
0.0
 10
170.6850366666667
 20
173.1093961111111
 30
0.0
 10
173.1474255555555
 20
159.9472572222222
 30
0.0
 10
174.4632866666666
 20
159.9472572222222
 30
0.0
 10
175.9449533333333
 20
159.9472572222222
 30
0.0
 10
175.3417033333333
 20
146.1783405555555
 30
0.0
 10
176.82337
 20
146.1783405555555
 30
0.0
 10
178.0968977777778
 20
146.1783405555555
 30
0.0
 10
175.8285366666667
 20
132.9773961111111
 30
0.0
 10
177.0491477777778
 20
131.9755072222222
 30
0.0
  0
SPLINE
  5
29B
330
1F
100
AcDbEntity
  8
DEFAULT
 62
     1
100
AcDbSpline
210
0.0
220
0.0
230
1.0
 70
     8
 71
     3
 72
    11
 73
     7
 74
     0
 42
0.000000001
 43
0.0000000001
 40
0.0
 40
0.0
 40
0.0
 40
0.0
 40
1.0
 40
1.0
 40
1.0
 40
2.0
 40
2.0
 40
2.0
 40
2.0
 10
240.4653630555555
 20
25.70497638888889
 30
0.0
 10
241.7635852777777
 20
25.59561527777778
 30
0.0
 10
242.7866408333333
 20
24.53728194444444
 30
0.0
 10
242.7866408333333
 20
23.21436527777778
 30
0.0
 10
242.7866408333333
 20
21.89497638888889
 30
0.0
 10
241.7635852777777
 20
20.83664305555556
 30
0.0
 10
240.4653630555555
 20
20.72728194444445
 30
0.0
  0
SPLINE
  5
29C
330
1F
100
AcDbEntity
  8
DEFAULT
 62
     1
100
AcDbSpline
210
0.0
220
0.0
230
1.0
 70
     8
 71
     3
 72
     8
 73
     4
 74
     0
 42
0.000000001
 43
0.0000000001
 40
0.0
 40
0.0
 40
0.0
 40
0.0
 40
1.0
 40
1.0
 40
1.0
 40
1.0
 10
169.8886408333333
 20
18.21903194444444
 30
0.0
 10
187.5416408333333
 20
18.54005972222222
 30
0.0
 10
222.4595852777778
 20
20.39214305555555
 30
0.0
 10
240.1125852777778
 20
20.71317083333333
 30
0.0
  0
SPLINE
  5
29D
330
1F
100
AcDbEntity
  8
DEFAULT
 62
     1
100
AcDbSpline
210
0.0
220
0.0
230
1.0
 70
     8
 71
     3
 72
    11
 73
     7
 74
     0
 42
0.000000001
 43
0.0000000001
 40
0.0
 40
0.0
 40
0.0
 40
0.0
 40
1.0
 40
1.0
 40
1.0
 40
2.0
 40
2.0
 40
2.0
 40
2.0
 10
169.5358630555555
 20
18.21903194444444
 30
0.0
 10
166.8582797222222
 20
18.26489305555555
 30
0.0
 10
164.7133908333333
 20
20.5120875
 30
0.0
 10
164.7133908333333
 20
23.21436527777778
 30
0.0
 10
164.7133908333333
 20
25.92017083333333
 30
0.0
 10
166.8582797222222
 20
28.16736527777777
 30
0.0
 10
169.5358630555555
 20
28.21322638888889
 30
0.0
  0
SPLINE
  5
29E
330
1F
100
AcDbEntity
  8
DEFAULT
 62
     1
100
AcDbSpline
210
0.0
220
0.0
230
1.0
 70
     8
 71
     3
 72
    11
 73
     7
 74
     0
 42
0.000000001
 43
0.0000000001
 40
0.0
 40
0.0
 40
0.0
 40
0.0
 40
1.0
 40
1.0
 40
1.0
 40
2.0
 40
2.0
 40
2.0
 40
2.0
 10
169.5358630555555
 20
28.2273375
 30
0.0
 10
168.2376408333333
 20
28.33669861111111
 30
0.0
 10
167.2145852777778
 20
29.39503194444444
 30
0.0
 10
167.2145852777778
 20
30.71794861111111
 30
0.0
 10
167.2145852777778
 20
32.03733749999999
 30
0.0
 10
168.2376408333333
 20
33.09567083333333
 30
0.0
 10
169.5358630555555
 20
33.20503194444444
 30
0.0
  0
SPLINE
  5
29F
330
1F
100
AcDbEntity
  8
DEFAULT
 62
     1
100
AcDbSpline
210
0.0
220
0.0
230
1.0
 70
     8
 71
     3
 72
    11
 73
     7
 74
     0
 42
0.000000001
 43
0.0000000001
 40
0.0
 40
0.0
 40
0.0
 40
0.0
 40
1.0
 40
1.0
 40
1.0
 40
2.0
 40
2.0
 40
2.0
 40
2.0
 10
240.4653630555555
 20
25.7190875
 30
0.0
 10
243.1429463888889
 20
25.76494861111111
 30
0.0
 10
245.2878352777777
 20
28.01214305555555
 30
0.0
 10
245.2878352777777
 20
30.71794861111111
 30
0.0
 10
245.2878352777777
 20
33.42022638888889
 30
0.0
 10
243.1429463888889
 20
35.66742083333333
 30
0.0
 10
240.4653630555555
 20
35.71328194444444
 30
0.0
  0
SPLINE
  5
2A0
330
1F
100
AcDbEntity
  8
DEFAULT
 62
     1
100
AcDbSpline
210
0.0
220
0.0
230
1.0
 70
     8
 71
     3
 72
     8
 73
     4
 74
     0
 42
0.000000001
 43
0.0000000001
 40
0.0
 40
0.0
 40
0.0
 40
0.0
 40
1.0
 40
1.0
 40
1.0
 40
1.0
 10
240.1125852777778
 20
25.7190875
 30
0.0
 10
222.4595852777778
 20
26.04011527777777
 30
0.0
 10
187.5416408333333
 20
27.89219861111111
 30
0.0
 10
169.8886408333333
 20
28.21322638888889
 30
0.0
  0
SPLINE
  5
2A1
330
1F
100
AcDbEntity
  8
DEFAULT
 62
     1
100
AcDbSpline
210
0.0
220
0.0
230
1.0
 70
     8
 71
     3
 72
     8
 73
     4
 74
     0
 42
0.000000001
 43
0.0000000001
 40
0.0
 40
0.0
 40
0.0
 40
0.0
 40
1.0
 40
1.0
 40
1.0
 40
1.0
 10
169.8886408333333
 20
33.21914305555556
 30
0.0
 10
187.5416408333333
 20
33.54017083333333
 30
0.0
 10
222.4595852777778
 20
35.39225416666666
 30
0.0
 10
240.1125852777778
 20
35.71328194444444
 30
0.0
  0
POLYLINE
  5
2A2
330
1F
100
AcDbEntity
  8
DEFAULT
 62
     1
100
AcDb2dPolyline
 66
     1
 10
0.0
 20
0.0
 30
0.0
  0
VERTEX
  5
2A3
330
2A2
100
AcDbEntity
  8
DEFAULT
 62
     1
100
AcDbVertex
100
AcDb2dVertex
 10
115.6974233333333
 20
150.4000322222222
 30
0.0
  0
VERTEX
  5
2A4
330
2A2
100
AcDbEntity
  8
DEFAULT
 62
     1
100
AcDbVertex
100
AcDb2dVertex
 10
114.4133122222222
 20
150.7281155555555
 30
0.0
  0
SEQEND
  5
2A5
330
2A2
100
AcDbEntity
  8
DEFAULT
 62
     1
  0
POLYLINE
  5
2A6
330
1F
100
AcDbEntity
  8
DEFAULT
 62
     1
100
AcDb2dPolyline
 66
     1
 10
0.0
 20
0.0
 30
0.0
  0
VERTEX
  5
2A7
330
2A6
100
AcDbEntity
  8
DEFAULT
 62
     1
100
AcDbVertex
100
AcDb2dVertex
 10
114.0746455555556
 20
150.8127822222223
 30
0.0
  0
VERTEX
  5
2A8
330
2A6
100
AcDbEntity
  8
DEFAULT
 62
     1
100
AcDbVertex
100
AcDb2dVertex
 10
112.7905344444445
 20
151.1408655555556
 30
0.0
  0
SEQEND
  5
2A9
330
2A6
100
AcDbEntity
  8
DEFAULT
 62
     1
  0
POLYLINE
  5
2AA
330
1F
100
AcDbEntity
  8
DEFAULT
 62
     1
100
AcDb2dPolyline
 66
     1
 10
0.0
 20
0.0
 30
0.0
  0
VERTEX
  5
2AB
330
2AA
100
AcDbEntity
  8
DEFAULT
 62
     1
100
AcDbVertex
100
AcDb2dVertex
 10
92.14597888888888
 20
142.7341711111111
 30
0.0
  0
VERTEX
  5
2AC
330
2AA
100
AcDbEntity
  8
DEFAULT
 62
     1
100
AcDbVertex
100
AcDb2dVertex
 10
92.14597888888888
 20
144.0606155555555
 30
0.0
  0
SEQEND
  5
2AD
330
2AA
100
AcDbEntity
  8
DEFAULT
 62
     1
  0
POLYLINE
  5
2AE
330
1F
100
AcDbEntity
  8
DEFAULT
 62
     1
100
AcDb2dPolyline
 66
     1
 10
0.0
 20
0.0
 30
0.0
  0
VERTEX
  5
2AF
330
2AE
100
AcDbEntity
  8
DEFAULT
 62
     1
100
AcDbVertex
100
AcDb2dVertex
 10
92.14597888888888
 20
141.0620044444444
 30
0.0
  0
VERTEX
  5
2B0
330
2AE
100
AcDbEntity
  8
DEFAULT
 62
     1
100
AcDbVertex
100
AcDb2dVertex
 10
92.14597888888888
 20
142.3849211111111
 30
0.0
  0
SEQEND
  5
2B1
330
2AE
100
AcDbEntity
  8
DEFAULT
 62
     1
  0
SPLINE
  5
2B2
330
1F
100
AcDbEntity
  8
DEFAULT
 62
     1
100
AcDbSpline
210
0.0
220
0.0
230
1.0
 70
     8
 71
     3
 72
    50
 73
    46
 74
     0
 42
0.000000001
 43
0.0000000001
 40
0.0
 40
0.0
 40
0.0
 40
0.0
 40
3.766616518840197
 40
3.766616518840197
 40
3.766616518840197
 40
13.69369564615656
 40
13.69369564615656
 40
13.69369564615656
 40
14.69369564615656
 40
14.69369564615656
 40
14.69369564615656
 40
15.69369564615656
 40
15.69369564615656
 40
15.69369564615656
 40
16.69369564615656
 40
16.69369564615656
 40
16.69369564615656
 40
17.69369564615656
 40
17.69369564615656
 40
17.69369564615656
 40
18.69369564615656
 40
18.69369564615656
 40
18.69369564615656
 40
19.69369564615656
 40
19.69369564615656
 40
19.69369564615656
 40
20.69369564615656
 40
20.69369564615656
 40
20.69369564615656
 40
21.69369564615656
 40
21.69369564615656
 40
21.69369564615656
 40
22.69369564615656
 40
22.69369564615656
 40
22.69369564615656
 40
23.69369564615656
 40
23.69369564615656
 40
23.69369564615656
 40
24.69369564615656
 40
24.69369564615656
 40
24.69369564615656
 40
34.61370068647788
 40
34.61370068647788
 40
34.61370068647788
 40
38.34370068647784
 40
38.34370068647784
 40
38.34370068647784
 40
38.34370068647784
 10
112.6811733333333
 20
143.9441988888889
 30
0.0
 10
113.1103862962963
 20
143.8348377777778
 30
0.0
 10
113.5395992592592
 20
143.7254766666667
 30
0.0
 10
113.9688122222222
 20
143.6161155555556
 30
0.0
 10
114.2569140740741
 20
144.7473562962963
 30
0.0
 10
114.5450159259259
 20
145.878597037037
 30
0.0
 10
114.8331177777778
 20
147.0098377777778
 30
0.0
 10
114.9001455555556
 20
147.2744211111111
 30
0.0
 10
114.9742288888889
 20
147.7788933333333
 30
0.0
 10
115.2141177777778
 20
148.7172822222222
 30
0.0
 10
115.4540066666667
 20
149.6380322222222
 30
0.0
 10
115.6656733333333
 20
150.3823933333333
 30
0.0
 10
115.6974233333333
 20
150.4000322222222
 30
0.0
 10
117.02034
 20
149.8108933333333
 30
0.0
 10
117.7752844444444
 20
148.8054766666666
 30
0.0
 10
118.13159
 20
147.5989766666667
 30
0.0
 10
119.2992844444444
 20
143.6125877777778
 30
0.0
 10
116.0607844444444
 20
137.4671988888889
 30
0.0
 10
114.41684
 20
137.1426433333333
 30
0.0
 10
112.5259511111111
 20
136.7722266666667
 30
0.0
 10
114.2333955555555
 20
133.4949211111111
 30
0.0
 10
111.21009
 20
136.0596155555555
 30
0.0
 10
109.9965344444444
 20
137.0967822222222
 30
0.0
 10
109.4116288888889
 20
134.7455183333333
 30
0.0
 10
107.8869233333333
 20
136.4935322222222
 30
0.0
 10
107.1887761111111
 20
137.293985
 30
0.0
 10
101.97084
 20
137.8411433333333
 30
0.0
 10
97.74103444444442
 20
137.5589211111111
 30
0.0
 10
95.64906222222223
 20
137.4213377777778
 30
0.0
 10
94.28734
 20
137.5236433333333
 30
0.0
 10
93.43008999999999
 20
137.9928377777778
 30
0.0
 10
92.47759
 20
138.5149488888889
 30
0.0
 10
92.14950666666667
 20
139.48156
 30
0.0
 10
92.14597888888889
 20
141.0620044444444
 30
0.0
 10
92.14597888888889
 20
141.0902266666667
 30
0.0
 10
92.93267333333333
 20
141.1113933333333
 30
0.0
 10
93.89928444444443
 20
141.1149211111111
 30
0.0
 10
94.86236777777778
 20
141.1149211111111
 30
0.0
 10
95.37742333333333
 20
141.0655322222222
 30
0.0
 10
95.64553444444444
 20
141.0655322222222
 30
0.0
 10
96.81205296296297
 20
141.0667081481481
 30
0.0
 10
97.97857148148148
 20
141.0678840740741
 30
0.0
 10
99.14509
 20
141.06906
 30
0.0
 10
99.14509
 20
141.5076803703704
 30
0.0
 10
99.14509
 20
141.9463007407407
 30
0.0
 10
99.14509
 20
142.3849211111111
 30
0.0
  0
SPLINE
  5
2B3
330
1F
100
AcDbEntity
  8
DEFAULT
 62
     1
100
AcDbSpline
210
0.0
220
0.0
230
1.0
 70
     8
 71
     3
 72
    44
 73
    40
 74
     0
 42
0.000000001
 43
0.0000000001
 40
0.0
 40
0.0
 40
0.0
 40
0.0
 40
3.779999999999973
 40
3.779999999999973
 40
3.779999999999973
 40
13.70000504032129
 40
13.70000504032129
 40
13.70000504032129
 40
14.70000504032129
 40
14.70000504032129
 40
14.70000504032129
 40
15.70000504032129
 40
15.70000504032129
 40
15.70000504032129
 40
16.70000504032129
 40
16.70000504032129
 40
16.70000504032129
 40
17.70000504032129
 40
17.70000504032129
 40
17.70000504032129
 40
18.70000504032129
 40
18.70000504032129
 40
18.70000504032129
 40
19.70000504032129
 40
19.70000504032129
 40
19.70000504032129
 40
20.70000504032129
 40
20.70000504032129
 40
20.70000504032129
 40
21.70000504032129
 40
21.70000504032129
 40
21.70000504032129
 40
22.70000504032129
 40
22.70000504032129
 40
22.70000504032129
 40
32.6149281363417
 40
32.6149281363417
 40
32.6149281363417
 40
36.35000511011341
 40
36.35000511011341
 40
36.35000511011341
 40
36.35000511011341
 10
99.14509
 20
142.7341711111111
 30
0.0
 10
99.14509
 20
143.1786711111111
 30
0.0
 10
99.14509
 20
143.6231711111111
 30
0.0
 10
99.14509
 20
144.0676711111111
 30
0.0
 10
97.97857148148148
 20
144.0664951851852
 30
0.0
 10
96.81205296296297
 20
144.0653192592592
 30
0.0
 10
95.64553444444444
 20
144.0641433333333
 30
0.0
 10
95.37036777777777
 20
144.0641433333333
 30
0.0
 10
94.86236777777778
 20
144.0147544444444
 30
0.0
 10
93.89575666666666
 20
144.0112266666667
 30
0.0
 10
92.93620111111109
 20
144.0112266666667
 30
0.0
 10
92.15656222222222
 20
144.0394488888889
 30
0.0
 10
92.14597888888889
 20
144.0606155555555
 30
0.0
 10
92.1424511111111
 20
145.4999488888889
 30
0.0
 10
92.42114555555555
 20
146.33956
 30
0.0
 10
93.25722888888889
 20
146.8122822222222
 30
0.0
 10
94.16386777777777
 20
147.32381
 30
0.0
 10
95.72667333333332
 20
147.4084766666666
 30
0.0
 10
98.30195111111111
 20
147.3731988888889
 30
0.0
 10
102.22484
 20
147.3167544444444
 30
0.0
 10
106.6345622222222
 20
147.4896155555556
 30
0.0
 10
107.5129788888889
 20
146.8581433333333
 30
0.0
 10
108.0738955555556
 20
146.4489211111111
 30
0.0
 10
108.63834
 20
148.6749488888889
 30
0.0
 10
109.7707566666667
 20
150.2236433333333
 30
0.0
 10
110.3563677777778
 20
151.0209211111111
 30
0.0
 10
111.2806455555555
 20
151.5218655555555
 30
0.0
 10
112.7905344444444
 20
151.1408655555555
 30
0.0
 10
112.8152288888889
 20
151.13381
 30
0.0
 10
112.6423677777778
 20
150.3682822222222
 30
0.0
 10
112.4060066666667
 20
149.4334211111111
 30
0.0
 10
112.1661177777778
 20
148.49856
 30
0.0
 10
111.9967844444444
 20
148.0117266666666
 30
0.0
 10
111.9262288888889
 20
147.7471433333333
 30
0.0
 10
111.639302962963
 20
146.6170785185185
 30
0.0
 10
111.352377037037
 20
145.4870137037037
 30
0.0
 10
111.0654511111111
 20
144.3569488888889
 30
0.0
 10
111.4911362962963
 20
144.2487637037037
 30
0.0
 10
111.9168214814815
 20
144.1405785185185
 30
0.0
 10
112.3425066666667
 20
144.0323933333333
 30
0.0
  0
SPLINE
  5
2B4
330
1F
100
AcDbEntity
  8
DEFAULT
 62
    18
100
AcDbSpline
210
0.0
220
0.0
230
1.0
 70
     8
 71
     3
 72
    17
 73
    13
 74
     0
 42
0.000000001
 43
0.0000000001
 40
0.0
 40
0.0
 40
0.0
 40
0.0
 40
2.363
 40
2.363
 40
2.363
 40
3.363
 40
3.363
 40
3.363
 40
4.363
 40
4.363
 40
4.363
 40
5.363
 40
5.363
 40
5.363
 40
5.363
 10
100.7880466666667
 20
142.1612952777778
 30
0.0
 10
101.065917962963
 20
142.1612952777778
 30
0.0
 10
101.3437892592593
 20
142.1612952777778
 30
0.0
 10
101.6216605555556
 20
142.1612952777778
 30
0.0
 10
101.8555522222222
 20
142.1612952777778
 30
0.0
 10
102.0531077777778
 20
142.2614841666667
 30
0.0
 10
102.0531077777778
 20
142.5486452777778
 30
0.0
 10
102.0531077777778
 20
142.7458480555555
 30
0.0
 10
101.9335161111111
 20
142.9017758333333
 30
0.0
 10
101.7895827777778
 20
142.9568091666667
 30
0.0
 10
101.7535994444444
 20
142.9744480555555
 30
0.0
 10
101.7144411111111
 20
142.9779758333333
 30
0.0
 10
101.6636411111111
 20
142.9779758333333
 30
0.0
  0
POLYLINE
  5
2B5
330
1F
100
AcDbEntity
  8
DEFAULT
 62
    18
100
AcDb2dPolyline
 66
     1
 10
0.0
 20
0.0
 30
0.0
  0
VERTEX
  5
2B6
330
2B5
100
AcDbEntity
  8
DEFAULT
 62
    18
100
AcDbVertex
100
AcDb2dVertex
 10
100.7880466666667
 20
142.9778347222222
 30
0.0
  0
VERTEX
  5
2B7
330
2B5
100
AcDbEntity
  8
DEFAULT
 62
    18
100
AcDbVertex
100
AcDb2dVertex
 10
102.9167077777778
 20
142.9778347222222
 30
0.0
  0
SEQEND
  5
2B8
330
2B5
100
AcDbEntity
  8
DEFAULT
 62
    18
  0
SPLINE
  5
2B9
330
1F
100
AcDbEntity
  8
DEFAULT
 62
    18
100
AcDbSpline
210
0.0
220
0.0
230
1.0
 70
     8
 71
     3
 72
    29
 73
    25
 74
     0
 42
0.000000001
 43
0.0000000001
 40
0.0
 40
0.0
 40
0.0
 40
0.0
 40
1.0
 40
1.0
 40
1.0
 40
2.0
 40
2.0
 40
2.0
 40
3.0
 40
3.0
 40
3.0
 40
4.0
 40
4.0
 40
4.0
 40
5.0
 40
5.0
 40
5.0
 40
6.0
 40
6.0
 40
6.0
 40
7.0
 40
7.0
 40
7.0
 40
8.0
 40
8.0
 40
8.0
 40
8.0
 10
111.2921813888889
 20
141.4315038888889
 30
0.0
 10
111.3951925
 20
141.5211094444444
 30
0.0
 10
111.6400202777778
 20
141.5518011111111
 30
0.0
 10
111.8488647222222
 20
141.4988844444444
 30
0.0
 10
112.1829452777778
 20
141.4135122222222
 30
0.0
 10
112.3593341666667
 20
141.10589
 30
0.0
 10
112.2767841666667
 20
140.7816872222222
 30
0.0
 10
112.1758897222222
 20
140.385165
 30
0.0
 10
111.8206425
 20
140.2362927777778
 30
0.0
 10
111.5116091666667
 20
140.3149622222222
 30
0.0
 10
111.2777175
 20
140.3745816666667
 30
0.0
 10
111.1179091666666
 20
140.5287455555555
 30
0.0
 10
111.0840425
 20
140.6402233333333
 30
0.0
 10
111.1150869444444
 20
140.740765
 30
0.0
 10
111.3740258333333
 20
141.7528844444444
 30
0.0
 10
111.3740258333333
 20
141.7528844444444
 30
0.0
 10
111.4562230555555
 20
142.0756761111111
 30
0.0
 10
111.5631147222222
 20
142.2587677777778
 30
0.0
 10
111.7141036111111
 20
142.3501372222222
 30
0.0
 10
111.8668563888889
 20
142.4471511111111
 30
0.0
 10
112.0510063888889
 20
142.4436233333333
 30
0.0
 10
112.2069341666667
 20
142.4041122222222
 30
0.0
 10
112.3554536111111
 20
142.3660122222222
 30
0.0
 10
112.5085591666667
 20
142.283815
 30
0.0
 10
112.5889925
 20
142.1829205555555
 30
0.0
  0
POLYLINE
  5
2BA
330
1F
100
AcDbEntity
  8
DEFAULT
 62
     1
100
AcDb2dPolyline
 66
     1
 10
0.0
 20
0.0
 30
0.0
  0
VERTEX
  5
2BB
330
2BA
100
AcDbEntity
  8
DEFAULT
 62
     1
100
AcDbVertex
100
AcDb2dVertex
 10
25.58739555555557
 20
150.7281155555555
 30
0.0
  0
VERTEX
  5
2BC
330
2BA
100
AcDbEntity
  8
DEFAULT
 62
     1
100
AcDbVertex
100
AcDb2dVertex
 10
24.30328444444444
 20
150.4000322222222
 30
0.0
  0
SEQEND
  5
2BD
330
2BA
100
AcDbEntity
  8
DEFAULT
 62
     1
  0
POLYLINE
  5
2BE
330
1F
100
AcDbEntity
  8
DEFAULT
 62
     1
100
AcDb2dPolyline
 66
     1
 10
0.0
 20
0.0
 30
0.0
  0
VERTEX
  5
2BF
330
2BE
100
AcDbEntity
  8
DEFAULT
 62
     1
100
AcDbVertex
100
AcDb2dVertex
 10
27.21017333333334
 20
151.1408655555555
 30
0.0
  0
VERTEX
  5
2C0
330
2BE
100
AcDbEntity
  8
DEFAULT
 62
     1
100
AcDbVertex
100
AcDb2dVertex
 10
25.92606222222222
 20
150.8127822222222
 30
0.0
  0
SEQEND
  5
2C1
330
2BE
100
AcDbEntity
  8
DEFAULT
 62
     1
  0
POLYLINE
  5
2C2
330
1F
100
AcDbEntity
  8
DEFAULT
 62
     1
100
AcDb2dPolyline
 66
     1
 10
0.0
 20
0.0
 30
0.0
  0
VERTEX
  5
2C3
330
2C2
100
AcDbEntity
  8
DEFAULT
 62
     1
100
AcDbVertex
100
AcDb2dVertex
 10
47.85472888888888
 20
142.7341711111111
 30
0.0
  0
VERTEX
  5
2C4
330
2C2
100
AcDbEntity
  8
DEFAULT
 62
     1
100
AcDbVertex
100
AcDb2dVertex
 10
47.85472888888888
 20
144.0606155555555
 30
0.0
  0
SEQEND
  5
2C5
330
2C2
100
AcDbEntity
  8
DEFAULT
 62
     1
  0
POLYLINE
  5
2C6
330
1F
100
AcDbEntity
  8
DEFAULT
 62
     1
100
AcDb2dPolyline
 66
     1
 10
0.0
 20
0.0
 30
0.0
  0
VERTEX
  5
2C7
330
2C6
100
AcDbEntity
  8
DEFAULT
 62
     1
100
AcDbVertex
100
AcDb2dVertex
 10
47.85472888888888
 20
141.0620044444444
 30
0.0
  0
VERTEX
  5
2C8
330
2C6
100
AcDbEntity
  8
DEFAULT
 62
     1
100
AcDbVertex
100
AcDb2dVertex
 10
47.85472888888888
 20
142.3849211111111
 30
0.0
  0
SEQEND
  5
2C9
330
2C6
100
AcDbEntity
  8
DEFAULT
 62
     1
  0
SPLINE
  5
2CA
330
1F
100
AcDbEntity
  8
DEFAULT
 62
     1
100
AcDbSpline
210
0.0
220
0.0
230
1.0
 70
     8
 71
     3
 72
    50
 73
    46
 74
     0
 42
0.000000001
 43
0.0000000001
 40
0.0
 40
0.0
 40
0.0
 40
0.0
 40
3.730000000000018
 40
3.730000000000018
 40
3.730000000000018
 40
13.65000504032132
 40
13.65000504032132
 40
13.65000504032132
 40
14.65000504032132
 40
14.65000504032132
 40
14.65000504032132
 40
15.65000504032132
 40
15.65000504032132
 40
15.65000504032132
 40
16.65000504032132
 40
16.65000504032132
 40
16.65000504032132
 40
17.65000504032132
 40
17.65000504032132
 40
17.65000504032132
 40
18.65000504032132
 40
18.65000504032132
 40
18.65000504032132
 40
19.65000504032132
 40
19.65000504032132
 40
19.65000504032132
 40
20.65000504032132
 40
20.65000504032132
 40
20.65000504032132
 40
21.65000504032132
 40
21.65000504032132
 40
21.65000504032132
 40
22.65000504032132
 40
22.65000504032132
 40
22.65000504032132
 40
23.65000504032132
 40
23.65000504032132
 40
23.65000504032132
 40
24.65000504032132
 40
24.65000504032132
 40
24.65000504032132
 40
34.57708416763768
 40
34.57708416763768
 40
34.57708416763768
 40
38.3437006864779
 40
38.3437006864779
 40
38.3437006864779
 40
38.3437006864779
 10
40.85561777777777
 20
142.3849211111111
 30
0.0
 10
40.85561777777777
 20
141.9463007407407
 30
0.0
 10
40.85561777777777
 20
141.5076803703703
 30
0.0
 10
40.85561777777777
 20
141.06906
 30
0.0
 10
42.02213629629629
 20
141.067884074074
 30
0.0
 10
43.18865481481481
 20
141.0667081481481
 30
0.0
 10
44.35517333333333
 20
141.0655322222222
 30
0.0
 10
44.62328444444444
 20
141.0655322222222
 30
0.0
 10
45.13834
 20
141.1149211111111
 30
0.0
 10
46.10142333333332
 20
141.1149211111111
 30
0.0
 10
47.06803444444444
 20
141.1113933333333
 30
0.0
 10
47.85472888888888
 20
141.0902266666666
 30
0.0
 10
47.85472888888888
 20
141.0620044444444
 30
0.0
 10
47.85120111111111
 20
139.48156
 30
0.0
 10
47.52311777777777
 20
138.5149488888889
 30
0.0
 10
46.57061777777778
 20
137.9928377777778
 30
0.0
 10
45.71336777777777
 20
137.5236433333333
 30
0.0
 10
44.35164555555555
 20
137.4213377777778
 30
0.0
 10
42.25967333333333
 20
137.5589211111111
 30
0.0
 10
38.02986777777777
 20
137.8411433333333
 30
0.0
 10
33.00948722222222
 20
137.5832627777778
 30
0.0
 10
32.31133999999999
 20
136.78281
 30
0.0
 10
30.78663444444444
 20
135.0347961111111
 30
0.0
 10
30.00770111111111
 20
137.0967822222222
 30
0.0
 10
28.79061777777778
 20
136.0596155555555
 30
0.0
 10
25.76731222222222
 20
133.4949211111111
 30
0.0
 10
27.47475666666667
 20
136.7722266666666
 30
0.0
 10
25.58386777777777
 20
137.1426433333333
 30
0.0
 10
23.93992333333333
 20
137.4671988888889
 30
0.0
 10
20.70142333333333
 20
143.6125877777778
 30
0.0
 10
21.86911777777777
 20
147.5989766666666
 30
0.0
 10
22.22542333333333
 20
148.8054766666666
 30
0.0
 10
22.98036777777778
 20
149.8108933333333
 30
0.0
 10
24.30328444444444
 20
150.4000322222222
 30
0.0
 10
24.33503444444444
 20
150.3823933333333
 30
0.0
 10
24.55022888888889
 20
149.6380322222222
 30
0.0
 10
24.78659
 20
148.7172822222222
 30
0.0
 10
25.02647888888889
 20
147.7788933333333
 30
0.0
 10
25.10056222222222
 20
147.2744211111111
 30
0.0
 10
25.16759
 20
147.0098377777778
 30
0.0
 10
25.45569185185185
 20
145.878597037037
 30
0.0
 10
25.7437937037037
 20
144.7473562962963
 30
0.0
 10
26.03189555555555
 20
143.6161155555556
 30
0.0
 10
26.46110851851852
 20
143.7254766666667
 30
0.0
 10
26.89032148148148
 20
143.8348377777778
 30
0.0
 10
27.31953444444445
 20
143.9441988888889
 30
0.0
  0
SPLINE
  5
2CB
330
1F
100
AcDbEntity
  8
DEFAULT
 62
     1
100
AcDbSpline
210
0.0
220
0.0
230
1.0
 70
     8
 71
     3
 72
    44
 73
    40
 74
     0
 42
0.000000001
 43
0.0000000001
 40
0.0
 40
0.0
 40
0.0
 40
0.0
 40
3.735076973771726
 40
3.735076973771726
 40
3.735076973771726
 40
13.6500000697923
 40
13.6500000697923
 40
13.6500000697923
 40
14.6500000697923
 40
14.6500000697923
 40
14.6500000697923
 40
15.6500000697923
 40
15.6500000697923
 40
15.6500000697923
 40
16.6500000697923
 40
16.6500000697923
 40
16.6500000697923
 40
17.6500000697923
 40
17.6500000697923
 40
17.6500000697923
 40
18.6500000697923
 40
18.6500000697923
 40
18.6500000697923
 40
19.6500000697923
 40
19.6500000697923
 40
19.6500000697923
 40
20.6500000697923
 40
20.6500000697923
 40
20.6500000697923
 40
21.6500000697923
 40
21.6500000697923
 40
21.6500000697923
 40
22.6500000697923
 40
22.6500000697923
 40
22.6500000697923
 40
32.58000510503776
 40
32.58000510503776
 40
32.58000510503776
 40
36.36000510503779
 40
36.36000510503779
 40
36.36000510503779
 40
36.36000510503779
 10
27.6582011111111
 20
144.0323933333333
 30
0.0
 10
28.08388629629629
 20
144.1405785185185
 30
0.0
 10
28.50957148148147
 20
144.2487637037036
 30
0.0
 10
28.93525666666666
 20
144.3569488888888
 30
0.0
 10
28.64833074074073
 20
145.4870137037036
 30
0.0
 10
28.36140481481482
 20
146.6170785185185
 30
0.0
 10
28.07447888888889
 20
147.7471433333333
 30
0.0
 10
28.00745111111111
 20
148.0117266666666
 30
0.0
 10
27.83459
 20
148.49856
 30
0.0
 10
27.59470111111111
 20
149.4334211111111
 30
0.0
 10
27.35834
 20
150.3682822222222
 30
0.0
 10
27.18547888888889
 20
151.13381
 30
0.0
 10
27.21017333333333
 20
151.1408655555555
 30
0.0
 10
28.72006222222222
 20
151.5218655555555
 30
0.0
 10
29.64434
 20
151.0209211111111
 30
0.0
 10
30.22995111111111
 20
150.2236433333333
 30
0.0
 10
31.36236777777778
 20
148.6749488888889
 30
0.0
 10
31.93034
 20
146.4489211111111
 30
0.0
 10
32.48772888888889
 20
146.8581433333333
 30
0.0
 10
33.36614555555555
 20
147.4896155555556
 30
0.0
 10
37.77586777777778
 20
147.3167544444444
 30
0.0
 10
41.69875666666666
 20
147.3731988888889
 30
0.0
 10
44.27403444444445
 20
147.4084766666666
 30
0.0
 10
45.83684
 20
147.32381
 30
0.0
 10
46.74347888888889
 20
146.8122822222222
 30
0.0
 10
47.57956222222221
 20
146.33956
 30
0.0
 10
47.85825666666666
 20
145.4999488888889
 30
0.0
 10
47.85472888888889
 20
144.0606155555555
 30
0.0
 10
47.84414555555555
 20
144.0394488888889
 30
0.0
 10
47.06450666666667
 20
144.0112266666667
 30
0.0
 10
46.10495111111111
 20
144.0112266666667
 30
0.0
 10
45.13834
 20
144.0147544444444
 30
0.0
 10
44.63034
 20
144.0641433333333
 30
0.0
 10
44.35870111111111
 20
144.0641433333333
 30
0.0
 10
43.19100666666666
 20
144.0653192592592
 30
0.0
 10
42.02331222222222
 20
144.0664951851852
 30
0.0
 10
40.85561777777777
 20
144.0676711111111
 30
0.0
 10
40.85561777777777
 20
143.6231711111111
 30
0.0
 10
40.85561777777777
 20
143.1786711111111
 30
0.0
 10
40.85561777777777
 20
142.7341711111111
 30
0.0
  0
SPLINE
  5
2CC
330
1F
100
AcDbEntity
  8
DEFAULT
 62
    18
100
AcDbSpline
210
0.0
220
0.0
230
1.0
 70
     8
 71
     3
 72
    17
 73
    13
 74
     0
 42
0.000000001
 43
0.0000000001
 40
0.0
 40
0.0
 40
0.0
 40
0.0
 40
2.363
 40
2.363
 40
2.363
 40
3.363
 40
3.363
 40
3.363
 40
4.363
 40
4.363
 40
4.363
 40
5.363
 40
5.363
 40
5.363
 40
5.363
 10
39.2126611111111
 20
142.9777994444444
 30
0.0
 10
38.93478981481481
 20
142.9777994444444
 30
0.0
 10
38.65691851851852
 20
142.9777994444444
 30
0.0
 10
38.37904722222222
 20
142.9777994444444
 30
0.0
 10
38.14515555555555
 20
142.9777994444444
 30
0.0
 10
37.94759999999999
 20
142.8776105555555
 30
0.0
 10
37.94759999999999
 20
142.5904494444444
 30
0.0
 10
37.94759999999999
 20
142.3932466666667
 30
0.0
 10
38.06719166666666
 20
142.2373188888889
 30
0.0
 10
38.211125
 20
142.1819327777778
 30
0.0
 10
38.24710833333333
 20
142.1646466666666
 30
0.0
 10
38.28591388888889
 20
142.1611188888889
 30
0.0
 10
38.33706666666667
 20
142.1611188888889
 30
0.0
  0
POLYLINE
  5
2CD
330
1F
100
AcDbEntity
  8
DEFAULT
 62
    18
100
AcDb2dPolyline
 66
     1
 10
0.0
 20
0.0
 30
0.0
  0
VERTEX
  5
2CE
330
2CD
100
AcDbEntity
  8
DEFAULT
 62
    18
100
AcDbVertex
100
AcDb2dVertex
 10
39.2126611111111
 20
142.16126
 30
0.0
  0
VERTEX
  5
2CF
330
2CD
100
AcDbEntity
  8
DEFAULT
 62
    18
100
AcDbVertex
100
AcDb2dVertex
 10
37.084
 20
142.16126
 30
0.0
  0
SEQEND
  5
2D0
330
2CD
100
AcDbEntity
  8
DEFAULT
 62
    18
  0
SPLINE
  5
2D1
330
1F
100
AcDbEntity
  8
DEFAULT
 62
    18
100
AcDbSpline
210
0.0
220
0.0
230
1.0
 70
     8
 71
     3
 72
    29
 73
    25
 74
     0
 42
0.000000001
 43
0.0000000001
 40
0.0
 40
0.0
 40
0.0
 40
0.0
 40
1.0
 40
1.0
 40
1.0
 40
2.0
 40
2.0
 40
2.0
 40
3.0
 40
3.0
 40
3.0
 40
4.0
 40
4.0
 40
4.0
 40
5.0
 40
5.0
 40
5.0
 40
6.0
 40
6.0
 40
6.0
 40
7.0
 40
7.0
 40
7.0
 40
8.0
 40
8.0
 40
8.0
 40
8.0
 10
27.63438861111111
 20
141.1576777777778
 30
0.0
 10
27.68166083333333
 20
141.2857361111111
 30
0.0
 10
27.88203861111111
 20
141.4300222222222
 30
0.0
 10
28.09088305555555
 20
141.4832916666666
 30
0.0
 10
28.42496361111111
 20
141.5683111111111
 30
0.0
 10
28.72729416666666
 20
141.38275
 30
0.0
 10
28.80984416666666
 20
141.0585472222222
 30
0.0
 10
28.91109138888888
 20
140.662025
 30
0.0
 10
28.67049694444444
 20
140.3611055555556
 30
0.0
 10
28.36146361111111
 20
140.2824361111111
 30
0.0
 10
28.12757194444444
 20
140.2228166666667
 30
0.0
 10
27.91343583333333
 20
140.2817305555556
 30
0.0
 10
27.83053305555555
 20
140.363575
 30
0.0
 10
27.80971916666666
 20
140.4665861111111
 30
0.0
 10
27.55254416666666
 20
141.4790583333333
 30
0.0
 10
27.55254416666666
 20
141.4790583333333
 30
0.0
 10
27.47034694444444
 20
141.80185
 30
0.0
 10
27.47599138888889
 20
142.0135166666666
 30
0.0
 10
27.56524416666666
 20
142.1662694444444
 30
0.0
 10
27.65273305555555
 20
142.3246666666666
 30
0.0
 10
27.81606916666666
 20
142.4096861111111
 30
0.0
 10
27.97199694444444
 20
142.44955
 30
0.0
 10
28.12051638888888
 20
142.4872972222222
 30
0.0
 10
28.29443583333333
 20
142.4883555555555
 30
0.0
 10
28.41332194444444
 20
142.4382611111111
 30
0.0
  0
SPLINE
  5
2D2
330
1F
100
AcDbEntity
  8
DEFAULT
 62
     1
100
AcDbSpline
210
0.0
220
0.0
230
1.0
 70
     8
 71
     3
 72
    62
 73
    58
 74
     0
 42
0.000000001
 43
0.0000000001
 40
0.0
 40
0.0
 40
0.0
 40
0.0
 40
3.759999999999991
 40
3.759999999999991
 40
3.759999999999991
 40
13.67000000000002
 40
13.67000000000002
 40
13.67000000000002
 40
14.67000000000002
 40
14.67000000000002
 40
14.67000000000002
 40
15.67000000000002
 40
15.67000000000002
 40
15.67000000000002
 40
16.67000000000002
 40
16.67000000000002
 40
16.67000000000002
 40
17.67000000000002
 40
17.67000000000002
 40
17.67000000000002
 40
18.67000000000002
 40
18.67000000000002
 40
18.67000000000002
 40
19.67000000000002
 40
19.67000000000002
 40
19.67000000000002
 40
20.67000000000002
 40
20.67000000000002
 40
20.67000000000002
 40
21.67000000000002
 40
21.67000000000002
 40
21.67000000000002
 40
22.67000000000002
 40
22.67000000000002
 40
22.67000000000002
 40
23.67000000000002
 40
23.67000000000002
 40
23.67000000000002
 40
24.67000000000002
 40
24.67000000000002
 40
24.67000000000002
 40
25.67000000000002
 40
25.67000000000002
 40
25.67000000000002
 40
26.67000000000002
 40
26.67000000000002
 40
26.67000000000002
 40
27.67000000000002
 40
27.67000000000002
 40
27.67000000000002
 40
28.67000000000002
 40
28.67000000000002
 40
28.67000000000002
 40
38.0500053304889
 40
38.0500053304889
 40
38.0500053304889
 40
41.81000533048895
 40
41.81000533048895
 40
41.81000533048895
 40
41.81000533048895
 10
118.1703955555555
 20
124.9239027777778
 30
0.0
 10
118.6125437037037
 20
124.9239027777778
 30
0.0
 10
119.0546918518518
 20
124.9239027777778
 30
0.0
 10
119.49684
 20
124.9239027777778
 30
0.0
 10
119.49684
 20
126.0892453703704
 30
0.0
 10
119.49684
 20
127.254587962963
 30
0.0
 10
119.49684
 20
128.4199305555556
 30
0.0
 10
119.49684
 20
128.6915694444444
 30
0.0
 10
119.4474511111111
 20
129.2030972222222
 30
0.0
 10
119.4474511111111
 20
130.1697083333333
 30
0.0
 10
119.4474511111111
 20
131.1363194444444
 30
0.0
 10
119.4721455555555
 20
131.9194861111111
 30
0.0
 10
119.49684
 20
131.9194861111111
 30
0.0
 10
121.4900344444444
 20
131.9194861111111
 30
0.0
 10
122.25909
 20
131.2597916666666
 30
0.0
 10
121.6346733333333
 20
129.5135416666667
 30
0.0
 10
121.0137844444444
 20
127.7708194444444
 30
0.0
 10
124.1746733333333
 20
127.7390694444444
 30
0.0
 10
122.5554233333333
 20
125.6224027777778
 30
0.0
 10
120.9361733333333
 20
123.5057361111111
 30
0.0
 10
123.1939511111111
 20
122.4015416666667
 30
0.0
 10
122.5695344444444
 20
117.9212638888889
 30
0.0
 10
121.9486455555555
 20
113.4374583333333
 30
0.0
 10
121.6311455555555
 20
94.45095833333333
 30
0.0
 10
121.7546177777778
 20
82.76343055555556
 30
0.0
 10
121.8639788888889
 20
72.32473611111111
 30
0.0
 10
120.57634
 20
72.2294861111111
 30
0.0
 10
119.5074233333333
 20
72.2294861111111
 30
0.0
 10
119.4792011111111
 20
72.2294861111111
 30
0.0
 10
119.4580344444444
 20
73.01265277777777
 30
0.0
 10
119.4580344444444
 20
73.97926388888888
 30
0.0
 10
119.4580344444444
 20
74.945875
 30
0.0
 10
119.5074233333333
 20
75.45740277777777
 30
0.0
 10
119.5074233333333
 20
75.72904166666666
 30
0.0
 10
119.5074233333333
 20
76.00068055555555
 30
0.0
 10
119.4580344444444
 20
76.51220833333333
 30
0.0
 10
119.4580344444444
 20
77.47881944444444
 30
0.0
 10
119.4580344444444
 20
78.44543055555555
 30
0.0
 10
119.5074233333333
 20
78.95695833333332
 30
0.0
 10
119.5074233333333
 20
79.22859722222222
 30
0.0
 10
119.5074233333333
 20
79.50729166666666
 30
0.0
 10
119.4580344444444
 20
80.03293055555555
 30
0.0
 10
119.4580344444444
 20
81.02776388888888
 30
0.0
 10
119.4580344444444
 20
82.02259722222222
 30
0.0
 10
119.5074233333333
 20
82.54823611111111
 30
0.0
 10
119.5074233333333
 20
82.82693055555556
 30
0.0
 10
119.5074233333333
 20
83.10562499999999
 30
0.0
 10
119.4580344444444
 20
83.63126388888888
 30
0.0
 10
119.4580344444444
 20
84.62609722222221
 30
0.0
 10
119.4580344444444
 20
85.61740277777777
 30
0.0
 10
119.5109511111111
 20
93.23740277777777
 30
0.0
 10
119.5109511111111
 20
93.51609722222223
 30
0.0
 10
119.5097751851852
 20
94.61911574074075
 30
0.0
 10
119.5085992592593
 20
95.72213425925925
 30
0.0
 10
119.5074233333333
 20
96.82515277777777
 30
0.0
 10
119.0652751851852
 20
96.82515277777777
 30
0.0
 10
118.623127037037
 20
96.82515277777777
 30
0.0
 10
118.1809788888889
 20
96.82515277777777
 30
0.0
  0
POLYLINE
  5
2D3
330
1F
100
AcDbEntity
  8
DEFAULT
 62
     1
100
AcDb2dPolyline
 66
     1
 10
0.0
 20
0.0
 30
0.0
  0
VERTEX
  5
2D4
330
2D3
100
AcDbEntity
  8
DEFAULT
 62
     1
100
AcDbVertex
100
AcDb2dVertex
 10
119.49684
 20
131.9194861111111
 30
0.0
  0
VERTEX
  5
2D5
330
2D3
100
AcDbEntity
  8
DEFAULT
 62
     1
100
AcDbVertex
100
AcDb2dVertex
 10
118.1703955555555
 20
131.9194861111111
 30
0.0
  0
SEQEND
  5
2D6
330
2D3
100
AcDbEntity
  8
DEFAULT
 62
     1
  0
POLYLINE
  5
2D7
330
1F
100
AcDbEntity
  8
DEFAULT
 62
     1
100
AcDb2dPolyline
 66
     1
 10
0.0
 20
0.0
 30
0.0
  0
VERTEX
  5
2D8
330
2D7
100
AcDbEntity
  8
DEFAULT
 62
     1
100
AcDbVertex
100
AcDb2dVertex
 10
116.4947011111111
 20
131.9194861111111
 30
0.0
  0
VERTEX
  5
2D9
330
2D7
100
AcDbEntity
  8
DEFAULT
 62
     1
100
AcDbVertex
100
AcDb2dVertex
 10
116.4982288888889
 20
131.9194861111111
 30
0.0
  0
VERTEX
  5
2DA
330
2D7
100
AcDbEntity
  8
DEFAULT
 62
     1
100
AcDbVertex
100
AcDb2dVertex
 10
117.8211455555555
 20
131.9194861111111
 30
0.0
  0
SEQEND
  5
2DB
330
2D7
100
AcDbEntity
  8
DEFAULT
 62
     1
  0
POLYLINE
  5
2DC
330
1F
100
AcDbEntity
  8
DEFAULT
 62
     1
100
AcDb2dPolyline
 66
     1
 10
0.0
 20
0.0
 30
0.0
  0
VERTEX
  5
2DD
330
2DC
100
AcDbEntity
  8
DEFAULT
 62
     1
100
AcDbVertex
100
AcDb2dVertex
 10
119.5074233333333
 20
72.2294861111111
 30
0.0
  0
VERTEX
  5
2DE
330
2DC
100
AcDbEntity
  8
DEFAULT
 62
     1
100
AcDbVertex
100
AcDb2dVertex
 10
118.1809788888889
 20
72.2294861111111
 30
0.0
  0
SEQEND
  5
2DF
330
2DC
100
AcDbEntity
  8
DEFAULT
 62
     1
  0
POLYLINE
  5
2E0
330
1F
100
AcDbEntity
  8
DEFAULT
 62
     1
100
AcDb2dPolyline
 66
     1
 10
0.0
 20
0.0
 30
0.0
  0
VERTEX
  5
2E1
330
2E0
100
AcDbEntity
  8
DEFAULT
 62
     1
100
AcDbVertex
100
AcDb2dVertex
 10
117.8317288888889
 20
72.2294861111111
 30
0.0
  0
VERTEX
  5
2E2
330
2E0
100
AcDbEntity
  8
DEFAULT
 62
     1
100
AcDbVertex
100
AcDb2dVertex
 10
116.5052844444444
 20
72.2294861111111
 30
0.0
  0
SEQEND
  5
2E3
330
2E0
100
AcDbEntity
  8
DEFAULT
 62
     1
  0
SPLINE
  5
2E4
330
1F
100
AcDbEntity
  8
DEFAULT
 62
     1
100
AcDbSpline
210
0.0
220
0.0
230
1.0
 70
     8
 71
     3
 72
    62
 73
    58
 74
     0
 42
0.000000001
 43
0.0000000001
 40
0.0
 40
0.0
 40
0.0
 40
0.0
 40
3.75
 40
3.75
 40
3.75
 40
13.66000000000003
 40
13.66000000000003
 40
13.66000000000003
 40
14.66000000000003
 40
14.66000000000003
 40
14.66000000000003
 40
15.67000000000002
 40
15.67000000000002
 40
15.67000000000002
 40
16.67000000000002
 40
16.67000000000002
 40
16.67000000000002
 40
17.67000000000002
 40
17.67000000000002
 40
17.67000000000002
 40
18.67000000000002
 40
18.67000000000002
 40
18.67000000000002
 40
19.67000000000002
 40
19.67000000000002
 40
19.67000000000002
 40
20.68000000000001
 40
20.68000000000001
 40
20.68000000000001
 40
21.68000000000001
 40
21.68000000000001
 40
21.68000000000001
 40
22.68000000000001
 40
22.68000000000001
 40
22.68000000000001
 40
23.68000000000001
 40
23.68000000000001
 40
23.68000000000001
 40
24.68000000000001
 40
24.68000000000001
 40
24.68000000000001
 40
25.68000000000001
 40
25.68000000000001
 40
25.68000000000001
 40
26.68000000000001
 40
26.68000000000001
 40
26.68000000000001
 40
27.68000000000001
 40
27.68000000000001
 40
27.68000000000001
 40
28.68000000000001
 40
28.68000000000001
 40
28.68000000000001
 40
38.06000533048889
 40
38.06000533048889
 40
38.06000533048889
 40
41.81000533048889
 40
41.81000533048889
 40
41.81000533048889
 40
41.81000533048889
 10
117.8211455555555
 20
124.9239027777778
 30
0.0
 10
117.3801733333333
 20
124.9239027777778
 30
0.0
 10
116.9392011111111
 20
124.9239027777778
 30
0.0
 10
116.4982288888889
 20
124.9239027777778
 30
0.0
 10
116.4982288888889
 20
126.0892453703704
 30
0.0
 10
116.4982288888889
 20
127.254587962963
 30
0.0
 10
116.4982288888889
 20
128.4199305555556
 30
0.0
 10
116.4982288888889
 20
128.6915694444444
 30
0.0
 10
116.5476177777778
 20
129.2030972222222
 30
0.0
 10
116.5476177777778
 20
130.1697083333333
 30
0.0
 10
116.5476177777778
 20
131.1363194444444
 30
0.0
 10
116.5264511111111
 20
131.9194861111111
 30
0.0
 10
116.4947011111111
 20
131.9194861111111
 30
0.0
 10
114.5050344444444
 20
131.9194861111111
 30
0.0
 10
113.7359788888889
 20
131.2597916666666
 30
0.0
 10
114.3603955555555
 20
129.5135416666667
 30
0.0
 10
114.9812844444444
 20
127.7708194444444
 30
0.0
 10
111.8203955555555
 20
127.7390694444444
 30
0.0
 10
113.4396455555555
 20
125.6224027777778
 30
0.0
 10
115.0588955555556
 20
123.5057361111111
 30
0.0
 10
112.8152288888889
 20
122.4015416666667
 30
0.0
 10
113.4396455555555
 20
117.9212638888889
 30
0.0
 10
114.0605344444444
 20
113.4374583333333
 30
0.0
 10
114.3780344444444
 20
94.45095833333333
 30
0.0
 10
114.2545622222222
 20
82.76343055555556
 30
0.0
 10
114.1452011111111
 20
72.31415277777778
 30
0.0
 10
115.43284
 20
72.2294861111111
 30
0.0
 10
116.5088122222222
 20
72.2294861111111
 30
0.0
 10
116.5335066666667
 20
72.2294861111111
 30
0.0
 10
116.5582011111111
 20
73.01265277777777
 30
0.0
 10
116.5582011111111
 20
73.97926388888888
 30
0.0
 10
116.5582011111111
 20
74.945875
 30
0.0
 10
116.5088122222222
 20
75.45740277777777
 30
0.0
 10
116.5088122222222
 20
75.72904166666666
 30
0.0
 10
116.5088122222222
 20
76.00068055555555
 30
0.0
 10
116.5582011111111
 20
76.51220833333333
 30
0.0
 10
116.5582011111111
 20
77.47881944444444
 30
0.0
 10
116.5582011111111
 20
78.44543055555555
 30
0.0
 10
116.5088122222222
 20
78.95695833333332
 30
0.0
 10
116.5088122222222
 20
79.22859722222222
 30
0.0
 10
116.5088122222222
 20
79.50729166666666
 30
0.0
 10
116.5582011111111
 20
80.03293055555555
 30
0.0
 10
116.5582011111111
 20
81.02776388888888
 30
0.0
 10
116.5582011111111
 20
82.02259722222222
 30
0.0
 10
116.5088122222222
 20
82.54823611111111
 30
0.0
 10
116.5088122222222
 20
82.82693055555556
 30
0.0
 10
116.5088122222222
 20
83.10562499999999
 30
0.0
 10
116.5582011111111
 20
83.63126388888888
 30
0.0
 10
116.5582011111111
 20
84.62609722222221
 30
0.0
 10
116.5582011111111
 20
85.61740277777777
 30
0.0
 10
116.51234
 20
93.23740277777777
 30
0.0
 10
116.51234
 20
93.51609722222223
 30
0.0
 10
116.5111640740741
 20
94.61911574074075
 30
0.0
 10
116.5099881481481
 20
95.72213425925925
 30
0.0
 10
116.5088122222222
 20
96.82515277777777
 30
0.0
 10
116.9497844444444
 20
96.82515277777777
 30
0.0
 10
117.3907566666666
 20
96.82515277777777
 30
0.0
 10
117.8317288888889
 20
96.82515277777777
 30
0.0
  0
SPLINE
  5
2E5
330
1F
100
AcDbEntity
  8
DEFAULT
 62
    18
100
AcDbSpline
210
0.0
220
0.0
230
1.0
 70
     8
 71
     3
 72
    29
 73
    25
 74
     0
 42
0.000000001
 43
0.0000000001
 40
0.0
 40
0.0
 40
0.0
 40
0.0
 40
1.0
 40
1.0
 40
1.0
 40
2.0
 40
2.0
 40
2.0
 40
3.0
 40
3.0
 40
3.0
 40
4.0
 40
4.0
 40
4.0
 40
5.0
 40
5.0
 40
5.0
 40
6.0
 40
6.0
 40
6.0
 40
7.0
 40
7.0
 40
7.0
 40
8.0
 40
8.0
 40
8.0
 40
8.0
 10
117.4439908333333
 20
122.1462716666666
 30
0.0
 10
117.5216019444444
 20
122.2588077777778
 30
0.0
 10
117.7512602777778
 20
122.3487661111111
 30
0.0
 10
117.9668075
 20
122.3487661111111
 30
0.0
 10
118.3114713888889
 20
122.3487661111111
 30
0.0
 10
118.5587686111111
 20
122.0944133333333
 30
0.0
 10
118.5587686111111
 20
121.75998
 30
0.0
 10
118.5587686111111
 20
121.3507577777778
 30
0.0
 10
118.2511463888889
 20
121.11863
 30
0.0
 10
117.9322352777778
 20
121.11863
 30
0.0
 10
117.6909352777778
 20
121.11863
 30
0.0
 10
117.4979658333333
 20
121.2283438888889
 30
0.0
 10
117.4376408333333
 20
121.32818
 30
0.0
 10
117.4429325
 20
121.4333077777778
 30
0.0
 10
117.4439908333333
 20
122.4782355555555
 30
0.0
 10
117.4439908333333
 20
122.4782355555555
 30
0.0
 10
117.4439908333333
 20
122.810905
 30
0.0
 10
117.5021991666667
 20
123.0148105555555
 30
0.0
 10
117.6260241666667
 20
123.1407522222222
 30
0.0
 10
117.7498491666667
 20
123.2726911111111
 30
0.0
 10
117.9294130555555
 20
123.3146716666667
 30
0.0
 10
118.0902797222222
 20
123.3146716666667
 30
0.0
 10
118.2433852777778
 20
123.3146716666667
 30
0.0
 10
118.4123658333333
 20
123.2726911111111
 30
0.0
 10
118.5150241666667
 20
123.1947272222222
 30
0.0
  0
SPLINE
  5
2E6
330
1F
100
AcDbEntity
  8
DEFAULT
 62
    18
100
AcDbSpline
210
0.0
220
0.0
230
1.0
 70
     8
 71
     3
 72
    11
 73
     7
 74
     0
 42
0.000000001
 43
0.0000000001
 40
0.0
 40
0.0
 40
0.0
 40
0.0
 40
4.113
 40
4.113
 40
4.113
 40
5.113
 40
5.113
 40
5.113
 40
5.113
 10
117.8392077777778
 20
98.4381586111111
 30
0.0
 10
117.8392077777778
 20
98.92181694444444
 30
0.0
 10
117.8392077777778
 20
99.40547527777778
 30
0.0
 10
117.8392077777778
 20
99.8891336111111
 30
0.0
 10
117.8392077777778
 20
100.5128447222222
 30
0.0
 10
118.1588244444444
 20
100.7619058333333
 30
0.0
 10
118.5853327777778
 20
100.5580002777778
 30
0.0
  0
POLYLINE
  5
2E7
330
1F
100
AcDbEntity
  8
DEFAULT
 62
    18
100
AcDb2dPolyline
 66
     1
 10
0.0
 20
0.0
 30
0.0
  0
VERTEX
  5
2E8
330
2E7
100
AcDbEntity
  8
DEFAULT
 62
    18
100
AcDbVertex
100
AcDb2dVertex
 10
117.4312555555555
 20
99.88923944444443
 30
0.0
  0
VERTEX
  5
2E9
330
2E7
100
AcDbEntity
  8
DEFAULT
 62
    18
100
AcDbVertex
100
AcDb2dVertex
 10
118.4504305555555
 20
99.88923944444443
 30
0.0
  0
SEQEND
  5
2EA
330
2E7
100
AcDbEntity
  8
DEFAULT
 62
    18
  0
SPLINE
  5
2EB
330
1F
100
AcDbEntity
  8
DEFAULT
 62
     1
100
AcDbSpline
210
0.0
220
0.0
230
1.0
 70
     8
 71
     3
 72
    62
 73
    58
 74
     0
 42
0.000000001
 43
0.0000000001
 40
0.0
 40
0.0
 40
0.0
 40
0.0
 40
3.760000000000005
 40
3.760000000000005
 40
3.760000000000005
 40
13.67000000000003
 40
13.67000000000003
 40
13.67000000000003
 40
14.67000000000003
 40
14.67000000000003
 40
14.67000000000003
 40
15.67000000000003
 40
15.67000000000003
 40
15.67000000000003
 40
16.67000000000003
 40
16.67000000000003
 40
16.67000000000003
 40
17.67000000000003
 40
17.67000000000003
 40
17.67000000000003
 40
18.67000000000003
 40
18.67000000000003
 40
18.67000000000003
 40
19.67000000000003
 40
19.67000000000003
 40
19.67000000000003
 40
20.67000000000003
 40
20.67000000000003
 40
20.67000000000003
 40
21.67000000000003
 40
21.67000000000003
 40
21.67000000000003
 40
22.67000000000003
 40
22.67000000000003
 40
22.67000000000003
 40
23.67000000000003
 40
23.67000000000003
 40
23.67000000000003
 40
24.67000000000003
 40
24.67000000000003
 40
24.67000000000003
 40
25.67000000000003
 40
25.67000000000003
 40
25.67000000000003
 40
26.67000000000003
 40
26.67000000000003
 40
26.67000000000003
 40
27.67000000000003
 40
27.67000000000003
 40
27.67000000000003
 40
28.67000000000003
 40
28.67000000000003
 40
28.67000000000003
 40
38.05000533048891
 40
38.05000533048891
 40
38.05000533048891
 40
41.81000533048892
 40
41.81000533048892
 40
41.81000533048892
 40
41.81000533048892
 10
22.17603444444444
 20
124.9239027777778
 30
0.0
 10
22.61818259259259
 20
124.9239027777778
 30
0.0
 10
23.06033074074074
 20
124.9239027777778
 30
0.0
 10
23.50247888888889
 20
124.9239027777778
 30
0.0
 10
23.50247888888889
 20
126.0892453703704
 30
0.0
 10
23.50247888888889
 20
127.254587962963
 30
0.0
 10
23.50247888888889
 20
128.4199305555556
 30
0.0
 10
23.50247888888889
 20
128.6915694444444
 30
0.0
 10
23.45309
 20
129.2030972222222
 30
0.0
 10
23.45309
 20
130.1697083333333
 30
0.0
 10
23.45309
 20
131.1363194444444
 30
0.0
 10
23.47778444444444
 20
131.9194861111111
 30
0.0
 10
23.50247888888889
 20
131.9194861111111
 30
0.0
 10
25.49567333333333
 20
131.9194861111111
 30
0.0
 10
26.26472888888889
 20
131.2597916666666
 30
0.0
 10
25.64031222222222
 20
129.5135416666667
 30
0.0
 10
25.01942333333333
 20
127.7708194444444
 30
0.0
 10
28.18031222222222
 20
127.7390694444444
 30
0.0
 10
26.56106222222222
 20
125.6224027777778
 30
0.0
 10
24.94181222222222
 20
123.5057361111111
 30
0.0
 10
27.19958999999999
 20
122.4015416666667
 30
0.0
 10
26.57517333333333
 20
117.9212638888889
 30
0.0
 10
25.95428444444444
 20
113.4374583333333
 30
0.0
 10
25.63678444444444
 20
94.45095833333333
 30
0.0
 10
25.76025666666666
 20
82.76343055555556
 30
0.0
 10
25.86961777777777
 20
72.32473611111111
 30
0.0
 10
24.58197888888888
 20
72.2294861111111
 30
0.0
 10
23.51306222222222
 20
72.2294861111111
 30
0.0
 10
23.48483999999999
 20
72.2294861111111
 30
0.0
 10
23.46367333333333
 20
73.01265277777777
 30
0.0
 10
23.46367333333333
 20
73.97926388888888
 30
0.0
 10
23.46367333333333
 20
74.945875
 30
0.0
 10
23.51306222222222
 20
75.45740277777777
 30
0.0
 10
23.51306222222222
 20
75.72904166666666
 30
0.0
 10
23.51306222222222
 20
76.00068055555555
 30
0.0
 10
23.46367333333333
 20
76.51220833333333
 30
0.0
 10
23.46367333333333
 20
77.47881944444444
 30
0.0
 10
23.46367333333333
 20
78.44543055555555
 30
0.0
 10
23.51306222222222
 20
78.95695833333332
 30
0.0
 10
23.51306222222222
 20
79.22859722222222
 30
0.0
 10
23.51306222222222
 20
79.50729166666666
 30
0.0
 10
23.46367333333333
 20
80.03293055555555
 30
0.0
 10
23.46367333333333
 20
81.02776388888888
 30
0.0
 10
23.46367333333333
 20
82.02259722222222
 30
0.0
 10
23.51306222222222
 20
82.54823611111111
 30
0.0
 10
23.51306222222222
 20
82.82693055555556
 30
0.0
 10
23.51306222222222
 20
83.10562499999999
 30
0.0
 10
23.46367333333333
 20
83.63126388888888
 30
0.0
 10
23.46367333333333
 20
84.62609722222221
 30
0.0
 10
23.46367333333333
 20
85.61740277777777
 30
0.0
 10
23.51659
 20
93.23740277777777
 30
0.0
 10
23.51659
 20
93.51609722222223
 30
0.0
 10
23.51541407407407
 20
94.61911574074075
 30
0.0
 10
23.51423814814815
 20
95.72213425925925
 30
0.0
 10
23.51306222222222
 20
96.82515277777777
 30
0.0
 10
23.07091407407407
 20
96.82515277777777
 30
0.0
 10
22.62876592592592
 20
96.82515277777777
 30
0.0
 10
22.18661777777778
 20
96.82515277777777
 30
0.0
  0
POLYLINE
  5
2EC
330
1F
100
AcDbEntity
  8
DEFAULT
 62
     1
100
AcDb2dPolyline
 66
     1
 10
0.0
 20
0.0
 30
0.0
  0
VERTEX
  5
2ED
330
2EC
100
AcDbEntity
  8
DEFAULT
 62
     1
100
AcDbVertex
100
AcDb2dVertex
 10
23.50247888888889
 20
131.9194861111111
 30
0.0
  0
VERTEX
  5
2EE
330
2EC
100
AcDbEntity
  8
DEFAULT
 62
     1
100
AcDbVertex
100
AcDb2dVertex
 10
22.17603444444444
 20
131.9194861111111
 30
0.0
  0
SEQEND
  5
2EF
330
2EC
100
AcDbEntity
  8
DEFAULT
 62
     1
  0
POLYLINE
  5
2F0
330
1F
100
AcDbEntity
  8
DEFAULT
 62
     1
100
AcDb2dPolyline
 66
     1
 10
0.0
 20
0.0
 30
0.0
  0
VERTEX
  5
2F1
330
2F0
100
AcDbEntity
  8
DEFAULT
 62
     1
100
AcDbVertex
100
AcDb2dVertex
 10
20.50034
 20
131.9194861111111
 30
0.0
  0
VERTEX
  5
2F2
330
2F0
100
AcDbEntity
  8
DEFAULT
 62
     1
100
AcDbVertex
100
AcDb2dVertex
 10
20.50386777777777
 20
131.9194861111111
 30
0.0
  0
VERTEX
  5
2F3
330
2F0
100
AcDbEntity
  8
DEFAULT
 62
     1
100
AcDbVertex
100
AcDb2dVertex
 10
21.82678444444444
 20
131.9194861111111
 30
0.0
  0
SEQEND
  5
2F4
330
2F0
100
AcDbEntity
  8
DEFAULT
 62
     1
  0
POLYLINE
  5
2F5
330
1F
100
AcDbEntity
  8
DEFAULT
 62
     1
100
AcDb2dPolyline
 66
     1
 10
0.0
 20
0.0
 30
0.0
  0
VERTEX
  5
2F6
330
2F5
100
AcDbEntity
  8
DEFAULT
 62
     1
100
AcDbVertex
100
AcDb2dVertex
 10
23.51306222222222
 20
72.2294861111111
 30
0.0
  0
VERTEX
  5
2F7
330
2F5
100
AcDbEntity
  8
DEFAULT
 62
     1
100
AcDbVertex
100
AcDb2dVertex
 10
22.18661777777778
 20
72.2294861111111
 30
0.0
  0
SEQEND
  5
2F8
330
2F5
100
AcDbEntity
  8
DEFAULT
 62
     1
  0
POLYLINE
  5
2F9
330
1F
100
AcDbEntity
  8
DEFAULT
 62
     1
100
AcDb2dPolyline
 66
     1
 10
0.0
 20
0.0
 30
0.0
  0
VERTEX
  5
2FA
330
2F9
100
AcDbEntity
  8
DEFAULT
 62
     1
100
AcDbVertex
100
AcDb2dVertex
 10
21.83736777777778
 20
72.2294861111111
 30
0.0
  0
VERTEX
  5
2FB
330
2F9
100
AcDbEntity
  8
DEFAULT
 62
     1
100
AcDbVertex
100
AcDb2dVertex
 10
20.51092333333333
 20
72.2294861111111
 30
0.0
  0
SEQEND
  5
2FC
330
2F9
100
AcDbEntity
  8
DEFAULT
 62
     1
  0
SPLINE
  5
2FD
330
1F
100
AcDbEntity
  8
DEFAULT
 62
     1
100
AcDbSpline
210
0.0
220
0.0
230
1.0
 70
     8
 71
     3
 72
    62
 73
    58
 74
     0
 42
0.000000001
 43
0.0000000001
 40
0.0
 40
0.0
 40
0.0
 40
0.0
 40
3.75
 40
3.75
 40
3.75
 40
13.66000000000003
 40
13.66000000000003
 40
13.66000000000003
 40
14.66000000000003
 40
14.66000000000003
 40
14.66000000000003
 40
15.67000000000002
 40
15.67000000000002
 40
15.67000000000002
 40
16.67000000000002
 40
16.67000000000002
 40
16.67000000000002
 40
17.67000000000002
 40
17.67000000000002
 40
17.67000000000002
 40
18.67000000000002
 40
18.67000000000002
 40
18.67000000000002
 40
19.67000000000002
 40
19.67000000000002
 40
19.67000000000002
 40
20.68000000000002
 40
20.68000000000002
 40
20.68000000000002
 40
21.68000000000002
 40
21.68000000000002
 40
21.68000000000002
 40
22.68000000000002
 40
22.68000000000002
 40
22.68000000000002
 40
23.68000000000002
 40
23.68000000000002
 40
23.68000000000002
 40
24.68000000000002
 40
24.68000000000002
 40
24.68000000000002
 40
25.68000000000002
 40
25.68000000000002
 40
25.68000000000002
 40
26.68000000000002
 40
26.68000000000002
 40
26.68000000000002
 40
27.68000000000002
 40
27.68000000000002
 40
27.68000000000002
 40
28.68000000000002
 40
28.68000000000002
 40
28.68000000000002
 40
38.06000533048891
 40
38.06000533048891
 40
38.06000533048891
 40
41.81000533048891
 40
41.81000533048891
 40
41.81000533048891
 40
41.81000533048891
 10
21.82678444444444
 20
124.9239027777778
 30
0.0
 10
21.38581222222222
 20
124.9239027777778
 30
0.0
 10
20.94484
 20
124.9239027777778
 30
0.0
 10
20.50386777777778
 20
124.9239027777778
 30
0.0
 10
20.50386777777778
 20
126.0892453703704
 30
0.0
 10
20.50386777777778
 20
127.254587962963
 30
0.0
 10
20.50386777777778
 20
128.4199305555556
 30
0.0
 10
20.50386777777778
 20
128.6915694444444
 30
0.0
 10
20.55325666666667
 20
129.2030972222222
 30
0.0
 10
20.55325666666667
 20
130.1697083333333
 30
0.0
 10
20.55325666666667
 20
131.1363194444444
 30
0.0
 10
20.53209
 20
131.9194861111111
 30
0.0
 10
20.50034
 20
131.9194861111111
 30
0.0
 10
18.51067333333333
 20
131.9194861111111
 30
0.0
 10
17.74161777777778
 20
131.2597916666666
 30
0.0
 10
18.36603444444444
 20
129.5135416666667
 30
0.0
 10
18.98692333333333
 20
127.7708194444444
 30
0.0
 10
15.82603444444444
 20
127.7390694444444
 30
0.0
 10
17.44528444444444
 20
125.6224027777778
 30
0.0
 10
19.06453444444444
 20
123.5057361111111
 30
0.0
 10
16.82086777777778
 20
122.4015416666667
 30
0.0
 10
17.44528444444444
 20
117.9212638888889
 30
0.0
 10
18.06617333333334
 20
113.4374583333333
 30
0.0
 10
18.38367333333333
 20
94.45095833333333
 30
0.0
 10
18.26020111111111
 20
82.76343055555556
 30
0.0
 10
18.15084
 20
72.31415277777778
 30
0.0
 10
19.43847888888889
 20
72.2294861111111
 30
0.0
 10
20.51445111111111
 20
72.2294861111111
 30
0.0
 10
20.53914555555555
 20
72.2294861111111
 30
0.0
 10
20.56384
 20
73.01265277777777
 30
0.0
 10
20.56384
 20
73.97926388888888
 30
0.0
 10
20.56384
 20
74.945875
 30
0.0
 10
20.51445111111111
 20
75.45740277777777
 30
0.0
 10
20.51445111111111
 20
75.72904166666666
 30
0.0
 10
20.51445111111111
 20
76.00068055555555
 30
0.0
 10
20.56384
 20
76.51220833333333
 30
0.0
 10
20.56384
 20
77.47881944444444
 30
0.0
 10
20.56384
 20
78.44543055555555
 30
0.0
 10
20.51445111111111
 20
78.95695833333332
 30
0.0
 10
20.51445111111111
 20
79.22859722222222
 30
0.0
 10
20.51445111111111
 20
79.50729166666666
 30
0.0
 10
20.56384
 20
80.03293055555555
 30
0.0
 10
20.56384
 20
81.02776388888888
 30
0.0
 10
20.56384
 20
82.02259722222222
 30
0.0
 10
20.51445111111111
 20
82.54823611111111
 30
0.0
 10
20.51445111111111
 20
82.82693055555556
 30
0.0
 10
20.51445111111111
 20
83.10562499999999
 30
0.0
 10
20.56384
 20
83.63126388888888
 30
0.0
 10
20.56384
 20
84.62609722222221
 30
0.0
 10
20.56384
 20
85.61740277777777
 30
0.0
 10
20.51797888888889
 20
93.23740277777777
 30
0.0
 10
20.51797888888889
 20
93.51609722222223
 30
0.0
 10
20.51680296296296
 20
94.61911574074075
 30
0.0
 10
20.51562703703704
 20
95.72213425925925
 30
0.0
 10
20.51445111111111
 20
96.82515277777777
 30
0.0
 10
20.95542333333333
 20
96.82515277777777
 30
0.0
 10
21.39639555555555
 20
96.82515277777777
 30
0.0
 10
21.83736777777778
 20
96.82515277777777
 30
0.0
  0
SPLINE
  5
2FE
330
1F
100
AcDbEntity
  8
DEFAULT
 62
    18
100
AcDbSpline
210
0.0
220
0.0
230
1.0
 70
     8
 71
     3
 72
    29
 73
    25
 74
     0
 42
0.000000001
 43
0.0000000001
 40
0.0
 40
0.0
 40
0.0
 40
0.0
 40
1.0
 40
1.0
 40
1.0
 40
2.0
 40
2.0
 40
2.0
 40
3.0
 40
3.0
 40
3.0
 40
4.0
 40
4.0
 40
4.0
 40
5.0
 40
5.0
 40
5.0
 40
6.0
 40
6.0
 40
6.0
 40
7.0
 40
7.0
 40
7.0
 40
8.0
 40
8.0
 40
8.0
 40
8.0
 10
21.44962972222222
 20
122.1462716666666
 30
0.0
 10
21.52724083333333
 20
122.2588077777778
 30
0.0
 10
21.75689916666667
 20
122.3487661111111
 30
0.0
 10
21.97244638888889
 20
122.3487661111111
 30
0.0
 10
22.31711027777778
 20
122.3487661111111
 30
0.0
 10
22.5644075
 20
122.0944133333333
 30
0.0
 10
22.5644075
 20
121.75998
 30
0.0
 10
22.5644075
 20
121.3507577777778
 30
0.0
 10
22.25678527777778
 20
121.11863
 30
0.0
 10
21.93787416666667
 20
121.11863
 30
0.0
 10
21.69657416666667
 20
121.11863
 30
0.0
 10
21.50360472222222
 20
121.2283438888889
 30
0.0
 10
21.44327972222222
 20
121.32818
 30
0.0
 10
21.44857138888889
 20
121.4333077777778
 30
0.0
 10
21.44962972222222
 20
122.4782355555555
 30
0.0
 10
21.44962972222222
 20
122.4782355555555
 30
0.0
 10
21.44962972222222
 20
122.810905
 30
0.0
 10
21.50783805555555
 20
123.0148105555555
 30
0.0
 10
21.63166305555555
 20
123.1407522222222
 30
0.0
 10
21.75548805555555
 20
123.2726911111111
 30
0.0
 10
21.93505194444444
 20
123.3146716666667
 30
0.0
 10
22.09591861111111
 20
123.3146716666667
 30
0.0
 10
22.24902416666666
 20
123.3146716666667
 30
0.0
 10
22.41800472222222
 20
123.2726911111111
 30
0.0
 10
22.52066305555556
 20
123.1947272222222
 30
0.0
  0
SPLINE
  5
2FF
330
1F
100
AcDbEntity
  8
DEFAULT
 62
    18
100
AcDbSpline
210
0.0
220
0.0
230
1.0
 70
     8
 71
     3
 72
    11
 73
     7
 74
     0
 42
0.000000001
 43
0.0000000001
 40
0.0
 40
0.0
 40
0.0
 40
0.0
 40
4.113
 40
4.113
 40
4.113
 40
5.113
 40
5.113
 40
5.113
 40
5.113
 10
21.84484666666667
 20
98.4381586111111
 30
0.0
 10
21.84484666666667
 20
98.92181694444444
 30
0.0
 10
21.84484666666667
 20
99.40547527777778
 30
0.0
 10
21.84484666666667
 20
99.8891336111111
 30
0.0
 10
21.84484666666667
 20
100.5128447222222
 30
0.0
 10
22.16446333333333
 20
100.7619058333333
 30
0.0
 10
22.59097166666666
 20
100.5580002777778
 30
0.0
  0
POLYLINE
  5
300
330
1F
100
AcDbEntity
  8
DEFAULT
 62
    18
100
AcDb2dPolyline
 66
     1
 10
0.0
 20
0.0
 30
0.0
  0
VERTEX
  5
301
330
300
100
AcDbEntity
  8
DEFAULT
 62
    18
100
AcDbVertex
100
AcDb2dVertex
 10
21.43689444444444
 20
99.88923944444443
 30
0.0
  0
VERTEX
  5
302
330
300
100
AcDbEntity
  8
DEFAULT
 62
    18
100
AcDbVertex
100
AcDb2dVertex
 10
22.45606944444444
 20
99.88923944444443
 30
0.0
  0
SEQEND
  5
303
330
300
100
AcDbEntity
  8
DEFAULT
 62
    18
  0
SPLINE
  5
304
330
1F
100
AcDbEntity
  8
DEFAULT
 62
     1
100
AcDbSpline
210
0.0
220
0.0
230
1.0
 70
     8
 71
     3
 72
    29
 73
    25
 74
     0
 42
0.000000001
 43
0.0000000001
 40
0.0
 40
0.0
 40
0.0
 40
0.0
 40
1.0
 40
1.0
 40
1.0
 40
2.0
 40
2.0
 40
2.0
 40
3.0
 40
3.0
 40
3.0
 40
4.0
 40
4.0
 40
4.0
 40
5.0
 40
5.0
 40
5.0
 40
6.0
 40
6.0
 40
6.0
 40
15.91999999999996
 40
15.91999999999996
 40
15.91999999999996
 40
19.66999999999996
 40
19.66999999999996
 40
19.66999999999996
 40
19.66999999999996
 10
36.2556425
 20
22.15239833333333
 30
0.0
 10
36.84125361111111
 20
19.92989833333333
 30
0.0
 10
38.80975361111111
 20
19.94400944444444
 30
0.0
 10
42.78555916666667
 20
22.84384277777777
 30
0.0
 10
45.48078138888889
 20
24.80528722222222
 30
0.0
 10
66.52044805555555
 20
23.35889833333333
 30
0.0
 10
80.30347583333332
 20
23.39417611111111
 30
0.0
 10
87.08386472222222
 20
23.40828722222222
 30
0.0
 10
92.06861472222221
 20
22.90734277777777
 30
0.0
 10
91.39480916666666
 20
24.08914833333333
 30
0.0
 10
90.55872583333333
 20
24.56187055555555
 30
0.0
 10
90.28003138888889
 20
25.39795388888889
 30
0.0
 10
90.28003138888889
 20
26.840815
 30
0.0
 10
90.28003138888889
 20
26.86550944444444
 30
0.0
 10
89.4968647222222
 20
26.8866761111111
 30
0.0
 10
88.53378138888888
 20
26.89020388888888
 30
0.0
 10
87.5636425
 20
26.89020388888888
 30
0.0
 10
87.0556425
 20
26.840815
 30
0.0
 10
86.78047583333333
 20
26.840815
 30
0.0
 10
85.6139573148148
 20
26.840815
 30
0.0
 10
84.4474387962963
 20
26.840815
 30
0.0
 10
83.28092027777778
 20
26.840815
 30
0.0
 10
83.28092027777778
 20
27.28178722222222
 30
0.0
 10
83.28092027777778
 20
27.72275944444444
 30
0.0
 10
83.28092027777778
 20
28.16373166666666
 30
0.0
  0
SPLINE
  5
305
330
1F
100
AcDbEntity
  8
DEFAULT
 62
     1
100
AcDbSpline
210
0.0
220
0.0
230
1.0
 70
     8
 71
     3
 72
    38
 73
    34
 74
     0
 42
0.000000001
 43
0.0000000001
 40
0.0
 40
0.0
 40
0.0
 40
0.0
 40
1.0
 40
1.0
 40
1.0
 40
2.0
 40
2.0
 40
2.0
 40
3.0
 40
3.0
 40
3.0
 40
4.0
 40
4.0
 40
4.0
 40
5.0
 40
5.0
 40
5.0
 40
6.0
 40
6.0
 40
6.0
 40
7.0
 40
7.0
 40
7.0
 40
8.0
 40
8.0
 40
8.0
 40
9.0
 40
9.0
 40
9.0
 40
18.92000504032126
 40
18.92000504032126
 40
18.92000504032126
 40
22.68000504032126
 40
22.68000504032126
 40
22.68000504032126
 40
22.68000504032126
 10
36.17097583333333
 20
22.491065
 30
0.0
 10
35.40544805555555
 20
25.19334277777777
 30
0.0
 10
31.68011472222221
 20
23.44709277777777
 30
0.0
 10
31.73303138888888
 20
26.55153722222222
 30
0.0
 10
31.77889249999999
 20
29.72300944444444
 30
0.0
 10
24.02130916666666
 20
30.79545388888888
 30
0.0
 10
28.79792027777778
 20
32.12895388888888
 30
0.0
 10
33.5710036111111
 20
33.46245388888888
 30
0.0
 10
32.94305916666666
 20
28.35070388888888
 30
0.0
 10
38.05480916666667
 20
28.47770388888889
 30
0.0
 10
43.16303138888888
 20
28.60823166666666
 30
0.0
 10
48.53936472222222
 20
30.05462055555555
 30
0.0
 10
52.53986472222221
 20
30.34389833333333
 30
0.0
 10
57.44347583333332
 20
30.69667611111111
 30
0.0
 10
59.45078138888888
 20
31.83614833333333
 30
0.0
 10
77.72467027777778
 20
33.30017611111111
 30
0.0
 10
85.35878138888889
 20
33.91048166666666
 30
0.0
 10
92.52369805555556
 20
34.25620388888888
 30
0.0
 10
91.56061472222221
 20
32.90859277777778
 30
0.0
 10
90.60811472222221
 20
32.38648166666666
 30
0.0
 10
90.28355916666666
 20
31.41987055555555
 30
0.0
 10
90.28355916666666
 20
29.83589833333333
 30
0.0
 10
90.27297583333333
 20
29.81473166666666
 30
0.0
 10
89.48980916666666
 20
29.79003722222222
 30
0.0
 10
88.53025361111109
 20
29.79003722222222
 30
0.0
 10
87.56717027777778
 20
29.79003722222222
 30
0.0
 10
87.0521147222222
 20
29.83942611111111
 30
0.0
 10
86.78400361111109
 20
29.84295388888889
 30
0.0
 10
85.61748509259257
 20
29.84177796296296
 30
0.0
 10
84.45096657407407
 20
29.84060203703703
 30
0.0
 10
83.28444805555556
 20
29.83942611111111
 30
0.0
 10
83.28444805555556
 20
29.39727796296296
 30
0.0
 10
83.28444805555556
 20
28.95512981481481
 30
0.0
 10
83.28444805555556
 20
28.51298166666666
 30
0.0
  0
POLYLINE
  5
306
330
1F
100
AcDbEntity
  8
DEFAULT
 62
     1
100
AcDb2dPolyline
 66
     1
 10
0.0
 20
0.0
 30
0.0
  0
VERTEX
  5
307
330
306
100
AcDbEntity
  8
DEFAULT
 62
     1
100
AcDbVertex
100
AcDb2dVertex
 10
90.28355916666668
 20
29.83589833333334
 30
0.0
  0
VERTEX
  5
308
330
306
100
AcDbEntity
  8
DEFAULT
 62
     1
100
AcDbVertex
100
AcDb2dVertex
 10
90.2800313888889
 20
28.50945388888889
 30
0.0
  0
SEQEND
  5
309
330
306
100
AcDbEntity
  8
DEFAULT
 62
     1
  0
POLYLINE
  5
30A
330
1F
100
AcDbEntity
  8
DEFAULT
 62
     1
100
AcDb2dPolyline
 66
     1
 10
0.0
 20
0.0
 30
0.0
  0
VERTEX
  5
30B
330
30A
100
AcDbEntity
  8
DEFAULT
 62
     1
100
AcDbVertex
100
AcDb2dVertex
 10
90.28003138888889
 20
28.16373166666667
 30
0.0
  0
VERTEX
  5
30C
330
30A
100
AcDbEntity
  8
DEFAULT
 62
     1
100
AcDbVertex
100
AcDb2dVertex
 10
90.27650361111111
 20
26.83728722222222
 30
0.0
  0
SEQEND
  5
30D
330
30A
100
AcDbEntity
  8
DEFAULT
 62
     1
  0
POLYLINE
  5
30E
330
1F
100
AcDbEntity
  8
DEFAULT
 62
    18
100
AcDb2dPolyline
 66
     1
 10
0.0
 20
0.0
 30
0.0
  0
VERTEX
  5
30F
330
30E
100
AcDbEntity
  8
DEFAULT
 62
    18
100
AcDbVertex
100
AcDb2dVertex
 10
79.38653583333333
 20
28.339415
 30
0.0
  0
VERTEX
  5
310
330
30E
100
AcDbEntity
  8
DEFAULT
 62
    18
100
AcDbVertex
100
AcDb2dVertex
 10
79.0648025
 20
28.339415
 30
0.0
  0
SEQEND
  5
311
330
30E
100
AcDbEntity
  8
DEFAULT
 62
    18
  0
POLYLINE
  5
312
330
1F
100
AcDbEntity
  8
DEFAULT
 62
    18
100
AcDb2dPolyline
 66
     1
 10
0.0
 20
0.0
 30
0.0
  0
VERTEX
  5
313
330
312
100
AcDbEntity
  8
DEFAULT
 62
    18
100
AcDbVertex
100
AcDb2dVertex
 10
81.30275416666666
 20
28.339415
 30
0.0
  0
VERTEX
  5
314
330
312
100
AcDbEntity
  8
DEFAULT
 62
    18
100
AcDbVertex
100
AcDb2dVertex
 10
79.85142638888888
 20
28.339415
 30
0.0
  0
SEQEND
  5
315
330
312
100
AcDbEntity
  8
DEFAULT
 62
    18
  0
SPLINE
  5
316
330
1F
100
AcDbEntity
  8
DEFAULT
 62
     1
100
AcDbSpline
210
0.0
220
0.0
230
1.0
 70
     8
 71
     3
 72
    32
 73
    28
 74
     0
 42
0.000000001
 43
0.0000000001
 40
0.0
 40
0.0
 40
0.0
 40
0.0
 40
3.810000000000002
 40
3.810000000000002
 40
3.810000000000002
 40
13.72
 40
13.72
 40
13.72
 40
14.72
 40
14.72
 40
14.72
 40
15.72
 40
15.72
 40
15.72
 40
16.72
 40
16.72
 40
16.72
 40
17.72
 40
17.72
 40
17.72
 40
18.72
 40
18.72
 40
18.72
 40
19.72
 40
19.72
 40
19.72
 40
20.72
 40
20.72
 40
20.72
 40
20.72
 10
56.72684305555555
 20
16.67188972222222
 30
0.0
 10
56.72684305555555
 20
16.22386194444444
 30
0.0
 10
56.72684305555555
 20
15.77583416666666
 30
0.0
 10
56.72684305555555
 20
15.32780638888889
 30
0.0
 10
55.56150046296295
 20
15.32780638888889
 30
0.0
 10
54.39615787037036
 20
15.32780638888889
 30
0.0
 10
53.23081527777777
 20
15.32780638888889
 30
0.0
 10
52.95564861111111
 20
15.32780638888889
 30
0.0
 10
52.44764861111111
 20
15.3736675
 30
0.0
 10
51.47750972222222
 20
15.3736675
 30
0.0
 10
50.5108986111111
 20
15.3736675
 30
0.0
 10
49.72773194444444
 20
15.35250083333333
 30
0.0
 10
49.72773194444444
 20
15.32427861111111
 30
0.0
 10
49.73125972222223
 20
13.88494527777778
 30
0.0
 10
49.45256527777777
 20
13.04533416666666
 30
0.0
 10
48.61295416666666
 20
12.57261194444444
 30
0.0
 10
47.93914861111111
 20
11.38727861111111
 30
0.0
 10
52.9415375
 20
11.89527861111111
 30
0.0
 10
59.73603749999999
 20
11.8811675
 30
0.0
 10
73.51906527777777
 20
11.84588972222222
 30
0.0
 10
94.5340375
 20
13.28522305555555
 30
0.0
 10
97.22573194444443
 20
11.33083416666666
 30
0.0
 10
101.3003152777778
 20
8.353389722222222
 30
0.0
 10
103.2652875
 20
8.416889722222221
 30
0.0
 10
103.7979819444444
 20
10.80872305555555
 30
0.0
 10
103.8015097222222
 20
10.81930638888889
 30
0.0
 10
103.8050375
 20
10.8334175
 30
0.0
 10
103.8050375
 20
10.84400083333333
 30
0.0
  0
SPLINE
  5
317
330
1F
100
AcDbEntity
  8
DEFAULT
 62
     1
100
AcDbSpline
210
0.0
220
0.0
230
1.0
 70
     8
 71
     3
 72
    38
 73
    34
 74
     0
 42
0.000000001
 43
0.0000000001
 40
0.0
 40
0.0
 40
0.0
 40
0.0
 40
3.689999999999998
 40
3.689999999999998
 40
3.689999999999998
 40
13.60999999999999
 40
13.60999999999999
 40
13.60999999999999
 40
14.60999999999999
 40
14.60999999999999
 40
14.60999999999999
 40
15.60999999999999
 40
15.60999999999999
 40
15.60999999999999
 40
16.60999999999999
 40
16.60999999999999
 40
16.60999999999999
 40
17.60999999999999
 40
17.60999999999999
 40
17.60999999999999
 40
18.60999999999999
 40
18.60999999999999
 40
18.60999999999999
 40
19.60999999999999
 40
19.60999999999999
 40
19.60999999999999
 40
20.60999999999999
 40
20.60999999999999
 40
20.60999999999999
 40
21.60999999999999
 40
21.60999999999999
 40
21.60999999999999
 40
22.60999999999999
 40
22.60999999999999
 40
22.60999999999999
 40
22.60999999999999
 10
56.72684305555555
 20
17.0246675
 30
0.0
 10
56.72684305555555
 20
17.45858416666666
 30
0.0
 10
56.72684305555555
 20
17.89250083333333
 30
0.0
 10
56.72684305555555
 20
18.3264175
 30
0.0
 10
55.56032453703703
 20
18.3264175
 30
0.0
 10
54.39380601851852
 20
18.3264175
 30
0.0
 10
53.2272875
 20
18.3264175
 30
0.0
 10
52.95564861111111
 20
18.32288972222222
 30
0.0
 10
52.44412083333334
 20
18.27350083333333
 30
0.0
 10
51.47750972222222
 20
18.27702861111111
 30
0.0
 10
50.52148194444444
 20
18.27350083333333
 30
0.0
 10
49.73831527777777
 20
18.29819527777778
 30
0.0
 10
49.72773194444444
 20
18.32288972222222
 30
0.0
 10
49.72420416666667
 20
19.90333416666666
 30
0.0
 10
49.3996486111111
 20
20.87347305555555
 30
0.0
 10
48.45067638888888
 20
21.39205638888889
 30
0.0
 10
47.48406527777778
 20
22.74319527777777
 30
0.0
 10
54.65250972222222
 20
22.39747305555555
 30
0.0
 10
62.28662083333332
 20
21.7871675
 30
0.0
 10
80.55698194444444
 20
20.31961194444444
 30
0.0
 10
82.56781527777777
 20
19.18366749999999
 30
0.0
 10
87.47142638888889
 20
18.82736194444444
 30
0.0
 10
91.46839861111111
 20
18.54161194444444
 30
0.0
 10
96.84473194444442
 20
17.09169527777777
 30
0.0
 10
101.9564819444444
 20
16.96469527777777
 30
0.0
 10
107.0682319444444
 20
16.83769527777778
 30
0.0
 10
106.4402875
 20
21.9459175
 30
0.0
 10
111.2133708333333
 20
20.6124175
 30
0.0
 10
115.9899819444444
 20
19.28244527777778
 30
0.0
 10
108.2288708333333
 20
18.21000083333333
 30
0.0
 10
108.2782597222222
 20
15.03852861111111
 30
0.0
 10
108.3276486111111
 20
12.01169527777778
 30
0.0
 10
104.7963430555555
 20
13.59213972222222
 30
0.0
 10
103.9073430555555
 20
11.1826675
 30
0.0
  0
POLYLINE
  5
318
330
1F
100
AcDbEntity
  8
DEFAULT
 62
     1
100
AcDb2dPolyline
 66
     1
 10
0.0
 20
0.0
 30
0.0
  0
VERTEX
  5
319
330
318
100
AcDbEntity
  8
DEFAULT
 62
     1
100
AcDbVertex
100
AcDb2dVertex
 10
49.73478750000001
 20
16.99644527777778
 30
0.0
  0
VERTEX
  5
31A
330
318
100
AcDbEntity
  8
DEFAULT
 62
     1
100
AcDbVertex
100
AcDb2dVertex
 10
49.72773194444445
 20
18.32288972222222
 30
0.0
  0
SEQEND
  5
31B
330
318
100
AcDbEntity
  8
DEFAULT
 62
     1
  0
POLYLINE
  5
31C
330
1F
100
AcDbEntity
  8
DEFAULT
 62
     1
100
AcDb2dPolyline
 66
     1
 10
0.0
 20
0.0
 30
0.0
  0
VERTEX
  5
31D
330
31C
100
AcDbEntity
  8
DEFAULT
 62
     1
100
AcDbVertex
100
AcDb2dVertex
 10
49.74537083333333
 20
15.32075083333333
 30
0.0
  0
VERTEX
  5
31E
330
31C
100
AcDbEntity
  8
DEFAULT
 62
     1
100
AcDbVertex
100
AcDb2dVertex
 10
49.73831527777777
 20
16.64719527777778
 30
0.0
  0
SEQEND
  5
31F
330
31C
100
AcDbEntity
  8
DEFAULT
 62
     1
  0
POLYLINE
  5
320
330
1F
100
AcDbEntity
  8
DEFAULT
 62
    18
100
AcDb2dPolyline
 66
     1
 10
0.0
 20
0.0
 30
0.0
  0
VERTEX
  5
321
330
320
100
AcDbEntity
  8
DEFAULT
 62
    18
100
AcDbVertex
100
AcDb2dVertex
 10
60.62475527777778
 20
16.8278175
 30
0.0
  0
VERTEX
  5
322
330
320
100
AcDbEntity
  8
DEFAULT
 62
    18
100
AcDbVertex
100
AcDb2dVertex
 10
60.94648861111111
 20
16.8278175
 30
0.0
  0
SEQEND
  5
323
330
320
100
AcDbEntity
  8
DEFAULT
 62
    18
  0
POLYLINE
  5
324
330
1F
100
AcDbEntity
  8
DEFAULT
 62
    18
100
AcDb2dPolyline
 66
     1
 10
0.0
 20
0.0
 30
0.0
  0
VERTEX
  5
325
330
324
100
AcDbEntity
  8
DEFAULT
 62
    18
100
AcDbVertex
100
AcDb2dVertex
 10
58.70853694444444
 20
16.8278175
 30
0.0
  0
VERTEX
  5
326
330
324
100
AcDbEntity
  8
DEFAULT
 62
    18
100
AcDbVertex
100
AcDb2dVertex
 10
60.15986472222222
 20
16.8278175
 30
0.0
  0
SEQEND
  5
327
330
324
100
AcDbEntity
  8
DEFAULT
 62
    18
  0
POLYLINE
  5
328
330
1F
100
AcDbEntity
  8
DEFAULT
 62
     1
100
AcDb2dPolyline
 66
     1
 10
0.0
 20
0.0
 30
0.0
  0
VERTEX
  5
329
330
328
100
AcDbEntity
  8
DEFAULT
 62
     1
100
AcDbVertex
100
AcDb2dVertex
 10
86.83667333333332
 20
89.60523805555556
 30
0.0
  0
VERTEX
  5
32A
330
328
100
AcDbEntity
  8
DEFAULT
 62
     1
100
AcDbVertex
100
AcDb2dVertex
 10
85.51375666666665
 20
89.65815472222222
 30
0.0
  0
SEQEND
  5
32B
330
328
100
AcDbEntity
  8
DEFAULT
 62
     1
  0
POLYLINE
  5
32C
330
1F
100
AcDbEntity
  8
DEFAULT
 62
     1
100
AcDb2dPolyline
 66
     1
 10
0.0
 20
0.0
 30
0.0
  0
VERTEX
  5
32D
330
32C
100
AcDbEntity
  8
DEFAULT
 62
     1
100
AcDbVertex
100
AcDb2dVertex
 10
85.16097888888889
 20
89.66873805555554
 30
0.0
  0
VERTEX
  5
32E
330
32C
100
AcDbEntity
  8
DEFAULT
 62
     1
100
AcDbVertex
100
AcDb2dVertex
 10
83.8380622222222
 20
89.72165472222221
 30
0.0
  0
SEQEND
  5
32F
330
32C
100
AcDbEntity
  8
DEFAULT
 62
     1
  0
POLYLINE
  5
330
330
1F
100
AcDbEntity
  8
DEFAULT
 62
     1
100
AcDb2dPolyline
 66
     1
 10
0.0
 20
0.0
 30
0.0
  0
VERTEX
  5
331
330
330
100
AcDbEntity
  8
DEFAULT
 62
     1
100
AcDbVertex
100
AcDb2dVertex
 10
79.54126416666666
 20
129.0387380555555
 30
0.0
  0
VERTEX
  5
332
330
330
100
AcDbEntity
  8
DEFAULT
 62
     1
100
AcDbVertex
100
AcDb2dVertex
 10
78.2183475
 20
129.0387380555555
 30
0.0
  0
SEQEND
  5
333
330
330
100
AcDbEntity
  8
DEFAULT
 62
     1
  0
POLYLINE
  5
334
330
1F
100
AcDbEntity
  8
DEFAULT
 62
     1
100
AcDb2dPolyline
 66
     1
 10
0.0
 20
0.0
 30
0.0
  0
VERTEX
  5
335
330
334
100
AcDbEntity
  8
DEFAULT
 62
     1
100
AcDbVertex
100
AcDb2dVertex
 10
77.8690975
 20
129.0422658333333
 30
0.0
  0
VERTEX
  5
336
330
334
100
AcDbEntity
  8
DEFAULT
 62
     1
100
AcDbVertex
100
AcDb2dVertex
 10
76.54265305555555
 20
129.0422658333333
 30
0.0
  0
SEQEND
  5
337
330
334
100
AcDbEntity
  8
DEFAULT
 62
     1
  0
SPLINE
  5
338
330
1F
100
AcDbEntity
  8
DEFAULT
 62
     1
100
AcDbSpline
210
0.0
220
0.0
230
1.0
 70
     8
 71
     3
 72
    65
 73
    61
 74
     0
 42
0.000000001
 43
0.0000000001
 40
0.0
 40
0.0
 40
0.0
 40
0.0
 40
3.759999999999991
 40
3.759999999999991
 40
3.759999999999991
 40
13.14000533048888
 40
13.14000533048888
 40
13.14000533048888
 40
14.14000533048888
 40
14.14000533048888
 40
14.14000533048888
 40
15.14000533048888
 40
15.14000533048888
 40
15.14000533048888
 40
16.14000533048888
 40
16.14000533048888
 40
16.14000533048888
 40
17.14000533048888
 40
17.14000533048888
 40
17.14000533048888
 40
18.14000533048888
 40
18.14000533048888
 40
18.14000533048888
 40
19.14000533048888
 40
19.14000533048888
 40
19.14000533048888
 40
20.14000533048888
 40
20.14000533048888
 40
20.14000533048888
 40
21.14000533048888
 40
21.14000533048888
 40
21.14000533048888
 40
22.14000533048888
 40
22.14000533048888
 40
22.14000533048888
 40
23.14000533048888
 40
23.14000533048888
 40
23.14000533048888
 40
24.14000533048888
 40
24.14000533048888
 40
24.14000533048888
 40
25.14000533048888
 40
25.14000533048888
 40
25.14000533048888
 40
26.14000533048888
 40
26.14000533048888
 40
26.14000533048888
 40
27.14000533048888
 40
27.14000533048888
 40
27.14000533048888
 40
28.14000533048888
 40
28.14000533048888
 40
28.14000533048888
 40
29.14000533048888
 40
29.14000533048888
 40
29.14000533048888
 40
39.05691008953544
 40
39.05691008953544
 40
39.05691008953544
 40
42.78953651070324
 40
42.78953651070324
 40
42.78953651070324
 40
42.78953651070324
 10
78.21831222222222
 20
107.9426269444444
 30
0.0
 10
78.66046037037036
 20
107.9426269444444
 30
0.0
 10
79.10260851851851
 20
107.9426269444444
 30
0.0
 10
79.54475666666666
 20
107.9426269444444
 30
0.0
 10
79.54593259259259
 20
109.045645462963
 30
0.0
 10
79.54710851851853
 20
110.1486639814815
 30
0.0
 10
79.54828444444445
 20
111.2516825
 30
0.0
 10
79.54828444444445
 20
111.5303769444444
 30
0.0
 10
79.49536777777777
 20
112.0560158333333
 30
0.0
 10
79.49889555555555
 20
113.0508491666667
 30
0.0
 10
79.49536777777777
 20
114.0421547222222
 30
0.0
 10
79.54475666666666
 20
114.5677936111111
 30
0.0
 10
79.54475666666666
 20
114.8464880555556
 30
0.0
 10
79.54475666666666
 20
115.1251825
 30
0.0
 10
79.49889555555555
 20
115.6508213888889
 30
0.0
 10
79.49889555555555
 20
116.6456547222222
 30
0.0
 10
79.49889555555555
 20
117.6369602777778
 30
0.0
 10
79.54475666666666
 20
118.1661269444444
 30
0.0
 10
79.54475666666666
 20
118.4448213888889
 30
0.0
 10
79.54828444444445
 20
118.7164602777778
 30
0.0
 10
79.49536777777777
 20
119.2279880555556
 30
0.0
 10
79.49889555555555
 20
120.1945991666667
 30
0.0
 10
79.49889555555555
 20
121.1612102777778
 30
0.0
 10
79.54475666666666
 20
121.6727380555556
 30
0.0
 10
79.54475666666666
 20
121.9408491666667
 30
0.0
 10
79.54475666666666
 20
122.2230713888889
 30
0.0
 10
79.49536777777777
 20
122.7487102777778
 30
0.0
 10
79.49889555555555
 20
123.7435436111111
 30
0.0
 10
79.49536777777777
 20
124.7348491666667
 30
0.0
 10
79.54475666666666
 20
125.2604880555556
 30
0.0
 10
79.54475666666666
 20
125.5391825
 30
0.0
 10
79.54475666666666
 20
125.8143491666666
 30
0.0
 10
79.49536777777777
 20
126.3223491666667
 30
0.0
 10
79.49889555555555
 20
127.2889602777778
 30
0.0
 10
79.49536777777777
 20
128.2449880555556
 30
0.0
 10
79.52006222222222
 20
129.0140436111111
 30
0.0
 10
79.54122888888888
 20
129.0387380555555
 30
0.0
 10
80.97703444444444
 20
129.2856825
 30
0.0
 10
81.95422888888889
 20
130.0759047222222
 30
0.0
 10
82.59628444444444
 20
131.1589325
 30
0.0
 10
83.92625666666666
 20
132.9616269444444
 30
0.0
 10
83.85217333333333
 20
129.4020991666667
 30
0.0
 10
83.80984
 20
128.5554325
 30
0.0
 10
83.56642333333333
 20
123.6765158333333
 30
0.0
 10
82.98433999999999
 20
118.0532380555556
 30
0.0
 10
82.45164555555556
 20
112.6204602777778
 30
0.0
 10
81.51325666666666
 20
104.6300436111111
 30
0.0
 10
80.55017333333333
 20
89.71107138888888
 30
0.0
 10
83.83806222222222
 20
89.72165472222221
 30
0.0
 10
83.8592288888889
 20
89.70048805555555
 30
0.0
 10
83.8592288888889
 20
88.92437694444445
 30
0.0
 10
83.82042333333332
 20
87.96834916666667
 30
0.0
 10
83.78161777777778
 20
87.00173805555555
 30
0.0
 10
83.71459
 20
86.49373805555555
 30
0.0
 10
83.70400666666667
 20
86.22209916666667
 30
0.0
 10
83.66049740740742
 20
85.05675657407407
 30
0.0
 10
83.61698814814815
 20
83.89141398148148
 30
0.0
 10
83.57347888888889
 20
82.72607138888888
 30
0.0
 10
84.01209925925924
 20
82.70960842592592
 30
0.0
 10
84.45071962962962
 20
82.69314546296296
 30
0.0
 10
84.88933999999999
 20
82.6766825
 30
0.0
  0
SPLINE
  5
339
330
1F
100
AcDbEntity
  8
DEFAULT
 62
     1
100
AcDbSpline
210
0.0
220
0.0
230
1.0
 70
     8
 71
     3
 72
    86
 73
    82
 74
     0
 42
0.000000001
 43
0.0000000001
 40
0.0
 40
0.0
 40
0.0
 40
0.0
 40
3.75
 40
3.75
 40
3.75
 40
13.12
 40
13.12
 40
13.12
 40
14.12
 40
14.12
 40
14.12
 40
15.12
 40
15.12
 40
15.12
 40
16.12
 40
16.12
 40
16.12
 40
17.12
 40
17.12
 40
17.12
 40
18.12
 40
18.12
 40
18.12
 40
19.12
 40
19.12
 40
19.12
 40
20.12
 40
20.12
 40
20.12
 40
21.12
 40
21.12
 40
21.12
 40
22.12
 40
22.12
 40
22.12
 40
23.12
 40
23.12
 40
23.12
 40
24.12
 40
24.12
 40
24.12
 40
25.12
 40
25.12
 40
25.12
 40
26.12
 40
26.12
 40
26.12
 40
27.12
 40
27.12
 40
27.12
 40
28.12
 40
28.12
 40
28.12
 40
29.12
 40
29.12
 40
29.12
 40
30.12
 40
30.12
 40
30.12
 40
31.12
 40
31.12
 40
31.12
 40
32.12
 40
32.12
 40
32.12
 40
33.12
 40
33.12
 40
33.12
 40
34.12
 40
34.12
 40
34.12
 40
35.12
 40
35.12
 40
35.12
 40
36.12
 40
36.12
 40
36.12
 40
46.04689780344295
 40
46.04689780344295
 40
46.04689780344295
 40
49.81988070825448
 40
49.81988070825448
 40
49.81988070825448
 40
49.81988070825448
 10
77.86906222222221
 20
107.9426269444444
 30
0.0
 10
77.42809
 20
107.9426269444444
 30
0.0
 10
76.98711777777778
 20
107.9426269444444
 30
0.0
 10
76.54614555555555
 20
107.9426269444444
 30
0.0
 10
76.54614555555555
 20
109.044469537037
 30
0.0
 10
76.54614555555555
 20
110.1463121296296
 30
0.0
 10
76.54614555555555
 20
111.2481547222222
 30
0.0
 10
76.54614555555555
 20
111.5268491666667
 30
0.0
 10
76.59906222222222
 20
112.0524880555555
 30
0.0
 10
76.59553444444444
 20
113.0473213888889
 30
0.0
 10
76.59906222222222
 20
114.0421547222222
 30
0.0
 10
76.54614555555555
 20
114.5677936111111
 30
0.0
 10
76.54614555555555
 20
114.8464880555556
 30
0.0
 10
76.54614555555555
 20
115.1251825
 30
0.0
 10
76.59553444444444
 20
115.6508213888889
 30
0.0
 10
76.59906222222222
 20
116.6421269444444
 30
0.0
 10
76.59906222222222
 20
117.6404880555556
 30
0.0
 10
76.54614555555555
 20
118.1661269444444
 30
0.0
 10
76.54967333333332
 20
118.4412936111111
 30
0.0
 10
76.54967333333332
 20
118.7164602777778
 30
0.0
 10
76.59906222222222
 20
119.2244602777778
 30
0.0
 10
76.59553444444444
 20
120.1945991666667
 30
0.0
 10
76.59553444444444
 20
121.1612102777778
 30
0.0
 10
76.54614555555555
 20
121.6727380555556
 30
0.0
 10
76.54614555555555
 20
121.9408491666667
 30
0.0
 10
76.54614555555555
 20
122.2230713888889
 30
0.0
 10
76.59553444444444
 20
122.7451825
 30
0.0
 10
76.59553444444444
 20
123.7435436111111
 30
0.0
 10
76.59906222222222
 20
124.7348491666667
 30
0.0
 10
76.54614555555555
 20
125.2604880555556
 30
0.0
 10
76.54614555555555
 20
125.5391825
 30
0.0
 10
76.54967333333332
 20
125.8108213888889
 30
0.0
 10
76.59553444444444
 20
126.3223491666667
 30
0.0
 10
76.59553444444444
 20
127.2889602777778
 30
0.0
 10
76.59553444444444
 20
128.2414602777778
 30
0.0
 10
76.57083999999999
 20
129.0140436111111
 30
0.0
 10
76.54261777777778
 20
129.0387380555555
 30
0.0
 10
74.98333999999998
 20
129.0387380555555
 30
0.0
 10
74.22134
 20
129.7513491666667
 30
0.0
 10
73.84739555555555
 20
130.6756269444444
 30
0.0
 10
73.05011777777777
 20
131.2647658333333
 30
0.0
 10
72.81375666666666
 20
129.7654602777778
 30
0.0
 10
72.78906222222221
 20
127.0843491666667
 30
0.0
 10
72.69028444444443
 20
118.3495713888889
 30
0.0
 10
73.08186777777777
 20
104.0902936111111
 30
0.0
 10
74.28483999999999
 20
97.46512694444445
 30
0.0
 10
75.24086777777778
 20
92.19109916666667
 30
0.0
 10
75.22675666666666
 20
91.91240472222222
 30
0.0
 10
74.14372888888889
 20
87.64026583333333
 30
0.0
 10
72.56328444444443
 20
81.39609916666666
 30
0.0
 10
78.24194833333333
 20
84.97361861111112
 30
0.0
 10
80.24678444444444
 20
79.38526583333334
 30
0.0
 10
83.20235666666666
 20
71.14649361111111
 30
0.0
 10
87.95850666666665
 20
77.73779361111112
 30
0.0
 10
91.41925666666667
 20
76.84526583333333
 30
0.0
 10
95.23278444444442
 20
75.8645436111111
 30
0.0
 10
93.83578444444443
 20
80.0096825
 30
0.0
 10
90.31153444444443
 20
85.11084916666667
 30
0.0
 10
88.75931222222222
 20
87.35451583333332
 30
0.0
 10
90.93947888888889
 20
89.43590472222222
 30
0.0
 10
92.37528444444443
 20
88.79737694444444
 30
0.0
 10
93.76170111111111
 20
88.18354361111112
 30
0.0
 10
94.0157011111111
 20
90.45896027777778
 30
0.0
 10
94.1744511111111
 20
92.27223805555555
 30
0.0
 10
94.34025666666666
 20
94.16312694444444
 30
0.0
 10
93.31014555555554
 20
94.84398805555556
 30
0.0
 10
91.18289555555555
 20
93.95498805555556
 30
0.0
 10
88.07845111111111
 20
92.65676583333334
 30
0.0
 10
88.85808999999999
 20
91.70073805555555
 30
0.0
 10
86.83667333333334
 20
89.60523805555556
 30
0.0
 10
86.80492333333332
 20
89.60171027777777
 30
0.0
 10
86.75553444444444
 20
88.82559916666666
 30
0.0
 10
86.72025666666666
 20
87.85546027777778
 30
0.0
 10
86.6814511111111
 20
86.89237694444444
 30
0.0
 10
86.70967333333333
 20
86.37732138888889
 30
0.0
 10
86.69909
 20
86.10921027777778
 30
0.0
 10
86.65558074074073
 20
84.94269175925926
 30
0.0
 10
86.61207148148146
 20
83.77617324074073
 30
0.0
 10
86.56856222222221
 20
82.60965472222222
 30
0.0
 10
86.12523814814814
 20
82.62729361111111
 30
0.0
 10
85.68191407407407
 20
82.6449325
 30
0.0
 10
85.23858999999999
 20
82.66257138888889
 30
0.0
  0
SPLINE
  5
33A
330
1F
100
AcDbEntity
  8
DEFAULT
 62
    18
100
AcDbSpline
210
0.0
220
0.0
230
1.0
 70
     8
 71
     3
 72
    11
 73
     7
 74
     0
 42
0.000000001
 43
0.0000000001
 40
0.0
 40
0.0
 40
0.0
 40
0.0
 40
4.113
 40
4.113
 40
4.113
 40
5.113
 40
5.113
 40
5.113
 40
5.113
 10
78.21686583333332
 20
106.3309616666667
 30
0.0
 10
78.21686583333332
 20
105.8473033333333
 30
0.0
 10
78.21686583333332
 20
105.363645
 30
0.0
 10
78.21686583333332
 20
104.8799866666667
 30
0.0
 10
78.21686583333332
 20
104.2562755555555
 30
0.0
 10
77.89724916666665
 20
104.0072144444444
 30
0.0
 10
77.47074083333332
 20
104.21112
 30
0.0
  0
POLYLINE
  5
33B
330
1F
100
AcDbEntity
  8
DEFAULT
 62
    18
100
AcDb2dPolyline
 66
     1
 10
0.0
 20
0.0
 30
0.0
  0
VERTEX
  5
33C
330
33B
100
AcDbEntity
  8
DEFAULT
 62
    18
100
AcDbVertex
100
AcDb2dVertex
 10
78.62481805555555
 20
104.8798808333333
 30
0.0
  0
VERTEX
  5
33D
330
33B
100
AcDbEntity
  8
DEFAULT
 62
    18
100
AcDbVertex
100
AcDb2dVertex
 10
77.60564305555555
 20
104.8798808333333
 30
0.0
  0
SEQEND
  5
33E
330
33B
100
AcDbEntity
  8
DEFAULT
 62
    18
  0
SPLINE
  5
33F
330
1F
100
AcDbEntity
  8
DEFAULT
 62
    18
100
AcDbSpline
210
0.0
220
0.0
230
1.0
 70
     8
 71
     3
 72
    23
 73
    19
 74
     0
 42
0.000000001
 43
0.0000000001
 40
0.0
 40
0.0
 40
0.0
 40
0.0
 40
1.0
 40
1.0
 40
1.0
 40
2.0
 40
2.0
 40
2.0
 40
3.0
 40
3.0
 40
3.0
 40
6.611376745785444
 40
6.611376745785444
 40
6.611376745785444
 40
7.611376745785444
 40
7.611376745785444
 40
7.611376745785444
 40
8.611376745785444
 40
8.611376745785444
 40
8.611376745785444
 40
8.611376745785444
 10
85.60921833333332
 20
79.96403305555555
 30
0.0
 10
85.59263777777777
 20
79.52694138888889
 30
0.0
 10
85.32170444444444
 20
79.19215527777777
 30
0.0
 10
84.89907666666666
 20
79.20838305555556
 30
0.0
 10
84.42564888888889
 20
79.22637472222222
 30
0.0
 10
84.315935
 20
79.64759138888888
 30
0.0
 10
84.32616555555555
 20
79.91464416666666
 30
0.0
 10
84.32828222222221
 20
79.96826638888888
 30
0.0
 10
84.33180999999999
 20
79.98343583333333
 30
0.0
 10
84.33604333333334
 20
80.01024694444443
 30
0.0
 10
84.76043499999999
 20
79.99484231481479
 30
0.0
 10
85.18482666666665
 20
79.97943768518518
 30
0.0
 10
85.60921833333332
 20
79.96403305555555
 30
0.0
 10
85.62615166666666
 20
80.4014775
 30
0.0
 10
85.37074055555554
 20
80.70557194444444
 30
0.0
 10
84.92447666666665
 20
80.72250527777777
 30
0.0
 10
84.69375999999998
 20
80.73132472222223
 30
0.0
 10
84.53289333333332
 20
80.68969694444445
 30
0.0
 10
84.43834888888888
 20
80.65124416666666
 30
0.0
  0
POLYLINE
  5
340
330
1F
100
AcDbEntity
  8
DEFAULT
 62
     1
100
AcDb2dPolyline
 66
     1
 10
0.0
 20
0.0
 30
0.0
  0
VERTEX
  5
341
330
340
100
AcDbEntity
  8
DEFAULT
 62
     1
100
AcDbVertex
100
AcDb2dVertex
 10
54.48695111111112
 20
89.65815472222222
 30
0.0
  0
VERTEX
  5
342
330
340
100
AcDbEntity
  8
DEFAULT
 62
     1
100
AcDbVertex
100
AcDb2dVertex
 10
53.16403444444445
 20
89.60523805555556
 30
0.0
  0
SEQEND
  5
343
330
340
100
AcDbEntity
  8
DEFAULT
 62
     1
  0
POLYLINE
  5
344
330
1F
100
AcDbEntity
  8
DEFAULT
 62
     1
100
AcDb2dPolyline
 66
     1
 10
0.0
 20
0.0
 30
0.0
  0
VERTEX
  5
345
330
344
100
AcDbEntity
  8
DEFAULT
 62
     1
100
AcDbVertex
100
AcDb2dVertex
 10
56.16264555555556
 20
89.72165472222221
 30
0.0
  0
VERTEX
  5
346
330
344
100
AcDbEntity
  8
DEFAULT
 62
     1
100
AcDbVertex
100
AcDb2dVertex
 10
54.83972888888889
 20
89.66873805555554
 30
0.0
  0
SEQEND
  5
347
330
344
100
AcDbEntity
  8
DEFAULT
 62
     1
  0
POLYLINE
  5
348
330
1F
100
AcDbEntity
  8
DEFAULT
 62
     1
100
AcDb2dPolyline
 66
     1
 10
0.0
 20
0.0
 30
0.0
  0
VERTEX
  5
349
330
348
100
AcDbEntity
  8
DEFAULT
 62
     1
100
AcDbVertex
100
AcDb2dVertex
 10
61.78243083333333
 20
129.0387380555555
 30
0.0
  0
VERTEX
  5
34A
330
348
100
AcDbEntity
  8
DEFAULT
 62
     1
100
AcDbVertex
100
AcDb2dVertex
 10
60.45951416666666
 20
129.0387380555555
 30
0.0
  0
SEQEND
  5
34B
330
348
100
AcDbEntity
  8
DEFAULT
 62
     1
  0
POLYLINE
  5
34C
330
1F
100
AcDbEntity
  8
DEFAULT
 62
     1
100
AcDb2dPolyline
 66
     1
 10
0.0
 20
0.0
 30
0.0
  0
VERTEX
  5
34D
330
34C
100
AcDbEntity
  8
DEFAULT
 62
     1
100
AcDbVertex
100
AcDb2dVertex
 10
63.45812527777777
 20
129.0422658333333
 30
0.0
  0
VERTEX
  5
34E
330
34C
100
AcDbEntity
  8
DEFAULT
 62
     1
100
AcDbVertex
100
AcDb2dVertex
 10
62.13168083333333
 20
129.0422658333333
 30
0.0
  0
SEQEND
  5
34F
330
34C
100
AcDbEntity
  8
DEFAULT
 62
     1
  0
SPLINE
  5
350
330
1F
100
AcDbEntity
  8
DEFAULT
 62
     1
100
AcDbSpline
210
0.0
220
0.0
230
1.0
 70
     8
 71
     3
 72
    65
 73
    61
 74
     0
 42
0.000000001
 43
0.0000000001
 40
0.0
 40
0.0
 40
0.0
 40
0.0
 40
3.733014867369259
 40
3.733014867369259
 40
3.733014867369259
 40
13.65029776138816
 40
13.65029776138816
 40
13.65029776138816
 40
14.65029776138816
 40
14.65029776138816
 40
14.65029776138816
 40
15.65029776138816
 40
15.65029776138816
 40
15.65029776138816
 40
16.65029776138816
 40
16.65029776138816
 40
16.65029776138816
 40
17.65029776138816
 40
17.65029776138816
 40
17.65029776138816
 40
18.65029776138816
 40
18.65029776138816
 40
18.65029776138816
 40
19.65029776138816
 40
19.65029776138816
 40
19.65029776138816
 40
20.65029776138816
 40
20.65029776138816
 40
20.65029776138816
 40
21.65029776138816
 40
21.65029776138816
 40
21.65029776138816
 40
22.65029776138816
 40
22.65029776138816
 40
22.65029776138816
 40
23.65029776138816
 40
23.65029776138816
 40
23.65029776138816
 40
24.65029776138816
 40
24.65029776138816
 40
24.65029776138816
 40
25.65029776138816
 40
25.65029776138816
 40
25.65029776138816
 40
26.65029776138816
 40
26.65029776138816
 40
26.65029776138816
 40
27.65029776138816
 40
27.65029776138816
 40
27.65029776138816
 40
28.65029776138816
 40
28.65029776138816
 40
28.65029776138816
 40
29.65029776138816
 40
29.65029776138816
 40
29.65029776138816
 40
39.03030309187705
 40
39.03030309187705
 40
39.03030309187705
 40
42.79030309187707
 40
42.79030309187707
 40
42.79030309187707
 40
42.79030309187707
 10
55.11489555555555
 20
82.67315472222221
 30
0.0
 10
55.55351592592592
 20
82.69079361111109
 30
0.0
 10
55.99213629629629
 20
82.70843249999999
 30
0.0
 10
56.43075666666666
 20
82.72607138888888
 30
0.0
 10
56.38607148148148
 20
83.89141398148148
 30
0.0
 10
56.34138629629629
 20
85.05675657407406
 30
0.0
 10
56.2967011111111
 20
86.22209916666665
 30
0.0
 10
56.28611777777777
 20
86.49373805555555
 30
0.0
 10
56.21908999999999
 20
87.00173805555555
 30
0.0
 10
56.18028444444445
 20
87.96834916666666
 30
0.0
 10
56.14500666666666
 20
88.92437694444443
 30
0.0
 10
56.14147888888888
 20
89.70048805555554
 30
0.0
 10
56.16264555555555
 20
89.72165472222221
 30
0.0
 10
59.45053444444444
 20
89.71107138888887
 30
0.0
 10
58.49097888888888
 20
104.6300436111111
 30
0.0
 10
57.54906222222222
 20
112.6204602777778
 30
0.0
 10
57.01636777777777
 20
118.0532380555555
 30
0.0
 10
56.43428444444444
 20
123.6765158333333
 30
0.0
 10
56.19439555555555
 20
128.5554325
 30
0.0
 10
56.14853444444444
 20
129.4020991666667
 30
0.0
 10
56.07445111111111
 20
132.9616269444444
 30
0.0
 10
57.40442333333333
 20
131.1589325
 30
0.0
 10
58.04647888888888
 20
130.0759047222222
 30
0.0
 10
59.0272011111111
 20
129.2856825
 30
0.0
 10
60.45947888888889
 20
129.0387380555555
 30
0.0
 10
60.48417333333333
 20
129.0140436111111
 30
0.0
 10
60.50534
 20
128.2449880555555
 30
0.0
 10
60.50181222222222
 20
127.2889602777778
 30
0.0
 10
60.50534
 20
126.3223491666667
 30
0.0
 10
60.4559511111111
 20
125.8143491666666
 30
0.0
 10
60.4559511111111
 20
125.5391825
 30
0.0
 10
60.4559511111111
 20
125.2604880555555
 30
0.0
 10
60.50534
 20
124.7348491666666
 30
0.0
 10
60.50181222222222
 20
123.7435436111111
 30
0.0
 10
60.50534
 20
122.7487102777778
 30
0.0
 10
60.4559511111111
 20
122.2230713888889
 30
0.0
 10
60.4559511111111
 20
121.9408491666666
 30
0.0
 10
60.4559511111111
 20
121.6727380555555
 30
0.0
 10
60.50181222222222
 20
121.1612102777778
 30
0.0
 10
60.50181222222222
 20
120.1945991666666
 30
0.0
 10
60.50534
 20
119.2279880555556
 30
0.0
 10
60.45242333333333
 20
118.7164602777778
 30
0.0
 10
60.4559511111111
 20
118.4448213888889
 30
0.0
 10
60.4559511111111
 20
118.1661269444444
 30
0.0
 10
60.50534
 20
117.6369602777778
 30
0.0
 10
60.50181222222222
 20
116.6456547222222
 30
0.0
 10
60.50181222222222
 20
115.6508213888889
 30
0.0
 10
60.4559511111111
 20
115.1251825
 30
0.0
 10
60.4559511111111
 20
114.8464880555556
 30
0.0
 10
60.4559511111111
 20
114.5677936111111
 30
0.0
 10
60.50534
 20
114.0421547222222
 30
0.0
 10
60.50181222222222
 20
113.0508491666667
 30
0.0
 10
60.50534
 20
112.0560158333333
 30
0.0
 10
60.45242333333333
 20
111.5303769444444
 30
0.0
 10
60.45242333333333
 20
111.2516825
 30
0.0
 10
60.45359925925925
 20
110.1486639814815
 30
0.0
 10
60.45477518518518
 20
109.045645462963
 30
0.0
 10
60.4559511111111
 20
107.9426269444444
 30
0.0
 10
60.89809925925925
 20
107.9426269444444
 30
0.0
 10
61.3402474074074
 20
107.9426269444444
 30
0.0
 10
61.78239555555555
 20
107.9426269444444
 30
0.0
  0
SPLINE
  5
351
330
1F
100
AcDbEntity
  8
DEFAULT
 62
     1
100
AcDbSpline
210
0.0
220
0.0
230
1.0
 70
     8
 71
     3
 72
    86
 73
    82
 74
     0
 42
0.000000001
 43
0.0000000001
 40
0.0
 40
0.0
 40
0.0
 40
0.0
 40
3.772982904811562
 40
3.772982904811562
 40
3.772982904811562
 40
13.69988070825447
 40
13.69988070825447
 40
13.69988070825447
 40
14.69988070825447
 40
14.69988070825447
 40
14.69988070825447
 40
15.69988070825447
 40
15.69988070825447
 40
15.69988070825447
 40
16.69988070825447
 40
16.69988070825447
 40
16.69988070825447
 40
17.69988070825447
 40
17.69988070825447
 40
17.69988070825447
 40
18.69988070825447
 40
18.69988070825447
 40
18.69988070825447
 40
19.69988070825447
 40
19.69988070825447
 40
19.69988070825447
 40
20.69988070825447
 40
20.69988070825447
 40
20.69988070825447
 40
21.69988070825447
 40
21.69988070825447
 40
21.69988070825447
 40
22.69988070825447
 40
22.69988070825447
 40
22.69988070825447
 40
23.69988070825447
 40
23.69988070825447
 40
23.69988070825447
 40
24.69988070825447
 40
24.69988070825447
 40
24.69988070825447
 40
25.69988070825447
 40
25.69988070825447
 40
25.69988070825447
 40
26.69988070825447
 40
26.69988070825447
 40
26.69988070825447
 40
27.69988070825447
 40
27.69988070825447
 40
27.69988070825447
 40
28.69988070825447
 40
28.69988070825447
 40
28.69988070825447
 40
29.69988070825447
 40
29.69988070825447
 40
29.69988070825447
 40
30.69988070825447
 40
30.69988070825447
 40
30.69988070825447
 40
31.69988070825447
 40
31.69988070825447
 40
31.69988070825447
 40
32.69988070825447
 40
32.69988070825447
 40
32.69988070825447
 40
33.69988070825447
 40
33.69988070825447
 40
33.69988070825447
 40
34.69988070825447
 40
34.69988070825447
 40
34.69988070825447
 40
35.69988070825447
 40
35.69988070825447
 40
35.69988070825447
 40
36.69988070825447
 40
36.69988070825447
 40
36.69988070825447
 40
46.06988070825447
 40
46.06988070825447
 40
46.06988070825447
 40
49.81988070825447
 40
49.81988070825447
 40
49.81988070825447
 40
49.81988070825447
 10
54.76211777777777
 20
82.66257138888889
 30
0.0
 10
54.3187937037037
 20
82.6449325
 30
0.0
 10
53.87546962962961
 20
82.6272936111111
 30
0.0
 10
53.43214555555554
 20
82.60965472222222
 30
0.0
 10
53.38863629629628
 20
83.77617324074073
 30
0.0
 10
53.34512703703703
 20
84.94269175925926
 30
0.0
 10
53.30161777777778
 20
86.10921027777778
 30
0.0
 10
53.29103444444444
 20
86.37732138888887
 30
0.0
 10
53.31925666666666
 20
86.89237694444444
 30
0.0
 10
53.28397888888888
 20
87.85546027777777
 30
0.0
 10
53.24517333333333
 20
88.82559916666665
 30
0.0
 10
53.19578444444444
 20
89.60171027777777
 30
0.0
 10
53.16403444444444
 20
89.60523805555555
 30
0.0
 10
51.14261777777778
 20
91.70073805555555
 30
0.0
 10
51.92225666666666
 20
92.65676583333331
 30
0.0
 10
48.81781222222222
 20
93.95498805555555
 30
0.0
 10
46.69056222222222
 20
94.84398805555556
 30
0.0
 10
45.6604511111111
 20
94.16312694444444
 30
0.0
 10
45.82625666666667
 20
92.27223805555555
 30
0.0
 10
45.98500666666666
 20
90.45896027777778
 30
0.0
 10
46.23900666666666
 20
88.1835436111111
 30
0.0
 10
47.62542333333333
 20
88.79737694444442
 30
0.0
 10
49.06122888888888
 20
89.4359047222222
 30
0.0
 10
51.24139555555556
 20
87.35451583333332
 30
0.0
 10
49.68917333333333
 20
85.11084916666665
 30
0.0
 10
46.16492333333333
 20
80.00968249999998
 30
0.0
 10
44.76792333333333
 20
75.8645436111111
 30
0.0
 10
48.5814511111111
 20
76.84526583333331
 30
0.0
 10
52.0422011111111
 20
77.7377936111111
 30
0.0
 10
56.80223166666666
 20
71.14508249999999
 30
0.0
 10
59.7574511111111
 20
79.38526583333332
 30
0.0
 10
61.76158166666666
 20
84.97291305555555
 30
0.0
 10
67.43742333333333
 20
81.39609916666666
 30
0.0
 10
65.85697888888888
 20
87.64026583333333
 30
0.0
 10
64.77747888888888
 20
91.9124047222222
 30
0.0
 10
64.75984
 20
92.19109916666665
 30
0.0
 10
65.71586777777777
 20
97.46512694444442
 30
0.0
 10
66.91884
 20
104.0902936111111
 30
0.0
 10
67.31042333333332
 20
118.3495713888889
 30
0.0
 10
67.21517333333333
 20
127.0843491666667
 30
0.0
 10
67.1869511111111
 20
129.7654602777778
 30
0.0
 10
66.95059
 20
131.2647658333333
 30
0.0
 10
66.15331222222221
 20
130.6756269444444
 30
0.0
 10
65.77936777777776
 20
129.7513491666666
 30
0.0
 10
65.01736777777776
 20
129.0387380555555
 30
0.0
 10
63.45809
 20
129.0387380555555
 30
0.0
 10
63.42986777777777
 20
129.0140436111111
 30
0.0
 10
63.40517333333333
 20
128.2414602777777
 30
0.0
 10
63.40517333333333
 20
127.2889602777778
 30
0.0
 10
63.40517333333333
 20
126.3223491666667
 30
0.0
 10
63.45456222222221
 20
125.8108213888889
 30
0.0
 10
63.45456222222221
 20
125.5391825
 30
0.0
 10
63.45456222222221
 20
125.2604880555555
 30
0.0
 10
63.40164555555555
 20
124.7348491666666
 30
0.0
 10
63.40517333333333
 20
123.7435436111111
 30
0.0
 10
63.40517333333333
 20
122.7451825
 30
0.0
 10
63.45456222222221
 20
122.2230713888889
 30
0.0
 10
63.45456222222221
 20
121.9408491666666
 30
0.0
 10
63.45456222222221
 20
121.6727380555555
 30
0.0
 10
63.40517333333333
 20
121.1612102777778
 30
0.0
 10
63.40517333333333
 20
120.1945991666666
 30
0.0
 10
63.40164555555555
 20
119.2244602777778
 30
0.0
 10
63.45103444444444
 20
118.7164602777778
 30
0.0
 10
63.45103444444444
 20
118.4412936111111
 30
0.0
 10
63.45456222222221
 20
118.1661269444444
 30
0.0
 10
63.40164555555555
 20
117.6404880555556
 30
0.0
 10
63.40164555555555
 20
116.6421269444444
 30
0.0
 10
63.40517333333333
 20
115.6508213888889
 30
0.0
 10
63.45456222222221
 20
115.1251825
 30
0.0
 10
63.45456222222221
 20
114.8464880555556
 30
0.0
 10
63.45456222222221
 20
114.5677936111111
 30
0.0
 10
63.40164555555555
 20
114.0421547222222
 30
0.0
 10
63.40517333333333
 20
113.0473213888889
 30
0.0
 10
63.40164555555555
 20
112.0524880555555
 30
0.0
 10
63.45456222222221
 20
111.5268491666667
 30
0.0
 10
63.45456222222221
 20
111.2481547222222
 30
0.0
 10
63.45456222222221
 20
110.1463121296296
 30
0.0
 10
63.45456222222221
 20
109.044469537037
 30
0.0
 10
63.45456222222221
 20
107.9426269444444
 30
0.0
 10
63.01358999999999
 20
107.9426269444444
 30
0.0
 10
62.57261777777777
 20
107.9426269444444
 30
0.0
 10
62.13164555555554
 20
107.9426269444444
 30
0.0
  0
SPLINE
  5
352
330
1F
100
AcDbEntity
  8
DEFAULT
 62
    18
100
AcDbSpline
210
0.0
220
0.0
230
1.0
 70
     8
 71
     3
 72
    11
 73
     7
 74
     0
 42
0.000000001
 43
0.0000000001
 40
0.0
 40
0.0
 40
0.0
 40
0.0
 40
4.113
 40
4.113
 40
4.113
 40
5.113
 40
5.113
 40
5.113
 40
5.113
 10
62.12416666666666
 20
106.3293741666667
 30
0.0
 10
62.12416666666666
 20
105.8457158333333
 30
0.0
 10
62.12416666666666
 20
105.3620575
 30
0.0
 10
62.12416666666666
 20
104.8783991666667
 30
0.0
 10
62.12416666666666
 20
104.2546880555555
 30
0.0
 10
61.80454999999999
 20
104.0056269444444
 30
0.0
 10
61.37804166666665
 20
104.2095325
 30
0.0
  0
POLYLINE
  5
353
330
1F
100
AcDbEntity
  8
DEFAULT
 62
    18
100
AcDb2dPolyline
 66
     1
 10
0.0
 20
0.0
 30
0.0
  0
VERTEX
  5
354
330
353
100
AcDbEntity
  8
DEFAULT
 62
    18
100
AcDbVertex
100
AcDb2dVertex
 10
62.53211888888889
 20
104.8782933333333
 30
0.0
  0
VERTEX
  5
355
330
353
100
AcDbEntity
  8
DEFAULT
 62
    18
100
AcDbVertex
100
AcDb2dVertex
 10
61.51294388888888
 20
104.8782933333333
 30
0.0
  0
SEQEND
  5
356
330
353
100
AcDbEntity
  8
DEFAULT
 62
    18
  0
SPLINE
  5
357
330
1F
100
AcDbEntity
  8
DEFAULT
 62
    18
100
AcDbSpline
210
0.0
220
0.0
230
1.0
 70
     8
 71
     3
 72
    23
 73
    19
 74
     0
 42
0.000000001
 43
0.0000000001
 40
0.0
 40
0.0
 40
0.0
 40
0.0
 40
1.0
 40
1.0
 40
1.0
 40
2.0
 40
2.0
 40
2.0
 40
3.0
 40
3.0
 40
3.0
 40
6.611951965350601
 40
6.611951965350601
 40
6.611951965350601
 40
7.611951965350601
 40
7.611951965350601
 40
7.611951965350601
 40
8.6119519653506
 40
8.6119519653506
 40
8.6119519653506
 40
8.6119519653506
 10
55.67355444444443
 20
80.01162277777777
 30
0.0
 10
55.69013499999999
 20
79.57453111111111
 30
0.0
 10
55.44565999999999
 20
79.21998944444445
 30
0.0
 10
55.02303222222221
 20
79.20376166666667
 30
0.0
 10
54.54995722222221
 20
79.18541722222221
 30
0.0
 10
54.40814055555555
 20
79.59710888888888
 30
0.0
 10
54.39790999999999
 20
79.86380888888888
 30
0.0
 10
54.39579333333332
 20
79.91778388888888
 30
0.0
 10
54.39826277777777
 20
79.93295333333333
 30
0.0
 10
54.40037944444443
 20
79.96011722222222
 30
0.0
 10
54.8247711111111
 20
79.97728574074074
 30
0.0
 10
55.24916277777777
 20
79.99445425925926
 30
0.0
 10
55.67355444444443
 20
80.01162277777777
 30
0.0
 10
55.6566211111111
 20
80.44906722222221
 30
0.0
 10
55.37863222222221
 20
80.73270055555555
 30
0.0
 10
54.93236833333332
 20
80.71541444444443
 30
0.0
 10
54.70165166666666
 20
80.706595
 30
0.0
 10
54.54466555555554
 20
80.65262
 30
0.0
 10
54.4532961111111
 20
80.60711166666667
 30
0.0
  0
POLYLINE
  5
358
330
1F
100
AcDbEntity
  8
DEFAULT
 62
     1
100
AcDb2dPolyline
 66
     1
 10
0.0
 20
0.0
 30
0.0
  0
VERTEX
  5
359
330
358
100
AcDbEntity
  8
DEFAULT
 62
     1
100
AcDbVertex
100
AcDb2dVertex
 10
116.0654411111111
 20
68.13514722222224
 30
0.0
  0
VERTEX
  5
35A
330
358
100
AcDbEntity
  8
DEFAULT
 62
     1
100
AcDbVertex
100
AcDb2dVertex
 10
115.0106355555556
 20
68.93948055555556
 30
0.0
  0
SEQEND
  5
35B
330
358
100
AcDbEntity
  8
DEFAULT
 62
     1
  0
POLYLINE
  5
35C
330
1F
100
AcDbEntity
  8
DEFAULT
 62
     1
100
AcDb2dPolyline
 66
     1
 10
0.0
 20
0.0
 30
0.0
  0
VERTEX
  5
35D
330
35C
100
AcDbEntity
  8
DEFAULT
 62
     1
100
AcDbVertex
100
AcDb2dVertex
 10
117.3954133333333
 20
67.12267499999997
 30
0.0
  0
VERTEX
  5
35E
330
35C
100
AcDbEntity
  8
DEFAULT
 62
     1
100
AcDbVertex
100
AcDb2dVertex
 10
116.3441355555555
 20
67.92348055555553
 30
0.0
  0
SEQEND
  5
35F
330
35C
100
AcDbEntity
  8
DEFAULT
 62
     1
  0
POLYLINE
  5
360
330
1F
100
AcDbEntity
  8
DEFAULT
 62
     1
100
AcDb2dPolyline
 66
     1
 10
0.0
 20
0.0
 30
0.0
  0
VERTEX
  5
361
330
360
100
AcDbEntity
  8
DEFAULT
 62
     1
100
AcDbVertex
100
AcDb2dVertex
 10
78.51930222222221
 20
41.74031388888888
 30
0.0
  0
VERTEX
  5
362
330
360
100
AcDbEntity
  8
DEFAULT
 62
     1
100
AcDbVertex
100
AcDb2dVertex
 10
78.51930222222221
 20
43.06323055555555
 30
0.0
  0
SEQEND
  5
363
330
360
100
AcDbEntity
  8
DEFAULT
 62
     1
  0
POLYLINE
  5
364
330
1F
100
AcDbEntity
  8
DEFAULT
 62
     1
100
AcDb2dPolyline
 66
     1
 10
0.0
 20
0.0
 30
0.0
  0
VERTEX
  5
365
330
364
100
AcDbEntity
  8
DEFAULT
 62
     1
100
AcDbVertex
100
AcDb2dVertex
 10
78.52282999999998
 20
40.06461944444444
 30
0.0
  0
VERTEX
  5
366
330
364
100
AcDbEntity
  8
DEFAULT
 62
     1
100
AcDbVertex
100
AcDb2dVertex
 10
78.52282999999998
 20
41.39106388888889
 30
0.0
  0
SEQEND
  5
367
330
364
100
AcDbEntity
  8
DEFAULT
 62
     1
  0
SPLINE
  5
368
330
1F
100
AcDbEntity
  8
DEFAULT
 62
     1
100
AcDbSpline
210
0.0
220
0.0
230
1.0
 70
     8
 71
     3
 72
    65
 73
    61
 74
     0
 42
0.000000001
 43
0.0000000001
 40
0.0
 40
0.0
 40
0.0
 40
0.0
 40
3.760119678946411
 40
3.760119678946411
 40
3.760119678946411
 40
13.12653308003001
 40
13.12653308003001
 40
13.12653308003001
 40
14.12653308003001
 40
14.12653308003001
 40
14.12653308003001
 40
15.12653308003001
 40
15.12653308003001
 40
15.12653308003001
 40
16.12653308003001
 40
16.12653308003001
 40
16.12653308003001
 40
17.12653308003001
 40
17.12653308003001
 40
17.12653308003001
 40
18.12653308003001
 40
18.12653308003001
 40
18.12653308003001
 40
19.12653308003001
 40
19.12653308003001
 40
19.12653308003001
 40
20.12653308003001
 40
20.12653308003001
 40
20.12653308003001
 40
21.12653308003001
 40
21.12653308003001
 40
21.12653308003001
 40
22.12653308003001
 40
22.12653308003001
 40
22.12653308003001
 40
23.12653308003001
 40
23.12653308003001
 40
23.12653308003001
 40
24.12653308003001
 40
24.12653308003001
 40
24.12653308003001
 40
25.12653308003001
 40
25.12653308003001
 40
25.12653308003001
 40
26.12653308003001
 40
26.12653308003001
 40
26.12653308003001
 40
27.12653308003001
 40
27.12653308003001
 40
27.12653308003001
 40
28.12653308003001
 40
28.12653308003001
 40
28.12653308003001
 40
29.12653308003001
 40
29.12653308003001
 40
29.12653308003001
 40
39.04653812035133
 40
39.04653812035133
 40
39.04653812035133
 40
42.79653812035133
 40
42.79653812035133
 40
42.79653812035133
 40
42.79653812035133
 10
105.7184688888889
 20
54.02050833333335
 30
0.0
 10
106.0700707407407
 20
53.75239722222224
 30
0.0
 10
106.4216725925926
 20
53.48428611111112
 30
0.0
 10
106.7732744444445
 20
53.21617500000001
 30
0.0
 10
107.4423762962963
 20
54.0910638888889
 30
0.0
 10
108.1114781481481
 20
54.96595277777777
 30
0.0
 10
108.78058
 20
55.84084166666666
 30
0.0
 10
108.9499133333333
 20
56.06309166666666
 30
0.0
 10
109.2286077777778
 20
56.50759166666666
 30
0.0
 10
109.8353855555555
 20
57.29781388888888
 30
0.0
 10
110.4351077777778
 20
58.0880361111111
 30
0.0
 10
110.7949411111111
 20
58.47609166666665
 30
0.0
 10
110.9642744444444
 20
58.69834166666666
 30
0.0
 10
111.13008
 20
58.92059166666667
 30
0.0
 10
111.41583
 20
59.36861944444443
 30
0.0
 10
112.0155522222222
 20
60.15884166666666
 30
0.0
 10
112.62233
 20
60.94906388888889
 30
0.0
 10
112.9786355555555
 20
61.33711944444444
 30
0.0
 10
113.1479688888889
 20
61.55584166666665
 30
0.0
 10
113.3137744444444
 20
61.77456388888888
 30
0.0
 10
113.5818855555555
 20
62.20848055555555
 30
0.0
 10
114.1674966666667
 20
62.98106388888888
 30
0.0
 10
114.7566355555555
 20
63.74659166666665
 30
0.0
 10
115.1058855555555
 20
64.12406388888888
 30
0.0
 10
115.2716911111111
 20
64.33925833333332
 30
0.0
 10
115.4339688888889
 20
64.55445277777777
 30
0.0
 10
115.7056077777778
 20
64.9918972222222
 30
0.0
 10
116.2947466666667
 20
65.757425
 30
0.0
 10
116.8733022222222
 20
66.519425
 30
0.0
 10
117.3601355555555
 20
67.122675
 30
0.0
 10
117.3954133333333
 20
67.122675
 30
0.0
 10
117.9386911111111
 20
66.70639722222222
 30
0.0
 10
118.5525244444444
 20
66.30070277777777
 30
0.0
 10
118.4114133333333
 20
65.19650833333333
 30
0.0
 10
118.3126355555555
 20
64.40275833333332
 30
0.0
 10
117.8893022222222
 20
63.20331388888888
 30
0.0
 10
116.6475244444444
 20
61.471175
 30
0.0
 10
107.38358
 20
48.55950833333333
 30
0.0
 10
102.68458
 20
45.41978611111111
 30
0.0
 10
98.11610777777776
 20
39.7047861111111
 30
0.0
 10
95.68546888888888
 20
36.66384166666666
 30
0.0
 10
93.36771888888887
 20
39.62717499999999
 30
0.0
 10
93.57938555555556
 20
37.62692499999999
 30
0.0
 10
93.9498022222222
 20
34.39195277777777
 30
0.0
 10
90.02691333333333
 20
36.12056388888888
 30
0.0
 10
87.10238555555554
 20
35.92300833333333
 30
0.0
 10
79.17546888888887
 20
35.38325833333333
 30
0.0
 10
78.52635777777778
 20
37.06953611111111
 30
0.0
 10
78.52282999999998
 20
40.06461944444444
 30
0.0
 10
78.52282999999998
 20
40.09284166666666
 30
0.0
 10
79.30599666666666
 20
40.11753611111111
 30
0.0
 10
80.27260777777776
 20
40.12106388888888
 30
0.0
 10
81.23921888888889
 20
40.12106388888888
 30
0.0
 10
81.75074666666666
 20
40.071675
 30
0.0
 10
82.02238555555554
 20
40.071675
 30
0.0
 10
83.18890407407406
 20
40.07285092592593
 30
0.0
 10
84.35542259259257
 20
40.07402685185185
 30
0.0
 10
85.5219411111111
 20
40.07520277777777
 30
0.0
 10
85.5219411111111
 20
40.516175
 30
0.0
 10
85.5219411111111
 20
40.95714722222222
 30
0.0
 10
85.5219411111111
 20
41.39811944444444
 30
0.0
  0
SPLINE
  5
369
330
1F
100
AcDbEntity
  8
DEFAULT
 62
     1
100
AcDbSpline
210
0.0
220
0.0
230
1.0
 70
     8
 71
     3
 72
    65
 73
    61
 74
     0
 42
0.000000001
 43
0.0000000001
 40
0.0
 40
0.0
 40
0.0
 40
0.0
 40
3.738154624945336
 40
3.738154624945336
 40
3.738154624945336
 40
13.11251326967413
 40
13.11251326967413
 40
13.11251326967413
 40
14.11251326967413
 40
14.11251326967413
 40
14.11251326967413
 40
15.11251326967413
 40
15.11251326967413
 40
15.11251326967413
 40
16.11251326967413
 40
16.11251326967413
 40
16.11251326967413
 40
17.11251326967413
 40
17.11251326967413
 40
17.11251326967413
 40
18.11251326967413
 40
18.11251326967413
 40
18.11251326967413
 40
19.11251326967413
 40
19.11251326967413
 40
19.11251326967413
 40
20.11251326967413
 40
20.11251326967413
 40
20.11251326967413
 40
21.11251326967413
 40
21.11251326967413
 40
21.11251326967413
 40
22.11251326967413
 40
22.11251326967413
 40
22.11251326967413
 40
23.11251326967413
 40
23.11251326967413
 40
23.11251326967413
 40
24.11251326967413
 40
24.11251326967413
 40
24.11251326967413
 40
25.11251326967413
 40
25.11251326967413
 40
25.11251326967413
 40
26.11251326967413
 40
26.11251326967413
 40
26.11251326967413
 40
27.11251326967413
 40
27.11251326967413
 40
27.11251326967413
 40
28.11251326967413
 40
28.11251326967413
 40
28.11251326967413
 40
29.11251326967413
 40
29.11251326967413
 40
29.11251326967413
 40
39.04251830491956
 40
39.04251830491956
 40
39.04251830491956
 40
42.79251830491956
 40
42.79251830491956
 40
42.79251830491956
 40
42.79251830491956
 10
105.4397744444444
 20
54.23217499999999
 30
0.0
 10
105.0905244444444
 20
54.49911018518517
 30
0.0
 10
104.7412744444444
 20
54.76604537037036
 30
0.0
 10
104.3920244444444
 20
55.03298055555555
 30
0.0
 10
105.0611262962963
 20
55.90904537037036
 30
0.0
 10
105.7302281481482
 20
56.78511018518518
 30
0.0
 10
106.39933
 20
57.661175
 30
0.0
 10
106.5651355555556
 20
57.87989722222223
 30
0.0
 10
106.9284966666667
 20
58.27148055555555
 30
0.0
 10
107.5282188888889
 20
59.06170277777777
 30
0.0
 10
108.1314688888889
 20
59.84839722222222
 30
0.0
 10
108.4136911111111
 20
60.296425
 30
0.0
 10
108.5794966666667
 20
60.51867499999999
 30
0.0
 10
108.7523577777778
 20
60.740925
 30
0.0
 10
109.1086633333333
 20
61.12898055555556
 30
0.0
 10
109.7119133333333
 20
61.91920277777778
 30
0.0
 10
110.3151633333333
 20
62.709425
 30
0.0
 10
110.5938577777778
 20
63.15392499999999
 30
0.0
 10
110.7631911111111
 20
63.37970277777778
 30
0.0
 10
110.9289966666667
 20
63.59489722222222
 30
0.0
 10
111.2782466666667
 20
63.96884166666666
 30
0.0
 10
111.8673855555556
 20
64.73789722222222
 30
0.0
 10
112.4494688888889
 20
65.50695277777778
 30
0.0
 10
112.7211077777778
 20
65.94439722222222
 30
0.0
 10
112.8869133333333
 20
66.15959166666667
 30
0.0
 10
113.0527188888889
 20
66.3783138888889
 30
0.0
 10
113.4019688888889
 20
66.75225833333333
 30
0.0
 10
113.98758
 20
67.52131388888888
 30
0.0
 10
114.5767188888889
 20
68.28684166666666
 30
0.0
 10
115.0318022222222
 20
68.92536944444444
 30
0.0
 10
115.0106355555556
 20
68.93948055555555
 30
0.0
 10
114.1745522222222
 20
69.57800833333333
 30
0.0
 10
113.5713022222222
 20
70.09659166666667
 30
0.0
 10
112.7352188888889
 20
69.87081388888889
 30
0.0
 10
111.1865244444444
 20
69.46159166666666
 30
0.0
 10
108.8370244444444
 20
66.52295277777777
 30
0.0
 10
102.7198577777778
 20
57.17434166666667
 30
0.0
 10
98.05966333333333
 20
50.04823055555556
 30
0.0
 10
98.44771888888889
 20
45.25398055555556
 30
0.0
 10
94.42252444444443
 20
46.78503611111112
 30
0.0
 10
92.52810777777778
 20
47.501175
 30
0.0
 10
91.31455222222222
 20
48.64770277777777
 30
0.0
 10
89.81877444444444
 20
46.82384166666667
 30
0.0
 10
88.28771888888889
 20
44.95059166666667
 30
0.0
 10
87.76560777777779
 20
45.95248055555555
 30
0.0
 10
82.25521888888889
 20
45.945425
 30
0.0
 10
80.3784411111111
 20
45.945425
 30
0.0
 10
78.51577444444445
 20
46.06536944444444
 30
0.0
 10
78.51930222222222
 20
43.06675833333333
 30
0.0
 10
78.52635777777778
 20
43.03500833333334
 30
0.0
 10
79.30952444444445
 20
43.01736944444445
 30
0.0
 10
80.26908
 20
43.02089722222222
 30
0.0
 10
81.23569111111111
 20
43.02089722222222
 30
0.0
 10
81.7472188888889
 20
43.07028611111111
 30
0.0
 10
82.01885777777778
 20
43.07028611111111
 30
0.0
 10
83.18655222222223
 20
43.07146203703704
 30
0.0
 10
84.35424666666667
 20
43.07263796296297
 30
0.0
 10
85.5219411111111
 20
43.07381388888889
 30
0.0
 10
85.5219411111111
 20
42.63284166666667
 30
0.0
 10
85.5219411111111
 20
42.19186944444445
 30
0.0
 10
85.5219411111111
 20
41.75089722222222
 30
0.0
  0
SPLINE
  5
36A
330
1F
100
AcDbEntity
  8
DEFAULT
 62
    18
100
AcDbSpline
210
0.0
220
0.0
230
1.0
 70
     8
 71
     3
 72
    23
 73
    19
 74
     0
 42
0.000000001
 43
0.0000000001
 40
0.0
 40
0.0
 40
0.0
 40
0.0
 40
1.0
 40
1.0
 40
1.0
 40
2.0
 40
2.0
 40
2.0
 40
3.0
 40
3.0
 40
3.0
 40
4.0
 40
4.0
 40
4.0
 40
5.0
 40
5.0
 40
5.0
 40
6.0
 40
6.0
 40
6.0
 40
6.0
 10
104.0272522222222
 20
51.32973111111111
 30
0.0
 10
103.951405
 20
51.23024777777777
 30
0.0
 10
103.6741216666667
 20
51.2852811111111
 30
0.0
 10
103.5287772222222
 20
51.39640611111111
 30
0.0
 10
103.2250355555556
 20
51.6281811111111
 30
0.0
 10
103.27513
 20
51.84196444444444
 30
0.0
 10
103.4515188888889
 20
52.07303388888888
 30
0.0
 10
103.4515188888889
 20
52.07303388888888
 30
0.0
 10
103.8226411111111
 20
52.53587833333333
 30
0.0
 10
103.8685022222222
 20
52.62548388888889
 30
0.0
 10
103.957755
 20
52.74225333333332
 30
0.0
 10
104.3059466666667
 20
52.58279777777777
 30
0.0
 10
104.4392966666667
 20
52.480845
 30
0.0
 10
104.6290911111111
 20
52.33620611111111
 30
0.0
 10
104.6237994444444
 20
52.12877277777777
 30
0.0
 10
104.5204355555556
 20
51.9933061111111
 30
0.0
 10
104.3479272222222
 20
51.76682277777778
 30
0.0
 10
104.1129772222222
 20
51.62535888888888
 30
0.0
 10
103.5404188888889
 20
52.1901561111111
 30
0.0
  0
POLYLINE
  5
36B
330
1F
100
AcDbEntity
  8
DEFAULT
 62
    18
100
AcDb2dPolyline
 66
     1
 10
0.0
 20
0.0
 30
0.0
  0
VERTEX
  5
36C
330
36B
100
AcDbEntity
  8
DEFAULT
 62
    18
100
AcDbVertex
100
AcDb2dVertex
 10
89.51580888888888
 20
42.33940111111111
 30
0.0
  0
VERTEX
  5
36D
330
36B
100
AcDbEntity
  8
DEFAULT
 62
    18
100
AcDbVertex
100
AcDb2dVertex
 10
89.51580888888888
 20
40.82457333333333
 30
0.0
  0
VERTEX
  5
36E
330
36B
100
AcDbEntity
  8
DEFAULT
 62
    18
100
AcDbVertex
100
AcDb2dVertex
 10
87.61186722222222
 20
42.33940111111111
 30
0.0
  0
VERTEX
  5
36F
330
36B
100
AcDbEntity
  8
DEFAULT
 62
    18
100
AcDbVertex
100
AcDb2dVertex
 10
87.61186722222222
 20
40.80799277777778
 30
0.0
  0
SEQEND
  5
370
330
36B
100
AcDbEntity
  8
DEFAULT
 62
    18
  0
POLYLINE
  5
371
330
1F
100
AcDbEntity
  8
DEFAULT
 62
     1
100
AcDb2dPolyline
 66
     1
 10
0.0
 20
0.0
 30
0.0
  0
VERTEX
  5
372
330
371
100
AcDbEntity
  8
DEFAULT
 62
     1
100
AcDbVertex
100
AcDb2dVertex
 10
24.99003694444444
 20
68.93948055555555
 30
0.0
  0
VERTEX
  5
373
330
371
100
AcDbEntity
  8
DEFAULT
 62
     1
100
AcDbVertex
100
AcDb2dVertex
 10
23.93523138888889
 20
68.13514722222222
 30
0.0
  0
SEQEND
  5
374
330
371
100
AcDbEntity
  8
DEFAULT
 62
     1
  0
POLYLINE
  5
375
330
1F
100
AcDbEntity
  8
DEFAULT
 62
     1
100
AcDb2dPolyline
 66
     1
 10
0.0
 20
0.0
 30
0.0
  0
VERTEX
  5
376
330
375
100
AcDbEntity
  8
DEFAULT
 62
     1
100
AcDbVertex
100
AcDb2dVertex
 10
23.65653694444445
 20
67.92348055555554
 30
0.0
  0
VERTEX
  5
377
330
375
100
AcDbEntity
  8
DEFAULT
 62
     1
100
AcDbVertex
100
AcDb2dVertex
 10
22.60525916666667
 20
67.12267499999997
 30
0.0
  0
SEQEND
  5
378
330
375
100
AcDbEntity
  8
DEFAULT
 62
     1
  0
POLYLINE
  5
379
330
1F
100
AcDbEntity
  8
DEFAULT
 62
     1
100
AcDb2dPolyline
 66
     1
 10
0.0
 20
0.0
 30
0.0
  0
VERTEX
  5
37A
330
379
100
AcDbEntity
  8
DEFAULT
 62
     1
100
AcDbVertex
100
AcDb2dVertex
 10
61.48137027777777
 20
41.73678611111111
 30
0.0
  0
VERTEX
  5
37B
330
379
100
AcDbEntity
  8
DEFAULT
 62
     1
100
AcDbVertex
100
AcDb2dVertex
 10
61.48137027777777
 20
43.06323055555555
 30
0.0
  0
SEQEND
  5
37C
330
379
100
AcDbEntity
  8
DEFAULT
 62
     1
  0
POLYLINE
  5
37D
330
1F
100
AcDbEntity
  8
DEFAULT
 62
     1
100
AcDb2dPolyline
 66
     1
 10
0.0
 20
0.0
 30
0.0
  0
VERTEX
  5
37E
330
37D
100
AcDbEntity
  8
DEFAULT
 62
     1
100
AcDbVertex
100
AcDb2dVertex
 10
61.47784249999999
 20
40.06461944444444
 30
0.0
  0
VERTEX
  5
37F
330
37D
100
AcDbEntity
  8
DEFAULT
 62
     1
100
AcDbVertex
100
AcDb2dVertex
 10
61.47784249999999
 20
41.39106388888889
 30
0.0
  0
SEQEND
  5
380
330
37D
100
AcDbEntity
  8
DEFAULT
 62
     1
  0
SPLINE
  5
381
330
1F
100
AcDbEntity
  8
DEFAULT
 62
     1
100
AcDbSpline
210
0.0
220
0.0
230
1.0
 70
     8
 71
     3
 72
    65
 73
    61
 74
     0
 42
0.000000001
 43
0.0000000001
 40
0.0
 40
0.0
 40
0.0
 40
0.0
 40
3.75
 40
3.75
 40
3.75
 40
13.66000504540739
 40
13.66000504540739
 40
13.66000504540739
 40
14.66000504540739
 40
14.66000504540739
 40
14.66000504540739
 40
15.66000504540739
 40
15.66000504540739
 40
15.66000504540739
 40
16.66000504540739
 40
16.66000504540739
 40
16.66000504540739
 40
17.66000504540739
 40
17.66000504540739
 40
17.66000504540739
 40
18.66000504540739
 40
18.66000504540739
 40
18.66000504540739
 40
19.66000504540739
 40
19.66000504540739
 40
19.66000504540739
 40
20.66000504540739
 40
20.66000504540739
 40
20.66000504540739
 40
21.66000504540739
 40
21.66000504540739
 40
21.66000504540739
 40
22.66000504540739
 40
22.66000504540739
 40
22.66000504540739
 40
23.66000504540739
 40
23.66000504540739
 40
23.66000504540739
 40
24.66000504540739
 40
24.66000504540739
 40
24.66000504540739
 40
25.66000504540739
 40
25.66000504540739
 40
25.66000504540739
 40
26.66000504540739
 40
26.66000504540739
 40
26.66000504540739
 40
27.66000504540739
 40
27.66000504540739
 40
27.66000504540739
 40
28.66000504540739
 40
28.66000504540739
 40
28.66000504540739
 40
29.66000504540739
 40
29.66000504540739
 40
29.66000504540739
 40
39.02641844649106
 40
39.02641844649106
 40
39.02641844649106
 40
42.7865381254375
 40
42.7865381254375
 40
42.7865381254375
 40
42.7865381254375
 10
54.48225916666667
 20
41.39811944444444
 30
0.0
 10
54.48225916666667
 20
40.95714722222221
 30
0.0
 10
54.48225916666667
 20
40.516175
 30
0.0
 10
54.48225916666667
 20
40.07520277777778
 30
0.0
 10
55.64760175925926
 20
40.07402685185185
 30
0.0
 10
56.81294435185185
 20
40.07285092592593
 30
0.0
 10
57.97828694444444
 20
40.071675
 30
0.0
 10
58.24992583333334
 20
40.071675
 30
0.0
 10
58.76145361111111
 20
40.12106388888888
 30
0.0
 10
59.72806472222222
 20
40.12106388888888
 30
0.0
 10
60.69467583333333
 20
40.11753611111111
 30
0.0
 10
61.47784249999999
 20
40.09284166666666
 30
0.0
 10
61.47784249999999
 20
40.06461944444444
 30
0.0
 10
61.47431472222222
 20
37.06953611111111
 30
0.0
 10
60.82520361111111
 20
35.38325833333333
 30
0.0
 10
52.89828694444444
 20
35.92300833333334
 30
0.0
 10
49.97375916666667
 20
36.12056388888889
 30
0.0
 10
46.05087027777778
 20
34.388425
 30
0.0
 10
46.42128694444445
 20
37.62339722222222
 30
0.0
 10
46.63295361111111
 20
39.63070277777777
 30
0.0
 10
44.31873138888889
 20
36.66384166666666
 30
0.0
 10
41.88456472222222
 20
39.70478611111111
 30
0.0
 10
37.3160925
 20
45.41978611111111
 30
0.0
 10
32.61709250000001
 20
48.55950833333333
 30
0.0
 10
23.35314805555556
 20
61.471175
 30
0.0
 10
22.11137027777778
 20
63.20331388888888
 30
0.0
 10
21.68803694444445
 20
64.40275833333332
 30
0.0
 10
21.58925916666667
 20
65.19650833333333
 30
0.0
 10
21.44814805555556
 20
66.30070277777777
 30
0.0
 10
22.06198138888889
 20
66.70639722222222
 30
0.0
 10
22.60525916666667
 20
67.122675
 30
0.0
 10
22.64053694444445
 20
67.122675
 30
0.0
 10
23.12737027777778
 20
66.519425
 30
0.0
 10
23.70592583333334
 20
65.757425
 30
0.0
 10
24.29506472222223
 20
64.9918972222222
 30
0.0
 10
24.56670361111112
 20
64.55445277777777
 30
0.0
 10
24.72898138888889
 20
64.33925833333333
 30
0.0
 10
24.89478694444444
 20
64.12406388888888
 30
0.0
 10
25.24403694444445
 20
63.74659166666667
 30
0.0
 10
25.83317583333334
 20
62.98106388888888
 30
0.0
 10
26.41878694444445
 20
62.20848055555555
 30
0.0
 10
26.68689805555556
 20
61.77456388888888
 30
0.0
 10
26.85270361111112
 20
61.55584166666667
 30
0.0
 10
27.02203694444444
 20
61.33711944444444
 30
0.0
 10
27.3783425
 20
60.94906388888889
 30
0.0
 10
27.98512027777778
 20
60.15884166666666
 30
0.0
 10
28.58837027777778
 20
59.36861944444443
 30
0.0
 10
28.8705925
 20
58.92059166666667
 30
0.0
 10
29.03639805555556
 20
58.69834166666666
 30
0.0
 10
29.20925916666667
 20
58.47609166666667
 30
0.0
 10
29.56556472222223
 20
58.0880361111111
 30
0.0
 10
30.16528694444444
 20
57.29781388888889
 30
0.0
 10
30.77206472222223
 20
56.50759166666666
 30
0.0
 10
31.05075916666667
 20
56.06309166666666
 30
0.0
 10
31.2200925
 20
55.84084166666666
 30
0.0
 10
31.88919435185186
 20
54.96595277777777
 30
0.0
 10
32.5582962037037
 20
54.09106388888888
 30
0.0
 10
33.22739805555555
 20
53.21617499999999
 30
0.0
 10
33.57899990740741
 20
53.48428611111111
 30
0.0
 10
33.93060175925926
 20
53.75239722222221
 30
0.0
 10
34.28220361111111
 20
54.02050833333333
 30
0.0
  0
SPLINE
  5
382
330
1F
100
AcDbEntity
  8
DEFAULT
 62
     1
100
AcDbSpline
210
0.0
220
0.0
230
1.0
 70
     8
 71
     3
 72
    65
 73
    61
 74
     0
 42
0.000000001
 43
0.0000000001
 40
0.0
 40
0.0
 40
0.0
 40
0.0
 40
3.746104643493022
 40
3.746104643493022
 40
3.746104643493022
 40
13.12653640327892
 40
13.12653640327892
 40
13.12653640327892
 40
14.12653640327892
 40
14.12653640327892
 40
14.12653640327892
 40
15.12653640327892
 40
15.12653640327892
 40
15.12653640327892
 40
16.12653640327892
 40
16.12653640327892
 40
16.12653640327892
 40
17.12653640327892
 40
17.12653640327892
 40
17.12653640327892
 40
18.12653640327892
 40
18.12653640327892
 40
18.12653640327892
 40
19.12653640327892
 40
19.12653640327892
 40
19.12653640327892
 40
20.12653640327892
 40
20.12653640327892
 40
20.12653640327892
 40
21.12653640327892
 40
21.12653640327892
 40
21.12653640327892
 40
22.12653640327892
 40
22.12653640327892
 40
22.12653640327892
 40
23.12653640327892
 40
23.12653640327892
 40
23.12653640327892
 40
24.12653640327892
 40
24.12653640327892
 40
24.12653640327892
 40
25.12653640327892
 40
25.12653640327892
 40
25.12653640327892
 40
26.12653640327892
 40
26.12653640327892
 40
26.12653640327892
 40
27.12653640327892
 40
27.12653640327892
 40
27.12653640327892
 40
28.12653640327892
 40
28.12653640327892
 40
28.12653640327892
 40
29.12653640327892
 40
29.12653640327892
 40
29.12653640327892
 40
39.0465414436002
 40
39.0465414436002
 40
39.0465414436002
 40
42.80654144360021
 40
42.80654144360021
 40
42.80654144360021
 40
42.80654144360021
 10
34.56089805555555
 20
54.232175
 30
0.0
 10
34.91132398148148
 20
54.49911018518518
 30
0.0
 10
35.26174990740741
 20
54.76604537037037
 30
0.0
 10
35.61217583333333
 20
55.03298055555556
 30
0.0
 10
34.94189805555555
 20
55.90904537037037
 30
0.0
 10
34.27162027777778
 20
56.78511018518518
 30
0.0
 10
33.60134249999999
 20
57.661175
 30
0.0
 10
33.43553694444444
 20
57.87989722222223
 30
0.0
 10
33.07217583333333
 20
58.27148055555555
 30
0.0
 10
32.47245361111111
 20
59.06170277777777
 30
0.0
 10
31.86920361111111
 20
59.84839722222222
 30
0.0
 10
31.58698138888889
 20
60.296425
 30
0.0
 10
31.42117583333333
 20
60.51867499999999
 30
0.0
 10
31.24831472222222
 20
60.740925
 30
0.0
 10
30.89200916666666
 20
61.12898055555556
 30
0.0
 10
30.28875916666667
 20
61.91920277777778
 30
0.0
 10
29.68550916666666
 20
62.709425
 30
0.0
 10
29.40681472222222
 20
63.15392499999999
 30
0.0
 10
29.23748138888888
 20
63.37970277777778
 30
0.0
 10
29.07167583333333
 20
63.59489722222222
 30
0.0
 10
28.72595361111111
 20
63.96884166666666
 30
0.0
 10
28.13681472222222
 20
64.73789722222222
 30
0.0
 10
27.55120361111111
 20
65.50695277777778
 30
0.0
 10
27.27956472222222
 20
65.94439722222222
 30
0.0
 10
27.11728694444444
 20
66.15959166666667
 30
0.0
 10
26.95148138888888
 20
66.3783138888889
 30
0.0
 10
26.59870361111111
 20
66.75225833333333
 30
0.0
 10
26.0130925
 20
67.52131388888888
 30
0.0
 10
25.42395361111111
 20
68.28684166666666
 30
0.0
 10
24.96887027777777
 20
68.92536944444444
 30
0.0
 10
24.99003694444444
 20
68.93948055555555
 30
0.0
 10
25.82612027777778
 20
69.57800833333333
 30
0.0
 10
26.42937027777778
 20
70.09659166666667
 30
0.0
 10
27.26545361111111
 20
69.87081388888889
 30
0.0
 10
28.81414805555555
 20
69.46159166666666
 30
0.0
 10
31.16364805555556
 20
66.52295277777777
 30
0.0
 10
37.28081472222222
 20
57.17434166666667
 30
0.0
 10
41.94100916666666
 20
50.04823055555556
 30
0.0
 10
41.55295361111111
 20
45.25398055555556
 30
0.0
 10
45.57814805555555
 20
46.78503611111112
 30
0.0
 10
47.47256472222222
 20
47.501175
 30
0.0
 10
48.68612027777777
 20
48.64770277777777
 30
0.0
 10
50.18189805555556
 20
46.82384166666667
 30
0.0
 10
51.7129536111111
 20
44.95059166666667
 30
0.0
 10
52.23506472222222
 20
45.95248055555555
 30
0.0
 10
57.74545361111111
 20
45.945425
 30
0.0
 10
59.62223138888888
 20
45.945425
 30
0.0
 10
61.48489805555554
 20
46.06536944444444
 30
0.0
 10
61.48137027777777
 20
43.06675833333333
 30
0.0
 10
61.47431472222222
 20
43.03500833333334
 30
0.0
 10
60.69114805555554
 20
43.01736944444445
 30
0.0
 10
59.7315925
 20
43.02089722222222
 30
0.0
 10
58.76498138888888
 20
43.02089722222222
 30
0.0
 10
58.25345361111111
 20
43.07028611111111
 30
0.0
 10
57.98181472222222
 20
43.07028611111111
 30
0.0
 10
56.8152962037037
 20
43.07146203703704
 30
0.0
 10
55.64877768518519
 20
43.07263796296297
 30
0.0
 10
54.48225916666667
 20
43.07381388888889
 30
0.0
 10
54.48225916666667
 20
42.63166574074074
 30
0.0
 10
54.48225916666667
 20
42.1895175925926
 30
0.0
 10
54.48225916666667
 20
41.74736944444444
 30
0.0
  0
SPLINE
  5
383
330
1F
100
AcDbEntity
  8
DEFAULT
 62
    18
100
AcDbSpline
210
0.0
220
0.0
230
1.0
 70
     8
 71
     3
 72
    23
 73
    19
 74
     0
 42
0.000000001
 43
0.0000000001
 40
0.0
 40
0.0
 40
0.0
 40
0.0
 40
1.0
 40
1.0
 40
1.0
 40
2.0
 40
2.0
 40
2.0
 40
3.0
 40
3.0
 40
3.0
 40
4.0
 40
4.0
 40
4.0
 40
5.0
 40
5.0
 40
5.0
 40
6.0
 40
6.0
 40
6.0
 40
6.0
 10
36.70215333333333
 20
51.88338055555555
 30
0.0
 10
36.77800055555555
 20
51.78389722222222
 30
0.0
 10
36.6517061111111
 20
51.53130833333333
 30
0.0
 10
36.50636166666666
 20
51.42018333333333
 30
0.0
 10
36.20262
 20
51.18840833333333
 30
0.0
 10
36.00929777777777
 20
51.29318333333332
 30
0.0
 10
35.83290888888889
 20
51.52425277777778
 30
0.0
 10
35.83290888888889
 20
51.52425277777778
 30
0.0
 10
35.48471722222222
 20
52.0047361111111
 30
0.0
 10
35.41063388888888
 20
52.07246944444444
 30
0.0
 10
35.32138111111111
 20
52.18923888888888
 30
0.0
 10
35.56726722222222
 20
52.48310277777777
 30
0.0
 10
35.70061722222222
 20
52.58505555555555
 30
0.0
 10
35.89041166666667
 20
52.72969444444444
 30
0.0
 10
36.08902555555555
 20
52.67007499999999
 30
0.0
 10
36.19238944444444
 20
52.53460833333333
 30
0.0
 10
36.36525055555555
 20
52.308125
 30
0.0
 10
36.43933388888888
 20
52.04424722222221
 30
0.0
 10
35.74400888888889
 20
51.64137499999999
 30
0.0
  0
POLYLINE
  5
384
330
1F
100
AcDbEntity
  8
DEFAULT
 62
    18
100
AcDb2dPolyline
 66
     1
 10
0.0
 20
0.0
 30
0.0
  0
VERTEX
  5
385
330
384
100
AcDbEntity
  8
DEFAULT
 62
    18
100
AcDbVertex
100
AcDb2dVertex
 10
50.48835611111111
 20
40.80855722222222
 30
0.0
  0
VERTEX
  5
386
330
384
100
AcDbEntity
  8
DEFAULT
 62
    18
100
AcDbVertex
100
AcDb2dVertex
 10
50.48835611111111
 20
42.32338499999999
 30
0.0
  0
VERTEX
  5
387
330
384
100
AcDbEntity
  8
DEFAULT
 62
    18
100
AcDbVertex
100
AcDb2dVertex
 10
52.39229777777777
 20
40.80855722222222
 30
0.0
  0
VERTEX
  5
388
330
384
100
AcDbEntity
  8
DEFAULT
 62
    18
100
AcDbVertex
100
AcDb2dVertex
 10
52.39229777777777
 20
42.33996555555555
 30
0.0
  0
SEQEND
  5
389
330
384
100
AcDbEntity
  8
DEFAULT
 62
    18
  0
SPLINE
  5
38A
330
1F
100
AcDbEntity
  8
DEFAULT
 62
     1
100
AcDbSpline
210
0.0
220
0.0
230
1.0
 70
     8
 71
     3
 72
    62
 73
    58
 74
     0
 42
0.000000001
 43
0.0000000001
 40
0.0
 40
0.0
 40
0.0
 40
0.0
 40
3.799999999999997
 40
3.799999999999997
 40
3.799999999999997
 40
13.18002132193738
 40
13.18002132193738
 40
13.18002132193738
 40
14.18002132193738
 40
14.18002132193738
 40
14.18002132193738
 40
15.18002132193738
 40
15.18002132193738
 40
15.18002132193738
 40
16.18002132193738
 40
16.18002132193738
 40
16.18002132193738
 40
17.18002132193738
 40
17.18002132193738
 40
17.18002132193738
 40
18.18002132193738
 40
18.18002132193738
 40
18.18002132193738
 40
19.18002132193738
 40
19.18002132193738
 40
19.18002132193738
 40
20.18002132193738
 40
20.18002132193738
 40
20.18002132193738
 40
21.18002132193738
 40
21.18002132193738
 40
21.18002132193738
 40
22.18002132193738
 40
22.18002132193738
 40
22.18002132193738
 40
23.18002132193738
 40
23.18002132193738
 40
23.18002132193738
 40
24.18002132193738
 40
24.18002132193738
 40
24.18002132193738
 40
25.18002132193738
 40
25.18002132193738
 40
25.18002132193738
 40
26.18002132193738
 40
26.18002132193738
 40
26.18002132193738
 40
27.18002132193738
 40
27.18002132193738
 40
27.18002132193738
 40
28.18002132193738
 40
28.18002132193738
 40
28.18002132193738
 40
38.10002132193738
 40
38.10002132193738
 40
38.10002132193738
 40
41.95002132193738
 40
41.95002132193738
 40
41.95002132193738
 40
41.95002132193738
 10
15.76137027777778
 20
47.44420138888889
 30
0.0
 10
16.20822212962963
 20
47.44420138888889
 30
0.0
 10
16.65507398148148
 20
47.44420138888889
 30
0.0
 10
17.10192583333333
 20
47.44420138888889
 30
0.0
 10
17.09957398148148
 20
48.5472199074074
 30
0.0
 10
17.09722212962963
 20
49.65023842592592
 30
0.0
 10
17.09487027777778
 20
50.75325694444444
 30
0.0
 10
17.09487027777778
 20
51.03195138888888
 30
0.0
 10
17.04548138888889
 20
51.55759027777778
 30
0.0
 10
17.04548138888889
 20
52.54889583333333
 30
0.0
 10
17.04548138888889
 20
53.54372916666667
 30
0.0
 10
17.0913425
 20
54.06936805555556
 30
0.0
 10
17.0913425
 20
54.3480625
 30
0.0
 10
17.0913425
 20
54.62675694444445
 30
0.0
 10
17.04195361111111
 20
55.15239583333333
 30
0.0
 10
17.04195361111111
 20
56.14722916666667
 30
0.0
 10
17.04195361111111
 20
57.1420625
 30
0.0
 10
17.0913425
 20
57.66770138888889
 30
0.0
 10
17.0913425
 20
57.94639583333333
 30
0.0
 10
17.0913425
 20
58.21803472222222
 30
0.0
 10
17.03842583333333
 20
58.7295625
 30
0.0
 10
17.03842583333333
 20
59.69617361111111
 30
0.0
 10
17.03842583333333
 20
60.66278472222222
 30
0.0
 10
17.08781472222222
 20
61.17431250000001
 30
0.0
 10
17.08781472222222
 20
61.44595138888889
 30
0.0
 10
17.08781472222222
 20
61.71759027777778
 30
0.0
 10
17.03842583333333
 20
62.22911805555555
 30
0.0
 10
17.03842583333333
 20
63.19220138888888
 30
0.0
 10
17.03489805555555
 20
64.1588125
 30
0.0
 10
17.0595925
 20
64.94550694444445
 30
0.0
 10
17.08428694444444
 20
64.94550694444445
 30
0.0
 10
18.15673138888889
 20
64.94550694444445
 30
0.0
 10
19.44789805555555
 20
64.87142361111111
 30
0.0
 10
19.3455925
 20
54.4115625
 30
0.0
 10
19.21153694444444
 20
42.72403472222222
 30
0.0
 10
19.5678425
 20
34.42670138888889
 30
0.0
 10
20.18520361111111
 20
29.94642361111111
 30
0.0
 10
20.8060925
 20
25.46261805555556
 30
0.0
 10
18.56242583333333
 20
24.36195138888889
 30
0.0
 10
20.17814805555556
 20
22.24175694444445
 30
0.0
 10
21.79739805555555
 20
20.12509027777778
 30
0.0
 10
18.63650916666667
 20
20.09334027777778
 30
0.0
 10
19.26092583333333
 20
18.35061805555556
 30
0.0
 10
19.8853425
 20
16.60436805555556
 30
0.0
 10
19.11628694444444
 20
15.94467361111111
 30
0.0
 10
17.1230925
 20
15.94467361111111
 30
0.0
 10
17.09487027777778
 20
15.94467361111111
 30
0.0
 10
17.07370361111111
 20
16.72784027777778
 30
0.0
 10
17.07370361111111
 20
17.69445138888889
 30
0.0
 10
17.07017583333333
 20
18.6610625
 30
0.0
 10
17.11956472222222
 20
19.17259027777778
 30
0.0
 10
17.11956472222222
 20
19.44422916666667
 30
0.0
 10
17.11956472222222
 20
20.61074768518518
 30
0.0
 10
17.11956472222222
 20
21.7772662037037
 30
0.0
 10
17.11956472222222
 20
22.94378472222222
 30
0.0
 10
16.66683324074074
 20
22.94378472222222
 30
0.0
 10
16.21410175925926
 20
22.94378472222222
 30
0.0
 10
15.76137027777778
 20
22.94378472222222
 30
0.0
  0
POLYLINE
  5
38B
330
1F
100
AcDbEntity
  8
DEFAULT
 62
     1
100
AcDb2dPolyline
 66
     1
 10
0.0
 20
0.0
 30
0.0
  0
VERTEX
  5
38C
330
38B
100
AcDbEntity
  8
DEFAULT
 62
     1
100
AcDbVertex
100
AcDb2dVertex
 10
17.08428694444444
 20
15.94467361111111
 30
0.0
  0
VERTEX
  5
38D
330
38B
100
AcDbEntity
  8
DEFAULT
 62
     1
100
AcDbVertex
100
AcDb2dVertex
 10
15.76137027777778
 20
15.94467361111111
 30
0.0
  0
SEQEND
  5
38E
330
38B
100
AcDbEntity
  8
DEFAULT
 62
     1
  0
POLYLINE
  5
38F
330
1F
100
AcDbEntity
  8
DEFAULT
 62
     1
100
AcDb2dPolyline
 66
     1
 10
0.0
 20
0.0
 30
0.0
  0
VERTEX
  5
390
330
38F
100
AcDbEntity
  8
DEFAULT
 62
     1
100
AcDbVertex
100
AcDb2dVertex
 10
15.4085925
 20
15.94467361111111
 30
0.0
  0
VERTEX
  5
391
330
38F
100
AcDbEntity
  8
DEFAULT
 62
     1
100
AcDbVertex
100
AcDb2dVertex
 10
14.08567583333333
 20
15.94467361111111
 30
0.0
  0
SEQEND
  5
392
330
38F
100
AcDbEntity
  8
DEFAULT
 62
     1
  0
POLYLINE
  5
393
330
1F
100
AcDbEntity
  8
DEFAULT
 62
     1
100
AcDb2dPolyline
 66
     1
 10
0.0
 20
0.0
 30
0.0
  0
VERTEX
  5
394
330
393
100
AcDbEntity
  8
DEFAULT
 62
     1
100
AcDbVertex
100
AcDb2dVertex
 10
17.08428694444444
 20
64.94550694444443
 30
0.0
  0
VERTEX
  5
395
330
393
100
AcDbEntity
  8
DEFAULT
 62
     1
100
AcDbVertex
100
AcDb2dVertex
 10
15.76137027777778
 20
64.94550694444443
 30
0.0
  0
SEQEND
  5
396
330
393
100
AcDbEntity
  8
DEFAULT
 62
     1
  0
POLYLINE
  5
397
330
1F
100
AcDbEntity
  8
DEFAULT
 62
     1
100
AcDb2dPolyline
 66
     1
 10
0.0
 20
0.0
 30
0.0
  0
VERTEX
  5
398
330
397
100
AcDbEntity
  8
DEFAULT
 62
     1
100
AcDbVertex
100
AcDb2dVertex
 10
15.4085925
 20
64.94550694444443
 30
0.0
  0
VERTEX
  5
399
330
397
100
AcDbEntity
  8
DEFAULT
 62
     1
100
AcDbVertex
100
AcDb2dVertex
 10
14.08567583333333
 20
64.94550694444443
 30
0.0
  0
SEQEND
  5
39A
330
397
100
AcDbEntity
  8
DEFAULT
 62
     1
  0
SPLINE
  5
39B
330
1F
100
AcDbEntity
  8
DEFAULT
 62
     1
100
AcDbSpline
210
0.0
220
0.0
230
1.0
 70
     8
 71
     3
 72
    62
 73
    58
 74
     0
 42
0.000000001
 43
0.0000000001
 40
0.0
 40
0.0
 40
0.0
 40
0.0
 40
3.649999999999999
 40
3.649999999999999
 40
3.649999999999999
 40
13.57
 40
13.57
 40
13.57
 40
14.57
 40
14.57
 40
14.57
 40
15.57
 40
15.57
 40
15.57
 40
16.57
 40
16.57
 40
16.57
 40
17.57
 40
17.57
 40
17.57
 40
18.57
 40
18.57
 40
18.57
 40
19.57
 40
19.57
 40
19.57
 40
20.57
 40
20.57
 40
20.57
 40
21.57
 40
21.57
 40
21.57
 40
22.57
 40
22.57
 40
22.57
 40
23.57
 40
23.57
 40
23.57
 40
24.57
 40
24.57
 40
24.57
 40
25.57
 40
25.57
 40
25.57
 40
26.57
 40
26.57
 40
26.57
 40
27.57
 40
27.57
 40
27.57
 40
28.57
 40
28.57
 40
28.57
 40
37.95002132193738
 40
37.95002132193738
 40
37.95002132193738
 40
41.65002132193739
 40
41.65002132193739
 40
41.65002132193739
 40
41.65002132193739
 10
15.4085925
 20
22.94025694444444
 30
0.0
 10
14.97937953703704
 20
22.94025694444444
 30
0.0
 10
14.55016657407407
 20
22.94025694444444
 30
0.0
 10
14.12095361111111
 20
22.94025694444444
 30
0.0
 10
14.12095361111111
 20
21.77373842592592
 30
0.0
 10
14.12095361111111
 20
20.6072199074074
 30
0.0
 10
14.12095361111111
 20
19.44070138888889
 30
0.0
 10
14.12095361111111
 20
19.1690625
 30
0.0
 10
14.1703425
 20
18.65753472222222
 30
0.0
 10
14.17387027777778
 20
17.69092361111111
 30
0.0
 10
14.17387027777778
 20
16.7243125
 30
0.0
 10
14.14917583333333
 20
15.94114583333333
 30
0.0
 10
14.12448138888889
 20
15.94114583333333
 30
0.0
 10
12.13128694444444
 20
15.94114583333333
 30
0.0
 10
11.36223138888889
 20
16.5973125
 30
0.0
 10
11.98664805555556
 20
18.34709027777778
 30
0.0
 10
12.60400916666666
 20
20.0898125
 30
0.0
 10
9.443120277777778
 20
20.11803472222222
 30
0.0
 10
11.06237027777778
 20
22.23470138888889
 30
0.0
 10
12.6780925
 20
24.35489583333333
 30
0.0
 10
10.43442583333333
 20
25.4555625
 30
0.0
 10
11.05531472222222
 20
29.93936805555555
 30
0.0
 10
11.67267583333333
 20
34.41964583333333
 30
0.0
 10
11.9795925
 20
42.71697916666667
 30
0.0
 10
11.84553694444444
 20
54.40450694444444
 30
0.0
 10
11.72912027777778
 20
64.84320138888889
 30
0.0
 10
13.01675916666666
 20
64.94197916666667
 30
0.0
 10
14.08567583333333
 20
64.94197916666667
 30
0.0
 10
14.11389805555555
 20
64.94197916666667
 30
0.0
 10
14.13506472222222
 20
64.1588125
 30
0.0
 10
14.1385925
 20
63.19220138888888
 30
0.0
 10
14.1385925
 20
62.22559027777777
 30
0.0
 10
14.08920361111111
 20
61.7140625
 30
0.0
 10
14.08920361111111
 20
61.44242361111111
 30
0.0
 10
14.08920361111111
 20
61.17078472222222
 30
0.0
 10
14.1385925
 20
60.65925694444444
 30
0.0
 10
14.1385925
 20
59.69264583333333
 30
0.0
 10
14.1385925
 20
58.72603472222222
 30
0.0
 10
14.09273138888889
 20
58.21450694444443
 30
0.0
 10
14.09273138888889
 20
57.94286805555555
 30
0.0
 10
14.09273138888889
 20
57.66417361111111
 30
0.0
 10
14.14212027777778
 20
57.13853472222222
 30
0.0
 10
14.14212027777778
 20
56.14370138888889
 30
0.0
 10
14.14212027777778
 20
55.14886805555555
 30
0.0
 10
14.09273138888889
 20
54.62322916666666
 30
0.0
 10
14.09273138888889
 20
54.34453472222222
 30
0.0
 10
14.09273138888889
 20
54.06584027777777
 30
0.0
 10
14.14564805555555
 20
53.54020138888888
 30
0.0
 10
14.14564805555555
 20
52.54536805555555
 30
0.0
 10
14.14564805555555
 20
51.55406249999999
 30
0.0
 10
14.09625916666667
 20
51.02842361111111
 30
0.0
 10
14.09625916666667
 20
50.74972916666667
 30
0.0
 10
14.09861101851852
 20
49.64671064814815
 30
0.0
 10
14.10096287037037
 20
48.54369212962964
 30
0.0
 10
14.10331472222222
 20
47.44067361111112
 30
0.0
 10
14.53840731481481
 20
47.44067361111112
 30
0.0
 10
14.97349990740741
 20
47.44067361111112
 30
0.0
 10
15.4085925
 20
47.44067361111112
 30
0.0
  0
SPLINE
  5
39C
330
1F
100
AcDbEntity
  8
DEFAULT
 62
    18
100
AcDbSpline
210
0.0
220
0.0
230
1.0
 70
     8
 71
     3
 72
    20
 73
    16
 74
     0
 42
0.000000001
 43
0.0000000001
 40
0.0
 40
0.0
 40
0.0
 40
0.0
 40
1.003
 40
1.003
 40
1.003
 40
2.006
 40
2.006
 40
2.006
 40
3.009
 40
3.009
 40
3.009
 40
4.012
 40
4.012
 40
4.012
 40
5.015000000000001
 40
5.015000000000001
 40
5.015000000000001
 40
5.015000000000001
 10
15.10929583333333
 20
25.63308027777778
 30
0.0
 10
15.19678472222222
 20
25.77066361111111
 30
0.0
 10
15.34565694444444
 20
25.85991638888889
 30
0.0
 10
15.5527375
 20
25.85991638888889
 30
0.0
 10
15.87164861111111
 20
25.85991638888889
 30
0.0
 10
16.09707361111111
 20
25.60485805555556
 30
0.0
 10
16.09460416666667
 20
25.23056083333333
 30
0.0
 10
16.09460416666667
 20
24.78923583333334
 30
0.0
 10
15.80497361111111
 20
24.57016083333333
 30
0.0
 10
15.51816527777778
 20
24.57016083333333
 30
0.0
 10
15.33225138888889
 20
24.57016083333333
 30
0.0
 10
15.20489861111111
 20
24.6389525
 30
0.0
 10
15.10929583333333
 20
24.80228861111111
 30
0.0
 10
15.11529305555556
 20
24.90106638888889
 30
0.0
 10
15.10929583333333
 20
26.73198305555555
 30
0.0
 10
15.10929583333333
 20
26.73198305555555
 30
0.0
  0
SPLINE
  5
39D
330
1F
100
AcDbEntity
  8
DEFAULT
 62
    18
100
AcDbSpline
210
0.0
220
0.0
230
1.0
 70
     8
 71
     3
 72
    23
 73
    19
 74
     0
 42
0.000000001
 43
0.0000000001
 40
0.0
 40
0.0
 40
0.0
 40
0.0
 40
1.0
 40
1.0
 40
1.0
 40
2.0
 40
2.0
 40
2.0
 40
3.0
 40
3.0
 40
3.0
 40
4.0
 40
4.0
 40
4.0
 40
5.0
 40
5.0
 40
5.0
 40
6.0
 40
6.0
 40
6.0
 40
6.0
 10
15.936595
 20
44.32169472222222
 30
0.0
 10
15.93165611111111
 20
44.19681138888889
 30
0.0
 10
15.67342277777778
 20
44.08215861111111
 30
0.0
 10
15.49068388888888
 20
44.08921416666666
 30
0.0
 10
15.10862555555555
 20
44.10403083333333
 30
0.0
 10
15.02678111111111
 20
44.30793638888888
 30
0.0
 10
15.03771722222222
 20
44.5982725
 30
0.0
 10
15.03771722222222
 20
44.5982725
 30
0.0
 10
15.07511166666666
 20
45.19058638888888
 30
0.0
 10
15.06100055555555
 20
45.29006972222222
 30
0.0
 10
15.066645
 20
45.43682527777778
 30
0.0
 10
15.44341166666666
 20
45.50667527777778
 30
0.0
 10
15.61133388888889
 20
45.50032527777778
 30
0.0
 10
15.84945888888889
 20
45.49115305555555
 30
0.0
 10
15.96481722222222
 20
45.31864472222222
 30
0.0
 10
15.95811444444444
 20
45.14825305555556
 30
0.0
 10
15.94717833333333
 20
44.86391416666667
 30
0.0
 10
15.83640611111111
 20
44.61273638888889
 30
0.0
 10
15.04371444444444
 20
44.74538083333333
 30
0.0
  0
SPLINE
  5
39E
330
1F
100
AcDbEntity
  8
DEFAULT
 62
     1
100
AcDbSpline
210
0.0
220
0.0
230
1.0
 70
     8
 71
     3
 72
    62
 73
    58
 74
     0
 42
0.000000001
 43
0.0000000001
 40
0.0
 40
0.0
 40
0.0
 40
0.0
 40
3.800000000000011
 40
3.800000000000011
 40
3.800000000000011
 40
13.18002132193739
 40
13.18002132193739
 40
13.18002132193739
 40
14.18002132193739
 40
14.18002132193739
 40
14.18002132193739
 40
15.18002132193739
 40
15.18002132193739
 40
15.18002132193739
 40
16.1800213219374
 40
16.1800213219374
 40
16.1800213219374
 40
17.1800213219374
 40
17.1800213219374
 40
17.1800213219374
 40
18.1800213219374
 40
18.1800213219374
 40
18.1800213219374
 40
19.1800213219374
 40
19.1800213219374
 40
19.1800213219374
 40
20.1800213219374
 40
20.1800213219374
 40
20.1800213219374
 40
21.1800213219374
 40
21.1800213219374
 40
21.1800213219374
 40
22.1800213219374
 40
22.1800213219374
 40
22.1800213219374
 40
23.1800213219374
 40
23.1800213219374
 40
23.1800213219374
 40
24.1800213219374
 40
24.1800213219374
 40
24.1800213219374
 40
25.1800213219374
 40
25.1800213219374
 40
25.1800213219374
 40
26.1800213219374
 40
26.1800213219374
 40
26.1800213219374
 40
27.1800213219374
 40
27.1800213219374
 40
27.1800213219374
 40
28.1800213219374
 40
28.1800213219374
 40
28.1800213219374
 40
38.1000213219374
 40
38.1000213219374
 40
38.1000213219374
 40
41.95002132193742
 40
41.95002132193742
 40
41.95002132193742
 40
41.95002132193742
 10
124.5215244444444
 20
47.44772916666666
 30
0.0
 10
124.9683762962963
 20
47.44772916666667
 30
0.0
 10
125.4152281481481
 20
47.44772916666667
 30
0.0
 10
125.86208
 20
47.44772916666667
 30
0.0
 10
125.8597281481481
 20
48.55074768518517
 30
0.0
 10
125.8573762962963
 20
49.6537662037037
 30
0.0
 10
125.8550244444444
 20
50.75678472222221
 30
0.0
 10
125.8550244444444
 20
51.03547916666666
 30
0.0
 10
125.8056355555555
 20
51.56111805555555
 30
0.0
 10
125.8056355555555
 20
52.55242361111111
 30
0.0
 10
125.8056355555555
 20
53.54725694444443
 30
0.0
 10
125.8514966666666
 20
54.07289583333333
 30
0.0
 10
125.8514966666666
 20
54.35159027777777
 30
0.0
 10
125.8514966666666
 20
54.63028472222222
 30
0.0
 10
125.8021077777778
 20
55.15592361111111
 30
0.0
 10
125.8021077777778
 20
56.15075694444445
 30
0.0
 10
125.8021077777778
 20
57.14559027777778
 30
0.0
 10
125.8514966666666
 20
57.67122916666666
 30
0.0
 10
125.8514966666666
 20
57.94992361111111
 30
0.0
 10
125.8514966666666
 20
58.22156249999999
 30
0.0
 10
125.79858
 20
58.73309027777778
 30
0.0
 10
125.79858
 20
59.69970138888888
 30
0.0
 10
125.79858
 20
60.6663125
 30
0.0
 10
125.8479688888889
 20
61.17784027777778
 30
0.0
 10
125.8479688888889
 20
61.44947916666666
 30
0.0
 10
125.8479688888889
 20
61.72111805555555
 30
0.0
 10
125.79858
 20
62.23264583333333
 30
0.0
 10
125.79858
 20
63.19572916666666
 30
0.0
 10
125.7950522222222
 20
64.16234027777777
 30
0.0
 10
125.8197466666667
 20
64.94903472222222
 30
0.0
 10
125.8444411111111
 20
64.94903472222222
 30
0.0
 10
126.9168855555556
 20
64.94903472222222
 30
0.0
 10
128.2080522222222
 20
64.87495138888889
 30
0.0
 10
128.1057466666667
 20
54.41509027777777
 30
0.0
 10
127.9716911111111
 20
42.7275625
 30
0.0
 10
128.3279966666666
 20
34.43022916666666
 30
0.0
 10
128.9453577777778
 20
29.94995138888889
 30
0.0
 10
129.5662466666667
 20
25.46614583333333
 30
0.0
 10
127.32258
 20
24.36547916666666
 30
0.0
 10
128.9383022222222
 20
22.24528472222222
 30
0.0
 10
130.5575522222222
 20
20.12861805555556
 30
0.0
 10
127.3966633333333
 20
20.09686805555555
 30
0.0
 10
128.02108
 20
18.35414583333333
 30
0.0
 10
128.6454966666666
 20
16.60789583333333
 30
0.0
 10
127.8764411111111
 20
15.94820138888889
 30
0.0
 10
125.8832466666667
 20
15.94820138888889
 30
0.0
 10
125.8550244444444
 20
15.94820138888889
 30
0.0
 10
125.8338577777778
 20
16.73136805555556
 30
0.0
 10
125.8338577777778
 20
17.69797916666667
 30
0.0
 10
125.83033
 20
18.66459027777778
 30
0.0
 10
125.8797188888889
 20
19.17611805555556
 30
0.0
 10
125.8797188888889
 20
19.44775694444444
 30
0.0
 10
125.8797188888889
 20
20.61427546296296
 30
0.0
 10
125.8797188888889
 20
21.78079398148148
 30
0.0
 10
125.8797188888889
 20
22.9473125
 30
0.0
 10
125.4269874074074
 20
22.9473125
 30
0.0
 10
124.9742559259259
 20
22.9473125
 30
0.0
 10
124.5215244444444
 20
22.9473125
 30
0.0
  0
POLYLINE
  5
39F
330
1F
100
AcDbEntity
  8
DEFAULT
 62
     1
100
AcDb2dPolyline
 66
     1
 10
0.0
 20
0.0
 30
0.0
  0
VERTEX
  5
3A0
330
39F
100
AcDbEntity
  8
DEFAULT
 62
     1
100
AcDbVertex
100
AcDb2dVertex
 10
125.8444411111111
 20
15.94820138888889
 30
0.0
  0
VERTEX
  5
3A1
330
39F
100
AcDbEntity
  8
DEFAULT
 62
     1
100
AcDbVertex
100
AcDb2dVertex
 10
124.5215244444444
 20
15.94820138888889
 30
0.0
  0
SEQEND
  5
3A2
330
39F
100
AcDbEntity
  8
DEFAULT
 62
     1
  0
POLYLINE
  5
3A3
330
1F
100
AcDbEntity
  8
DEFAULT
 62
     1
100
AcDb2dPolyline
 66
     1
 10
0.0
 20
0.0
 30
0.0
  0
VERTEX
  5
3A4
330
3A3
100
AcDbEntity
  8
DEFAULT
 62
     1
100
AcDbVertex
100
AcDb2dVertex
 10
124.1687466666666
 20
15.94820138888889
 30
0.0
  0
VERTEX
  5
3A5
330
3A3
100
AcDbEntity
  8
DEFAULT
 62
     1
100
AcDbVertex
100
AcDb2dVertex
 10
122.84583
 20
15.94820138888889
 30
0.0
  0
SEQEND
  5
3A6
330
3A3
100
AcDbEntity
  8
DEFAULT
 62
     1
  0
POLYLINE
  5
3A7
330
1F
100
AcDbEntity
  8
DEFAULT
 62
     1
100
AcDb2dPolyline
 66
     1
 10
0.0
 20
0.0
 30
0.0
  0
VERTEX
  5
3A8
330
3A7
100
AcDbEntity
  8
DEFAULT
 62
     1
100
AcDbVertex
100
AcDb2dVertex
 10
125.8444411111111
 20
64.94903472222221
 30
0.0
  0
VERTEX
  5
3A9
330
3A7
100
AcDbEntity
  8
DEFAULT
 62
     1
100
AcDbVertex
100
AcDb2dVertex
 10
124.5215244444444
 20
64.94903472222221
 30
0.0
  0
SEQEND
  5
3AA
330
3A7
100
AcDbEntity
  8
DEFAULT
 62
     1
  0
POLYLINE
  5
3AB
330
1F
100
AcDbEntity
  8
DEFAULT
 62
     1
100
AcDb2dPolyline
 66
     1
 10
0.0
 20
0.0
 30
0.0
  0
VERTEX
  5
3AC
330
3AB
100
AcDbEntity
  8
DEFAULT
 62
     1
100
AcDbVertex
100
AcDb2dVertex
 10
124.1687466666666
 20
64.94903472222221
 30
0.0
  0
VERTEX
  5
3AD
330
3AB
100
AcDbEntity
  8
DEFAULT
 62
     1
100
AcDbVertex
100
AcDb2dVertex
 10
122.84583
 20
64.94903472222221
 30
0.0
  0
SEQEND
  5
3AE
330
3AB
100
AcDbEntity
  8
DEFAULT
 62
     1
  0
SPLINE
  5
3AF
330
1F
100
AcDbEntity
  8
DEFAULT
 62
     1
100
AcDbSpline
210
0.0
220
0.0
230
1.0
 70
     8
 71
     3
 72
    62
 73
    58
 74
     0
 42
0.000000001
 43
0.0000000001
 40
0.0
 40
0.0
 40
0.0
 40
0.0
 40
3.649999999999977
 40
3.649999999999977
 40
3.649999999999977
 40
13.56999999999998
 40
13.56999999999998
 40
13.56999999999998
 40
14.56999999999998
 40
14.56999999999998
 40
14.56999999999998
 40
15.56999999999998
 40
15.56999999999998
 40
15.56999999999998
 40
16.56999999999998
 40
16.56999999999998
 40
16.56999999999998
 40
17.56999999999998
 40
17.56999999999998
 40
17.56999999999998
 40
18.56999999999998
 40
18.56999999999998
 40
18.56999999999998
 40
19.56999999999998
 40
19.56999999999998
 40
19.56999999999998
 40
20.56999999999998
 40
20.56999999999998
 40
20.56999999999998
 40
21.56999999999998
 40
21.56999999999998
 40
21.56999999999998
 40
22.56999999999998
 40
22.56999999999998
 40
22.56999999999998
 40
23.56999999999998
 40
23.56999999999998
 40
23.56999999999998
 40
24.56999999999998
 40
24.56999999999998
 40
24.56999999999998
 40
25.56999999999998
 40
25.56999999999998
 40
25.56999999999998
 40
26.56999999999998
 40
26.56999999999998
 40
26.56999999999998
 40
27.56999999999998
 40
27.56999999999998
 40
27.56999999999998
 40
28.56999999999998
 40
28.56999999999998
 40
28.56999999999998
 40
37.95002132193736
 40
37.95002132193736
 40
37.95002132193736
 40
41.65002132193735
 40
41.65002132193735
 40
41.65002132193735
 40
41.65002132193735
 10
124.1687466666666
 20
22.94378472222222
 30
0.0
 10
123.7395337037037
 20
22.94378472222222
 30
0.0
 10
123.3103207407407
 20
22.94378472222222
 30
0.0
 10
122.8811077777778
 20
22.94378472222222
 30
0.0
 10
122.8811077777778
 20
21.7772662037037
 30
0.0
 10
122.8811077777778
 20
20.61074768518518
 30
0.0
 10
122.8811077777778
 20
19.44422916666666
 30
0.0
 10
122.8811077777778
 20
19.17259027777778
 30
0.0
 10
122.9304966666667
 20
18.6610625
 30
0.0
 10
122.9340244444444
 20
17.69445138888888
 30
0.0
 10
122.9340244444444
 20
16.72784027777777
 30
0.0
 10
122.90933
 20
15.94467361111111
 30
0.0
 10
122.8846355555555
 20
15.94467361111111
 30
0.0
 10
120.8914411111111
 20
15.94467361111111
 30
0.0
 10
120.1223855555555
 20
16.60084027777777
 30
0.0
 10
120.7468022222222
 20
18.35061805555555
 30
0.0
 10
121.3641633333333
 20
20.09334027777777
 30
0.0
 10
118.2032744444444
 20
20.1215625
 30
0.0
 10
119.8225244444444
 20
22.23822916666666
 30
0.0
 10
121.4382466666667
 20
24.35842361111111
 30
0.0
 10
119.19458
 20
25.45909027777777
 30
0.0
 10
119.8154688888889
 20
29.94289583333333
 30
0.0
 10
120.43283
 20
34.4231736111111
 30
0.0
 10
120.7397466666666
 20
42.72050694444444
 30
0.0
 10
120.6056911111111
 20
54.40803472222221
 30
0.0
 10
120.4892744444444
 20
64.84672916666666
 30
0.0
 10
121.7769133333333
 20
64.94550694444443
 30
0.0
 10
122.84583
 20
64.94550694444443
 30
0.0
 10
122.8740522222222
 20
64.94550694444443
 30
0.0
 10
122.8952188888889
 20
64.16234027777777
 30
0.0
 10
122.8987466666667
 20
63.19572916666666
 30
0.0
 10
122.8987466666667
 20
62.22911805555555
 30
0.0
 10
122.8493577777778
 20
61.71759027777777
 30
0.0
 10
122.8493577777778
 20
61.44595138888889
 30
0.0
 10
122.8493577777778
 20
61.17431249999999
 30
0.0
 10
122.8987466666667
 20
60.66278472222221
 30
0.0
 10
122.8987466666667
 20
59.69617361111111
 30
0.0
 10
122.8987466666667
 20
58.72956249999999
 30
0.0
 10
122.8528855555555
 20
58.21803472222221
 30
0.0
 10
122.8528855555555
 20
57.94639583333333
 30
0.0
 10
122.8528855555555
 20
57.66770138888889
 30
0.0
 10
122.9022744444444
 20
57.14206249999999
 30
0.0
 10
122.9022744444444
 20
56.14722916666666
 30
0.0
 10
122.9022744444444
 20
55.15239583333332
 30
0.0
 10
122.8528855555555
 20
54.62675694444444
 30
0.0
 10
122.8528855555555
 20
54.3480625
 30
0.0
 10
122.8528855555555
 20
54.06936805555554
 30
0.0
 10
122.9058022222222
 20
53.54372916666665
 30
0.0
 10
122.9058022222222
 20
52.54889583333332
 30
0.0
 10
122.9058022222222
 20
51.55759027777776
 30
0.0
 10
122.8564133333333
 20
51.03195138888888
 30
0.0
 10
122.8564133333333
 20
50.75325694444444
 30
0.0
 10
122.8587651851852
 20
49.65023842592592
 30
0.0
 10
122.861117037037
 20
48.5472199074074
 30
0.0
 10
122.8634688888889
 20
47.44420138888889
 30
0.0
 10
123.2985614814815
 20
47.44420138888889
 30
0.0
 10
123.7336540740741
 20
47.44420138888889
 30
0.0
 10
124.1687466666666
 20
47.44420138888889
 30
0.0
  0
SPLINE
  5
3B0
330
1F
100
AcDbEntity
  8
DEFAULT
 62
    18
100
AcDbSpline
210
0.0
220
0.0
230
1.0
 70
     8
 71
     3
 72
    20
 73
    16
 74
     0
 42
0.000000001
 43
0.0000000001
 40
0.0
 40
0.0
 40
0.0
 40
0.0
 40
1.002999999999997
 40
1.002999999999997
 40
1.002999999999997
 40
2.005999999999994
 40
2.005999999999994
 40
2.005999999999994
 40
3.008999999999992
 40
3.008999999999992
 40
3.008999999999992
 40
4.011999999999989
 40
4.011999999999989
 40
4.011999999999989
 40
5.014999999999986
 40
5.014999999999986
 40
5.014999999999986
 40
5.014999999999986
 10
123.86945
 20
25.63660805555555
 30
0.0
 10
123.9569388888889
 20
25.77419138888888
 30
0.0
 10
124.1058111111111
 20
25.86344416666666
 30
0.0
 10
124.3128916666666
 20
25.86344416666666
 30
0.0
 10
124.6318027777778
 20
25.86344416666666
 30
0.0
 10
124.8572277777778
 20
25.60838583333333
 30
0.0
 10
124.8547583333333
 20
25.2340886111111
 30
0.0
 10
124.8547583333333
 20
24.79276361111111
 30
0.0
 10
124.5651277777777
 20
24.57368861111111
 30
0.0
 10
124.2783194444444
 20
24.57368861111111
 30
0.0
 10
124.0924055555555
 20
24.57368861111111
 30
0.0
 10
123.9650527777778
 20
24.64248027777777
 30
0.0
 10
123.86945
 20
24.80581638888889
 30
0.0
 10
123.8754472222222
 20
24.90459416666666
 30
0.0
 10
123.86945
 20
26.73551083333333
 30
0.0
 10
123.86945
 20
26.73551083333333
 30
0.0
  0
SPLINE
  5
3B1
330
1F
100
AcDbEntity
  8
DEFAULT
 62
    18
100
AcDbSpline
210
0.0
220
0.0
230
1.0
 70
     8
 71
     3
 72
    23
 73
    19
 74
     0
 42
0.000000001
 43
0.0000000001
 40
0.0
 40
0.0
 40
0.0
 40
0.0
 40
1.0
 40
1.0
 40
1.0
 40
2.0
 40
2.0
 40
2.0
 40
3.0
 40
3.0
 40
3.0
 40
4.0
 40
4.0
 40
4.0
 40
5.0
 40
5.0
 40
5.0
 40
6.0
 40
6.0
 40
6.0
 40
6.0
 10
124.6967491666666
 20
44.3252225
 30
0.0
 10
124.6918102777778
 20
44.20033916666666
 30
0.0
 10
124.4335769444444
 20
44.08568638888888
 30
0.0
 10
124.2508380555555
 20
44.09274194444443
 30
0.0
 10
123.8687797222222
 20
44.1075586111111
 30
0.0
 10
123.7869352777778
 20
44.31146416666666
 30
0.0
 10
123.7978713888889
 20
44.60180027777778
 30
0.0
 10
123.7978713888889
 20
44.60180027777778
 30
0.0
 10
123.8352658333333
 20
45.19411416666666
 30
0.0
 10
123.8211547222222
 20
45.2935975
 30
0.0
 10
123.8267991666666
 20
45.44035305555555
 30
0.0
 10
124.2035658333333
 20
45.51020305555555
 30
0.0
 10
124.3714880555555
 20
45.50385305555555
 30
0.0
 10
124.6096130555555
 20
45.49468083333333
 30
0.0
 10
124.7249713888889
 20
45.32217249999999
 30
0.0
 10
124.7182686111111
 20
45.15178083333333
 30
0.0
 10
124.7073325
 20
44.86744194444444
 30
0.0
 10
124.5965602777778
 20
44.61626416666666
 30
0.0
 10
123.8038686111111
 20
44.7489086111111
 30
0.0
  0
POLYLINE
  5
3B2
330
1F
100
AcDbEntity
  8
DEFAULT
 62
     1
100
AcDb2dPolyline
 66
     1
 10
0.0
 20
0.0
 30
0.0
  0
VERTEX
  5
3B3
330
3B2
100
AcDbEntity
  8
DEFAULT
 62
     1
100
AcDbVertex
100
AcDb2dVertex
 10
59.30942333333332
 20
48.89898638888889
 30
0.0
  0
VERTEX
  5
3B4
330
3B2
100
AcDbEntity
  8
DEFAULT
 62
     1
100
AcDbVertex
100
AcDb2dVertex
 10
57.98297888888888
 20
48.89898638888889
 30
0.0
  0
SEQEND
  5
3B5
330
3B2
100
AcDbEntity
  8
DEFAULT
 62
     1
  0
POLYLINE
  5
3B6
330
1F
100
AcDbEntity
  8
DEFAULT
 62
     1
100
AcDb2dPolyline
 66
     1
 10
0.0
 20
0.0
 30
0.0
  0
VERTEX
  5
3B7
330
3B6
100
AcDbEntity
  8
DEFAULT
 62
     1
100
AcDbVertex
100
AcDb2dVertex
 10
57.63372888888888
 20
48.89545861111111
 30
0.0
  0
VERTEX
  5
3B8
330
3B6
100
AcDbEntity
  8
DEFAULT
 62
     1
100
AcDbVertex
100
AcDb2dVertex
 10
56.31081222222221
 20
48.89545861111111
 30
0.0
  0
SEQEND
  5
3B9
330
3B6
100
AcDbEntity
  8
DEFAULT
 62
     1
  0
POLYLINE
  5
3BA
330
1F
100
AcDbEntity
  8
DEFAULT
 62
     1
100
AcDb2dPolyline
 66
     1
 10
0.0
 20
0.0
 30
0.0
  0
VERTEX
  5
3BB
330
3BA
100
AcDbEntity
  8
DEFAULT
 62
     1
100
AcDbVertex
100
AcDb2dVertex
 10
66.09333999999998
 20
70.27379194444443
 30
0.0
  0
VERTEX
  5
3BC
330
3BA
100
AcDbEntity
  8
DEFAULT
 62
     1
100
AcDbVertex
100
AcDb2dVertex
 10
66.06511777777776
 20
68.94734749999999
 30
0.0
  0
SEQEND
  5
3BD
330
3BA
100
AcDbEntity
  8
DEFAULT
 62
     1
  0
POLYLINE
  5
3BE
330
1F
100
AcDbEntity
  8
DEFAULT
 62
     1
100
AcDb2dPolyline
 66
     1
 10
0.0
 20
0.0
 30
0.0
  0
VERTEX
  5
3BF
330
3BE
100
AcDbEntity
  8
DEFAULT
 62
     1
100
AcDbVertex
100
AcDb2dVertex
 10
66.0580622222222
 20
68.59809749999998
 30
0.0
  0
VERTEX
  5
3C0
330
3BE
100
AcDbEntity
  8
DEFAULT
 62
     1
100
AcDbVertex
100
AcDb2dVertex
 10
66.02983999999998
 20
67.27165305555555
 30
0.0
  0
SEQEND
  5
3C1
330
3BE
100
AcDbEntity
  8
DEFAULT
 62
     1
  0
SPLINE
  5
3C2
330
1F
100
AcDbEntity
  8
DEFAULT
 62
     1
100
AcDbSpline
210
0.0
220
0.0
230
1.0
 70
     8
 71
     3
 72
    53
 73
    49
 74
     0
 42
0.000000001
 43
0.0000000001
 40
0.0
 40
0.0
 40
0.0
 40
0.0
 40
3.760850967533802
 40
3.760850967533802
 40
3.760850967533802
 40
13.67307574303201
 40
13.67307574303201
 40
13.67307574303201
 40
14.67307574303201
 40
14.67307574303201
 40
14.67307574303201
 40
15.67307574303201
 40
15.67307574303201
 40
15.67307574303201
 40
16.67307574303201
 40
16.67307574303201
 40
16.67307574303201
 40
17.67307574303201
 40
17.67307574303201
 40
17.67307574303201
 40
18.67307574303201
 40
18.67307574303201
 40
18.67307574303201
 40
19.67307574303201
 40
19.67307574303201
 40
19.67307574303201
 40
20.67307574303201
 40
20.67307574303201
 40
20.67307574303201
 40
21.67307574303201
 40
21.67307574303201
 40
21.67307574303201
 40
22.67307574303201
 40
22.67307574303201
 40
22.67307574303201
 40
23.67307574303201
 40
23.67307574303201
 40
23.67307574303201
 40
24.67307574303201
 40
24.67307574303201
 40
24.67307574303201
 40
25.67307574303201
 40
25.67307574303201
 40
25.67307574303201
 40
35.59308078335329
 40
35.59308078335329
 40
35.59308078335329
 40
39.31308078335329
 40
39.31308078335329
 40
39.31308078335329
 40
39.31308078335329
 10
59.06953444444443
 20
69.09198638888887
 30
0.0
 10
59.07894185185184
 20
69.53413453703702
 30
0.0
 10
59.08834925925925
 20
69.97628268518517
 30
0.0
 10
59.09775666666666
 20
70.41843083333332
 30
0.0
 10
60.26309925925926
 20
70.39373638888888
 30
0.0
 10
61.42844185185185
 20
70.36904194444443
 30
0.0
 10
62.59378444444445
 20
70.3443475
 30
0.0
 10
62.86542333333333
 20
70.34081972222222
 30
0.0
 10
63.37695111111111
 20
70.2808475
 30
0.0
 10
64.34709
 20
70.25968083333333
 30
0.0
 10
65.29253444444444
 20
70.24204194444444
 30
0.0
 10
66.05806222222222
 20
70.24204194444444
 30
0.0
 10
66.09334
 20
70.27379194444444
 30
0.0
 10
66.11803444444443
 20
71.32506972222222
 30
0.0
 10
66.08981222222222
 20
72.11881972222223
 30
0.0
 10
66.78831222222222
 20
72.63387527777778
 30
0.0
 10
67.59617333333333
 20
73.87918083333332
 30
0.0
 10
63.06650666666667
 20
73.06073638888888
 30
0.0
 10
58.48392333333333
 20
73.1383475
 30
0.0
 10
54.99847888888889
 20
73.20537527777778
 30
0.0
 10
51.10028444444444
 20
70.85940305555555
 30
0.0
 10
51.13556222222222
 20
69.92454194444444
 30
0.0
 10
51.21317333333333
 20
68.0265975
 30
0.0
 10
48.01347888888888
 20
68.65454194444443
 30
0.0
 10
50.95917333333333
 20
66.43909749999999
 30
0.0
 10
51.96106222222222
 20
65.44779194444443
 30
0.0
 10
49.72797888888889
 20
63.78268083333332
 30
0.0
 10
52.19389555555555
 20
63.38404194444444
 30
0.0
 10
53.62970111111111
 20
63.14768083333333
 30
0.0
 10
53.19225666666667
 20
59.00606972222222
 30
0.0
 10
53.29103444444444
 20
54.34587527777778
 30
0.0
 10
53.35806222222222
 20
51.25554194444445
 30
0.0
 10
53.02997888888888
 20
48.12640305555555
 30
0.0
 10
54.18709
 20
48.5144586111111
 30
0.0
 10
54.62100666666667
 20
48.83548638888889
 30
0.0
 10
55.28775666666667
 20
48.89898638888889
 30
0.0
 10
56.31081222222222
 20
48.89545861111111
 30
0.0
 10
56.33550666666667
 20
48.89898638888889
 30
0.0
 10
56.36020111111111
 20
49.68215305555555
 30
0.0
 10
56.36372888888889
 20
50.64876416666667
 30
0.0
 10
56.36372888888889
 20
51.61537527777778
 30
0.0
 10
56.31433999999999
 20
52.13043083333333
 30
0.0
 10
56.31433999999999
 20
52.39854194444445
 30
0.0
 10
56.31551592592592
 20
53.56506046296297
 30
0.0
 10
56.31669185185185
 20
54.73157898148148
 30
0.0
 10
56.31786777777777
 20
55.8980975
 30
0.0
 10
56.75531222222222
 20
55.8980975
 30
0.0
 10
57.19275666666666
 20
55.8980975
 30
0.0
 10
57.63020111111111
 20
55.8980975
 30
0.0
  0
SPLINE
  5
3C3
330
1F
100
AcDbEntity
  8
DEFAULT
 62
     1
100
AcDbSpline
210
0.0
220
0.0
230
1.0
 70
     8
 71
     3
 72
    41
 73
    37
 74
     0
 42
0.000000001
 43
0.0000000001
 40
0.0
 40
0.0
 40
0.0
 40
0.0
 40
3.750653276430682
 40
3.750653276430682
 40
3.750653276430682
 40
13.67266920062669
 40
13.67266920062669
 40
13.67266920062669
 40
14.67266920062669
 40
14.67266920062669
 40
14.67266920062669
 40
15.67266920062669
 40
15.67266920062669
 40
15.67266920062669
 40
16.67266920062669
 40
16.67266920062669
 40
16.67266920062669
 40
17.67266920062669
 40
17.67266920062669
 40
17.67266920062669
 40
18.67266920062669
 40
18.67266920062669
 40
18.67266920062669
 40
19.67266920062669
 40
19.67266920062669
 40
19.67266920062669
 40
20.67266920062669
 40
20.67266920062669
 40
20.67266920062669
 40
21.67266920062669
 40
21.67266920062669
 40
21.67266920062669
 40
31.59266920062671
 40
31.59266920062671
 40
31.59266920062671
 40
35.37266920062671
 40
35.37266920062671
 40
35.37266920062671
 40
35.37266920062671
 10
59.06247888888889
 20
68.7427363888889
 30
0.0
 10
59.05424740740741
 20
68.30176416666667
 30
0.0
 10
59.04601592592593
 20
67.86079194444446
 30
0.0
 10
59.03778444444445
 20
67.41981972222223
 30
0.0
 10
60.20430296296296
 20
67.39630120370371
 30
0.0
 10
61.37082148148148
 20
67.37278268518519
 30
0.0
 10
62.53733999999999
 20
67.34926416666667
 30
0.0
 10
62.80545111111111
 20
67.3422086111111
 30
0.0
 10
63.31697888888888
 20
67.38101416666666
 30
0.0
 10
64.28359
 20
67.35631972222221
 30
0.0
 10
65.23256222222221
 20
67.3422086111111
 30
0.0
 10
66.00514555555556
 20
67.30340305555555
 30
0.0
 10
66.02984
 20
67.27165305555556
 30
0.0
 10
66.01925666666666
 20
66.59079194444445
 30
0.0
 10
65.9487011111111
 20
65.85701416666666
 30
0.0
 10
66.9012011111111
 20
65.2784586111111
 30
0.0
 10
67.97011777777777
 20
63.88145861111111
 30
0.0
 10
62.09636777777777
 20
67.2645975
 30
0.0
 10
62.38564555555555
 20
55.07612527777777
 30
0.0
 10
62.44209
 20
52.77601416666666
 30
0.0
 10
63.48631222222221
 20
48.03468083333333
 30
0.0
 10
62.03286777777777
 20
48.44743083333333
 30
0.0
 10
61.36964555555555
 20
49.01187527777777
 30
0.0
 10
60.45242333333333
 20
48.89545861111111
 30
0.0
 10
59.30942333333332
 20
48.89898638888889
 30
0.0
 10
59.28120111111111
 20
48.89898638888889
 30
0.0
 10
59.26003444444444
 20
49.68215305555555
 30
0.0
 10
59.26356222222221
 20
50.64876416666667
 30
0.0
 10
59.26356222222221
 20
51.61537527777778
 30
0.0
 10
59.31295111111111
 20
52.12690305555555
 30
0.0
 10
59.31295111111111
 20
52.39854194444443
 30
0.0
 10
59.31295111111111
 20
53.56506046296295
 30
0.0
 10
59.31295111111111
 20
54.73157898148147
 30
0.0
 10
59.31295111111111
 20
55.8980975
 30
0.0
 10
58.86845111111111
 20
55.8980975
 30
0.0
 10
58.42395111111111
 20
55.8980975
 30
0.0
 10
57.97945111111111
 20
55.8980975
 30
0.0
  0
SPLINE
  5
3C4
330
1F
100
AcDbEntity
  8
DEFAULT
 62
    18
100
AcDbSpline
210
0.0
220
0.0
230
1.0
 70
     8
 71
     3
 72
    17
 73
    13
 74
     0
 42
0.000000001
 43
0.0000000001
 40
0.0
 40
0.0
 40
0.0
 40
0.0
 40
1.0
 40
1.0
 40
1.0
 40
2.0
 40
2.0
 40
2.0
 40
3.0
 40
3.0
 40
3.0
 40
4.0
 40
4.0
 40
4.0
 40
4.0
 10
58.34344722222222
 20
57.97465333333333
 30
0.0
 10
58.27500833333333
 20
57.93725888888889
 30
0.0
 10
58.12331388888889
 20
57.88645888888889
 30
0.0
 10
57.92822777777778
 20
57.88257833333333
 30
0.0
 10
57.49078333333333
 20
57.87375888888889
 30
0.0
 10
57.20009444444444
 20
58.16480055555555
 30
0.0
 10
57.191275
 20
58.60824222222222
 30
0.0
 10
57.18210277777778
 20
59.05521166666666
 30
0.0
 10
57.48161111111111
 20
59.38505888888889
 30
0.0
 10
57.95503888888889
 20
59.39458388888889
 30
0.0
 10
58.11096666666667
 20
59.3974061111111
 30
0.0
 10
58.24960833333333
 20
59.36142277777778
 30
0.0
 10
58.32263333333334
 20
59.32685055555555
 30
0.0
  0
SPLINE
  5
3C5
330
1F
100
AcDbEntity
  8
DEFAULT
 62
    18
100
AcDbSpline
210
0.0
220
0.0
230
1.0
 70
     8
 71
     3
 72
    20
 73
    16
 74
     0
 42
0.000000001
 43
0.0000000001
 40
0.0
 40
0.0
 40
0.0
 40
0.0
 40
1.002999999999997
 40
1.002999999999997
 40
1.002999999999997
 40
2.005999999999994
 40
2.005999999999994
 40
2.005999999999994
 40
3.008999999999992
 40
3.008999999999992
 40
3.008999999999992
 40
4.011999999999989
 40
4.011999999999989
 40
4.011999999999989
 40
5.014999999999986
 40
5.014999999999986
 40
5.014999999999986
 40
5.014999999999986
 10
56.36919694444444
 20
68.48175138888888
 30
0.0
 10
56.2333775
 20
68.57206249999999
 30
0.0
 10
56.14694694444444
 20
68.7226986111111
 30
0.0
 10
56.15118027777778
 20
68.92977916666666
 30
0.0
 10
56.15753027777777
 20
69.24833749999999
 30
0.0
 10
56.41717472222221
 20
69.4688236111111
 30
0.0
 10
56.79147194444444
 20
69.45859305555555
 30
0.0
 10
57.23244416666666
 20
69.4497736111111
 30
0.0
 10
57.44587472222221
 20
69.15590972222222
 30
0.0
 10
57.43987749999999
 20
68.86945416666666
 30
0.0
 10
57.43634972222222
 20
68.68354027777777
 30
0.0
 10
57.36473583333333
 20
68.55724583333333
 30
0.0
 10
57.1999886111111
 20
68.46517083333333
 30
0.0
 10
57.10121083333333
 20
68.47328472222222
 30
0.0
 10
55.27064694444444
 20
68.50362361111111
 30
0.0
 10
55.27064694444444
 20
68.50362361111111
 30
0.0
  0
POLYLINE
  5
3C6
330
1F
100
AcDbEntity
  8
DEFAULT
 62
     1
100
AcDb2dPolyline
 66
     1
 10
0.0
 20
0.0
 30
0.0
  0
VERTEX
  5
3C7
330
3C6
100
AcDbEntity
  8
DEFAULT
 62
     1
100
AcDbVertex
100
AcDb2dVertex
 10
82.06358999999999
 20
48.89898638888889
 30
0.0
  0
VERTEX
  5
3C8
330
3C6
100
AcDbEntity
  8
DEFAULT
 62
     1
100
AcDbVertex
100
AcDb2dVertex
 10
80.73714555555554
 20
48.89898638888889
 30
0.0
  0
SEQEND
  5
3C9
330
3C6
100
AcDbEntity
  8
DEFAULT
 62
     1
  0
POLYLINE
  5
3CA
330
1F
100
AcDbEntity
  8
DEFAULT
 62
     1
100
AcDb2dPolyline
 66
     1
 10
0.0
 20
0.0
 30
0.0
  0
VERTEX
  5
3CB
330
3CA
100
AcDbEntity
  8
DEFAULT
 62
     1
100
AcDbVertex
100
AcDb2dVertex
 10
83.73575666666666
 20
48.89898638888889
 30
0.0
  0
VERTEX
  5
3CC
330
3CA
100
AcDbEntity
  8
DEFAULT
 62
     1
100
AcDbVertex
100
AcDb2dVertex
 10
82.41283999999999
 20
48.89898638888889
 30
0.0
  0
SEQEND
  5
3CD
330
3CA
100
AcDbEntity
  8
DEFAULT
 62
     1
  0
POLYLINE
  5
3CE
330
1F
100
AcDbEntity
  8
DEFAULT
 62
     1
100
AcDb2dPolyline
 66
     1
 10
0.0
 20
0.0
 30
0.0
  0
VERTEX
  5
3CF
330
3CE
100
AcDbEntity
  8
DEFAULT
 62
     1
100
AcDbVertex
100
AcDb2dVertex
 10
73.9814511111111
 20
68.94734749999999
 30
0.0
  0
VERTEX
  5
3D0
330
3CE
100
AcDbEntity
  8
DEFAULT
 62
     1
100
AcDbVertex
100
AcDb2dVertex
 10
73.95322888888887
 20
70.27379194444444
 30
0.0
  0
SEQEND
  5
3D1
330
3CE
100
AcDbEntity
  8
DEFAULT
 62
     1
  0
POLYLINE
  5
3D2
330
1F
100
AcDbEntity
  8
DEFAULT
 62
     1
100
AcDb2dPolyline
 66
     1
 10
0.0
 20
0.0
 30
0.0
  0
VERTEX
  5
3D3
330
3D2
100
AcDbEntity
  8
DEFAULT
 62
     1
100
AcDbVertex
100
AcDb2dVertex
 10
74.01672888888889
 20
67.27518083333334
 30
0.0
  0
VERTEX
  5
3D4
330
3D2
100
AcDbEntity
  8
DEFAULT
 62
     1
100
AcDbVertex
100
AcDb2dVertex
 10
73.98850666666667
 20
68.59809750000001
 30
0.0
  0
SEQEND
  5
3D5
330
3D2
100
AcDbEntity
  8
DEFAULT
 62
     1
  0
SPLINE
  5
3D6
330
1F
100
AcDbEntity
  8
DEFAULT
 62
     1
100
AcDbSpline
210
0.0
220
0.0
230
1.0
 70
     8
 71
     3
 72
    53
 73
    49
 74
     0
 42
0.000000001
 43
0.0000000001
 40
0.0
 40
0.0
 40
0.0
 40
0.0
 40
3.750853236265022
 40
3.750853236265022
 40
3.750853236265022
 40
13.66307801176326
 40
13.66307801176326
 40
13.66307801176326
 40
14.66307801176326
 40
14.66307801176326
 40
14.66307801176326
 40
15.66307801176326
 40
15.66307801176326
 40
15.66307801176326
 40
16.66307801176326
 40
16.66307801176326
 40
16.66307801176326
 40
17.66307801176326
 40
17.66307801176326
 40
17.66307801176326
 40
18.66307801176326
 40
18.66307801176326
 40
18.66307801176326
 40
19.66307801176326
 40
19.66307801176326
 40
19.66307801176326
 40
20.66307801176326
 40
20.66307801176326
 40
20.66307801176326
 40
21.66307801176326
 40
21.66307801176326
 40
21.66307801176326
 40
22.66307801176326
 40
22.66307801176326
 40
22.66307801176326
 40
23.66307801176326
 40
23.66307801176326
 40
23.66307801176326
 40
24.66307801176326
 40
24.66307801176326
 40
24.66307801176326
 40
25.66307801176326
 40
25.66307801176326
 40
25.66307801176326
 40
35.58308305208458
 40
35.58308305208458
 40
35.58308305208458
 40
39.30308305208457
 40
39.30308305208457
 40
39.30308305208457
 40
39.30308305208457
 10
80.97703444444446
 20
69.09551416666667
 30
0.0
 10
80.96762703703705
 20
69.53648638888889
 30
0.0
 10
80.95821962962965
 20
69.97745861111112
 30
0.0
 10
80.94881222222223
 20
70.41843083333333
 30
0.0
 10
79.78346962962962
 20
70.39373638888888
 30
0.0
 10
78.61812703703703
 20
70.36904194444445
 30
0.0
 10
77.45278444444443
 20
70.3443475
 30
0.0
 10
77.18114555555556
 20
70.34081972222222
 30
0.0
 10
76.66961777777777
 20
70.2808475
 30
0.0
 10
75.69947888888888
 20
70.25968083333333
 30
0.0
 10
74.75403444444444
 20
70.24204194444444
 30
0.0
 10
73.98850666666667
 20
70.24204194444444
 30
0.0
 10
73.95322888888889
 20
70.27379194444444
 30
0.0
 10
73.92853444444444
 20
71.32506972222221
 30
0.0
 10
73.95675666666666
 20
72.11881972222221
 30
0.0
 10
73.25825666666667
 20
72.63387527777778
 30
0.0
 10
72.45039555555555
 20
73.87918083333332
 30
0.0
 10
76.98006222222222
 20
73.06073638888888
 30
0.0
 10
81.56264555555555
 20
73.1383475
 30
0.0
 10
85.04808999999999
 20
73.20537527777778
 30
0.0
 10
88.94628444444444
 20
70.85940305555555
 30
0.0
 10
88.91100666666667
 20
69.92454194444444
 30
0.0
 10
88.83339555555555
 20
68.0265975
 30
0.0
 10
92.03308999999999
 20
68.65806972222221
 30
0.0
 10
89.08739555555555
 20
66.44262527777776
 30
0.0
 10
88.08197888888888
 20
65.45131972222221
 30
0.0
 10
90.32211777777778
 20
63.7862086111111
 30
0.0
 10
87.85267333333333
 20
63.38404194444444
 30
0.0
 10
86.41686777777777
 20
63.14768083333333
 30
0.0
 10
86.85431222222222
 20
59.00606972222222
 30
0.0
 10
86.75553444444444
 20
54.34587527777777
 30
0.0
 10
86.68850666666665
 20
51.25554194444445
 30
0.0
 10
87.01659
 20
48.12640305555555
 30
0.0
 10
85.85947888888889
 20
48.5144586111111
 30
0.0
 10
85.42556222222223
 20
48.83548638888888
 30
0.0
 10
84.75881222222222
 20
48.89898638888889
 30
0.0
 10
83.73575666666666
 20
48.89545861111111
 30
0.0
 10
83.71106222222221
 20
48.89898638888889
 30
0.0
 10
83.68636777777778
 20
49.68215305555555
 30
0.0
 10
83.68283999999998
 20
50.64876416666667
 30
0.0
 10
83.68283999999998
 20
51.61537527777778
 30
0.0
 10
83.73222888888888
 20
52.13043083333333
 30
0.0
 10
83.73222888888888
 20
52.39854194444443
 30
0.0
 10
83.73105296296296
 20
53.56506046296295
 30
0.0
 10
83.72987703703704
 20
54.73157898148147
 30
0.0
 10
83.7287011111111
 20
55.8980975
 30
0.0
 10
83.29125666666665
 20
55.8980975
 30
0.0
 10
82.85381222222223
 20
55.8980975
 30
0.0
 10
82.41636777777778
 20
55.8980975
 30
0.0
  0
SPLINE
  5
3D7
330
1F
100
AcDbEntity
  8
DEFAULT
 62
     1
100
AcDbSpline
210
0.0
220
0.0
230
1.0
 70
     8
 71
     3
 72
    41
 73
    37
 74
     0
 42
0.000000001
 43
0.0000000001
 40
0.0
 40
0.0
 40
0.0
 40
0.0
 40
3.750853236264994
 40
3.750853236264994
 40
3.750853236264994
 40
13.67286916046106
 40
13.67286916046106
 40
13.67286916046106
 40
14.67286916046106
 40
14.67286916046106
 40
14.67286916046106
 40
15.67286916046106
 40
15.67286916046106
 40
15.67286916046106
 40
16.67286916046106
 40
16.67286916046106
 40
16.67286916046106
 40
17.67286916046106
 40
17.67286916046106
 40
17.67286916046106
 40
18.67286916046106
 40
18.67286916046106
 40
18.67286916046106
 40
19.67286916046106
 40
19.67286916046106
 40
19.67286916046106
 40
20.67286916046106
 40
20.67286916046106
 40
20.67286916046106
 40
21.67286916046106
 40
21.67286916046106
 40
21.67286916046106
 40
31.59286916046108
 40
31.59286916046108
 40
31.59286916046108
 40
35.37286916046108
 40
35.37286916046108
 40
35.37286916046108
 40
35.37286916046108
 10
80.98056222222222
 20
68.74273638888887
 30
0.0
 10
80.98996962962963
 20
68.30176416666666
 30
0.0
 10
80.99937703703704
 20
67.86079194444444
 30
0.0
 10
81.00878444444444
 20
67.41981972222223
 30
0.0
 10
79.84226592592593
 20
67.39630120370371
 30
0.0
 10
78.6757474074074
 20
67.37278268518519
 30
0.0
 10
77.50922888888888
 20
67.34926416666667
 30
0.0
 10
77.24111777777777
 20
67.3422086111111
 30
0.0
 10
76.72958999999999
 20
67.38101416666666
 30
0.0
 10
75.76297888888888
 20
67.35631972222221
 30
0.0
 10
74.81400666666666
 20
67.3422086111111
 30
0.0
 10
74.04142333333331
 20
67.30340305555555
 30
0.0
 10
74.01672888888888
 20
67.27165305555556
 30
0.0
 10
74.0273122222222
 20
66.59079194444445
 30
0.0
 10
74.09786777777778
 20
65.85701416666666
 30
0.0
 10
73.14536777777776
 20
65.2784586111111
 30
0.0
 10
72.0764511111111
 20
63.88145861111111
 30
0.0
 10
77.9502011111111
 20
67.2645975
 30
0.0
 10
77.66092333333333
 20
55.07612527777777
 30
0.0
 10
77.60447888888888
 20
52.77601416666666
 30
0.0
 10
76.56025666666666
 20
48.03468083333333
 30
0.0
 10
78.0137011111111
 20
48.44743083333333
 30
0.0
 10
78.67692333333332
 20
49.01187527777777
 30
0.0
 10
79.59414555555554
 20
48.89545861111111
 30
0.0
 10
80.73714555555554
 20
48.89898638888889
 30
0.0
 10
80.76536777777777
 20
48.89898638888889
 30
0.0
 10
80.78653444444443
 20
49.68215305555555
 30
0.0
 10
80.78300666666665
 20
50.64876416666667
 30
0.0
 10
80.78300666666665
 20
51.61537527777778
 30
0.0
 10
80.73361777777777
 20
52.12690305555555
 30
0.0
 10
80.73361777777777
 20
52.39854194444443
 30
0.0
 10
80.73361777777777
 20
53.56506046296295
 30
0.0
 10
80.73361777777777
 20
54.73157898148147
 30
0.0
 10
80.73361777777777
 20
55.8980975
 30
0.0
 10
81.17811777777777
 20
55.8980975
 30
0.0
 10
81.62261777777776
 20
55.8980975
 30
0.0
 10
82.06711777777777
 20
55.8980975
 30
0.0
  0
SPLINE
  5
3D8
330
1F
100
AcDbEntity
  8
DEFAULT
 62
    18
100
AcDbSpline
210
0.0
220
0.0
230
1.0
 70
     8
 71
     3
 72
    17
 73
    13
 74
     0
 42
0.000000001
 43
0.0000000001
 40
0.0
 40
0.0
 40
0.0
 40
0.0
 40
1.0
 40
1.0
 40
1.0
 40
2.0
 40
2.0
 40
2.0
 40
3.0
 40
3.0
 40
3.0
 40
4.0
 40
4.0
 40
4.0
 40
4.0
 10
82.83723166666665
 20
57.89358499999999
 30
0.0
 10
82.76738166666665
 20
57.85901277777776
 30
0.0
 10
82.61392333333332
 20
57.81421
 30
0.0
 10
82.41883722222221
 20
57.81809055555555
 30
0.0
 10
81.98104
 20
57.82691
 30
0.0
 10
81.70234555555554
 20
58.12924055555555
 30
0.0
 10
81.711165
 20
58.57303499999999
 30
0.0
 10
81.71998444444444
 20
59.01965166666666
 30
0.0
 10
82.03254555555554
 20
59.33715166666666
 30
0.0
 10
82.50597333333333
 20
59.32762666666666
 30
0.0
 10
82.66190111111109
 20
59.32480444444443
 30
0.0
 10
82.79913166666665
 20
59.28282388888888
 30
0.0
 10
82.87039277777777
 20
59.24542944444443
 30
0.0
  0
SPLINE
  5
3D9
330
1F
100
AcDbEntity
  8
DEFAULT
 62
    18
100
AcDbSpline
210
0.0
220
0.0
230
1.0
 70
     8
 71
     3
 72
    20
 73
    16
 74
     0
 42
0.000000001
 43
0.0000000001
 40
0.0
 40
0.0
 40
0.0
 40
0.0
 40
1.002999999999997
 40
1.002999999999997
 40
1.002999999999997
 40
2.005999999999994
 40
2.005999999999994
 40
2.005999999999994
 40
3.008999999999992
 40
3.008999999999992
 40
3.008999999999992
 40
4.011999999999989
 40
4.011999999999989
 40
4.011999999999989
 40
5.014999999999986
 40
5.014999999999986
 40
5.014999999999986
 40
5.014999999999986
 10
83.65779277777777
 20
69.46504888888889
 30
0.0
 10
83.79714
 20
69.38038222222222
 30
0.0
 10
83.889215
 20
69.23327388888889
 30
0.0
 10
83.89344833333332
 20
69.02619333333334
 30
0.0
 10
83.89979833333332
 20
68.707635
 30
0.0
 10
83.6493261111111
 20
68.47691833333333
 30
0.0
 10
83.27502888888887
 20
68.47197944444444
 30
0.0
 10
82.83405666666665
 20
68.46316
 30
0.0
 10
82.60898444444443
 20
68.74820444444444
 30
0.0
 10
82.60333999999999
 20
69.03501277777778
 30
0.0
 10
82.59945944444443
 20
69.22092666666666
 30
0.0
 10
82.66578166666665
 20
69.34969055555555
 30
0.0
 10
82.8270011111111
 20
69.44846833333334
 30
0.0
 10
82.92613166666665
 20
69.444235
 30
0.0
 10
84.75634277777777
 20
69.48692111111112
 30
0.0
 10
84.75634277777777
 20
69.48692111111112
 30
0.0
  0
POLYLINE
  5
3DA
330
1F
100
AcDbEntity
  8
DEFAULT
 62
     1
100
AcDb2dPolyline
 66
     1
 10
0.0
 20
0.0
 30
0.0
  0
VERTEX
  5
3DB
330
3DA
100
AcDbEntity
  8
DEFAULT
 62
     1
100
AcDbVertex
100
AcDb2dVertex
 10
22.73924416666667
 20
176.4462858333333
 30
0.0
  0
VERTEX
  5
3DC
330
3DA
100
AcDbEntity
  8
DEFAULT
 62
     1
100
AcDbVertex
100
AcDb2dVertex
 10
21.43043861111111
 20
176.6297302777778
 30
0.0
  0
SEQEND
  5
3DD
330
3DA
100
AcDbEntity
  8
DEFAULT
 62
     1
  0
POLYLINE
  5
3DE
330
1F
100
AcDbEntity
  8
DEFAULT
 62
     1
100
AcDb2dPolyline
 66
     1
 10
0.0
 20
0.0
 30
0.0
  0
VERTEX
  5
3DF
330
3DE
100
AcDbEntity
  8
DEFAULT
 62
     1
100
AcDbVertex
100
AcDb2dVertex
 10
24.40082749999999
 20
176.2134525
 30
0.0
  0
VERTEX
  5
3E0
330
3DE
100
AcDbEntity
  8
DEFAULT
 62
     1
100
AcDbVertex
100
AcDb2dVertex
 10
23.08849416666667
 20
176.3968969444444
 30
0.0
  0
SEQEND
  5
3E1
330
3DE
100
AcDbEntity
  8
DEFAULT
 62
     1
  0
POLYLINE
  5
3E2
330
1F
100
AcDbEntity
  8
DEFAULT
 62
     1
100
AcDb2dPolyline
 66
     1
 10
0.0
 20
0.0
 30
0.0
  0
VERTEX
  5
3E3
330
3E2
100
AcDbEntity
  8
DEFAULT
 62
     1
100
AcDbVertex
100
AcDb2dVertex
 10
26.04829972222222
 20
203.0633691666667
 30
0.0
  0
VERTEX
  5
3E4
330
3E2
100
AcDbEntity
  8
DEFAULT
 62
     1
100
AcDbVertex
100
AcDb2dVertex
 10
24.72538305555555
 20
203.0633691666667
 30
0.0
  0
VERTEX
  5
3E5
330
3E2
100
AcDbEntity
  8
DEFAULT
 62
     1
100
AcDbVertex
100
AcDb2dVertex
 10
24.72185527777777
 20
203.0633691666667
 30
0.0
  0
SEQEND
  5
3E6
330
3E2
100
AcDbEntity
  8
DEFAULT
 62
     1
  0
POLYLINE
  5
3E7
330
1F
100
AcDbEntity
  8
DEFAULT
 62
     1
100
AcDb2dPolyline
 66
     1
 10
0.0
 20
0.0
 30
0.0
  0
VERTEX
  5
3E8
330
3E7
100
AcDbEntity
  8
DEFAULT
 62
     1
100
AcDbVertex
100
AcDb2dVertex
 10
27.72399416666666
 20
203.0633691666667
 30
0.0
  0
VERTEX
  5
3E9
330
3E7
100
AcDbEntity
  8
DEFAULT
 62
     1
100
AcDbVertex
100
AcDb2dVertex
 10
26.39754972222222
 20
203.0633691666667
 30
0.0
  0
SEQEND
  5
3EA
330
3E7
100
AcDbEntity
  8
DEFAULT
 62
     1
  0
SPLINE
  5
3EB
330
1F
100
AcDbEntity
  8
DEFAULT
 62
     1
100
AcDbSpline
210
0.0
220
0.0
230
1.0
 70
     8
 71
     3
 72
    62
 73
    58
 74
     0
 42
0.000000001
 43
0.0000000001
 40
0.0
 40
0.0
 40
0.0
 40
0.0
 40
3.760000000000005
 40
3.760000000000005
 40
3.760000000000005
 40
13.67999999999996
 40
13.67999999999996
 40
13.67999999999996
 40
14.67999999999996
 40
14.67999999999996
 40
14.67999999999996
 40
15.67999999999996
 40
15.67999999999996
 40
15.67999999999996
 40
16.67999999999996
 40
16.67999999999996
 40
16.67999999999996
 40
17.67999999999996
 40
17.67999999999996
 40
17.67999999999996
 40
18.67999999999996
 40
18.67999999999996
 40
18.67999999999996
 40
19.67999999999996
 40
19.67999999999996
 40
19.67999999999996
 40
20.67999999999996
 40
20.67999999999996
 40
20.67999999999996
 40
21.67999999999996
 40
21.67999999999996
 40
21.67999999999996
 40
22.67999999999996
 40
22.67999999999996
 40
22.67999999999996
 40
23.67999999999996
 40
23.67999999999996
 40
23.67999999999996
 40
24.67999999999996
 40
24.67999999999996
 40
24.67999999999996
 40
25.67999999999996
 40
25.67999999999996
 40
25.67999999999996
 40
26.67999999999996
 40
26.67999999999996
 40
26.67999999999996
 40
27.67999999999996
 40
27.67999999999996
 40
27.67999999999996
 40
28.67999999999996
 40
28.67999999999996
 40
28.67999999999996
 40
38.59649131497629
 40
38.59649131497629
 40
38.59649131497629
 40
42.35265957531821
 40
42.35265957531821
 40
42.35265957531821
 40
42.35265957531821
 10
26.39754972222222
 20
210.0624802777778
 30
0.0
 10
26.83969787037036
 20
210.0624802777778
 30
0.0
 10
27.28184601851852
 20
210.0624802777778
 30
0.0
 10
27.72399416666666
 20
210.0624802777778
 30
0.0
 10
27.72399416666666
 20
208.8959617592593
 30
0.0
 10
27.72399416666666
 20
207.7294432407408
 30
0.0
 10
27.72399416666666
 20
206.5629247222222
 30
0.0
 10
27.72399416666666
 20
206.2912858333333
 30
0.0
 10
27.67460527777778
 20
205.7797580555556
 30
0.0
 10
27.67460527777778
 20
204.8131469444444
 30
0.0
 10
27.67460527777778
 20
203.8465358333333
 30
0.0
 10
27.69577194444444
 20
203.0633691666667
 30
0.0
 10
27.72399416666666
 20
203.0633691666667
 30
0.0
 10
30.32396638888888
 20
203.0633691666667
 30
0.0
 10
32.14077194444444
 20
203.9594247222222
 30
0.0
 10
31.28352194444444
 20
206.1995636111111
 30
0.0
 10
30.42627194444444
 20
208.4397025
 30
0.0
 10
29.50904972222222
 20
215.9750358333333
 30
0.0
 10
30.11582749999999
 20
217.2485636111111
 30
0.0
 10
30.70496638888889
 20
218.4797580555555
 30
0.0
 10
24.98855527777777
 20
217.0298413888889
 30
0.0
 10
23.99866083333333
 20
218.3245358333333
 30
0.0
 10
23.16151916666666
 20
219.4195580555555
 30
0.0
 10
23.01793861111111
 20
218.4021469444444
 30
0.0
 10
22.27357749999999
 20
217.0016191666666
 30
0.0
 10
21.17291083333333
 20
214.9237580555555
 30
0.0
 10
18.9398275
 20
217.0721747222222
 30
0.0
 10
20.17102194444444
 20
213.0893136111111
 30
0.0
 10
21.40221638888888
 20
209.1029247222222
 30
0.0
 10
16.39982749999999
 20
203.3208969444444
 30
0.0
 10
16.30104972222222
 20
190.6773413888889
 30
0.0
 10
16.26224416666666
 20
186.1018136111111
 30
0.0
 10
16.13877194444444
 20
171.1440358333333
 30
0.0
 10
14.86877194444444
 20
165.5807302777778
 30
0.0
 10
13.62346638888888
 20
160.1232580555556
 30
0.0
 10
16.11619416666666
 20
160.8312830555556
 30
0.0
 10
18.34010527777777
 20
161.5802302777778
 30
0.0
 10
20.19254138888888
 20
162.2042941666667
 30
0.0
 10
24.77829972222221
 20
159.3612580555555
 30
0.0
 10
24.22796638888888
 20
161.3685636111111
 30
0.0
 10
23.78346638888889
 20
162.9878136111111
 30
0.0
 10
26.40813305555555
 20
163.3511747222222
 30
0.0
 10
25.99891083333333
 20
166.0252302777778
 30
0.0
 10
25.6073275
 20
168.5934525
 30
0.0
 10
28.43660527777777
 20
175.6454802777778
 30
0.0
 10
24.40082749999999
 20
176.2134525
 30
0.0
 10
24.37613305555555
 20
176.2134525
 30
0.0
 10
24.2420775
 20
175.4408691666667
 30
0.0
 10
24.10802194444444
 20
174.4883691666666
 30
0.0
 10
23.97396638888888
 20
173.5288136111111
 30
0.0
 10
23.94927194444444
 20
173.0172858333333
 30
0.0
 10
23.91399416666666
 20
172.7456469444444
 30
0.0
 10
23.75171638888888
 20
171.5908876851852
 30
0.0
 10
23.58943861111111
 20
170.4361284259259
 30
0.0
 10
23.42716083333333
 20
169.2813691666667
 30
0.0
 10
22.98971638888888
 20
169.3425173148148
 30
0.0
 10
22.55227194444444
 20
169.4036654629629
 30
0.0
 10
22.1148275
 20
169.4648136111111
 30
0.0
  0
SPLINE
  5
3EC
330
1F
100
AcDbEntity
  8
DEFAULT
 62
     1
100
AcDbSpline
210
0.0
220
0.0
230
1.0
 70
     8
 71
     3
 72
    32
 73
    28
 74
     0
 42
0.000000001
 43
0.0000000001
 40
0.0
 40
0.0
 40
0.0
 40
0.0
 40
3.756168260341903
 40
3.756168260341903
 40
3.756168260341903
 40
13.68256236897978
 40
13.68256236897978
 40
13.68256236897978
 40
14.68256236897978
 40
14.68256236897978
 40
14.68256236897978
 40
15.68256236897978
 40
15.68256236897978
 40
15.68256236897978
 40
16.69256236897977
 40
16.69256236897977
 40
16.69256236897977
 40
17.69256236897977
 40
17.69256236897977
 40
17.69256236897977
 40
18.69256236897977
 40
18.69256236897977
 40
18.69256236897977
 40
28.61256236897984
 40
28.61256236897984
 40
28.61256236897984
 40
32.36256236897984
 40
32.36256236897984
 40
32.36256236897984
 40
32.36256236897984
 10
21.76910527777778
 20
169.5142025
 30
0.0
 10
21.33166083333333
 20
169.5753506481481
 30
0.0
 10
20.89421638888889
 20
169.6364987962963
 30
0.0
 10
20.45677194444445
 20
169.6976469444444
 30
0.0
 10
20.61904972222222
 20
170.8535821296296
 30
0.0
 10
20.7813275
 20
172.0095173148148
 30
0.0
 10
20.94360527777777
 20
173.1654525
 30
0.0
 10
20.98241083333333
 20
173.4335636111111
 30
0.0
 10
21.10235527777778
 20
173.9345080555555
 30
0.0
 10
21.23641083333333
 20
174.8905358333333
 30
0.0
 10
21.37046638888889
 20
175.8465636111111
 30
0.0
 10
21.45866083333333
 20
176.6262025
 30
0.0
 10
21.43043861111111
 20
176.6297302777778
 30
0.0
 10
20.03343861111111
 20
176.8272858333333
 30
0.0
 10
23.14493861111111
 20
203.0245636111111
 30
0.0
 10
24.72538305555555
 20
203.0633691666667
 30
0.0
 10
24.7500775
 20
203.0633691666667
 30
0.0
 10
24.77477194444444
 20
203.8465358333333
 30
0.0
 10
24.77477194444444
 20
204.8131469444444
 30
0.0
 10
24.77477194444444
 20
205.7797580555555
 30
0.0
 10
24.72538305555555
 20
206.2912858333333
 30
0.0
 10
24.72538305555555
 20
206.5629247222222
 30
0.0
 10
24.72538305555555
 20
207.7294432407407
 30
0.0
 10
24.72538305555555
 20
208.8959617592593
 30
0.0
 10
24.72538305555555
 20
210.0624802777778
 30
0.0
 10
25.16635527777778
 20
210.0624802777778
 30
0.0
 10
25.6073275
 20
210.0624802777778
 30
0.0
 10
26.04829972222222
 20
210.0624802777778
 30
0.0
  0
SPLINE
  5
3ED
330
1F
100
AcDbEntity
  8
DEFAULT
 62
    18
100
AcDbSpline
210
0.0
220
0.0
230
1.0
 70
     8
 71
     3
 72
    17
 73
    13
 74
     0
 42
0.000000001
 43
0.0000000001
 40
0.0
 40
0.0
 40
0.0
 40
0.0
 40
5.999966166571228
 40
5.999966166571228
 40
5.999966166571228
 40
6.999966166571228
 40
6.999966166571228
 40
6.999966166571228
 40
7.999966166571228
 40
7.999966166571228
 40
7.999966166571228
 40
13.99957157026236
 40
13.99957157026236
 40
13.99957157026236
 40
13.99957157026236
 10
20.17102194444444
 20
165.6456766666666
 30
0.0
 10
20.47241175925925
 20
166.2836164814815
 30
0.0
 10
20.77380157407407
 20
166.9215562962963
 30
0.0
 10
21.07519138888888
 20
167.5594961111111
 30
0.0
 10
21.10588305555556
 20
167.3005572222222
 30
0.0
 10
21.3782275
 20
165.4759905555555
 30
0.0
 10
21.3782275
 20
165.4759905555555
 30
0.0
 10
21.3782275
 20
165.4759905555555
 30
0.0
 10
22.14304972222222
 20
167.15486
 30
0.0
 10
22.24394416666667
 20
167.3951016666666
 30
0.0
 10
22.3577737962963
 20
166.6988359259259
 30
0.0
 10
22.47160342592592
 20
166.0025701851852
 30
0.0
 10
22.58543305555555
 20
165.3063044444444
 30
0.0
  0
SPLINE
  5
3EE
330
1F
100
AcDbEntity
  8
DEFAULT
 62
    18
100
AcDbSpline
210
0.0
220
0.0
230
1.0
 70
     8
 71
     3
 72
    11
 73
     7
 74
     0
 42
0.000000001
 43
0.0000000001
 40
0.0
 40
0.0
 40
0.0
 40
0.0
 40
1.019999999999996
 40
1.019999999999996
 40
1.019999999999996
 40
2.019999999999996
 40
2.019999999999996
 40
2.019999999999996
 40
2.019999999999996
 10
25.57451916666666
 20
214.0479872222222
 30
0.0
 10
25.57451916666666
 20
214.0479872222222
 30
0.0
 10
26.13296638888889
 20
212.4146261111111
 30
0.0
 10
26.20352194444444
 20
212.1595677777778
 30
0.0
 10
26.26984416666667
 20
212.4114511111111
 30
0.0
 10
26.87415249999999
 20
214.0479872222222
 30
0.0
 10
26.87415249999999
 20
214.0479872222222
 30
0.0
  0
POLYLINE
  5
3EF
330
1F
100
AcDbEntity
  8
DEFAULT
 62
     1
100
AcDb2dPolyline
 66
     1
 10
0.0
 20
0.0
 30
0.0
  0
VERTEX
  5
3F0
330
3EF
100
AcDbEntity
  8
DEFAULT
 62
     1
100
AcDbVertex
100
AcDb2dVertex
 10
118.5677997222222
 20
176.6297302777778
 30
0.0
  0
VERTEX
  5
3F1
330
3EF
100
AcDbEntity
  8
DEFAULT
 62
     1
100
AcDbVertex
100
AcDb2dVertex
 10
117.2554663888889
 20
176.4462858333333
 30
0.0
  0
SEQEND
  5
3F2
330
3EF
100
AcDbEntity
  8
DEFAULT
 62
     1
  0
POLYLINE
  5
3F3
330
1F
100
AcDbEntity
  8
DEFAULT
 62
     1
100
AcDb2dPolyline
 66
     1
 10
0.0
 20
0.0
 30
0.0
  0
VERTEX
  5
3F4
330
3F3
100
AcDbEntity
  8
DEFAULT
 62
     1
100
AcDbVertex
100
AcDb2dVertex
 10
116.9097441666667
 20
176.3968969444444
 30
0.0
  0
VERTEX
  5
3F5
330
3F3
100
AcDbEntity
  8
DEFAULT
 62
     1
100
AcDbVertex
100
AcDb2dVertex
 10
115.5974108333333
 20
176.2134525
 30
0.0
  0
SEQEND
  5
3F6
330
3F3
100
AcDbEntity
  8
DEFAULT
 62
     1
  0
POLYLINE
  5
3F7
330
1F
100
AcDbEntity
  8
DEFAULT
 62
     1
100
AcDb2dPolyline
 66
     1
 10
0.0
 20
0.0
 30
0.0
  0
VERTEX
  5
3F8
330
3F7
100
AcDbEntity
  8
DEFAULT
 62
     1
100
AcDbVertex
100
AcDb2dVertex
 10
115.2728552777778
 20
203.0633691666667
 30
0.0
  0
VERTEX
  5
3F9
330
3F7
100
AcDbEntity
  8
DEFAULT
 62
     1
100
AcDbVertex
100
AcDb2dVertex
 10
113.9499386111111
 20
203.0633691666667
 30
0.0
  0
SEQEND
  5
3FA
330
3F7
100
AcDbEntity
  8
DEFAULT
 62
     1
  0
POLYLINE
  5
3FB
330
1F
100
AcDbEntity
  8
DEFAULT
 62
     1
100
AcDb2dPolyline
 66
     1
 10
0.0
 20
0.0
 30
0.0
  0
VERTEX
  5
3FC
330
3FB
100
AcDbEntity
  8
DEFAULT
 62
     1
100
AcDbVertex
100
AcDb2dVertex
 10
113.6006886111111
 20
203.0633691666667
 30
0.0
  0
VERTEX
  5
3FD
330
3FB
100
AcDbEntity
  8
DEFAULT
 62
     1
100
AcDbVertex
100
AcDb2dVertex
 10
112.2742441666667
 20
203.0633691666667
 30
0.0
  0
SEQEND
  5
3FE
330
3FB
100
AcDbEntity
  8
DEFAULT
 62
     1
  0
SPLINE
  5
3FF
330
1F
100
AcDbEntity
  8
DEFAULT
 62
     1
100
AcDbSpline
210
0.0
220
0.0
230
1.0
 70
     8
 71
     3
 72
    62
 73
    58
 74
     0
 42
0.000000001
 43
0.0000000001
 40
0.0
 40
0.0
 40
0.0
 40
0.0
 40
3.759999999999991
 40
3.759999999999991
 40
3.759999999999991
 40
13.67999999999995
 40
13.67999999999995
 40
13.67999999999995
 40
14.67999999999995
 40
14.67999999999995
 40
14.67999999999995
 40
15.67999999999995
 40
15.67999999999995
 40
15.67999999999995
 40
16.67999999999995
 40
16.67999999999995
 40
16.67999999999995
 40
17.67999999999995
 40
17.67999999999995
 40
17.67999999999995
 40
18.67999999999995
 40
18.67999999999995
 40
18.67999999999995
 40
19.67999999999995
 40
19.67999999999995
 40
19.67999999999995
 40
20.67999999999995
 40
20.67999999999995
 40
20.67999999999995
 40
21.67999999999995
 40
21.67999999999995
 40
21.67999999999995
 40
22.67999999999995
 40
22.67999999999995
 40
22.67999999999995
 40
23.67999999999995
 40
23.67999999999995
 40
23.67999999999995
 40
24.67999999999995
 40
24.67999999999995
 40
24.67999999999995
 40
25.67999999999995
 40
25.67999999999995
 40
25.67999999999995
 40
26.67999999999995
 40
26.67999999999995
 40
26.67999999999995
 40
27.67999999999995
 40
27.67999999999995
 40
27.67999999999995
 40
28.67999999999995
 40
28.67999999999995
 40
28.67999999999995
 40
38.59649131497628
 40
38.59649131497628
 40
38.59649131497628
 40
42.35265957531816
 40
42.35265957531816
 40
42.35265957531816
 40
42.35265957531816
 10
113.6006886111111
 20
210.0624802777778
 30
0.0
 10
113.1585404629629
 20
210.0624802777778
 30
0.0
 10
112.7163923148148
 20
210.0624802777778
 30
0.0
 10
112.2742441666667
 20
210.0624802777778
 30
0.0
 10
112.2742441666667
 20
208.8959617592593
 30
0.0
 10
112.2742441666667
 20
207.7294432407408
 30
0.0
 10
112.2742441666667
 20
206.5629247222222
 30
0.0
 10
112.2742441666667
 20
206.2912858333333
 30
0.0
 10
112.3236330555555
 20
205.7797580555556
 30
0.0
 10
112.3236330555555
 20
204.8131469444444
 30
0.0
 10
112.3236330555555
 20
203.8465358333333
 30
0.0
 10
112.3024663888889
 20
203.0633691666667
 30
0.0
 10
112.2742441666667
 20
203.0633691666667
 30
0.0
 10
109.6742719444444
 20
203.0633691666667
 30
0.0
 10
107.8574663888889
 20
203.9594247222222
 30
0.0
 10
108.7147163888889
 20
206.1995636111111
 30
0.0
 10
109.5719663888889
 20
208.4397025
 30
0.0
 10
110.4891886111111
 20
215.9750358333333
 30
0.0
 10
109.8824108333333
 20
217.2485636111111
 30
0.0
 10
109.2932719444444
 20
218.4797580555555
 30
0.0
 10
115.0001580555555
 20
217.0245497222222
 30
0.0
 10
115.9995775
 20
218.3210080555556
 30
0.0
 10
116.8409525
 20
219.4128552777778
 30
0.0
 10
116.9802997222222
 20
218.4021469444444
 30
0.0
 10
117.7246608333333
 20
217.0016191666666
 30
0.0
 10
118.8253275
 20
214.9237580555555
 30
0.0
 10
121.0584108333333
 20
217.0721747222222
 30
0.0
 10
119.8272163888889
 20
213.0893136111111
 30
0.0
 10
118.5960219444444
 20
209.1029247222222
 30
0.0
 10
123.5984108333333
 20
203.3208969444444
 30
0.0
 10
123.6971886111111
 20
190.6773413888889
 30
0.0
 10
123.7359941666667
 20
186.1018136111111
 30
0.0
 10
123.8594663888889
 20
171.1440358333333
 30
0.0
 10
125.1294663888889
 20
165.5807302777778
 30
0.0
 10
126.3747719444444
 20
160.1232580555556
 30
0.0
 10
123.8820441666667
 20
160.8312830555556
 30
0.0
 10
121.6581330555555
 20
161.5802302777778
 30
0.0
 10
119.8056969444444
 20
162.2042941666667
 30
0.0
 10
115.2234663888889
 20
159.3612580555555
 30
0.0
 10
115.7702719444444
 20
161.3685636111111
 30
0.0
 10
116.2147719444444
 20
162.9878136111111
 30
0.0
 10
113.5901052777778
 20
163.3511747222222
 30
0.0
 10
113.9993275
 20
166.0252302777778
 30
0.0
 10
114.3944386111111
 20
168.5934525
 30
0.0
 10
111.5651608333333
 20
175.6454802777778
 30
0.0
 10
115.5974108333333
 20
176.2134525
 30
0.0
 10
115.6221052777778
 20
176.2134525
 30
0.0
 10
115.7561608333333
 20
175.4408691666667
 30
0.0
 10
115.8902163888889
 20
174.4883691666666
 30
0.0
 10
116.0242719444444
 20
173.5288136111111
 30
0.0
 10
116.0489663888889
 20
173.0172858333333
 30
0.0
 10
116.0842441666667
 20
172.7456469444444
 30
0.0
 10
116.2465219444444
 20
171.5908876851852
 30
0.0
 10
116.4087997222222
 20
170.4361284259259
 30
0.0
 10
116.5710775
 20
169.2813691666667
 30
0.0
 10
117.0085219444444
 20
169.3425173148148
 30
0.0
 10
117.4459663888889
 20
169.4036654629629
 30
0.0
 10
117.8834108333333
 20
169.4648136111111
 30
0.0
  0
SPLINE
  5
400
330
1F
100
AcDbEntity
  8
DEFAULT
 62
     1
100
AcDbSpline
210
0.0
220
0.0
230
1.0
 70
     8
 71
     3
 72
    32
 73
    28
 74
     0
 42
0.000000001
 43
0.0000000001
 40
0.0
 40
0.0
 40
0.0
 40
0.0
 40
3.75
 40
3.75
 40
3.75
 40
13.66999999999996
 40
13.66999999999996
 40
13.66999999999996
 40
14.66999999999996
 40
14.66999999999996
 40
14.66999999999996
 40
15.66999999999996
 40
15.66999999999996
 40
15.66999999999996
 40
16.66999999999996
 40
16.66999999999996
 40
16.66999999999996
 40
17.66999999999996
 40
17.66999999999996
 40
17.66999999999996
 40
18.66999999999996
 40
18.66999999999996
 40
18.66999999999996
 40
28.59639410863778
 40
28.59639410863778
 40
28.59639410863778
 40
32.35256236897972
 40
32.35256236897972
 40
32.35256236897972
 40
32.35256236897972
 10
113.9499386111111
 20
210.0624802777778
 30
0.0
 10
114.3909108333333
 20
210.0624802777778
 30
0.0
 10
114.8318830555555
 20
210.0624802777778
 30
0.0
 10
115.2728552777778
 20
210.0624802777778
 30
0.0
 10
115.2728552777778
 20
208.8959617592593
 30
0.0
 10
115.2728552777778
 20
207.7294432407408
 30
0.0
 10
115.2728552777778
 20
206.5629247222222
 30
0.0
 10
115.2728552777778
 20
206.2912858333333
 30
0.0
 10
115.2234663888889
 20
205.7797580555556
 30
0.0
 10
115.2234663888889
 20
204.8131469444444
 30
0.0
 10
115.2234663888889
 20
203.8465358333333
 30
0.0
 10
115.2481608333333
 20
203.0633691666667
 30
0.0
 10
115.2728552777778
 20
203.0633691666667
 30
0.0
 10
116.8497719444444
 20
203.0633691666667
 30
0.0
 10
119.9647997222222
 20
176.8272858333333
 30
0.0
 10
118.5677997222222
 20
176.6297302777778
 30
0.0
 10
118.5395775
 20
176.6262025
 30
0.0
 10
118.6277719444444
 20
175.8465636111111
 30
0.0
 10
118.7618275
 20
174.8905358333333
 30
0.0
 10
118.8958830555555
 20
173.9345080555556
 30
0.0
 10
119.0158275
 20
173.4335636111111
 30
0.0
 10
119.0546330555556
 20
173.1654525
 30
0.0
 10
119.2169108333333
 20
172.0095173148148
 30
0.0
 10
119.3791886111111
 20
170.8535821296296
 30
0.0
 10
119.5414663888889
 20
169.6976469444444
 30
0.0
 10
119.1040219444445
 20
169.6364987962963
 30
0.0
 10
118.6665775
 20
169.5753506481481
 30
0.0
 10
118.2291330555555
 20
169.5142025
 30
0.0
  0
SPLINE
  5
401
330
1F
100
AcDbEntity
  8
DEFAULT
 62
    18
100
AcDbSpline
210
0.0
220
0.0
230
1.0
 70
     8
 71
     3
 72
    17
 73
    13
 74
     0
 42
0.000000001
 43
0.0000000001
 40
0.0
 40
0.0
 40
0.0
 40
0.0
 40
5.999966166571332
 40
5.999966166571332
 40
5.999966166571332
 40
6.999966166571332
 40
6.999966166571332
 40
6.999966166571332
 40
7.999966166571332
 40
7.999966166571332
 40
7.999966166571332
 40
13.99957157026247
 40
13.99957157026247
 40
13.99957157026247
 40
13.99957157026247
 10
119.8261227777778
 20
165.6463469444444
 30
0.0
 10
119.5247329629629
 20
166.2842867592592
 30
0.0
 10
119.2233431481481
 20
166.9222265740741
 30
0.0
 10
118.9219533333333
 20
167.5601663888889
 30
0.0
 10
118.8912616666667
 20
167.3012275
 30
0.0
 10
118.6189172222222
 20
165.4766608333333
 30
0.0
 10
118.6189172222222
 20
165.4766608333333
 30
0.0
 10
118.6189172222222
 20
165.4766608333333
 30
0.0
 10
117.854095
 20
167.1555302777778
 30
0.0
 10
117.7532005555556
 20
167.3957719444444
 30
0.0
 10
117.6393709259259
 20
166.6995062037037
 30
0.0
 10
117.5255412962963
 20
166.0032404629629
 30
0.0
 10
117.4117116666667
 20
165.3069747222222
 30
0.0
  0
SPLINE
  5
402
330
1F
100
AcDbEntity
  8
DEFAULT
 62
    18
100
AcDbSpline
210
0.0
220
0.0
230
1.0
 70
     8
 71
     3
 72
    11
 73
     7
 74
     0
 42
0.000000001
 43
0.0000000001
 40
0.0
 40
0.0
 40
0.0
 40
0.0
 40
1.020000000000039
 40
1.020000000000039
 40
1.020000000000039
 40
2.020000000000039
 40
2.020000000000039
 40
2.020000000000039
 40
2.020000000000039
 10
113.1230627777778
 20
214.0486575
 30
0.0
 10
113.1230627777778
 20
214.0486575
 30
0.0
 10
113.68151
 20
212.4152963888889
 30
0.0
 10
113.7520655555555
 20
212.1602380555556
 30
0.0
 10
113.8183877777778
 20
212.4121213888889
 30
0.0
 10
114.4226961111111
 20
214.0486575
 30
0.0
 10
114.4226961111111
 20
214.0486575
 30
0.0
  0
POLYLINE
  5
403
330
1F
100
AcDbEntity
  8
DEFAULT
 62
     1
100
AcDb2dPolyline
 66
     1
 10
0.0
 20
0.0
 30
0.0
  0
VERTEX
  5
404
330
403
100
AcDbEntity
  8
DEFAULT
 62
     1
100
AcDbVertex
100
AcDb2dVertex
 10
85.43614555555554
 20
138.4708163888889
 30
0.0
  0
VERTEX
  5
405
330
403
100
AcDbEntity
  8
DEFAULT
 62
     1
100
AcDbVertex
100
AcDb2dVertex
 10
84.42367333333333
 20
137.6135663888889
 30
0.0
  0
SEQEND
  5
406
330
403
100
AcDbEntity
  8
DEFAULT
 62
     1
  0
POLYLINE
  5
407
330
1F
100
AcDbEntity
  8
DEFAULT
 62
     1
100
AcDb2dPolyline
 66
     1
 10
0.0
 20
0.0
 30
0.0
  0
VERTEX
  5
408
330
407
100
AcDbEntity
  8
DEFAULT
 62
     1
100
AcDbVertex
100
AcDb2dVertex
 10
84.15909
 20
137.3877886111111
 30
0.0
  0
VERTEX
  5
409
330
407
100
AcDbEntity
  8
DEFAULT
 62
     1
100
AcDbVertex
100
AcDb2dVertex
 10
83.14661777777778
 20
136.5305386111111
 30
0.0
  0
SEQEND
  5
40A
330
407
100
AcDbEntity
  8
DEFAULT
 62
     1
  0
POLYLINE
  5
40B
330
1F
100
AcDbEntity
  8
DEFAULT
 62
     1
100
AcDb2dPolyline
 66
     1
 10
0.0
 20
0.0
 30
0.0
  0
VERTEX
  5
40C
330
40B
100
AcDbEntity
  8
DEFAULT
 62
     1
100
AcDbVertex
100
AcDb2dVertex
 10
80.18328444444444
 20
189.8493719444444
 30
0.0
  0
VERTEX
  5
40D
330
40B
100
AcDbEntity
  8
DEFAULT
 62
     1
100
AcDbVertex
100
AcDb2dVertex
 10
78.85683999999999
 20
189.8493719444444
 30
0.0
  0
SEQEND
  5
40E
330
40B
100
AcDbEntity
  8
DEFAULT
 62
     1
  0
POLYLINE
  5
40F
330
1F
100
AcDbEntity
  8
DEFAULT
 62
     1
100
AcDb2dPolyline
 66
     1
 10
0.0
 20
0.0
 30
0.0
  0
VERTEX
  5
410
330
40F
100
AcDbEntity
  8
DEFAULT
 62
     1
100
AcDbVertex
100
AcDb2dVertex
 10
81.85897888888888
 20
189.8493719444444
 30
0.0
  0
VERTEX
  5
411
330
40F
100
AcDbEntity
  8
DEFAULT
 62
     1
100
AcDbVertex
100
AcDb2dVertex
 10
80.53253444444444
 20
189.8493719444444
 30
0.0
  0
SEQEND
  5
412
330
40F
100
AcDbEntity
  8
DEFAULT
 62
     1
  0
SPLINE
  5
413
330
1F
100
AcDbEntity
  8
DEFAULT
 62
     1
100
AcDbSpline
210
0.0
220
0.0
230
1.0
 70
     8
 71
     3
 72
    50
 73
    46
 74
     0
 42
0.000000001
 43
0.0000000001
 40
0.0
 40
0.0
 40
0.0
 40
0.0
 40
3.752932186970624
 40
3.752932186970624
 40
3.752932186970624
 40
13.6722567607508
 40
13.6722567607508
 40
13.6722567607508
 40
14.6722567607508
 40
14.6722567607508
 40
14.6722567607508
 40
15.6722567607508
 40
15.6722567607508
 40
15.6722567607508
 40
16.67225676075081
 40
16.67225676075081
 40
16.67225676075081
 40
17.67225676075081
 40
17.67225676075081
 40
17.67225676075081
 40
18.67225676075081
 40
18.67225676075081
 40
18.67225676075081
 40
19.67225676075081
 40
19.67225676075081
 40
19.67225676075081
 40
20.67225676075081
 40
20.67225676075081
 40
20.67225676075081
 40
21.67225676075081
 40
21.67225676075081
 40
21.67225676075081
 40
22.67225676075081
 40
22.67225676075081
 40
22.67225676075081
 40
23.67225676075081
 40
23.67225676075081
 40
23.67225676075081
 40
24.67225676075081
 40
24.67225676075081
 40
24.67225676075081
 40
34.59226180107218
 40
34.59226180107218
 40
34.59226180107218
 40
38.3522618010722
 40
38.3522618010722
 40
38.3522618010722
 40
38.3522618010722
 10
79.90106222222221
 20
142.9546219444444
 30
0.0
 10
80.23737703703702
 20
143.2403719444444
 30
0.0
 10
80.57369185185183
 20
143.5261219444444
 30
0.0
 10
80.91000666666665
 20
143.8118719444444
 30
0.0
 10
81.66377518518517
 20
142.9216960185185
 30
0.0
 10
82.41754370370369
 20
142.0315200925926
 30
0.0
 10
83.17131222222221
 20
141.1413441666667
 30
0.0
 10
83.3477011111111
 20
140.9332052777778
 30
0.0
 10
83.64050666666665
 20
140.5098719444444
 30
0.0
 10
84.26492333333333
 20
139.7725663888889
 30
0.0
 10
84.87875666666666
 20
139.0458441666667
 30
0.0
 10
85.39734
 20
138.4708163888889
 30
0.0
 10
85.43614555555554
 20
138.4708163888889
 30
0.0
 10
87.57397888888887
 20
140.2840941666667
 30
0.0
 10
85.89122888888888
 20
141.5011775
 30
0.0
 10
86.20167333333333
 20
149.3328441666667
 30
0.0
 10
86.51211777777777
 20
157.1680386111111
 30
0.0
 10
81.3933122222222
 20
172.1822608333333
 30
0.0
 10
85.91592333333332
 20
174.8810108333333
 30
0.0
 10
87.92675666666666
 20
176.0839830555556
 30
0.0
 10
88.92158999999998
 20
176.1016219444444
 30
0.0
 10
86.65322888888888
 20
178.7756775
 30
0.0
 10
83.50997888888888
 20
182.4833719444444
 30
0.0
 10
91.40867333333333
 20
179.4882886111111
 30
0.0
 10
87.09420111111109
 20
184.5823997222222
 30
0.0
 10
84.31078444444444
 20
187.8667608333333
 30
0.0
 10
89.79647888888888
 20
185.6160386111111
 30
0.0
 10
87.67275666666666
 20
188.1242886111111
 30
0.0
 10
87.04833999999998
 20
188.8580663888889
 30
0.0
 10
86.1417011111111
 20
189.4718997222222
 30
0.0
 10
85.53139555555555
 20
189.6447608333333
 30
0.0
 10
84.43072888888888
 20
189.9622608333333
 30
0.0
 10
83.45353444444443
 20
189.8458441666667
 30
0.0
 10
81.85897888888888
 20
189.8493719444444
 30
0.0
 10
81.83075666666666
 20
189.8282052777778
 30
0.0
 10
81.80606222222221
 20
189.0556219444444
 30
0.0
 10
81.80958999999999
 20
188.0960663888889
 30
0.0
 10
81.80958999999999
 20
187.1329830555555
 30
0.0
 10
81.8554511111111
 20
186.6214552777778
 30
0.0
 10
81.8554511111111
 20
186.3498163888889
 30
0.0
 10
81.85662703703703
 20
185.1832978703704
 30
0.0
 10
81.85780296296296
 20
184.0167793518519
 30
0.0
 10
81.85897888888888
 20
182.8502608333333
 30
0.0
 10
81.41683074074074
 20
182.8502608333333
 30
0.0
 10
80.97468259259259
 20
182.8502608333333
 30
0.0
 10
80.53253444444444
 20
182.8502608333333
 30
0.0
  0
SPLINE
  5
414
330
1F
100
AcDbEntity
  8
DEFAULT
 62
     1
100
AcDbSpline
210
0.0
220
0.0
230
1.0
 70
     8
 71
     3
 72
    50
 73
    46
 74
     0
 42
0.000000001
 43
0.0000000001
 40
0.0
 40
0.0
 40
0.0
 40
0.0
 40
3.752932186970624
 40
3.752932186970624
 40
3.752932186970624
 40
13.6722567607508
 40
13.6722567607508
 40
13.6722567607508
 40
14.6722567607508
 40
14.6722567607508
 40
14.6722567607508
 40
15.6722567607508
 40
15.6722567607508
 40
15.6722567607508
 40
16.67225676075081
 40
16.67225676075081
 40
16.67225676075081
 40
17.67225676075081
 40
17.67225676075081
 40
17.67225676075081
 40
18.67225676075081
 40
18.67225676075081
 40
18.67225676075081
 40
19.67225676075081
 40
19.67225676075081
 40
19.67225676075081
 40
20.67225676075081
 40
20.67225676075081
 40
20.67225676075081
 40
21.67225676075081
 40
21.67225676075081
 40
21.67225676075081
 40
22.67225676075081
 40
22.67225676075081
 40
22.67225676075081
 40
23.67225676075081
 40
23.67225676075081
 40
23.67225676075081
 40
24.67225676075081
 40
24.67225676075081
 40
24.67225676075081
 40
34.59225676075076
 40
34.59225676075076
 40
34.59225676075076
 40
38.34225676075076
 40
38.34225676075076
 40
38.34225676075076
 40
38.34225676075076
 10
79.6329511111111
 20
142.7288441666666
 30
0.0
 10
79.29663629629628
 20
142.4430941666666
 30
0.0
 10
78.96032148148147
 20
142.1573441666666
 30
0.0
 10
78.62400666666666
 20
141.8715941666666
 30
0.0
 10
79.37777518518517
 20
140.9814182407407
 30
0.0
 10
80.1315437037037
 20
140.0912423148148
 30
0.0
 10
80.88531222222223
 20
139.2010663888889
 30
0.0
 10
81.0617011111111
 20
138.9964552777778
 30
0.0
 10
81.42859
 20
138.6366219444444
 30
0.0
 10
82.05300666666666
 20
137.8993163888889
 30
0.0
 10
82.66684
 20
137.1761219444444
 30
0.0
 10
83.14661777777778
 20
136.5693441666666
 30
0.0
 10
83.14661777777778
 20
136.5305386111111
 30
0.0
 10
81.86956222222221
 20
135.4475108333333
 30
0.0
 10
83.77456222222222
 20
134.8548441666667
 30
0.0
 10
82.00361777777778
 20
134.1175386111111
 30
0.0
 10
80.22561777777777
 20
133.3767052777778
 30
0.0
 10
78.9344511111111
 20
132.5441497222222
 30
0.0
 10
78.58872888888888
 20
135.0629830555555
 30
0.0
 10
78.25358999999999
 20
137.5359552777778
 30
0.0
 10
73.7401511111111
 20
136.4229413888889
 30
0.0
 10
74.18959
 20
139.6385108333333
 30
0.0
 10
74.43371222222221
 20
141.3844080555556
 30
0.0
 10
69.14486777777778
 20
144.9407608333333
 30
0.0
 10
72.86667333333332
 20
147.0186219444444
 30
0.0
 10
82.31406222222222
 20
152.3032330555555
 30
0.0
 10
78.16186777777777
 20
162.5620108333333
 30
0.0
 10
76.03814555555554
 20
173.9285108333333
 30
0.0
 10
74.30600666666666
 20
183.2277330555555
 30
0.0
 10
73.57222888888889
 20
187.4010941666666
 30
0.0
 10
75.14209
 20
189.0027052777777
 30
0.0
 10
75.75239555555555
 20
189.6235941666666
 30
0.0
 10
77.47042333333333
 20
189.8564275
 30
0.0
 10
78.86036777777777
 20
189.8493719444444
 30
0.0
 10
78.88859
 20
189.8493719444444
 30
0.0
 10
78.90622888888888
 20
189.0662052777778
 30
0.0
 10
78.90622888888888
 20
188.0995941666666
 30
0.0
 10
78.90622888888888
 20
187.1329830555555
 30
0.0
 10
78.86036777777777
 20
186.6214552777777
 30
0.0
 10
78.86036777777777
 20
186.3498163888889
 30
0.0
 10
78.86036777777777
 20
185.1832978703703
 30
0.0
 10
78.86036777777777
 20
184.0167793518518
 30
0.0
 10
78.86036777777777
 20
182.8502608333333
 30
0.0
 10
79.30133999999998
 20
182.8502608333333
 30
0.0
 10
79.74231222222221
 20
182.8502608333333
 30
0.0
 10
80.18328444444444
 20
182.8502608333333
 30
0.0
  0
SPLINE
  5
415
330
1F
100
AcDbEntity
  8
DEFAULT
 62
    18
100
AcDbSpline
210
0.0
220
0.0
230
1.0
 70
     8
 71
     3
 72
    11
 73
     7
 74
     0
 42
0.000000001
 43
0.0000000001
 40
0.0
 40
0.0
 40
0.0
 40
0.0
 40
1.0
 40
1.0
 40
1.0
 40
4.45797990161884
 40
4.45797990161884
 40
4.45797990161884
 40
4.45797990161884
 10
81.04699027777777
 20
178.7979377777778
 30
0.0
 10
81.04699027777777
 20
178.7979377777778
 30
0.0
 10
80.46455416666666
 20
179.6851738888889
 30
0.0
 10
80.37212638888887
 20
179.7980627777777
 30
0.0
 10
80.13929305555554
 20
179.4646877777778
 30
0.0
 10
79.90645972222221
 20
179.1313127777778
 30
0.0
 10
79.67362638888888
 20
178.7979377777778
 30
0.0
  0
SPLINE
  5
416
330
1F
100
AcDbEntity
  8
DEFAULT
 62
    18
100
AcDbSpline
210
0.0
220
0.0
230
1.0
 70
     8
 71
     3
 72
    11
 73
     7
 74
     0
 42
0.000000001
 43
0.0000000001
 40
0.0
 40
0.0
 40
0.0
 40
0.0
 40
3.548245341010073
 40
3.548245341010073
 40
3.548245341010073
 40
4.548245341010073
 40
4.548245341010073
 40
4.548245341010073
 40
4.548245341010073
 10
79.64766194444445
 20
180.8188252777777
 30
0.0
 10
79.88907953703703
 20
180.4785123148148
 30
0.0
 10
80.13049712962963
 20
180.1381993518519
 30
0.0
 10
80.37191472222221
 20
179.7978863888889
 30
0.0
 10
80.46469527777776
 20
179.9188891666667
 30
0.0
 10
81.07288416666665
 20
180.8188252777778
 30
0.0
 10
81.07288416666665
 20
180.8188252777778
 30
0.0
  0
SPLINE
  5
417
330
1F
100
AcDbEntity
  8
DEFAULT
 62
    18
100
AcDbSpline
210
0.0
220
0.0
230
1.0
 70
     8
 71
     3
 72
    17
 73
    13
 74
     0
 42
0.000000001
 43
0.0000000001
 40
0.0
 40
0.0
 40
0.0
 40
0.0
 40
5.999431473064831
 40
5.999431473064831
 40
5.999431473064831
 40
6.999431473064831
 40
6.999431473064831
 40
6.999431473064831
 40
7.999431473064831
 40
7.999431473064831
 40
7.999431473064831
 40
13.99855582583496
 40
13.99855582583496
 40
13.99855582583496
 40
13.99855582583496
 10
78.07600166666666
 20
146.7214066666666
 30
0.0
 10
78.3515211111111
 20
146.0719427777777
 30
0.0
 10
78.62704055555552
 20
145.4224788888888
 30
0.0
 10
78.90255999999998
 20
144.773015
 30
0.0
 10
78.68877666666666
 20
144.92224
 30
0.0
 10
77.14572666666666
 20
145.9333011111111
 30
0.0
 10
77.14572666666666
 20
145.9333011111111
 30
0.0
 10
77.14572666666666
 20
145.9333011111111
 30
0.0
 10
77.889735
 20
144.2452594444444
 30
0.0
 10
78.00191833333332
 20
144.0099566666667
 30
0.0
 10
77.40654703703703
 20
144.3883696296296
 30
0.0
 10
76.81117574074074
 20
144.7667825925926
 30
0.0
 10
76.21580444444444
 20
145.1451955555555
 30
0.0
  0
POLYLINE
  5
418
330
1F
100
AcDbEntity
  8
DEFAULT
 62
     1
100
AcDb2dPolyline
 66
     1
 10
0.0
 20
0.0
 30
0.0
  0
VERTEX
  5
419
330
418
100
AcDbEntity
  8
DEFAULT
 62
     1
100
AcDbVertex
100
AcDb2dVertex
 10
56.78000666666665
 20
136.2659552777777
 30
0.0
  0
VERTEX
  5
41A
330
418
100
AcDbEntity
  8
DEFAULT
 62
     1
100
AcDbVertex
100
AcDb2dVertex
 10
55.88042333333331
 20
137.2396219444444
 30
0.0
  0
SEQEND
  5
41B
330
418
100
AcDbEntity
  8
DEFAULT
 62
     1
  0
POLYLINE
  5
41C
330
1F
100
AcDbEntity
  8
DEFAULT
 62
     1
100
AcDb2dPolyline
 66
     1
 10
0.0
 20
0.0
 30
0.0
  0
VERTEX
  5
41D
330
41C
100
AcDbEntity
  8
DEFAULT
 62
     1
100
AcDbVertex
100
AcDb2dVertex
 10
55.64406222222222
 20
137.4971497222222
 30
0.0
  0
VERTEX
  5
41E
330
41C
100
AcDbEntity
  8
DEFAULT
 62
     1
100
AcDbVertex
100
AcDb2dVertex
 10
54.7444788888889
 20
138.4708163888889
 30
0.0
  0
SEQEND
  5
41F
330
41C
100
AcDbEntity
  8
DEFAULT
 62
     1
  0
POLYLINE
  5
420
330
1F
100
AcDbEntity
  8
DEFAULT
 62
     1
100
AcDb2dPolyline
 66
     1
 10
0.0
 20
0.0
 30
0.0
  0
VERTEX
  5
421
330
420
100
AcDbEntity
  8
DEFAULT
 62
     1
100
AcDbVertex
100
AcDb2dVertex
 10
59.64456222222222
 20
189.8493719444444
 30
0.0
  0
VERTEX
  5
422
330
420
100
AcDbEntity
  8
DEFAULT
 62
     1
100
AcDbVertex
100
AcDb2dVertex
 10
58.31811777777778
 20
189.8493719444444
 30
0.0
  0
SEQEND
  5
423
330
420
100
AcDbEntity
  8
DEFAULT
 62
     1
  0
POLYLINE
  5
424
330
1F
100
AcDbEntity
  8
DEFAULT
 62
     1
100
AcDb2dPolyline
 66
     1
 10
0.0
 20
0.0
 30
0.0
  0
VERTEX
  5
425
330
424
100
AcDbEntity
  8
DEFAULT
 62
     1
100
AcDbVertex
100
AcDb2dVertex
 10
61.32025666666667
 20
189.8493719444444
 30
0.0
  0
VERTEX
  5
426
330
424
100
AcDbEntity
  8
DEFAULT
 62
     1
100
AcDbVertex
100
AcDb2dVertex
 10
59.99381222222222
 20
189.8493719444444
 30
0.0
  0
SEQEND
  5
427
330
424
100
AcDbEntity
  8
DEFAULT
 62
     1
  0
SPLINE
  5
428
330
1F
100
AcDbEntity
  8
DEFAULT
 62
     1
100
AcDbSpline
210
0.0
220
0.0
230
1.0
 70
     8
 71
     3
 72
    50
 73
    46
 74
     0
 42
0.000000001
 43
0.0000000001
 40
0.0
 40
0.0
 40
0.0
 40
0.0
 40
3.75
 40
3.75
 40
3.75
 40
13.67000504032126
 40
13.67000504032126
 40
13.67000504032126
 40
14.67000504032126
 40
14.67000504032126
 40
14.67000504032126
 40
15.67000504032126
 40
15.67000504032126
 40
15.67000504032126
 40
16.67000504032126
 40
16.67000504032126
 40
16.67000504032126
 40
17.67000504032126
 40
17.67000504032126
 40
17.67000504032126
 40
18.67000504032126
 40
18.67000504032126
 40
18.67000504032126
 40
19.67000504032126
 40
19.67000504032126
 40
19.67000504032126
 40
20.67000504032126
 40
20.67000504032126
 40
20.67000504032126
 40
21.67000504032126
 40
21.67000504032126
 40
21.67000504032126
 40
22.67000504032126
 40
22.67000504032126
 40
22.67000504032126
 40
23.67000504032126
 40
23.67000504032126
 40
23.67000504032126
 40
24.67000504032126
 40
24.67000504032126
 40
24.67000504032126
 40
34.59154725914997
 40
34.59154725914997
 40
34.59154725914997
 40
38.33508836350559
 40
38.33508836350559
 40
38.33508836350559
 40
38.33508836350559
 10
59.99381222222222
 20
182.8502608333333
 30
0.0
 10
60.43478444444445
 20
182.8502608333333
 30
0.0
 10
60.87575666666667
 20
182.8502608333333
 30
0.0
 10
61.31672888888889
 20
182.8502608333333
 30
0.0
 10
61.31790481481482
 20
184.0167793518518
 30
0.0
 10
61.31908074074074
 20
185.1832978703703
 30
0.0
 10
61.32025666666667
 20
186.3498163888889
 30
0.0
 10
61.32025666666667
 20
186.6214552777778
 30
0.0
 10
61.27086777777778
 20
187.1329830555555
 30
0.0
 10
61.27086777777778
 20
188.0995941666666
 30
0.0
 10
61.27086777777778
 20
189.0662052777778
 30
0.0
 10
61.29203444444445
 20
189.8493719444444
 30
0.0
 10
61.32025666666667
 20
189.8493719444444
 30
0.0
 10
62.70667333333333
 20
189.8564275
 30
0.0
 10
64.42822888888888
 20
189.6235941666667
 30
0.0
 10
65.03500666666666
 20
189.0027052777778
 30
0.0
 10
66.60839555555556
 20
187.4010941666666
 30
0.0
 10
65.87109
 20
183.2277330555555
 30
0.0
 10
64.14247888888889
 20
173.9285108333333
 30
0.0
 10
62.01875666666667
 20
162.5620108333333
 30
0.0
 10
59.52814555555555
 20
151.8199275
 30
0.0
 10
68.26292333333333
 20
145.4240663888889
 30
0.0
 10
71.70250666666666
 20
142.9052330555555
 30
0.0
 10
66.02137333333333
 20
140.0240969444444
 30
0.0
 10
66.04747888888889
 20
138.2591497222222
 30
0.0
 10
66.09510388888889
 20
135.0142997222222
 30
0.0
 10
61.75770111111111
 20
136.6681219444444
 30
0.0
 10
61.12270111111111
 20
134.2515941666666
 30
0.0
 10
60.47359
 20
131.7962608333333
 30
0.0
 10
59.29531222222222
 20
132.7805108333333
 30
0.0
 10
57.61961777777778
 20
133.7294830555555
 30
0.0
 10
55.95097888888888
 20
134.6784552777778
 30
0.0
 10
57.91595111111111
 20
135.0382886111111
 30
0.0
 10
56.78000666666667
 20
136.2659552777777
 30
0.0
 10
56.78000666666667
 20
136.3047608333333
 30
0.0
 10
57.33033999999999
 20
136.8445108333333
 30
0.0
 10
58.03236777777778
 20
137.4900941666666
 30
0.0
 10
58.7414511111111
 20
138.1462608333333
 30
0.0
 10
59.15067333333334
 20
138.4567052777778
 30
0.0
 10
59.34822888888888
 20
138.6436775
 30
0.0
 10
60.20547888888888
 20
139.4350756481481
 30
0.0
 10
61.06272888888889
 20
140.2264737962963
 30
0.0
 10
61.91997888888889
 20
141.0178719444444
 30
0.0
 10
61.62129370370371
 20
141.3412515740741
 30
0.0
 10
61.32260851851851
 20
141.6646312037037
 30
0.0
 10
61.02392333333333
 20
141.9880108333333
 30
0.0
  0
SPLINE
  5
429
330
1F
100
AcDbEntity
  8
DEFAULT
 62
     1
100
AcDbSpline
210
0.0
220
0.0
230
1.0
 70
     8
 71
     3
 72
    50
 73
    46
 74
     0
 42
0.000000001
 43
0.0000000001
 40
0.0
 40
0.0
 40
0.0
 40
0.0
 40
3.75
 40
3.75
 40
3.75
 40
13.66999999999996
 40
13.66999999999996
 40
13.66999999999996
 40
14.66999999999996
 40
14.66999999999996
 40
14.66999999999996
 40
15.66999999999996
 40
15.66999999999996
 40
15.66999999999996
 40
16.66999999999996
 40
16.66999999999996
 40
16.66999999999996
 40
17.66999999999996
 40
17.66999999999996
 40
17.66999999999996
 40
18.66999999999996
 40
18.66999999999996
 40
18.66999999999996
 40
19.66999999999996
 40
19.66999999999996
 40
19.66999999999996
 40
20.66999999999996
 40
20.66999999999996
 40
20.66999999999996
 40
21.66999999999996
 40
21.66999999999996
 40
21.66999999999996
 40
22.66999999999996
 40
22.66999999999996
 40
22.66999999999996
 40
23.66999999999996
 40
23.66999999999996
 40
23.66999999999996
 40
24.66999999999996
 40
24.66999999999996
 40
24.66999999999996
 40
34.58419689132704
 40
34.58419689132704
 40
34.58419689132704
 40
38.34186904307204
 40
38.34186904307204
 40
38.34186904307204
 40
38.34186904307204
 10
59.64456222222222
 20
182.8502608333333
 30
0.0
 10
59.20359
 20
182.8502608333333
 30
0.0
 10
58.76261777777777
 20
182.8502608333333
 30
0.0
 10
58.32164555555554
 20
182.8502608333333
 30
0.0
 10
58.32164555555554
 20
184.0167793518518
 30
0.0
 10
58.32164555555554
 20
185.1832978703703
 30
0.0
 10
58.32164555555555
 20
186.3498163888889
 30
0.0
 10
58.32164555555555
 20
186.6214552777778
 30
0.0
 10
58.37103444444443
 20
187.1329830555555
 30
0.0
 10
58.37103444444443
 20
188.0960663888889
 30
0.0
 10
58.37103444444443
 20
189.0556219444444
 30
0.0
 10
58.34633999999999
 20
189.8282052777778
 30
0.0
 10
58.32164555555555
 20
189.8493719444444
 30
0.0
 10
56.72708999999999
 20
189.8458441666667
 30
0.0
 10
55.74989555555555
 20
189.9622608333333
 30
0.0
 10
54.64570111111112
 20
189.6447608333333
 30
0.0
 10
54.03539555555555
 20
189.4718997222222
 30
0.0
 10
53.12875666666666
 20
188.8580663888889
 30
0.0
 10
52.50786777777778
 20
188.1242886111111
 30
0.0
 10
50.38414555555556
 20
185.6160386111111
 30
0.0
 10
55.86631222222221
 20
187.8667608333333
 30
0.0
 10
53.08642333333333
 20
184.5823997222222
 30
0.0
 10
48.77195111111111
 20
179.4882886111111
 30
0.0
 10
56.66711777777778
 20
182.4833719444444
 30
0.0
 10
53.52386777777777
 20
178.7756775
 30
0.0
 10
51.25903444444444
 20
176.1016219444444
 30
0.0
 10
52.25033999999999
 20
176.0839830555555
 30
0.0
 10
54.26117333333333
 20
174.8810108333333
 30
0.0
 10
58.78731222222222
 20
172.1822608333333
 30
0.0
 10
53.66497888888889
 20
157.1680386111111
 30
0.0
 10
53.97895111111111
 20
149.3328441666667
 30
0.0
 10
54.28939555555555
 20
141.5011775
 30
0.0
 10
52.84300666666666
 20
140.5310386111111
 30
0.0
 10
54.74447888888888
 20
138.4708163888889
 30
0.0
 10
54.78681222222222
 20
138.4708163888889
 30
0.0
 10
55.36889555555555
 20
138.9788163888889
 30
0.0
 10
56.06386777777777
 20
139.6208719444444
 30
0.0
 10
56.77295111111111
 20
140.2770386111111
 30
0.0
 10
57.11514555555556
 20
140.6615663888889
 30
0.0
 10
57.31622888888889
 20
140.8450108333333
 30
0.0
 10
58.17230296296297
 20
141.6364089814815
 30
0.0
 10
59.02837703703705
 20
142.4278071296296
 30
0.0
 10
59.88445111111111
 20
143.2192052777777
 30
0.0
 10
60.18431222222222
 20
142.8946497222222
 30
0.0
 10
60.48417333333333
 20
142.5700941666666
 30
0.0
 10
60.78403444444444
 20
142.2455386111111
 30
0.0
  0
SPLINE
  5
42A
330
1F
100
AcDbEntity
  8
DEFAULT
 62
    18
100
AcDbSpline
210
0.0
220
0.0
230
1.0
 70
     8
 71
     3
 72
    11
 73
     7
 74
     0
 42
0.000000001
 43
0.0000000001
 40
0.0
 40
0.0
 40
0.0
 40
0.0
 40
1.0
 40
1.0
 40
1.0
 40
4.45797990161884
 40
4.45797990161884
 40
4.45797990161884
 40
4.45797990161884
 10
60.50826805555555
 20
178.7979377777778
 30
0.0
 10
60.50826805555555
 20
178.7979377777778
 30
0.0
 10
59.92583194444443
 20
179.6851738888889
 30
0.0
 10
59.83340416666665
 20
179.7980627777777
 30
0.0
 10
59.60057083333331
 20
179.4646877777778
 30
0.0
 10
59.3677375
 20
179.1313127777778
 30
0.0
 10
59.13490416666666
 20
178.7979377777778
 30
0.0
  0
SPLINE
  5
42B
330
1F
100
AcDbEntity
  8
DEFAULT
 62
    18
100
AcDbSpline
210
0.0
220
0.0
230
1.0
 70
     8
 71
     3
 72
    11
 73
     7
 74
     0
 42
0.000000001
 43
0.0000000001
 40
0.0
 40
0.0
 40
0.0
 40
0.0
 40
3.548245341010183
 40
3.548245341010183
 40
3.548245341010183
 40
4.548245341010183
 40
4.548245341010183
 40
4.548245341010183
 40
4.548245341010183
 10
59.10893972222222
 20
180.8188252777778
 30
0.0
 10
59.35035731481482
 20
180.4785123148148
 30
0.0
 10
59.59177490740742
 20
180.1381993518519
 30
0.0
 10
59.8331925
 20
179.7978863888889
 30
0.0
 10
59.92597305555555
 20
179.9188891666667
 30
0.0
 10
60.53416194444443
 20
180.8188252777778
 30
0.0
 10
60.53416194444443
 20
180.8188252777778
 30
0.0
  0
SPLINE
  5
42C
330
1F
100
AcDbEntity
  8
DEFAULT
 62
    18
100
AcDbSpline
210
0.0
220
0.0
230
1.0
 70
     8
 71
     3
 72
    17
 73
    13
 74
     0
 42
0.000000001
 43
0.0000000001
 40
0.0
 40
0.0
 40
0.0
 40
0.0
 40
5.999637739063998
 40
5.999637739063998
 40
5.999637739063998
 40
6.999637739063998
 40
6.999637739063998
 40
6.999637739063998
 40
7.999637739063998
 40
7.999637739063998
 40
7.999637739063998
 40
13.99850596565476
 40
13.99850596565476
 40
13.99850596565476
 40
13.99850596565476
 10
64.70625305555556
 20
143.9732677777777
 30
0.0
 10
64.06913638888888
 20
143.6702316666666
 30
0.0
 10
63.43201972222221
 20
143.3671955555555
 30
0.0
 10
62.79490305555554
 20
143.0641594444444
 30
0.0
 10
62.93495583333333
 20
143.28394
 30
0.0
 10
63.87898916666666
 20
144.8689705555555
 30
0.0
 10
63.87898916666666
 20
144.8689705555555
 30
0.0
 10
63.87898916666666
 20
144.8689705555555
 30
0.0
 10
62.22446138888888
 20
144.0533483333333
 30
0.0
 10
61.9940975
 20
143.9312872222222
 30
0.0
 10
62.34664009259259
 20
144.5422983333333
 30
0.0
 10
62.69918268518518
 20
145.1533094444444
 30
0.0
 10
63.05172527777777
 20
145.7643205555555
 30
0.0
  0
SPLINE
  5
42D
330
1F
100
AcDbEntity
  8
DEFAULT
 62
     1
100
AcDbSpline
210
0.0
220
0.0
230
1.0
 70
     8
 71
     3
 72
     8
 73
     4
 74
     0
 42
0.000000001
 43
0.0000000001
 40
0.0
 40
0.0
 40
0.0
 40
0.0
 40
1.0
 40
1.0
 40
1.0
 40
1.0
 10
5.000730833333333
 20
16.85014833333333
 30
0.0
 10
5.081869722222222
 20
10.34139833333333
 30
0.0
 10
10.34178638888889
 20
5.081481666666667
 30
0.0
 10
16.85053638888889
 20
5.000342777777777
 30
0.0
  0
POLYLINE
  5
42E
330
1F
100
AcDbEntity
  8
DEFAULT
 62
     1
100
AcDb2dPolyline
 66
     1
 10
0.0
 20
0.0
 30
0.0
  0
VERTEX
  5
42F
330
42E
100
AcDbEntity
  8
DEFAULT
 62
     1
100
AcDbVertex
100
AcDb2dVertex
 10
5.000730833333333
 20
17.15000944444444
 30
0.0
  0
VERTEX
  5
430
330
42E
100
AcDbEntity
  8
DEFAULT
 62
     1
100
AcDbVertex
100
AcDb2dVertex
 10
5.000730833333333
 20
212.8499538888889
 30
0.0
  0
SEQEND
  5
431
330
42E
100
AcDbEntity
  8
DEFAULT
 62
     1
  0
SPLINE
  5
432
330
1F
100
AcDbEntity
  8
DEFAULT
 62
     1
100
AcDbSpline
210
0.0
220
0.0
230
1.0
 70
     8
 71
     3
 72
     8
 73
     4
 74
     0
 42
0.000000001
 43
0.0000000001
 40
0.0
 40
0.0
 40
0.0
 40
0.0
 40
1.0
 40
1.0
 40
1.0
 40
1.0
 10
5.000730833333333
 20
213.149815
 30
0.0
 10
5.081869722222222
 20
219.658565
 30
0.0
 10
10.34178638888889
 20
224.9184816666667
 30
0.0
 10
16.85053638888889
 20
224.9996205555555
 30
0.0
  0
POLYLINE
  5
433
330
1F
100
AcDbEntity
  8
DEFAULT
 62
     1
100
AcDb2dPolyline
 66
     1
 10
0.0
 20
0.0
 30
0.0
  0
VERTEX
  5
434
330
433
100
AcDbEntity
  8
DEFAULT
 62
     1
100
AcDbVertex
100
AcDb2dVertex
 10
122.8496752777778
 20
224.9996205555555
 30
0.0
  0
VERTEX
  5
435
330
433
100
AcDbEntity
  8
DEFAULT
 62
     1
100
AcDbVertex
100
AcDb2dVertex
 10
17.1503975
 20
224.9996205555555
 30
0.0
  0
SEQEND
  5
436
330
433
100
AcDbEntity
  8
DEFAULT
 62
     1
  0
SPLINE
  5
437
330
1F
100
AcDbEntity
  8
DEFAULT
 62
     1
100
AcDbSpline
210
0.0
220
0.0
230
1.0
 70
     8
 71
     3
 72
     8
 73
     4
 74
     0
 42
0.000000001
 43
0.0000000001
 40
0.0
 40
0.0
 40
0.0
 40
0.0
 40
1.0
 40
1.0
 40
1.0
 40
1.0
 10
123.1495363888889
 20
224.9996205555555
 30
0.0
 10
129.6582863888889
 20
224.9184816666667
 30
0.0
 10
134.9182030555556
 20
219.658565
 30
0.0
 10
134.9993419444444
 20
213.149815
 30
0.0
  0
POLYLINE
  5
438
330
1F
100
AcDbEntity
  8
DEFAULT
 62
     1
100
AcDb2dPolyline
 66
     1
 10
0.0
 20
0.0
 30
0.0
  0
VERTEX
  5
439
330
438
100
AcDbEntity
  8
DEFAULT
 62
     1
100
AcDbVertex
100
AcDb2dVertex
 10
134.9993419444444
 20
17.15000944444444
 30
0.0
  0
VERTEX
  5
43A
330
438
100
AcDbEntity
  8
DEFAULT
 62
     1
100
AcDbVertex
100
AcDb2dVertex
 10
134.9993419444444
 20
212.8499538888889
 30
0.0
  0
SEQEND
  5
43B
330
438
100
AcDbEntity
  8
DEFAULT
 62
     1
  0
SPLINE
  5
43C
330
1F
100
AcDbEntity
  8
DEFAULT
 62
     1
100
AcDbSpline
210
0.0
220
0.0
230
1.0
 70
     8
 71
     3
 72
     8
 73
     4
 74
     0
 42
0.000000001
 43
0.0000000001
 40
0.0
 40
0.0
 40
0.0
 40
0.0
 40
1.0
 40
1.0
 40
1.0
 40
1.0
 10
123.1495363888889
 20
5.000342777777778
 30
0.0
 10
129.6582863888889
 20
5.081481666666667
 30
0.0
 10
134.9182030555556
 20
10.34139833333333
 30
0.0
 10
134.9993419444444
 20
16.85014833333333
 30
0.0
  0
POLYLINE
  5
43D
330
1F
100
AcDbEntity
  8
DEFAULT
 62
     1
100
AcDb2dPolyline
 66
     1
 10
0.0
 20
0.0
 30
0.0
  0
VERTEX
  5
43E
330
43D
100
AcDbEntity
  8
DEFAULT
 62
     1
100
AcDbVertex
100
AcDb2dVertex
 10
122.8496752777778
 20
5.000342777777778
 30
0.0
  0
VERTEX
  5
43F
330
43D
100
AcDbEntity
  8
DEFAULT
 62
     1
100
AcDbVertex
100
AcDb2dVertex
 10
17.1503975
 20
5.000342777777778
 30
0.0
  0
SEQEND
  5
440
330
43D
100
AcDbEntity
  8
DEFAULT
 62
     1
  0
POLYLINE
  5
441
330
1F
100
AcDbEntity
  8
DEFAULT
 62
    18
100
AcDb2dPolyline
 66
     1
 10
0.0
 20
0.0
 30
0.0
  0
VERTEX
  5
442
330
441
100
AcDbEntity
  8
DEFAULT
 62
    18
100
AcDbVertex
100
AcDb2dVertex
 10
98.60615138888889
 20
171.5483544444444
 30
0.0
  0
VERTEX
  5
443
330
441
100
AcDbEntity
  8
DEFAULT
 62
    18
100
AcDbVertex
100
AcDb2dVertex
 10
99.37838194444446
 20
170.3848933333333
 30
0.0
  0
SEQEND
  5
444
330
441
100
AcDbEntity
  8
DEFAULT
 62
    18
  0
POLYLINE
  5
445
330
1F
100
AcDbEntity
  8
DEFAULT
 62
    18
100
AcDb2dPolyline
 66
     1
 10
0.0
 20
0.0
 30
0.0
  0
VERTEX
  5
446
330
445
100
AcDbEntity
  8
DEFAULT
 62
    18
100
AcDbVertex
100
AcDb2dVertex
 10
97.7982902777778
 20
170.3849638888889
 30
0.0
  0
VERTEX
  5
447
330
445
100
AcDbEntity
  8
DEFAULT
 62
    18
100
AcDbVertex
100
AcDb2dVertex
 10
98.6061513888889
 20
171.54525
 30
0.0
  0
VERTEX
  5
448
330
445
100
AcDbEntity
  8
DEFAULT
 62
    18
100
AcDbVertex
100
AcDb2dVertex
 10
98.60615138888889
 20
172.4060277777778
 30
0.0
  0
SEQEND
  5
449
330
445
100
AcDbEntity
  8
DEFAULT
 62
    18
  0
SPLINE
  5
44A
330
1F
100
AcDbEntity
  8
DEFAULT
 62
    18
100
AcDbSpline
210
0.0
220
0.0
230
1.0
 70
     8
 71
     3
 72
    11
 73
     7
 74
     0
 42
0.000000001
 43
0.0000000001
 40
0.0
 40
0.0
 40
0.0
 40
0.0
 40
1.0
 40
1.0
 40
1.0
 40
4.457979901618824
 40
4.457979901618824
 40
4.457979901618824
 40
4.457979901618824
 10
97.90179527777778
 20
164.4878952777778
 30
0.0
 10
97.90179527777778
 20
164.4878952777778
 30
0.0
 10
98.48423138888889
 20
163.6006591666667
 30
0.0
 10
98.57665916666667
 20
163.4877702777778
 30
0.0
 10
98.80949249999999
 20
163.8211452777778
 30
0.0
 10
99.04232583333332
 20
164.1545202777778
 30
0.0
 10
99.27515916666665
 20
164.4878952777778
 30
0.0
  0
SPLINE
  5
44B
330
1F
100
AcDbEntity
  8
DEFAULT
 62
    18
100
AcDbSpline
210
0.0
220
0.0
230
1.0
 70
     8
 71
     3
 72
    11
 73
     7
 74
     0
 42
0.000000001
 43
0.0000000001
 40
0.0
 40
0.0
 40
0.0
 40
0.0
 40
3.54824534101012
 40
3.54824534101012
 40
3.54824534101012
 40
4.548245341010119
 40
4.548245341010119
 40
4.548245341010119
 40
4.548245341010119
 10
99.3011236111111
 20
162.4670077777778
 30
0.0
 10
99.05970601851851
 20
162.8073207407407
 30
0.0
 10
98.81828842592591
 20
163.1476337037037
 30
0.0
 10
98.57687083333332
 20
163.4879466666667
 30
0.0
 10
98.48409027777778
 20
163.3669438888889
 30
0.0
 10
97.87590138888886
 20
162.4670077777778
 30
0.0
 10
97.87590138888886
 20
162.4670077777778
 30
0.0
  0
POLYLINE
  5
44C
330
1F
100
AcDbEntity
  8
DEFAULT
 62
     1
100
AcDb2dPolyline
 66
     1
 10
0.0
 20
0.0
 30
0.0
  0
VERTEX
  5
44D
330
44C
100
AcDbEntity
  8
DEFAULT
 62
     1
100
AcDbVertex
100
AcDb2dVertex
 10
98.41484
 20
150.2430108333333
 30
0.0
  0
VERTEX
  5
44E
330
44C
100
AcDbEntity
  8
DEFAULT
 62
     1
100
AcDbVertex
100
AcDb2dVertex
 10
97.08839555555555
 20
150.2430108333333
 30
0.0
  0
SEQEND
  5
44F
330
44C
100
AcDbEntity
  8
DEFAULT
 62
     1
  0
POLYLINE
  5
450
330
1F
100
AcDbEntity
  8
DEFAULT
 62
     1
100
AcDb2dPolyline
 66
     1
 10
0.0
 20
0.0
 30
0.0
  0
VERTEX
  5
451
330
450
100
AcDbEntity
  8
DEFAULT
 62
     1
100
AcDbVertex
100
AcDb2dVertex
 10
100.0870066666667
 20
150.2430108333333
 30
0.0
  0
VERTEX
  5
452
330
450
100
AcDbEntity
  8
DEFAULT
 62
     1
100
AcDbVertex
100
AcDb2dVertex
 10
98.76409
 20
150.2430108333333
 30
0.0
  0
SEQEND
  5
453
330
450
100
AcDbEntity
  8
DEFAULT
 62
     1
  0
POLYLINE
  5
454
330
1F
100
AcDbEntity
  8
DEFAULT
 62
     1
100
AcDb2dPolyline
 66
     1
 10
0.0
 20
0.0
 30
0.0
  0
VERTEX
  5
455
330
454
100
AcDbEntity
  8
DEFAULT
 62
     1
100
AcDbVertex
100
AcDb2dVertex
 10
98.41484
 20
184.2437330555556
 30
0.0
  0
VERTEX
  5
456
330
454
100
AcDbEntity
  8
DEFAULT
 62
     1
100
AcDbVertex
100
AcDb2dVertex
 10
97.08839555555555
 20
184.2437330555556
 30
0.0
  0
SEQEND
  5
457
330
454
100
AcDbEntity
  8
DEFAULT
 62
     1
  0
POLYLINE
  5
458
330
1F
100
AcDbEntity
  8
DEFAULT
 62
     1
100
AcDb2dPolyline
 66
     1
 10
0.0
 20
0.0
 30
0.0
  0
VERTEX
  5
459
330
458
100
AcDbEntity
  8
DEFAULT
 62
     1
100
AcDbVertex
100
AcDb2dVertex
 10
100.0870066666667
 20
184.2437330555556
 30
0.0
  0
VERTEX
  5
45A
330
458
100
AcDbEntity
  8
DEFAULT
 62
     1
100
AcDbVertex
100
AcDb2dVertex
 10
98.76409
 20
184.2437330555556
 30
0.0
  0
SEQEND
  5
45B
330
458
100
AcDbEntity
  8
DEFAULT
 62
     1
  0
SPLINE
  5
45C
330
1F
100
AcDbEntity
  8
DEFAULT
 62
     1
100
AcDbSpline
210
0.0
220
0.0
230
1.0
 70
     8
 71
     3
 72
    41
 73
    37
 74
     0
 42
0.000000001
 43
0.0000000001
 40
0.0
 40
0.0
 40
0.0
 40
0.0
 40
3.75
 40
3.75
 40
3.75
 40
22.18000000000001
 40
22.18000000000001
 40
22.18000000000001
 40
23.18000000000001
 40
23.18000000000001
 40
23.18000000000001
 40
24.18000000000001
 40
24.18000000000001
 40
24.18000000000001
 40
25.18000000000001
 40
25.18000000000001
 40
25.18000000000001
 40
26.18000000000001
 40
26.18000000000001
 40
26.18000000000001
 40
27.18000000000001
 40
27.18000000000001
 40
27.18000000000001
 40
28.18000000000001
 40
28.18000000000001
 40
28.18000000000001
 40
29.18000000000001
 40
29.18000000000001
 40
29.18000000000001
 40
30.18000000000001
 40
30.18000000000001
 40
30.18000000000001
 40
48.59999999999997
 40
48.59999999999997
 40
48.59999999999997
 40
52.34999999999997
 40
52.34999999999997
 40
52.34999999999997
 40
52.34999999999997
 10
98.76409
 20
160.2442608333333
 30
0.0
 10
99.20506222222222
 20
160.2442608333333
 30
0.0
 10
99.64603444444442
 20
160.2442608333333
 30
0.0
 10
100.0870066666667
 20
160.2442608333333
 30
0.0
 10
100.0870066666667
 20
158.0770293518518
 30
0.0
 10
100.0870066666667
 20
155.9097978703704
 30
0.0
 10
100.0870066666667
 20
153.7425663888889
 30
0.0
 10
100.0870066666667
 20
153.4709275
 30
0.0
 10
100.0376177777778
 20
152.9593997222222
 30
0.0
 10
100.0376177777778
 20
151.9927886111111
 30
0.0
 10
100.0376177777778
 20
151.0261775
 30
0.0
 10
100.0587844444444
 20
150.2430108333333
 30
0.0
 10
100.0870066666667
 20
150.2430108333333
 30
0.0
 10
102.5247011111111
 20
150.2430108333333
 30
0.0
 10
104.7366177777778
 20
157.6478163888889
 30
0.0
 10
104.7366177777778
 20
170.1890663888889
 30
0.0
 10
104.7366177777778
 20
175.5054275
 30
0.0
 10
102.7998677777778
 20
179.4212608333333
 30
0.0
 10
104.0910344444444
 20
182.0812052777778
 30
0.0
 10
105.1352566666667
 20
184.2437330555556
 30
0.0
 10
104.8248122222222
 20
183.3829552777778
 30
0.0
 10
103.7770622222222
 20
184.6000386111111
 30
0.0
 10
101.7309511111111
 20
186.9777608333333
 30
0.0
 10
101.9955344444444
 20
184.2437330555556
 30
0.0
 10
100.0870066666667
 20
184.2437330555556
 30
0.0
 10
100.0623122222222
 20
184.2437330555556
 30
0.0
 10
100.0376177777778
 20
183.4605663888889
 30
0.0
 10
100.0376177777778
 20
182.4939552777778
 30
0.0
 10
100.0376177777778
 20
181.5273441666666
 30
0.0
 10
100.0870066666667
 20
181.0158163888889
 30
0.0
 10
100.0870066666667
 20
180.7441775
 30
0.0
 10
100.0870066666667
 20
178.5781219444444
 30
0.0
 10
100.0870066666667
 20
176.4120663888889
 30
0.0
 10
100.0870066666667
 20
174.2460108333333
 30
0.0
 10
99.64603444444442
 20
174.2460108333333
 30
0.0
 10
99.20506222222222
 20
174.2460108333333
 30
0.0
 10
98.76409
 20
174.2460108333333
 30
0.0
  0
SPLINE
  5
45D
330
1F
100
AcDbEntity
  8
DEFAULT
 62
     1
100
AcDbSpline
210
0.0
220
0.0
230
1.0
 70
     8
 71
     3
 72
    41
 73
    37
 74
     0
 42
0.000000001
 43
0.0000000001
 40
0.0
 40
0.0
 40
0.0
 40
0.0
 40
3.759999999999991
 40
3.759999999999991
 40
3.759999999999991
 40
22.19
 40
22.19
 40
22.19
 40
23.19
 40
23.19
 40
23.19
 40
24.19
 40
24.19
 40
24.19
 40
25.19
 40
25.19
 40
25.19
 40
26.19
 40
26.19
 40
26.19
 40
27.19
 40
27.19
 40
27.19
 40
28.19
 40
28.19
 40
28.19
 40
29.19
 40
29.19
 40
29.19
 40
30.19
 40
30.19
 40
30.19
 40
48.60999999999996
 40
48.60999999999996
 40
48.60999999999996
 40
52.36999999999995
 40
52.36999999999995
 40
52.36999999999995
 40
52.36999999999995
 10
98.41484
 20
160.2442608333333
 30
0.0
 10
97.97269185185185
 20
160.2442608333333
 30
0.0
 10
97.5305437037037
 20
160.2442608333333
 30
0.0
 10
97.08839555555555
 20
160.2442608333333
 30
0.0
 10
97.08839555555555
 20
158.0770293518518
 30
0.0
 10
97.08839555555555
 20
155.9097978703704
 30
0.0
 10
97.08839555555555
 20
153.7425663888889
 30
0.0
 10
97.08839555555555
 20
153.4709275
 30
0.0
 10
97.13778444444443
 20
152.9593997222222
 30
0.0
 10
97.13778444444443
 20
151.9927886111111
 30
0.0
 10
97.13778444444443
 20
151.0261775
 30
0.0
 10
97.11309
 20
150.2430108333333
 30
0.0
 10
97.08839555555555
 20
150.2430108333333
 30
0.0
 10
94.6507011111111
 20
150.2430108333333
 30
0.0
 10
92.44583999999999
 20
157.6478163888889
 30
0.0
 10
92.44583999999999
 20
170.1890663888889
 30
0.0
 10
92.44583999999999
 20
175.5054275
 30
0.0
 10
94.37906222222222
 20
179.4212608333333
 30
0.0
 10
93.09142333333334
 20
182.0812052777778
 30
0.0
 10
92.04367333333333
 20
184.2437330555556
 30
0.0
 10
92.35411777777777
 20
183.3829552777778
 30
0.0
 10
93.40186777777778
 20
184.6000386111111
 30
0.0
 10
95.45150666666667
 20
186.9777608333333
 30
0.0
 10
95.17986777777777
 20
184.2437330555556
 30
0.0
 10
97.08839555555555
 20
184.2437330555556
 30
0.0
 10
97.11661777777778
 20
184.2437330555556
 30
0.0
 10
97.13778444444443
 20
183.4605663888889
 30
0.0
 10
97.13778444444443
 20
182.4939552777778
 30
0.0
 10
97.13778444444443
 20
181.5273441666666
 30
0.0
 10
97.08839555555555
 20
181.0158163888889
 30
0.0
 10
97.08839555555555
 20
180.7441775
 30
0.0
 10
97.08839555555555
 20
178.5781219444444
 30
0.0
 10
97.08839555555555
 20
176.4120663888889
 30
0.0
 10
97.08839555555555
 20
174.2460108333333
 30
0.0
 10
97.5305437037037
 20
174.2460108333333
 30
0.0
 10
97.97269185185185
 20
174.2460108333333
 30
0.0
 10
98.41484
 20
174.2460108333333
 30
0.0
  0
POLYLINE
  5
45E
330
1F
100
AcDbEntity
  8
DEFAULT
 62
    18
100
AcDb2dPolyline
 66
     1
 10
0.0
 20
0.0
 30
0.0
  0
VERTEX
  5
45F
330
45E
100
AcDbEntity
  8
DEFAULT
 62
    18
100
AcDbVertex
100
AcDb2dVertex
 10
41.4274352777778
 20
171.5483544444444
 30
0.0
  0
VERTEX
  5
460
330
45E
100
AcDbEntity
  8
DEFAULT
 62
    18
100
AcDbVertex
100
AcDb2dVertex
 10
42.19966583333334
 20
170.3848933333333
 30
0.0
  0
SEQEND
  5
461
330
45E
100
AcDbEntity
  8
DEFAULT
 62
    18
  0
POLYLINE
  5
462
330
1F
100
AcDbEntity
  8
DEFAULT
 62
    18
100
AcDb2dPolyline
 66
     1
 10
0.0
 20
0.0
 30
0.0
  0
VERTEX
  5
463
330
462
100
AcDbEntity
  8
DEFAULT
 62
    18
100
AcDbVertex
100
AcDb2dVertex
 10
40.61957416666667
 20
170.3849638888889
 30
0.0
  0
VERTEX
  5
464
330
462
100
AcDbEntity
  8
DEFAULT
 62
    18
100
AcDbVertex
100
AcDb2dVertex
 10
41.42743527777779
 20
171.54525
 30
0.0
  0
VERTEX
  5
465
330
462
100
AcDbEntity
  8
DEFAULT
 62
    18
100
AcDbVertex
100
AcDb2dVertex
 10
41.42743527777778
 20
172.4060277777778
 30
0.0
  0
SEQEND
  5
466
330
462
100
AcDbEntity
  8
DEFAULT
 62
    18
  0
SPLINE
  5
467
330
1F
100
AcDbEntity
  8
DEFAULT
 62
    18
100
AcDbSpline
210
0.0
220
0.0
230
1.0
 70
     8
 71
     3
 72
    11
 73
     7
 74
     0
 42
0.000000001
 43
0.0000000001
 40
0.0
 40
0.0
 40
0.0
 40
0.0
 40
1.0
 40
1.0
 40
1.0
 40
4.457979901618849
 40
4.457979901618849
 40
4.457979901618849
 40
4.457979901618849
 10
40.72307916666666
 20
164.4878952777778
 30
0.0
 10
40.72307916666666
 20
164.4878952777778
 30
0.0
 10
41.30551527777777
 20
163.6006591666667
 30
0.0
 10
41.39794305555555
 20
163.4877702777778
 30
0.0
 10
41.63077638888888
 20
163.8211452777778
 30
0.0
 10
41.86360972222222
 20
164.1545202777778
 30
0.0
 10
42.09644305555555
 20
164.4878952777778
 30
0.0
  0
SPLINE
  5
468
330
1F
100
AcDbEntity
  8
DEFAULT
 62
    18
100
AcDbSpline
210
0.0
220
0.0
230
1.0
 70
     8
 71
     3
 72
    11
 73
     7
 74
     0
 42
0.000000001
 43
0.0000000001
 40
0.0
 40
0.0
 40
0.0
 40
0.0
 40
3.548245341010073
 40
3.548245341010073
 40
3.548245341010073
 40
4.548245341010073
 40
4.548245341010073
 40
4.548245341010073
 40
4.548245341010073
 10
42.1224075
 20
162.4670077777778
 30
0.0
 10
41.88098990740741
 20
162.8073207407407
 30
0.0
 10
41.63957231481481
 20
163.1476337037037
 30
0.0
 10
41.39815472222222
 20
163.4879466666666
 30
0.0
 10
41.30537416666667
 20
163.3669438888889
 30
0.0
 10
40.69718527777778
 20
162.4670077777778
 30
0.0
 10
40.69718527777778
 20
162.4670077777778
 30
0.0
  0
POLYLINE
  5
469
330
1F
100
AcDbEntity
  8
DEFAULT
 62
     1
100
AcDb2dPolyline
 66
     1
 10
0.0
 20
0.0
 30
0.0
  0
VERTEX
  5
46A
330
469
100
AcDbEntity
  8
DEFAULT
 62
     1
100
AcDbVertex
100
AcDb2dVertex
 10
41.23309
 20
150.2430108333333
 30
0.0
  0
VERTEX
  5
46B
330
469
100
AcDbEntity
  8
DEFAULT
 62
     1
100
AcDbVertex
100
AcDb2dVertex
 10
39.91017333333333
 20
150.2430108333333
 30
0.0
  0
SEQEND
  5
46C
330
469
100
AcDbEntity
  8
DEFAULT
 62
     1
  0
POLYLINE
  5
46D
330
1F
100
AcDbEntity
  8
DEFAULT
 62
     1
100
AcDb2dPolyline
 66
     1
 10
0.0
 20
0.0
 30
0.0
  0
VERTEX
  5
46E
330
46D
100
AcDbEntity
  8
DEFAULT
 62
     1
100
AcDbVertex
100
AcDb2dVertex
 10
42.90878444444444
 20
150.2430108333333
 30
0.0
  0
VERTEX
  5
46F
330
46D
100
AcDbEntity
  8
DEFAULT
 62
     1
100
AcDbVertex
100
AcDb2dVertex
 10
41.58586777777778
 20
150.2430108333333
 30
0.0
  0
SEQEND
  5
470
330
46D
100
AcDbEntity
  8
DEFAULT
 62
     1
  0
POLYLINE
  5
471
330
1F
100
AcDbEntity
  8
DEFAULT
 62
     1
100
AcDb2dPolyline
 66
     1
 10
0.0
 20
0.0
 30
0.0
  0
VERTEX
  5
472
330
471
100
AcDbEntity
  8
DEFAULT
 62
     1
100
AcDbVertex
100
AcDb2dVertex
 10
41.23309
 20
184.2437330555556
 30
0.0
  0
VERTEX
  5
473
330
471
100
AcDbEntity
  8
DEFAULT
 62
     1
100
AcDbVertex
100
AcDb2dVertex
 10
39.91017333333333
 20
184.2437330555556
 30
0.0
  0
SEQEND
  5
474
330
471
100
AcDbEntity
  8
DEFAULT
 62
     1
  0
POLYLINE
  5
475
330
1F
100
AcDbEntity
  8
DEFAULT
 62
     1
100
AcDb2dPolyline
 66
     1
 10
0.0
 20
0.0
 30
0.0
  0
VERTEX
  5
476
330
475
100
AcDbEntity
  8
DEFAULT
 62
     1
100
AcDbVertex
100
AcDb2dVertex
 10
42.90878444444444
 20
184.2437330555556
 30
0.0
  0
VERTEX
  5
477
330
475
100
AcDbEntity
  8
DEFAULT
 62
     1
100
AcDbVertex
100
AcDb2dVertex
 10
41.58586777777778
 20
184.2437330555556
 30
0.0
  0
SEQEND
  5
478
330
475
100
AcDbEntity
  8
DEFAULT
 62
     1
  0
SPLINE
  5
479
330
1F
100
AcDbEntity
  8
DEFAULT
 62
     1
100
AcDbSpline
210
0.0
220
0.0
230
1.0
 70
     8
 71
     3
 72
    41
 73
    37
 74
     0
 42
0.000000001
 43
0.0000000001
 40
0.0
 40
0.0
 40
0.0
 40
0.0
 40
3.75
 40
3.75
 40
3.75
 40
22.18000000000001
 40
22.18000000000001
 40
22.18000000000001
 40
23.18000000000001
 40
23.18000000000001
 40
23.18000000000001
 40
24.18000000000001
 40
24.18000000000001
 40
24.18000000000001
 40
25.18000000000001
 40
25.18000000000001
 40
25.18000000000001
 40
26.18000000000001
 40
26.18000000000001
 40
26.18000000000001
 40
27.18000000000001
 40
27.18000000000001
 40
27.18000000000001
 40
28.18000000000001
 40
28.18000000000001
 40
28.18000000000001
 40
29.18000000000001
 40
29.18000000000001
 40
29.18000000000001
 40
30.18000000000001
 40
30.18000000000001
 40
30.18000000000001
 40
48.59999999999997
 40
48.59999999999997
 40
48.59999999999997
 40
52.34999999999997
 40
52.34999999999997
 40
52.34999999999997
 40
52.34999999999997
 10
41.58586777777778
 20
160.2442608333333
 30
0.0
 10
42.02684
 20
160.2442608333333
 30
0.0
 10
42.46781222222222
 20
160.2442608333333
 30
0.0
 10
42.90878444444444
 20
160.2442608333333
 30
0.0
 10
42.90878444444444
 20
158.0770293518518
 30
0.0
 10
42.90878444444444
 20
155.9097978703704
 30
0.0
 10
42.90878444444444
 20
153.7425663888889
 30
0.0
 10
42.90878444444444
 20
153.4709275
 30
0.0
 10
42.85939555555555
 20
152.9593997222222
 30
0.0
 10
42.85939555555555
 20
151.9927886111111
 30
0.0
 10
42.85939555555555
 20
151.0261775
 30
0.0
 10
42.88056222222222
 20
150.2430108333333
 30
0.0
 10
42.90878444444444
 20
150.2430108333333
 30
0.0
 10
45.34647888888889
 20
150.2430108333333
 30
0.0
 10
47.55839555555556
 20
157.6478163888889
 30
0.0
 10
47.55839555555556
 20
170.1890663888889
 30
0.0
 10
47.55839555555556
 20
175.5054275
 30
0.0
 10
45.62164555555555
 20
179.4212608333333
 30
0.0
 10
46.91281222222222
 20
182.0812052777778
 30
0.0
 10
47.95703444444445
 20
184.2437330555556
 30
0.0
 10
47.64659
 20
183.3829552777778
 30
0.0
 10
46.59884
 20
184.6000386111111
 30
0.0
 10
44.55272888888889
 20
186.9777608333333
 30
0.0
 10
44.81731222222222
 20
184.2437330555556
 30
0.0
 10
42.90878444444444
 20
184.2437330555556
 30
0.0
 10
42.88409
 20
184.2437330555556
 30
0.0
 10
42.85939555555555
 20
183.4605663888889
 30
0.0
 10
42.85939555555555
 20
182.4939552777778
 30
0.0
 10
42.85939555555555
 20
181.5273441666666
 30
0.0
 10
42.90878444444444
 20
181.0158163888889
 30
0.0
 10
42.90878444444444
 20
180.7441775
 30
0.0
 10
42.90878444444444
 20
178.5781219444444
 30
0.0
 10
42.90878444444444
 20
176.4120663888889
 30
0.0
 10
42.90878444444444
 20
174.2460108333333
 30
0.0
 10
42.46781222222222
 20
174.2460108333333
 30
0.0
 10
42.02684
 20
174.2460108333333
 30
0.0
 10
41.58586777777778
 20
174.2460108333333
 30
0.0
  0
SPLINE
  5
47A
330
1F
100
AcDbEntity
  8
DEFAULT
 62
     1
100
AcDbSpline
210
0.0
220
0.0
230
1.0
 70
     8
 71
     3
 72
    41
 73
    37
 74
     0
 42
0.000000001
 43
0.0000000001
 40
0.0
 40
0.0
 40
0.0
 40
0.0
 40
3.75
 40
3.75
 40
3.75
 40
22.18000000000001
 40
22.18000000000001
 40
22.18000000000001
 40
23.18000000000001
 40
23.18000000000001
 40
23.18000000000001
 40
24.18000000000001
 40
24.18000000000001
 40
24.18000000000001
 40
25.18000000000001
 40
25.18000000000001
 40
25.18000000000001
 40
26.18000000000001
 40
26.18000000000001
 40
26.18000000000001
 40
27.18000000000001
 40
27.18000000000001
 40
27.18000000000001
 40
28.18000000000001
 40
28.18000000000001
 40
28.18000000000001
 40
29.18000000000001
 40
29.18000000000001
 40
29.18000000000001
 40
30.18000000000001
 40
30.18000000000001
 40
30.18000000000001
 40
48.59999999999997
 40
48.59999999999997
 40
48.59999999999997
 40
52.34999999999997
 40
52.34999999999997
 40
52.34999999999997
 40
52.34999999999997
 10
41.23309
 20
160.2442608333333
 30
0.0
 10
40.79211777777778
 20
160.2442608333333
 30
0.0
 10
40.35114555555555
 20
160.2442608333333
 30
0.0
 10
39.91017333333333
 20
160.2442608333333
 30
0.0
 10
39.91017333333333
 20
158.0770293518518
 30
0.0
 10
39.91017333333333
 20
155.9097978703704
 30
0.0
 10
39.91017333333333
 20
153.7425663888889
 30
0.0
 10
39.91017333333333
 20
153.4709275
 30
0.0
 10
39.95956222222222
 20
152.9593997222222
 30
0.0
 10
39.95956222222222
 20
151.9927886111111
 30
0.0
 10
39.95956222222222
 20
151.0261775
 30
0.0
 10
39.93486777777778
 20
150.2430108333333
 30
0.0
 10
39.91017333333333
 20
150.2430108333333
 30
0.0
 10
37.47247888888889
 20
150.2430108333333
 30
0.0
 10
35.26761777777778
 20
157.6478163888889
 30
0.0
 10
35.26761777777778
 20
170.1890663888889
 30
0.0
 10
35.26761777777778
 20
175.5054275
 30
0.0
 10
37.20084
 20
179.4212608333333
 30
0.0
 10
35.91320111111111
 20
182.0812052777778
 30
0.0
 10
34.86545111111111
 20
184.2437330555556
 30
0.0
 10
35.17589555555556
 20
183.3829552777778
 30
0.0
 10
36.22364555555556
 20
184.6000386111111
 30
0.0
 10
38.27328444444444
 20
186.9777608333333
 30
0.0
 10
38.00164555555556
 20
184.2437330555556
 30
0.0
 10
39.91017333333333
 20
184.2437330555556
 30
0.0
 10
39.93839555555555
 20
184.2437330555556
 30
0.0
 10
39.95956222222222
 20
183.4605663888889
 30
0.0
 10
39.95956222222222
 20
182.4939552777778
 30
0.0
 10
39.95956222222222
 20
181.5273441666666
 30
0.0
 10
39.91017333333333
 20
181.0158163888889
 30
0.0
 10
39.91017333333333
 20
180.7441775
 30
0.0
 10
39.91017333333333
 20
178.5781219444444
 30
0.0
 10
39.91017333333333
 20
176.4120663888889
 30
0.0
 10
39.91017333333333
 20
174.2460108333333
 30
0.0
 10
40.35114555555555
 20
174.2460108333333
 30
0.0
 10
40.79211777777778
 20
174.2460108333333
 30
0.0
 10
41.23309
 20
174.2460108333333
 30
0.0
  0
SPLINE
  5
47B
330
1F
100
AcDbEntity
  8
DEFAULT
 62
    18
100
AcDbSpline
210
0.0
220
0.0
230
1.0
 70
     8
 71
     3
 72
    20
 73
    16
 74
     0
 42
0.000000001
 43
0.0000000001
 40
0.0
 40
0.0
 40
0.0
 40
0.0
 40
1.002999999999997
 40
1.002999999999997
 40
1.002999999999997
 40
2.005999999999994
 40
2.005999999999994
 40
2.005999999999994
 40
3.008999999999992
 40
3.008999999999992
 40
3.008999999999992
 40
4.011999999999989
 40
4.011999999999989
 40
4.011999999999989
 40
5.014999999999986
 40
5.014999999999986
 40
5.014999999999986
 40
5.014999999999986
 10
99.66705999999999
 20
122.8655502777778
 30
0.0
 10
99.66705999999999
 20
122.8655502777778
 30
0.0
 10
99.67305722222221
 20
124.6964669444444
 30
0.0
 10
99.66705999999999
 20
124.7952447222222
 30
0.0
 10
99.76266277777778
 20
124.9582280555556
 30
0.0
 10
99.89001555555555
 20
125.0273725
 30
0.0
 10
100.0759294444444
 20
125.0273725
 30
0.0
 10
100.3627377777778
 20
125.0273725
 30
0.0
 10
100.6523683333333
 20
124.8082975
 30
0.0
 10
100.6523683333333
 20
124.3669725
 30
0.0
 10
100.6548377777778
 20
123.9923225
 30
0.0
 10
100.4294127777778
 20
123.7376169444444
 30
0.0
 10
100.1105016666667
 20
123.7376169444444
 30
0.0
 10
99.90342111111111
 20
123.7376169444444
 30
0.0
 10
99.75454888888888
 20
123.8265169444444
 30
0.0
 10
99.66705999999999
 20
123.9644530555556
 30
0.0
  0
POLYLINE
  5
47C
330
1F
100
AcDbEntity
  8
DEFAULT
 62
     1
100
AcDb2dPolyline
 66
     1
 10
0.0
 20
0.0
 30
0.0
  0
VERTEX
  5
47D
330
47C
100
AcDbEntity
  8
DEFAULT
 62
     1
100
AcDbVertex
100
AcDb2dVertex
 10
101.6573616666667
 20
133.6527891666667
 30
0.0
  0
VERTEX
  5
47E
330
47C
100
AcDbEntity
  8
DEFAULT
 62
     1
100
AcDbVertex
100
AcDb2dVertex
 10
100.3309172222222
 20
133.6527891666667
 30
0.0
  0
SEQEND
  5
47F
330
47C
100
AcDbEntity
  8
DEFAULT
 62
     1
  0
POLYLINE
  5
480
330
1F
100
AcDbEntity
  8
DEFAULT
 62
     1
100
AcDb2dPolyline
 66
     1
 10
0.0
 20
0.0
 30
0.0
  0
VERTEX
  5
481
330
480
100
AcDbEntity
  8
DEFAULT
 62
     1
100
AcDbVertex
100
AcDb2dVertex
 10
99.98166722222221
 20
133.6527891666667
 30
0.0
  0
VERTEX
  5
482
330
480
100
AcDbEntity
  8
DEFAULT
 62
     1
100
AcDbVertex
100
AcDb2dVertex
 10
98.65522277777777
 20
133.6527891666667
 30
0.0
  0
SEQEND
  5
483
330
480
100
AcDbEntity
  8
DEFAULT
 62
     1
  0
SPLINE
  5
484
330
1F
100
AcDbEntity
  8
DEFAULT
 62
     1
100
AcDbSpline
210
0.0
220
0.0
230
1.0
 70
     8
 71
     3
 72
    38
 73
    34
 74
     0
 42
0.000000001
 43
0.0000000001
 40
0.0
 40
0.0
 40
0.0
 40
0.0
 40
1.0
 40
1.0
 40
1.0
 40
2.0
 40
2.0
 40
2.0
 40
3.0
 40
3.0
 40
3.0
 40
4.0
 40
4.0
 40
4.0
 40
5.0
 40
5.0
 40
5.0
 40
6.0
 40
6.0
 40
6.0
 40
7.0
 40
7.0
 40
7.0
 40
8.0
 40
8.0
 40
8.0
 40
9.0
 40
9.0
 40
9.0
 40
18.92000504032126
 40
18.92000504032126
 40
18.92000504032126
 40
22.69000504032124
 40
22.69000504032124
 40
22.69000504032124
 40
22.69000504032124
 10
100.2250838888889
 20
80.10115777777777
 30
0.0
 10
102.4581672222222
 20
79.31093555555555
 30
0.0
 10
102.937945
 20
74.46729666666666
 30
0.0
 10
106.0071116666666
 20
74.83065777777777
 30
0.0
 10
109.160945
 20
75.20460222222222
 30
0.0
 10
108.2648894444444
 20
68.19138
 30
0.0
 10
110.2016394444444
 20
72.75985222222222
 30
0.0
 10
112.145445
 20
77.3177411111111
 30
0.0
 10
106.3422505555555
 20
77.26482444444444
 30
0.0
 10
104.7900283333333
 20
82.13668555555556
 30
0.0
 10
103.2378061111111
 20
87.00501888888888
 30
0.0
 10
104.1832505555556
 20
92.30021333333332
 30
0.0
 10
104.0350838888889
 20
96.31129666666665
 30
0.0
 10
103.8551672222222
 20
101.2219633333333
 30
0.0
 10
105.2168894444444
 20
103.4867966666667
 30
0.0
 10
104.6806672222222
 20
121.8100744444444
 30
0.0
 10
104.4443061111111
 20
129.7934355555556
 30
0.0
 10
104.9135005555556
 20
132.4251577777778
 30
0.0
 10
103.7810838888889
 20
133.2718244444444
 30
0.0
 10
103.3436394444444
 20
133.5928522222222
 30
0.0
 10
102.6804172222222
 20
133.6528244444444
 30
0.0
 10
101.6573616666667
 20
133.6528244444444
 30
0.0
 10
101.6256116666667
 20
133.6528244444444
 30
0.0
 10
101.604445
 20
132.8696577777778
 30
0.0
 10
101.604445
 20
131.9030466666667
 30
0.0
 10
101.604445
 20
130.9364355555556
 30
0.0
 10
101.6573616666667
 20
130.4249077777777
 30
0.0
 10
101.6538338888889
 20
130.1532688888889
 30
0.0
 10
101.6550098148148
 20
128.9867503703704
 30
0.0
 10
101.6561857407407
 20
127.8202318518519
 30
0.0
 10
101.6573616666667
 20
126.6537133333333
 30
0.0
 10
101.2140375925926
 20
126.6537133333333
 30
0.0
 10
100.7707135185185
 20
126.6537133333333
 30
0.0
 10
100.3273894444444
 20
126.6537133333333
 30
0.0
  0
SPLINE
  5
485
330
1F
100
AcDbEntity
  8
DEFAULT
 62
     1
100
AcDbSpline
210
0.0
220
0.0
230
1.0
 70
     8
 71
     3
 72
    29
 73
    25
 74
     0
 42
0.000000001
 43
0.0000000001
 40
0.0
 40
0.0
 40
0.0
 40
0.0
 40
1.0
 40
1.0
 40
1.0
 40
2.0
 40
2.0
 40
2.0
 40
3.0
 40
3.0
 40
3.0
 40
4.0
 40
4.0
 40
4.0
 40
5.0
 40
5.0
 40
5.0
 40
6.0
 40
6.0
 40
6.0
 40
15.92000000000002
 40
15.92000000000002
 40
15.92000000000002
 40
19.65000000000003
 40
19.65000000000003
 40
19.65000000000003
 40
19.65000000000003
 10
99.889945
 20
80.19640777777776
 30
0.0
 10
97.52986166666666
 20
80.82082444444444
 30
0.0
 10
94.4783338888889
 20
82.17196333333332
 30
0.0
 10
96.93366722222221
 20
86.44057444444442
 30
0.0
 10
98.99741722222223
 20
90.03185222222221
 30
0.0
 10
94.40425055555555
 20
113.6785466666666
 30
0.0
 10
94.73938944444443
 20
128.0577688888889
 30
0.0
 10
94.809945
 20
131.2116022222222
 30
0.0
 10
95.22269499999999
 20
132.5980188888889
 30
0.0
 10
95.93177833333331
 20
133.2012688888889
 30
0.0
 10
96.59500055555556
 20
133.7692411111111
 30
0.0
 10
97.51222277777777
 20
133.6528244444444
 30
0.0
 10
98.65522277777777
 20
133.6528244444444
 30
0.0
 10
98.68344499999999
 20
133.6316577777778
 30
0.0
 10
98.70461166666665
 20
132.8590744444444
 30
0.0
 10
98.70461166666665
 20
131.9030466666667
 30
0.0
 10
98.70813944444443
 20
130.9364355555556
 30
0.0
 10
98.65522277777777
 20
130.4249077777777
 30
0.0
 10
98.65875055555554
 20
130.1532688888889
 30
0.0
 10
98.65875055555553
 20
128.9867503703703
 30
0.0
 10
98.65875055555553
 20
127.8202318518518
 30
0.0
 10
98.65875055555554
 20
126.6537133333333
 30
0.0
 10
99.09737092592593
 20
126.6537133333333
 30
0.0
 10
99.53599129629629
 20
126.6537133333333
 30
0.0
 10
99.97461166666666
 20
126.6537133333333
 30
0.0
  0
SPLINE
  5
486
330
1F
100
AcDbEntity
  8
DEFAULT
 62
    18
100
AcDbSpline
210
0.0
220
0.0
230
1.0
 70
     8
 71
     3
 72
    20
 73
    16
 74
     0
 42
0.000000001
 43
0.0000000001
 40
0.0
 40
0.0
 40
0.0
 40
0.0
 40
1.003
 40
1.003
 40
1.003
 40
2.006
 40
2.006
 40
2.006
 40
3.009
 40
3.009
 40
3.009
 40
4.012
 40
4.012
 40
4.012
 40
5.015000000000001
 40
5.015000000000001
 40
5.015000000000001
 40
5.015000000000001
 10
39.35165555555555
 20
122.8655502777778
 30
0.0
 10
39.35165555555555
 20
122.8655502777778
 30
0.0
 10
39.35765277777777
 20
124.6964669444444
 30
0.0
 10
39.35165555555555
 20
124.7952447222222
 30
0.0
 10
39.44725833333333
 20
124.9582280555556
 30
0.0
 10
39.57461111111111
 20
125.0273725
 30
0.0
 10
39.760525
 20
125.0273725
 30
0.0
 10
40.04733333333333
 20
125.0273725
 30
0.0
 10
40.33696388888889
 20
124.8082975
 30
0.0
 10
40.33696388888889
 20
124.3669725
 30
0.0
 10
40.33943333333333
 20
123.9923225
 30
0.0
 10
40.11400833333333
 20
123.7376169444444
 30
0.0
 10
39.79509722222222
 20
123.7376169444444
 30
0.0
 10
39.58801666666666
 20
123.7376169444444
 30
0.0
 10
39.43914444444444
 20
123.8265169444444
 30
0.0
 10
39.35165555555555
 20
123.9644530555556
 30
0.0
  0
POLYLINE
  5
487
330
1F
100
AcDbEntity
  8
DEFAULT
 62
     1
100
AcDb2dPolyline
 66
     1
 10
0.0
 20
0.0
 30
0.0
  0
VERTEX
  5
488
330
487
100
AcDbEntity
  8
DEFAULT
 62
     1
100
AcDbVertex
100
AcDb2dVertex
 10
39.66979055555555
 20
133.6527891666667
 30
0.0
  0
VERTEX
  5
489
330
487
100
AcDbEntity
  8
DEFAULT
 62
     1
100
AcDbVertex
100
AcDb2dVertex
 10
38.34687388888889
 20
133.6527891666667
 30
0.0
  0
SEQEND
  5
48A
330
487
100
AcDbEntity
  8
DEFAULT
 62
     1
  0
POLYLINE
  5
48B
330
1F
100
AcDbEntity
  8
DEFAULT
 62
     1
100
AcDb2dPolyline
 66
     1
 10
0.0
 20
0.0
 30
0.0
  0
VERTEX
  5
48C
330
48B
100
AcDbEntity
  8
DEFAULT
 62
     1
100
AcDbVertex
100
AcDb2dVertex
 10
41.345485
 20
133.6527891666667
 30
0.0
  0
VERTEX
  5
48D
330
48B
100
AcDbEntity
  8
DEFAULT
 62
     1
100
AcDbVertex
100
AcDb2dVertex
 10
40.01904055555555
 20
133.6527891666667
 30
0.0
  0
SEQEND
  5
48E
330
48B
100
AcDbEntity
  8
DEFAULT
 62
     1
  0
SPLINE
  5
48F
330
1F
100
AcDbEntity
  8
DEFAULT
 62
     1
100
AcDbSpline
210
0.0
220
0.0
230
1.0
 70
     8
 71
     3
 72
    29
 73
    25
 74
     0
 42
0.000000001
 43
0.0000000001
 40
0.0
 40
0.0
 40
0.0
 40
0.0
 40
1.0
 40
1.0
 40
1.0
 40
2.0
 40
2.0
 40
2.0
 40
3.0
 40
3.0
 40
3.0
 40
4.0
 40
4.0
 40
4.0
 40
5.0
 40
5.0
 40
5.0
 40
6.0
 40
6.0
 40
6.0
 40
15.92000000000002
 40
15.92000000000002
 40
15.92000000000002
 40
19.65000000000001
 40
19.65000000000001
 40
19.65000000000001
 40
19.65000000000001
 10
40.11076277777777
 20
80.19640777777776
 30
0.0
 10
42.47084611111111
 20
80.82082444444444
 30
0.0
 10
45.52237388888888
 20
82.17196333333332
 30
0.0
 10
43.06704055555555
 20
86.44057444444442
 30
0.0
 10
41.00681833333333
 20
90.03185222222221
 30
0.0
 10
45.59645722222221
 20
113.6785466666666
 30
0.0
 10
45.26131833333333
 20
128.0577688888889
 30
0.0
 10
45.19076277777777
 20
131.2116022222222
 30
0.0
 10
44.77801277777777
 20
132.5980188888889
 30
0.0
 10
44.06892944444444
 20
133.2012688888889
 30
0.0
 10
43.40570722222222
 20
133.7692411111111
 30
0.0
 10
42.48848499999999
 20
133.6528244444444
 30
0.0
 10
41.345485
 20
133.6528244444444
 30
0.0
 10
41.31726277777777
 20
133.6316577777778
 30
0.0
 10
41.2960961111111
 20
132.8590744444444
 30
0.0
 10
41.2960961111111
 20
131.9030466666667
 30
0.0
 10
41.29256833333333
 20
130.9364355555556
 30
0.0
 10
41.345485
 20
130.4249077777777
 30
0.0
 10
41.34195722222221
 20
130.1532688888889
 30
0.0
 10
41.34195722222221
 20
128.9867503703703
 30
0.0
 10
41.34195722222221
 20
127.8202318518518
 30
0.0
 10
41.34195722222221
 20
126.6537133333333
 30
0.0
 10
40.90333685185184
 20
126.6537133333333
 30
0.0
 10
40.46471648148147
 20
126.6537133333333
 30
0.0
 10
40.02609611111111
 20
126.6537133333333
 30
0.0
  0
SPLINE
  5
490
330
1F
100
AcDbEntity
  8
DEFAULT
 62
     1
100
AcDbSpline
210
0.0
220
0.0
230
1.0
 70
     8
 71
     3
 72
    38
 73
    34
 74
     0
 42
0.000000001
 43
0.0000000001
 40
0.0
 40
0.0
 40
0.0
 40
0.0
 40
1.0
 40
1.0
 40
1.0
 40
2.0
 40
2.0
 40
2.0
 40
3.0
 40
3.0
 40
3.0
 40
4.0
 40
4.0
 40
4.0
 40
5.0
 40
5.0
 40
5.0
 40
6.0
 40
6.0
 40
6.0
 40
7.0
 40
7.0
 40
7.0
 40
8.0
 40
8.0
 40
8.0
 40
9.0
 40
9.0
 40
9.0
 40
18.92000504032126
 40
18.92000504032126
 40
18.92000504032126
 40
22.70000504032126
 40
22.70000504032126
 40
22.70000504032126
 40
22.70000504032126
 10
39.77562388888888
 20
80.10115777777777
 30
0.0
 10
37.54254055555555
 20
79.31093555555555
 30
0.0
 10
37.06276277777777
 20
74.46729666666666
 30
0.0
 10
33.9935961111111
 20
74.83065777777777
 30
0.0
 10
30.83976277777777
 20
75.20460222222222
 30
0.0
 10
31.73581833333333
 20
68.19138
 30
0.0
 10
29.79906833333333
 20
72.75985222222222
 30
0.0
 10
27.85526277777777
 20
77.3177411111111
 30
0.0
 10
33.66198499999999
 20
77.26482444444444
 30
0.0
 10
35.21067944444444
 20
82.13668555555556
 30
0.0
 10
36.76290166666666
 20
87.00501888888888
 30
0.0
 10
35.81745722222222
 20
92.30021333333332
 30
0.0
 10
35.96562388888889
 20
96.31129666666665
 30
0.0
 10
36.14554055555556
 20
101.2219633333333
 30
0.0
 10
34.78381833333333
 20
103.4867966666667
 30
0.0
 10
35.32004055555555
 20
121.8100744444444
 30
0.0
 10
35.55640166666666
 20
129.7934355555556
 30
0.0
 10
35.08720722222222
 20
132.4251577777778
 30
0.0
 10
36.21962388888888
 20
133.2718244444444
 30
0.0
 10
36.65706833333333
 20
133.5928522222222
 30
0.0
 10
37.32381833333333
 20
133.6528244444444
 30
0.0
 10
38.34687388888889
 20
133.6528244444444
 30
0.0
 10
38.37509611111111
 20
133.6528244444444
 30
0.0
 10
38.39626277777777
 20
132.8696577777778
 30
0.0
 10
38.39626277777777
 20
131.9030466666667
 30
0.0
 10
38.39626277777777
 20
130.9364355555556
 30
0.0
 10
38.3433461111111
 20
130.4249077777777
 30
0.0
 10
38.34687388888889
 20
130.1532688888889
 30
0.0
 10
38.34569796296296
 20
128.9867503703704
 30
0.0
 10
38.34452203703703
 20
127.8202318518519
 30
0.0
 10
38.3433461111111
 20
126.6537133333333
 30
0.0
 10
38.7878461111111
 20
126.6537133333333
 30
0.0
 10
39.2323461111111
 20
126.6537133333333
 30
0.0
 10
39.6768461111111
 20
126.6537133333333
 30
0.0
  0
POLYLINE
  5
491
330
1F
100
AcDbEntity
  8
DEFAULT
 62
    18
100
AcDb2dPolyline
 66
     1
 10
0.0
 20
0.0
 30
0.0
  0
VERTEX
  5
492
330
491
100
AcDbEntity
  8
DEFAULT
 62
    18
100
AcDbVertex
100
AcDb2dVertex
 10
78.12789527777778
 20
203.9052733333333
 30
0.0
  0
VERTEX
  5
493
330
491
100
AcDbEntity
  8
DEFAULT
 62
    18
100
AcDbVertex
100
AcDb2dVertex
 10
77.35566472222223
 20
205.0687344444444
 30
0.0
  0
SEQEND
  5
494
330
491
100
AcDbEntity
  8
DEFAULT
 62
    18
  0
POLYLINE
  5
495
330
1F
100
AcDbEntity
  8
DEFAULT
 62
    18
100
AcDb2dPolyline
 66
     1
 10
0.0
 20
0.0
 30
0.0
  0
VERTEX
  5
496
330
495
100
AcDbEntity
  8
DEFAULT
 62
    18
100
AcDbVertex
100
AcDb2dVertex
 10
78.93575638888886
 20
205.0686638888889
 30
0.0
  0
VERTEX
  5
497
330
495
100
AcDbEntity
  8
DEFAULT
 62
    18
100
AcDbVertex
100
AcDb2dVertex
 10
78.12789527777777
 20
203.9083777777778
 30
0.0
  0
VERTEX
  5
498
330
495
100
AcDbEntity
  8
DEFAULT
 62
    18
100
AcDbVertex
100
AcDb2dVertex
 10
78.12789527777777
 20
203.0476
 30
0.0
  0
SEQEND
  5
499
330
495
100
AcDbEntity
  8
DEFAULT
 62
    18
  0
POLYLINE
  5
49A
330
1F
100
AcDbEntity
  8
DEFAULT
 62
     1
100
AcDb2dPolyline
 66
     1
 10
0.0
 20
0.0
 30
0.0
  0
VERTEX
  5
49B
330
49A
100
AcDbEntity
  8
DEFAULT
 62
     1
100
AcDbVertex
100
AcDb2dVertex
 10
79.65411777777777
 20
194.0227330555555
 30
0.0
  0
VERTEX
  5
49C
330
49A
100
AcDbEntity
  8
DEFAULT
 62
     1
100
AcDbVertex
100
AcDb2dVertex
 10
78.32767333333334
 20
194.0227330555555
 30
0.0
  0
SEQEND
  5
49D
330
49A
100
AcDbEntity
  8
DEFAULT
 62
     1
  0
POLYLINE
  5
49E
330
1F
100
AcDbEntity
  8
DEFAULT
 62
     1
100
AcDb2dPolyline
 66
     1
 10
0.0
 20
0.0
 30
0.0
  0
VERTEX
  5
49F
330
49E
100
AcDbEntity
  8
DEFAULT
 62
     1
100
AcDbVertex
100
AcDb2dVertex
 10
77.97842333333332
 20
194.0227330555555
 30
0.0
  0
VERTEX
  5
4A0
330
49E
100
AcDbEntity
  8
DEFAULT
 62
     1
100
AcDbVertex
100
AcDb2dVertex
 10
76.65197888888889
 20
194.0227330555555
 30
0.0
  0
SEQEND
  5
4A1
330
49E
100
AcDbEntity
  8
DEFAULT
 62
     1
  0
SPLINE
  5
4A2
330
1F
100
AcDbEntity
  8
DEFAULT
 62
     1
100
AcDbSpline
210
0.0
220
0.0
230
1.0
 70
     8
 71
     3
 72
    38
 73
    34
 74
     0
 42
0.000000001
 43
0.0000000001
 40
0.0
 40
0.0
 40
0.0
 40
0.0
 40
3.75
 40
3.75
 40
3.75
 40
13.67000504032126
 40
13.67000504032126
 40
13.67000504032126
 40
14.67000504032126
 40
14.67000504032126
 40
14.67000504032126
 40
15.67000504032126
 40
15.67000504032126
 40
15.67000504032126
 40
16.67000504032126
 40
16.67000504032126
 40
16.67000504032126
 40
17.67000504032126
 40
17.67000504032126
 40
17.67000504032126
 40
18.67000504032126
 40
18.67000504032126
 40
18.67000504032126
 40
19.67000504032126
 40
19.67000504032126
 40
19.67000504032126
 40
20.67000504032126
 40
20.67000504032126
 40
20.67000504032126
 40
21.67000504032126
 40
21.67000504032126
 40
21.67000504032126
 40
22.67000504032126
 40
22.67000504032126
 40
22.67000504032126
 40
22.67000504032126
 10
78.32414555555555
 20
201.0183163888889
 30
0.0
 10
78.76511777777777
 20
201.0183163888888
 30
0.0
 10
79.20608999999999
 20
201.0183163888888
 30
0.0
 10
79.64706222222222
 20
201.0183163888888
 30
0.0
 10
79.64823814814814
 20
199.8517978703703
 30
0.0
 10
79.64941407407407
 20
198.6852793518518
 30
0.0
 10
79.65059
 20
197.5187608333333
 30
0.0
 10
79.65059
 20
197.2471219444444
 30
0.0
 10
79.60120111111111
 20
196.7355941666667
 30
0.0
 10
79.60472888888887
 20
195.7689830555555
 30
0.0
 10
79.60120111111111
 20
194.8023719444444
 30
0.0
 10
79.62589555555554
 20
194.0192052777778
 30
0.0
 10
79.65411777777777
 20
194.0227330555555
 30
0.0
 10
81.24867333333331
 20
194.0192052777778
 30
0.0
 10
82.22586777777776
 20
194.1356219444444
 30
0.0
 10
83.33006222222221
 20
193.8181219444444
 30
0.0
 10
84.94931222222222
 20
193.8322330555555
 30
0.0
 10
87.40111777777777
 20
193.6417330555555
 30
0.0
 10
84.75881222222222
 20
196.7567608333333
 30
0.0
 10
81.02289555555555
 20
201.1558997222222
 30
0.0
 10
89.05917333333332
 20
197.4658441666666
 30
0.0
 10
85.02339555555555
 20
202.2177608333333
 30
0.0
 10
81.2028122222222
 20
206.7192052777777
 30
0.0
 10
95.40564555555554
 20
209.4250108333333
 30
0.0
 10
92.4740622222222
 20
206.9343997222222
 30
0.0
 10
89.23556222222221
 20
204.1862608333333
 30
0.0
 10
99.89297888888888
 20
205.6291219444444
 30
0.0
 10
96.64036777777777
 20
202.8668719444444
 30
0.0
 10
93.59589555555554
 20
200.2845386111111
 30
0.0
 10
104.3556177777778
 20
201.3746219444444
 30
0.0
 10
102.0590344444444
 20
199.4237608333333
 30
0.0
 10
99.29678444444444
 20
197.0813163888889
 30
0.0
 10
103.9569788888889
 20
198.2595941666666
 30
0.0
 10
106.5569511111111
 20
195.3950386111111
 30
0.0
  0
SPLINE
  5
4A3
330
1F
100
AcDbEntity
  8
DEFAULT
 62
     1
100
AcDbSpline
210
0.0
220
0.0
230
1.0
 70
     8
 71
     3
 72
    38
 73
    34
 74
     0
 42
0.000000001
 43
0.0000000001
 40
0.0
 40
0.0
 40
0.0
 40
0.0
 40
3.75
 40
3.75
 40
3.75
 40
13.6800050352454
 40
13.6800050352454
 40
13.6800050352454
 40
14.6800050352454
 40
14.6800050352454
 40
14.6800050352454
 40
15.6800050352454
 40
15.6800050352454
 40
15.6800050352454
 40
16.6800050352454
 40
16.6800050352454
 40
16.6800050352454
 40
17.6800050352454
 40
17.6800050352454
 40
17.6800050352454
 40
18.6800050352454
 40
18.6800050352454
 40
18.6800050352454
 40
19.6800050352454
 40
19.6800050352454
 40
19.6800050352454
 40
20.6800050352454
 40
20.6800050352454
 40
20.6800050352454
 40
21.6800050352454
 40
21.6800050352454
 40
21.6800050352454
 40
22.6800050352454
 40
22.6800050352454
 40
22.6800050352454
 40
22.6800050352454
 10
77.97136777777777
 20
201.0183163888889
 30
0.0
 10
77.53039555555554
 20
201.0183163888888
 30
0.0
 10
77.08942333333333
 20
201.0183163888888
 30
0.0
 10
76.6484511111111
 20
201.0183163888888
 30
0.0
 10
76.64962703703702
 20
199.8506219444444
 30
0.0
 10
76.65080296296294
 20
198.6829275
 30
0.0
 10
76.65197888888888
 20
197.5152330555555
 30
0.0
 10
76.65197888888888
 20
197.2435941666666
 30
0.0
 10
76.69783999999999
 20
196.7320663888889
 30
0.0
 10
76.70136777777778
 20
195.7654552777778
 30
0.0
 10
76.70489555555554
 20
194.8094275
 30
0.0
 10
76.6802011111111
 20
194.0368441666667
 30
0.0
 10
76.65550666666667
 20
194.0156775
 30
0.0
 10
75.26556222222221
 20
194.0227330555555
 30
0.0
 10
73.54753444444444
 20
193.7898997222222
 30
0.0
 10
72.93722888888888
 20
193.1654830555555
 30
0.0
 10
72.11878444444443
 20
193.0314275
 30
0.0
 10
71.4414511111111
 20
198.2878163888889
 30
0.0
 10
72.15406222222221
 20
203.9534275
 30
0.0
 10
72.86667333333332
 20
209.6225663888889
 30
0.0
 10
74.68700666666666
 20
214.2792330555556
 30
0.0
 10
78.95914555555555
 20
213.4607886111111
 30
0.0
 10
83.2348122222222
 20
212.6423441666667
 30
0.0
 10
84.90697888888887
 20
212.1167052777778
 30
0.0
 10
85.64781222222221
 20
215.4045941666666
 30
0.0
 10
86.38511777777777
 20
218.6854275
 30
0.0
 10
87.51047888888887
 20
215.6197886111111
 30
0.0
 10
89.94817333333333
 20
215.8737886111111
 30
0.0
 10
92.3964511111111
 20
216.1242608333333
 30
0.0
 10
112.4906733333333
 20
201.1029830555555
 30
0.0
 10
109.9153955555555
 20
192.8938441666667
 30
0.0
 10
107.4106733333333
 20
184.9069552777778
 30
0.0
 10
107.9504233333333
 20
193.2501497222222
 30
0.0
 10
106.7756733333333
 20
195.1198719444444
 30
0.0
  0
POLYLINE
  5
4A4
330
1F
100
AcDbEntity
  8
DEFAULT
 62
    18
100
AcDb2dPolyline
 66
     1
 10
0.0
 20
0.0
 30
0.0
  0
VERTEX
  5
4A5
330
4A4
100
AcDbEntity
  8
DEFAULT
 62
    18
100
AcDbVertex
100
AcDb2dVertex
 10
61.83270166666667
 20
203.9052733333333
 30
0.0
  0
VERTEX
  5
4A6
330
4A4
100
AcDbEntity
  8
DEFAULT
 62
    18
100
AcDbVertex
100
AcDb2dVertex
 10
61.06047111111111
 20
205.0687344444444
 30
0.0
  0
SEQEND
  5
4A7
330
4A4
100
AcDbEntity
  8
DEFAULT
 62
    18
  0
POLYLINE
  5
4A8
330
1F
100
AcDbEntity
  8
DEFAULT
 62
    18
100
AcDb2dPolyline
 66
     1
 10
0.0
 20
0.0
 30
0.0
  0
VERTEX
  5
4A9
330
4A8
100
AcDbEntity
  8
DEFAULT
 62
    18
100
AcDbVertex
100
AcDb2dVertex
 10
62.64056277777777
 20
205.0686638888889
 30
0.0
  0
VERTEX
  5
4AA
330
4A8
100
AcDbEntity
  8
DEFAULT
 62
    18
100
AcDbVertex
100
AcDb2dVertex
 10
61.83270166666665
 20
203.9083777777778
 30
0.0
  0
VERTEX
  5
4AB
330
4A8
100
AcDbEntity
  8
DEFAULT
 62
    18
100
AcDbVertex
100
AcDb2dVertex
 10
61.83270166666666
 20
203.0476
 30
0.0
  0
SEQEND
  5
4AC
330
4A8
100
AcDbEntity
  8
DEFAULT
 62
    18
  0
POLYLINE
  5
4AD
330
1F
100
AcDbEntity
  8
DEFAULT
 62
     1
100
AcDb2dPolyline
 66
     1
 10
0.0
 20
0.0
 30
0.0
  0
VERTEX
  5
4AE
330
4AD
100
AcDbEntity
  8
DEFAULT
 62
     1
100
AcDbVertex
100
AcDb2dVertex
 10
61.67303444444444
 20
194.0156775
 30
0.0
  0
VERTEX
  5
4AF
330
4AD
100
AcDbEntity
  8
DEFAULT
 62
     1
100
AcDbVertex
100
AcDb2dVertex
 10
60.34659
 20
194.0156775
 30
0.0
  0
SEQEND
  5
4B0
330
4AD
100
AcDbEntity
  8
DEFAULT
 62
     1
  0
POLYLINE
  5
4B1
330
1F
100
AcDbEntity
  8
DEFAULT
 62
     1
100
AcDb2dPolyline
 66
     1
 10
0.0
 20
0.0
 30
0.0
  0
VERTEX
  5
4B2
330
4B1
100
AcDbEntity
  8
DEFAULT
 62
     1
100
AcDbVertex
100
AcDb2dVertex
 10
63.34520111111111
 20
194.0156775
 30
0.0
  0
VERTEX
  5
4B3
330
4B1
100
AcDbEntity
  8
DEFAULT
 62
     1
100
AcDbVertex
100
AcDb2dVertex
 10
62.02228444444444
 20
194.0156775
 30
0.0
  0
SEQEND
  5
4B4
330
4B1
100
AcDbEntity
  8
DEFAULT
 62
     1
  0
SPLINE
  5
4B5
330
1F
100
AcDbEntity
  8
DEFAULT
 62
     1
100
AcDbSpline
210
0.0
220
0.0
230
1.0
 70
     8
 71
     3
 72
    38
 73
    34
 74
     0
 42
0.000000001
 43
0.0000000001
 40
0.0
 40
0.0
 40
0.0
 40
0.0
 40
1.0
 40
1.0
 40
1.0
 40
2.0
 40
2.0
 40
2.0
 40
3.0
 40
3.0
 40
3.0
 40
4.0
 40
4.0
 40
4.0
 40
5.0
 40
5.0
 40
5.0
 40
6.0
 40
6.0
 40
6.0
 40
7.0
 40
7.0
 40
7.0
 40
8.0
 40
8.0
 40
8.0
 40
9.0
 40
9.0
 40
9.0
 40
18.93000000000006
 40
18.93000000000006
 40
18.93000000000006
 40
22.69000000000005
 40
22.69000000000005
 40
22.69000000000005
 40
22.69000000000005
 10
33.22150666666666
 20
195.1163441666666
 30
0.0
 10
32.05028444444444
 20
193.2395663888888
 30
0.0
 10
32.59003444444444
 20
184.9104830555555
 30
0.0
 10
30.08531222222222
 20
192.8938441666667
 30
0.0
 10
27.51003444444444
 20
201.1029830555555
 30
0.0
 10
47.60425666666666
 20
216.1242608333333
 30
0.0
 10
50.05253444444444
 20
215.8737886111111
 30
0.0
 10
52.49022888888889
 20
215.6197886111111
 30
0.0
 10
53.61911777777777
 20
218.6854275
 30
0.0
 10
54.35289555555556
 20
215.4045941666666
 30
0.0
 10
55.09372888888888
 20
212.1167052777777
 30
0.0
 10
56.76589555555555
 20
212.6423441666666
 30
0.0
 10
61.04156222222222
 20
213.4607886111111
 30
0.0
 10
65.3137011111111
 20
214.2792330555556
 30
0.0
 10
67.13403444444444
 20
209.6225663888889
 30
0.0
 10
67.84664555555555
 20
203.9534274999999
 30
0.0
 10
68.55925666666667
 20
198.2878163888889
 30
0.0
 10
67.88192333333333
 20
193.0314275
 30
0.0
 10
67.06347888888888
 20
193.1654830555555
 30
0.0
 10
66.45317333333332
 20
193.7898997222222
 30
0.0
 10
64.73514555555555
 20
194.0227330555555
 30
0.0
 10
63.3452011111111
 20
194.0156775
 30
0.0
 10
63.32403444444444
 20
194.0368441666667
 30
0.0
 10
63.29581222222222
 20
194.8094275
 30
0.0
 10
63.29933999999999
 20
195.7654552777778
 30
0.0
 10
63.30286777777776
 20
196.7320663888889
 30
0.0
 10
63.34872888888889
 20
197.2435941666666
 30
0.0
 10
63.35225666666666
 20
197.5152330555555
 30
0.0
 10
63.35225666666665
 20
198.6829275
 30
0.0
 10
63.35225666666665
 20
199.8506219444444
 30
0.0
 10
63.35225666666666
 20
201.0183163888889
 30
0.0
 10
62.91010851851852
 20
201.0183163888888
 30
0.0
 10
62.46796037037037
 20
201.0183163888888
 30
0.0
 10
62.02581222222222
 20
201.0183163888889
 30
0.0
  0
SPLINE
  5
4B6
330
1F
100
AcDbEntity
  8
DEFAULT
 62
     1
100
AcDbSpline
210
0.0
220
0.0
230
1.0
 70
     8
 71
     3
 72
    38
 73
    34
 74
     0
 42
0.000000001
 43
0.0000000001
 40
0.0
 40
0.0
 40
0.0
 40
0.0
 40
1.0
 40
1.0
 40
1.0
 40
2.0
 40
2.0
 40
2.0
 40
3.0
 40
3.0
 40
3.0
 40
4.0
 40
4.0
 40
4.0
 40
5.0
 40
5.0
 40
5.0
 40
6.0
 40
6.0
 40
6.0
 40
7.0
 40
7.0
 40
7.0
 40
8.0
 40
8.0
 40
8.0
 40
9.0
 40
9.0
 40
9.0
 40
18.92000000000007
 40
18.92000000000007
 40
18.92000000000007
 40
22.67000000000007
 40
22.67000000000007
 40
22.67000000000007
 40
22.67000000000007
 10
33.44022888888889
 20
195.3915108333333
 30
0.0
 10
36.04020111111111
 20
198.2595941666666
 30
0.0
 10
40.70392333333333
 20
197.0813163888888
 30
0.0
 10
37.94167333333333
 20
199.4237608333333
 30
0.0
 10
35.64509
 20
201.3746219444444
 30
0.0
 10
46.40481222222222
 20
200.2845386111111
 30
0.0
 10
43.36034
 20
202.8668719444444
 30
0.0
 10
40.10772888888889
 20
205.6291219444444
 30
0.0
 10
50.76514555555556
 20
204.1862608333333
 30
0.0
 10
47.52664555555555
 20
206.9343997222222
 30
0.0
 10
44.59506222222222
 20
209.4250108333333
 30
0.0
 10
58.79789555555555
 20
206.7192052777777
 30
0.0
 10
54.97731222222222
 20
202.2177608333333
 30
0.0
 10
50.94506222222222
 20
197.4658441666666
 30
0.0
 10
58.97781222222221
 20
201.1558997222222
 30
0.0
 10
55.24189555555556
 20
196.7567608333333
 30
0.0
 10
52.59959
 20
193.6417330555555
 30
0.0
 10
55.05139555555555
 20
193.8322330555555
 30
0.0
 10
56.67417333333334
 20
193.8181219444444
 30
0.0
 10
57.77484
 20
194.1356219444444
 30
0.0
 10
58.75556222222222
 20
194.0192052777778
 30
0.0
 10
60.34658999999999
 20
194.0227330555555
 30
0.0
 10
60.37481222222222
 20
194.0192052777778
 30
0.0
 10
60.39950666666667
 20
194.8023719444444
 30
0.0
 10
60.39597888888888
 20
195.7689830555555
 30
0.0
 10
60.39950666666667
 20
196.7355941666666
 30
0.0
 10
60.35011777777778
 20
197.2471219444444
 30
0.0
 10
60.35364555555556
 20
197.5187608333333
 30
0.0
 10
60.35364555555557
 20
198.6852793518518
 30
0.0
 10
60.35364555555557
 20
199.8517978703703
 30
0.0
 10
60.35364555555556
 20
201.0183163888889
 30
0.0
 10
60.79461777777777
 20
201.0183163888888
 30
0.0
 10
61.23559
 20
201.0183163888888
 30
0.0
 10
61.67656222222222
 20
201.0183163888889
 30
0.0
  0
SPLINE
  5
4B7
330
1F
100
AcDbEntity
  8
DEFAULT
 62
     1
100
AcDbSpline
210
0.0
220
0.0
230
1.0
 70
     8
 71
     3
 72
    26
 73
    22
 74
     0
 42
0.000000001
 43
0.0000000001
 40
0.0
 40
0.0
 40
0.0
 40
0.0
 40
1.0
 40
1.0
 40
1.0
 40
2.0
 40
2.0
 40
2.0
 40
3.0
 40
3.0
 40
3.0
 40
4.0
 40
4.0
 40
4.0
 40
5.0
 40
5.0
 40
5.0
 40
14.91999999999996
 40
14.91999999999996
 40
14.91999999999996
 40
18.65999999999997
 40
18.65999999999997
 40
18.65999999999997
 40
18.65999999999997
 10
303.3299749999999
 20
95.3423925
 30
0.0
 10
309.6870305555555
 20
90.68572583333334
 30
0.0
 10
313.9133083333333
 20
94.05122583333332
 30
0.0
 10
316.5097527777777
 20
122.6544480555556
 30
0.0
 10
318.7781138888888
 20
147.7510591666667
 30
0.0
 10
327.8621416666666
 20
183.0394202777778
 30
0.0
 10
329.1780027777777
 20
205.7300869444445
 30
0.0
 10
329.364975
 20
208.9509480555556
 30
0.0
 10
334.4837805555555
 20
206.9224758333333
 30
0.0
 10
334.4837805555555
 20
211.3921702777778
 30
0.0
 10
334.4837805555555
 20
211.4168647222222
 30
0.0
 10
333.7006138888889
 20
211.4415591666667
 30
0.0
 10
332.7340027777777
 20
211.4415591666667
 30
0.0
 10
331.7673916666666
 20
211.4415591666667
 30
0.0
 10
331.2558638888888
 20
211.3921702777778
 30
0.0
 10
330.984225
 20
211.3921702777778
 30
0.0
 10
329.8177064814815
 20
211.3921702777778
 30
0.0
 10
328.651187962963
 20
211.3921702777778
 30
0.0
 10
327.4846694444444
 20
211.3921702777778
 30
0.0
 10
327.4846694444444
 20
211.831966574074
 30
0.0
 10
327.4846694444444
 20
212.2717628703704
 30
0.0
 10
327.4846694444444
 20
212.7115591666667
 30
0.0
  0
POLYLINE
  5
4B8
330
1F
100
AcDbEntity
  8
DEFAULT
 62
     1
100
AcDb2dPolyline
 66
     1
 10
0.0
 20
0.0
 30
0.0
  0
VERTEX
  5
4B9
330
4B8
100
AcDbEntity
  8
DEFAULT
 62
     1
100
AcDbVertex
100
AcDb2dVertex
 10
334.4837805555555
 20
211.3921702777778
 30
0.0
  0
VERTEX
  5
4BA
330
4B8
100
AcDbEntity
  8
DEFAULT
 62
     1
100
AcDbVertex
100
AcDb2dVertex
 10
334.4837805555555
 20
212.7150869444444
 30
0.0
  0
SEQEND
  5
4BB
330
4B8
100
AcDbEntity
  8
DEFAULT
 62
     1
  0
POLYLINE
  5
4BC
330
1F
100
AcDbEntity
  8
DEFAULT
 62
     1
100
AcDb2dPolyline
 66
     1
 10
0.0
 20
0.0
 30
0.0
  0
VERTEX
  5
4BD
330
4BC
100
AcDbEntity
  8
DEFAULT
 62
     1
100
AcDbVertex
100
AcDb2dVertex
 10
334.4837805555555
 20
213.0643369444444
 30
0.0
  0
VERTEX
  5
4BE
330
4BC
100
AcDbEntity
  8
DEFAULT
 62
     1
100
AcDbVertex
100
AcDb2dVertex
 10
334.4837805555555
 20
214.3907813888889
 30
0.0
  0
SEQEND
  5
4BF
330
4BC
100
AcDbEntity
  8
DEFAULT
 62
     1
  0
SPLINE
  5
4C0
330
1F
100
AcDbEntity
  8
DEFAULT
 62
     1
100
AcDbSpline
210
0.0
220
0.0
230
1.0
 70
    11
 71
     3
 72
    17
 73
    13
 74
     0
 42
0.000000001
 43
0.0000000001
 40
1.0
 40
1.0
 40
1.0
 40
1.0
 40
2.0
 40
2.0
 40
2.0
 40
3.0
 40
3.0
 40
3.0
 40
4.0
 40
4.0
 40
4.0
 40
5.0
 40
5.0
 40
5.0
 40
5.0
 10
319.3661944444444
 20
189.4529202777777
 30
0.0
 10
322.961
 20
200.0574202777778
 30
0.0
 10
323.1232777777778
 20
205.3420313888889
 30
0.0
 10
324.1745555555556
 20
204.2942813888889
 30
0.0
 10
326.10425
 20
202.3751702777778
 30
0.0
 10
325.0635555555555
 20
202.0858925
 30
0.0
 10
323.18325
 20
196.3920591666667
 30
0.0
 10
322.4706388888889
 20
194.2436425
 30
0.0
 10
322.5729444444444
 20
192.0246702777778
 30
0.0
 10
321.7615555555556
 20
190.3278091666666
 30
0.0
 10
320.2693055555555
 20
187.1916147222222
 30
0.0
 10
318.1173611111111
 20
185.7805036111111
 30
0.0
 10
319.3661944444444
 20
189.4529202777777
 30
0.0
  0
SPLINE
  5
4C1
330
1F
100
AcDbEntity
  8
DEFAULT
 62
     1
100
AcDbSpline
210
0.0
220
0.0
230
1.0
 70
    11
 71
     3
 72
    20
 73
    16
 74
     0
 42
0.000000001
 43
0.0000000001
 40
1.0
 40
1.0
 40
1.0
 40
1.0
 40
2.0
 40
2.0
 40
2.0
 40
3.0
 40
3.0
 40
3.0
 40
4.0
 40
4.0
 40
4.0
 40
5.0
 40
5.0
 40
5.0
 40
6.0
 40
6.0
 40
6.0
 40
6.0
 10
312.6351944444444
 20
173.5814480555555
 30
0.0
 10
313.9404722222222
 20
177.7160036111111
 30
0.0
 10
315.6232222222222
 20
183.8049480555555
 30
0.0
 10
318.4278055555556
 20
185.4312536111111
 30
0.0
 10
321.2288611111111
 20
187.0505036111111
 30
0.0
 10
321.2288611111111
 20
186.6377536111111
 30
0.0
 10
319.659
 20
183.9919202777778
 30
0.0
 10
318.0891388888889
 20
181.3496147222222
 30
0.0
 10
314.5719444444445
 20
174.1141425
 30
0.0
 10
314.1239166666667
 20
171.6376425
 30
0.0
 10
313.6688333333333
 20
169.1576147222222
 30
0.0
 10
312.8680277777777
 20
164.1199480555555
 30
0.0
 10
312.8292222222222
 20
168.4203091666666
 30
0.0
 10
312.7974722222222
 20
172.2973369444444
 30
0.0
 10
311.9860833333333
 20
171.5353369444444
 30
0.0
 10
312.6351944444444
 20
173.5814480555555
 30
0.0
  0
SPLINE
  5
4C2
330
1F
100
AcDbEntity
  8
DEFAULT
 62
     1
100
AcDbSpline
210
0.0
220
0.0
230
1.0
 70
    11
 71
     3
 72
    26
 73
    22
 74
     0
 42
0.000000001
 43
0.0000000001
 40
1.0
 40
1.0
 40
1.0
 40
1.0
 40
2.0
 40
2.0
 40
2.0
 40
3.0
 40
3.0
 40
3.0
 40
4.0
 40
4.0
 40
4.0
 40
5.0
 40
5.0
 40
5.0
 40
6.0
 40
6.0
 40
6.0
 40
7.0
 40
7.0
 40
7.0
 40
8.0
 40
8.0
 40
8.0
 40
8.0
 10
316.9708333333333
 20
164.2398925
 30
0.0
 10
318.4172222222222
 20
160.8920313888889
 30
0.0
 10
317.4964722222222
 20
160.6380313888889
 30
0.0
 10
315.9548333333333
 20
159.9360036111111
 30
0.0
 10
315.1081666666666
 20
159.5479480555555
 30
0.0
 10
314.4414166666667
 20
159.8619202777778
 30
0.0
 10
314.1556666666666
 20
162.0103369444444
 30
0.0
 10
313.6265
 20
166.0849202777778
 30
0.0
 10
315.3304166666666
 20
166.1060869444444
 30
0.0
 10
315.4433055555555
 20
169.1787813888889
 30
0.0
 10
315.5526666666667
 20
172.2550036111111
 30
0.0
 10
317.0943055555555
 20
175.9274202777778
 30
0.0
 10
318.8546666666667
 20
179.0071702777778
 30
0.0
 10
320.6185555555555
 20
182.0939758333333
 30
0.0
 10
320.4456944444444
 20
181.2649480555555
 30
0.0
 10
320.19875
 20
178.3298369444444
 30
0.0
 10
319.9518055555556
 20
175.3982536111111
 30
0.0
 10
321.1053888888889
 20
174.4457536111111
 30
0.0
 10
319.659
 20
172.8794202777778
 30
0.0
 10
318.2126111111111
 20
171.3025036111111
 30
0.0
 10
316.103
 20
166.2471980555555
 30
0.0
 10
316.9708333333333
 20
164.2398925
 30
0.0
  0
SPLINE
  5
4C3
330
1F
100
AcDbEntity
  8
DEFAULT
 62
     1
100
AcDbSpline
210
0.0
220
0.0
230
1.0
 70
    11
 71
     3
 72
    17
 73
    13
 74
     0
 42
0.000000001
 43
0.0000000001
 40
1.0
 40
1.0
 40
1.0
 40
1.0
 40
2.0
 40
2.0
 40
2.0
 40
3.0
 40
3.0
 40
3.0
 40
4.0
 40
4.0
 40
4.0
 40
5.0
 40
5.0
 40
5.0
 40
5.0
 10
313.1008611111111
 20
159.0328925
 30
0.0
 10
313.4571666666666
 20
156.3870591666667
 30
0.0
 10
311.2064444444444
 20
153.3284758333333
 30
0.0
 10
311.0935555555556
 20
152.0055591666666
 30
0.0
 10
310.9806666666667
 20
150.6861702777778
 30
0.0
 10
310.0034722222222
 20
146.5516147222222
 30
0.0
 10
309.7918055555555
 20
150.3545591666667
 30
0.0
 10
309.626
 20
153.2685036111111
 30
0.0
 10
311.5839166666667
 20
157.1314202777778
 30
0.0
 10
312.0672222222222
 20
160.8496980555555
 30
0.0
 10
312.5505277777777
 20
164.5679758333333
 30
0.0
 10
312.7410277777777
 20
161.6787258333333
 30
0.0
 10
313.1008611111111
 20
159.0328925
 30
0.0
  0
SPLINE
  5
4C4
330
1F
100
AcDbEntity
  8
DEFAULT
 62
     1
100
AcDbSpline
210
0.0
220
0.0
230
1.0
 70
    11
 71
     3
 72
    17
 73
    13
 74
     0
 42
0.000000001
 43
0.0000000001
 40
1.0
 40
1.0
 40
1.0
 40
1.0
 40
2.0
 40
2.0
 40
2.0
 40
3.0
 40
3.0
 40
3.0
 40
4.0
 40
4.0
 40
4.0
 40
5.0
 40
5.0
 40
5.0
 40
5.0
 10
310.3350833333333
 20
139.6900869444444
 30
0.0
 10
310.8183888888889
 20
136.3034202777777
 30
0.0
 10
311.3969444444444
 20
134.2890591666666
 30
0.0
 10
309.4108055555556
 20
135.7213369444444
 30
0.0
 10
308.0314444444444
 20
136.7196980555555
 30
0.0
 10
306.8108333333333
 20
136.4551147222222
 30
0.0
 10
307.5340277777777
 20
139.8700036111111
 30
0.0
 10
308.2536944444444
 20
143.2848925
 30
0.0
 10
308.7228888888889
 20
148.4530869444444
 30
0.0
 10
309.7318333333333
 20
146.7985591666666
 30
0.0
 10
310.7337222222222
 20
145.1440313888889
 30
0.0
 10
309.8517777777778
 20
143.0802813888889
 30
0.0
 10
310.3350833333333
 20
139.6900869444444
 30
0.0
  0
SPLINE
  5
4C5
330
1F
100
AcDbEntity
  8
DEFAULT
 62
     1
100
AcDbSpline
210
0.0
220
0.0
230
1.0
 70
    11
 71
     3
 72
    17
 73
    13
 74
     0
 42
0.000000001
 43
0.0000000001
 40
1.0
 40
1.0
 40
1.0
 40
1.0
 40
2.0
 40
2.0
 40
2.0
 40
3.0
 40
3.0
 40
3.0
 40
4.0
 40
4.0
 40
4.0
 40
5.0
 40
5.0
 40
5.0
 40
5.0
 10
309.4108055555556
 20
134.0668091666666
 30
0.0
 10
311.3122777777778
 20
133.4071147222222
 30
0.0
 10
311.1288333333333
 20
131.1775591666667
 30
0.0
 10
312.3847222222222
 20
128.6163925
 30
0.0
 10
313.5488888888889
 20
126.2386702777778
 30
0.0
 10
311.0829722222222
 20
127.6250869444444
 30
0.0
 10
309.5836666666667
 20
128.4470591666667
 30
0.0
 10
308.0843611111111
 20
129.2760869444444
 30
0.0
 10
307.0119166666667
 20
128.1683647222222
 30
0.0
 10
307.2553333333333
 20
132.1194758333333
 30
0.0
 10
307.4493611111111
 20
135.3297536111111
 30
0.0
 10
307.5093333333333
 20
134.7335591666667
 30
0.0
 10
309.4108055555556
 20
134.0668091666666
 30
0.0
  0
SPLINE
  5
4C6
330
1F
100
AcDbEntity
  8
DEFAULT
 62
     1
100
AcDbSpline
210
0.0
220
0.0
230
1.0
 70
    11
 71
     3
 72
    17
 73
    13
 74
     0
 42
0.000000001
 43
0.0000000001
 40
1.0
 40
1.0
 40
1.0
 40
1.0
 40
2.0
 40
2.0
 40
2.0
 40
3.0
 40
3.0
 40
3.0
 40
4.0
 40
4.0
 40
4.0
 40
5.0
 40
5.0
 40
5.0
 40
5.0
 10
307.4599444444444
 20
159.1634202777778
 30
0.0
 10
308.61
 20
162.5606702777777
 30
0.0
 10
311.7814722222222
 20
171.5141702777778
 30
0.0
 10
311.7109166666667
 20
168.7836702777778
 30
0.0
 10
311.6403611111111
 20
166.0566980555556
 30
0.0
 10
311.2276111111111
 20
162.4195591666667
 30
0.0
 10
310.2363055555555
 20
159.8583925
 30
0.0
 10
309.2414722222222
 20
157.2936980555555
 30
0.0
 10
309.14975
 20
151.5963369444444
 30
0.0
 10
307.62575
 20
153.9881702777778
 30
0.0
 10
306.0770555555555
 20
156.4329202777778
 30
0.0
 10
306.3063611111111
 20
155.7732258333333
 30
0.0
 10
307.4599444444444
 20
159.1634202777778
 30
0.0
  0
SPLINE
  5
4C7
330
1F
100
AcDbEntity
  8
DEFAULT
 62
     1
100
AcDbSpline
210
0.0
220
0.0
230
1.0
 70
    11
 71
     3
 72
    17
 73
    13
 74
     0
 42
0.000000001
 43
0.0000000001
 40
1.0
 40
1.0
 40
1.0
 40
1.0
 40
2.0
 40
2.0
 40
2.0
 40
3.0
 40
3.0
 40
3.0
 40
4.0
 40
4.0
 40
4.0
 40
5.0
 40
5.0
 40
5.0
 40
5.0
 10
303.7346111111111
 20
147.8745313888889
 30
0.0
 10
305.1457222222222
 20
151.6915869444444
 30
0.0
 10
305.1951111111111
 20
153.9881702777778
 30
0.0
 10
306.16525
 20
153.3461147222222
 30
0.0
 10
308.26075
 20
151.9596980555555
 30
0.0
 10
308.1196388888889
 20
149.4302813888889
 30
0.0
 10
307.7068888888888
 20
147.7898647222222
 30
0.0
 10
306.5356666666667
 20
143.1367258333333
 30
0.0
 10
306.9731111111111
 20
140.7237258333333
 30
0.0
 10
305.607861111111
 20
142.5228925
 30
0.0
 10
304.2002777777778
 20
144.3785036111111
 30
0.0
 10
301.3921666666666
 20
141.5104202777778
 30
0.0
 10
303.7346111111111
 20
147.8745313888889
 30
0.0
  0
SPLINE
  5
4C8
330
1F
100
AcDbEntity
  8
DEFAULT
 62
     1
100
AcDbSpline
210
0.0
220
0.0
230
1.0
 70
    11
 71
     3
 72
    17
 73
    13
 74
     0
 42
0.000000001
 43
0.0000000001
 40
1.0
 40
1.0
 40
1.0
 40
1.0
 40
2.0
 40
2.0
 40
2.0
 40
3.0
 40
3.0
 40
3.0
 40
4.0
 40
4.0
 40
4.0
 40
5.0
 40
5.0
 40
5.0
 40
5.0
 10
301.0605555555555
 20
137.7074758333333
 30
0.0
 10
302.0518611111111
 20
142.4205869444444
 30
0.0
 10
303.9533333333333
 20
141.8385036111111
 30
0.0
 10
305.46675
 20
140.7660591666667
 30
0.0
 10
306.9836944444444
 20
139.6900869444444
 30
0.0
 10
305.5231944444444
 20
136.4656980555555
 30
0.0
 10
305.6925277777777
 20
133.7387258333333
 30
0.0
 10
305.8583333333333
 20
131.0152813888889
 30
0.0
 10
305.27625
 20
130.9306147222222
 30
0.0
 10
303.0466944444444
 20
132.4193369444444
 30
0.0
 10
300.8136111111111
 20
133.9045313888889
 30
0.0
 10
300.4431944444444
 20
134.7617813888889
 30
0.0
 10
301.0605555555555
 20
137.7074758333333
 30
0.0
  0
SPLINE
  5
4C9
330
1F
100
AcDbEntity
  8
DEFAULT
 62
     1
100
AcDbSpline
210
0.0
220
0.0
230
1.0
 70
    11
 71
     3
 72
    17
 73
    13
 74
     0
 42
0.000000001
 43
0.0000000001
 40
1.0
 40
1.0
 40
1.0
 40
1.0
 40
2.0
 40
2.0
 40
2.0
 40
3.0
 40
3.0
 40
3.0
 40
4.0
 40
4.0
 40
4.0
 40
5.0
 40
5.0
 40
5.0
 40
5.0
 10
299.7411666666666
 20
130.7648091666667
 30
0.0
 10
300.4855277777777
 20
133.7387258333333
 30
0.0
 10
301.371
 20
131.0152813888889
 30
0.0
 10
303.3218611111111
 20
130.1862536111111
 30
0.0
 10
305.27625
 20
129.3607536111111
 30
0.0
 10
305.8936111111111
 20
128.9444758333333
 30
0.0
 10
306.8249444444444
 20
125.8047536111111
 30
0.0
 10
307.7598055555555
 20
122.6650313888889
 30
0.0
 10
308.0843611111111
 20
121.6843091666667
 30
0.0
 10
305.8583333333333
 20
123.1589202777778
 30
0.0
 10
302.3517222222222
 20
125.4731425
 30
0.0
 10
298.9932777777777
 20
127.7873647222222
 30
0.0
 10
299.7411666666666
 20
130.7648091666667
 30
0.0
  0
SPLINE
  5
4CA
330
1F
100
AcDbEntity
  8
DEFAULT
 62
     1
100
AcDbSpline
210
0.0
220
0.0
230
1.0
 70
    11
 71
     3
 72
    14
 73
    10
 74
     0
 42
0.000000001
 43
0.0000000001
 40
1.0
 40
1.0
 40
1.0
 40
1.0
 40
2.0
 40
2.0
 40
2.0
 40
3.0
 40
3.0
 40
3.0
 40
4.0
 40
4.0
 40
4.0
 40
4.0
 10
298.5840555555556
 20
124.7111425
 30
0.0
 10
299.1873055555556
 20
127.6780036111111
 30
0.0
 10
302.9338055555555
 20
120.2414480555556
 30
0.0
 10
307.8938611111111
 20
120.1567813888889
 30
0.0
 10
310.4691388888889
 20
120.1144480555555
 30
0.0
 10
303.3465555555555
 20
113.7362258333333
 30
0.0
 10
299.8293611111111
 20
115.3942813888889
 30
0.0
 10
296.3121666666667
 20
117.0558647222222
 30
0.0
 10
298.2348055555555
 20
123.0001702777778
 30
0.0
 10
298.5840555555556
 20
124.7111425
 30
0.0
  0
SPLINE
  5
4CB
330
1F
100
AcDbEntity
  8
DEFAULT
 62
     1
100
AcDbSpline
210
0.0
220
0.0
230
1.0
 70
    11
 71
     3
 72
    14
 73
    10
 74
     0
 42
0.000000001
 43
0.0000000001
 40
1.0
 40
1.0
 40
1.0
 40
1.0
 40
2.0
 40
2.0
 40
2.0
 40
3.0
 40
3.0
 40
3.0
 40
4.0
 40
4.0
 40
4.0
 40
4.0
 10
299.7411666666666
 20
103.2058091666667
 30
0.0
 10
297.7550277777777
 20
105.9645313888889
 30
0.0
 10
295.7724166666666
 20
113.4610591666666
 30
0.0
 10
299.7411666666666
 20
113.0553647222222
 30
0.0
 10
305.1739444444444
 20
112.4979758333333
 30
0.0
 10
313.08675
 20
121.9700591666666
 30
0.0
 10
309.9893611111111
 20
116.0575036111111
 30
0.0
 10
307.8903333333333
 20
112.0534758333333
 30
0.0
 10
301.72025
 20
100.4470869444444
 30
0.0
 10
299.7411666666666
 20
103.2058091666667
 30
0.0
  0
SPLINE
  5
4CC
330
1F
100
AcDbEntity
  8
DEFAULT
 62
     1
100
AcDbSpline
210
0.0
220
0.0
230
1.0
 70
    11
 71
     3
 72
    14
 73
    10
 74
     0
 42
0.000000001
 43
0.0000000001
 40
1.0
 40
1.0
 40
1.0
 40
1.0
 40
2.0
 40
2.0
 40
2.0
 40
3.0
 40
3.0
 40
3.0
 40
4.0
 40
4.0
 40
4.0
 40
4.0
 10
312.7974722222222
 20
114.7275313888889
 30
0.0
 10
311.8837777777778
 20
106.6383369444444
 30
0.0
 10
310.48325
 20
97.5331425
 30
0.0
 10
307.6751388888889
 20
97.37086472222222
 30
0.0
 10
304.8635
 20
97.20858694444443
 30
0.0
 10
301.5579722222222
 20
99.3111425
 30
0.0
 10
304.7012222222222
 20
103.4633369444444
 30
0.0
 10
307.8374166666666
 20
107.6190591666666
 30
0.0
 10
313.182
 20
118.1283091666667
 30
0.0
 10
312.7974722222222
 20
114.7275313888889
 30
0.0
  0
SPLINE
  5
4CD
330
1F
100
AcDbEntity
  8
DEFAULT
 62
     1
100
AcDbSpline
210
0.0
220
0.0
230
1.0
 70
    11
 71
     3
 72
    17
 73
    13
 74
     0
 42
0.000000001
 43
0.0000000001
 40
1.0
 40
1.0
 40
1.0
 40
1.0
 40
2.0
 40
2.0
 40
2.0
 40
3.0
 40
3.0
 40
3.0
 40
4.0
 40
4.0
 40
4.0
 40
5.0
 40
5.0
 40
5.0
 40
5.0
 10
314.6142777777778
 20
121.1798369444444
 30
0.0
 10
314.3673333333333
 20
118.0365869444444
 30
0.0
 10
313.5771111111111
 20
117.9871980555556
 30
0.0
 10
311.7426666666667
 20
120.0156702777778
 30
0.0
 10
310.6561111111111
 20
121.2256980555555
 30
0.0
 10
309.6542222222222
 20
122.6967813888889
 30
0.0
 10
308.7793333333333
 20
125.6565869444444
 30
0.0
 10
307.9044444444444
 20
128.6163925
 30
0.0
 10
311.8061666666666
 20
125.2261980555555
 30
0.0
 10
313.7288055555555
 20
125.4731425
 30
0.0
 10
315.6514444444444
 20
125.7200869444444
 30
0.0
 10
314.86475
 20
124.3160313888889
 30
0.0
 10
314.6142777777778
 20
121.1798369444444
 30
0.0
  0
SPLINE
  5
4CE
330
1F
100
AcDbEntity
  8
DEFAULT
 62
     1
100
AcDbSpline
210
0.0
220
0.0
230
1.0
 70
    11
 71
     3
 72
    14
 73
    10
 74
     0
 42
0.000000001
 43
0.0000000001
 40
1.0
 40
1.0
 40
1.0
 40
1.0
 40
2.0
 40
2.0
 40
2.0
 40
3.0
 40
3.0
 40
3.0
 40
4.0
 40
4.0
 40
4.0
 40
4.0
 10
316.7133055555555
 20
137.6510313888889
 30
0.0
 10
315.6655555555556
 20
132.0312813888889
 30
0.0
 10
315.6655555555556
 20
122.1570313888889
 30
0.0
 10
313.3513333333333
 20
131.5021147222222
 30
0.0
 10
312.3141666666667
 20
135.6825313888889
 30
0.0
 10
311.4780833333333
 20
136.8678647222222
 30
0.0
 10
314.452
 20
139.4643091666667
 30
0.0
 10
317.4259166666666
 20
142.0572258333333
 30
0.0
 10
317.7610555555555
 20
143.2707813888889
 30
0.0
 10
316.7133055555555
 20
137.6510313888889
 30
0.0
  0
SPLINE
  5
4CF
330
1F
100
AcDbEntity
  8
DEFAULT
 62
     1
100
AcDbSpline
210
0.0
220
0.0
230
1.0
 70
    11
 71
     3
 72
    17
 73
    13
 74
     0
 42
0.000000001
 43
0.0000000001
 40
1.0
 40
1.0
 40
1.0
 40
1.0
 40
2.0
 40
2.0
 40
2.0
 40
3.0
 40
3.0
 40
3.0
 40
4.0
 40
4.0
 40
4.0
 40
5.0
 40
5.0
 40
5.0
 40
5.0
 10
318.1385277777778
 20
147.0172813888889
 30
0.0
 10
317.4118055555555
 20
142.8298091666666
 30
0.0
 10
315.4115555555555
 20
142.7098647222222
 30
0.0
 10
313.2384444444444
 20
141.1188369444444
 30
0.0
 10
310.8183888888889
 20
139.3478925
 30
0.0
 10
311.9190555555555
 20
144.4843369444444
 30
0.0
 10
311.9331666666666
 20
146.6891980555556
 30
0.0
 10
311.9508055555555
 20
148.8940591666667
 30
0.0
 10
313.4571666666666
 20
148.7846980555555
 30
0.0
 10
316.9249722222222
 20
152.1995869444444
 30
0.0
 10
320.38925
 20
155.6144758333333
 30
0.0
 10
318.8581944444445
 20
151.2047536111111
 30
0.0
 10
318.1385277777778
 20
147.0172813888889
 30
0.0
  0
SPLINE
  5
4D0
330
1F
100
AcDbEntity
  8
DEFAULT
 62
     1
100
AcDbSpline
210
0.0
220
0.0
230
1.0
 70
    11
 71
     3
 72
    20
 73
    16
 74
     0
 42
0.000000001
 43
0.0000000001
 40
1.0
 40
1.0
 40
1.0
 40
1.0
 40
2.0
 40
2.0
 40
2.0
 40
3.0
 40
3.0
 40
3.0
 40
4.0
 40
4.0
 40
4.0
 40
5.0
 40
5.0
 40
5.0
 40
6.0
 40
6.0
 40
6.0
 40
6.0
 10
319.7613055555555
 20
157.5159480555555
 30
0.0
 10
319.1263055555555
 20
155.0076980555555
 30
0.0
 10
316.9849444444444
 20
154.5138091666666
 30
0.0
 10
314.9353055555555
 20
152.4183091666667
 30
0.0
 10
312.8821388888888
 20
150.3263369444444
 30
0.0
 10
311.9860833333333
 20
150.6755869444444
 30
0.0
 10
313.4818611111111
 20
153.4131425
 30
0.0
 10
315.0411388888888
 20
156.2776980555555
 30
0.0
 10
313.7923055555555
 20
158.0380591666666
 30
0.0
 10
316.0536111111111
 20
158.2603091666666
 30
0.0
 10
318.3149166666666
 20
158.4790313888889
 30
0.0
 10
319.1898055555555
 20
162.7793925
 30
0.0
 10
320.3857222222222
 20
163.7213091666667
 30
0.0
 10
321.5816388888889
 20
164.6667536111111
 30
0.0
 10
320.4033611111111
 20
160.0241980555555
 30
0.0
 10
319.7613055555555
 20
157.5159480555555
 30
0.0
  0
SPLINE
  5
4D1
330
1F
100
AcDbEntity
  8
DEFAULT
 62
     1
100
AcDbSpline
210
0.0
220
0.0
230
1.0
 70
    11
 71
     3
 72
    20
 73
    16
 74
     0
 42
0.000000001
 43
0.0000000001
 40
1.0
 40
1.0
 40
1.0
 40
1.0
 40
2.0
 40
2.0
 40
2.0
 40
3.0
 40
3.0
 40
3.0
 40
4.0
 40
4.0
 40
4.0
 40
5.0
 40
5.0
 40
5.0
 40
6.0
 40
6.0
 40
6.0
 40
6.0
 10
322.3859722222222
 20
169.3939758333333
 30
0.0
 10
321.5604722222222
 20
166.1942813888889
 30
0.0
 10
321.8885555555556
 20
167.7394480555555
 30
0.0
 10
320.5479999999999
 20
166.1413647222222
 30
0.0
 10
319.2109722222222
 20
164.5397536111111
 30
0.0
 10
318.8088055555555
 20
163.5519758333333
 30
0.0
 10
318.2549444444444
 20
165.0936147222222
 30
0.0
 10
317.7010833333333
 20
166.6352536111111
 30
0.0
 10
319.1686388888889
 20
169.6126980555555
 30
0.0
 10
320.2904722222222
 20
171.5388647222222
 30
0.0
 10
321.0524722222222
 20
172.8406147222222
 30
0.0
 10
321.5604722222222
 20
171.9833647222222
 30
0.0
 10
322.6611388888888
 20
174.1388369444444
 30
0.0
 10
323.7618055555556
 20
176.2978369444444
 30
0.0
 10
323.215
 20
172.5866147222222
 30
0.0
 10
322.3859722222222
 20
169.3939758333333
 30
0.0
  0
SPLINE
  5
4D2
330
1F
100
AcDbEntity
  8
DEFAULT
 62
     1
100
AcDbSpline
210
0.0
220
0.0
230
1.0
 70
    11
 71
     3
 72
    14
 73
    10
 74
     0
 42
0.000000001
 43
0.0000000001
 40
1.0
 40
1.0
 40
1.0
 40
1.0
 40
2.0
 40
2.0
 40
2.0
 40
3.0
 40
3.0
 40
3.0
 40
4.0
 40
4.0
 40
4.0
 40
4.0
 10
325.1623333333333
 20
188.6238925
 30
0.0
 10
324.2168888888888
 20
183.6179758333333
 30
0.0
 10
321.1971111111111
 20
170.2723925
 30
0.0
 10
321.3593888888889
 20
176.0579480555556
 30
0.0
 10
321.5287222222222
 20
181.8435036111111
 30
0.0
 10
323.9029166666666
 20
193.3158369444444
 30
0.0
 10
326.04075
 20
199.0696425
 30
0.0
 10
327.8469722222222
 20
203.9273925
 30
0.0
 10
326.92975
 20
197.9830869444444
 30
0.0
 10
325.1623333333333
 20
188.6238925
 30
0.0
  0
SPLINE
  5
4D3
330
1F
100
AcDbEntity
  8
DEFAULT
 62
     1
100
AcDbSpline
210
0.0
220
0.0
230
1.0
 70
     8
 71
     3
 72
    29
 73
    25
 74
     0
 42
0.000000001
 43
0.0000000001
 40
0.0
 40
0.0
 40
0.0
 40
0.0
 40
1.0
 40
1.0
 40
1.0
 40
2.0
 40
2.0
 40
2.0
 40
3.0
 40
3.0
 40
3.0
 40
4.0
 40
4.0
 40
4.0
 40
5.0
 40
5.0
 40
5.0
 40
6.0
 40
6.0
 40
6.0
 40
15.91999999999996
 40
15.91999999999996
 40
15.91999999999996
 40
19.68999999999994
 40
19.68999999999994
 40
19.68999999999994
 40
19.68999999999994
 10
303.0477527777778
 20
95.55053138888888
 30
0.0
 10
296.6871694444444
 20
100.3271425
 30
0.0
 10
292.8806972222222
 20
104.9943925
 30
0.0
 10
296.3273361111111
 20
125.5048925
 30
0.0
 10
299.7986694444444
 20
146.1706147222222
 30
0.0
 10
319.0956138888889
 20
195.4325036111111
 30
0.0
 10
320.6901694444444
 20
200.5654202777777
 30
0.0
 10
324.6730305555555
 20
213.4030036111111
 30
0.0
 10
318.6052527777778
 20
217.2800313888889
 30
0.0
 10
325.6431694444444
 20
217.1459758333333
 30
0.0
 10
330.0740583333333
 20
217.0577813888889
 30
0.0
 10
334.4837805555555
 20
218.8005036111111
 30
0.0
 10
334.4837805555555
 20
214.3907813888889
 30
0.0
 10
334.4837805555555
 20
214.3625591666667
 30
0.0
 10
333.7006138888889
 20
214.3413925
 30
0.0
 10
332.7340027777777
 20
214.3413925
 30
0.0
 10
331.7673916666666
 20
214.3413925
 30
0.0
 10
331.2558638888889
 20
214.3907813888889
 30
0.0
 10
330.984225
 20
214.3907813888889
 30
0.0
 10
329.8177064814815
 20
214.3907813888889
 30
0.0
 10
328.651187962963
 20
214.3907813888889
 30
0.0
 10
327.4846694444444
 20
214.3907813888889
 30
0.0
 10
327.4846694444444
 20
213.9474573148148
 30
0.0
 10
327.4846694444444
 20
213.5041332407407
 30
0.0
 10
327.4846694444444
 20
213.0608091666666
 30
0.0
  0
SPLINE
  5
4D4
330
1F
100
AcDbEntity
  8
DEFAULT
 62
    18
100
AcDbSpline
210
0.0
220
0.0
230
1.0
 70
     8
 71
     3
 72
    14
 73
    10
 74
     0
 42
0.000000001
 43
0.0000000001
 40
0.0
 40
0.0
 40
0.0
 40
0.0
 40
5.727999999999952
 40
5.727999999999952
 40
5.727999999999952
 40
6.727999999999952
 40
6.727999999999952
 40
6.727999999999952
 40
12.45640361706461
 40
12.45640361706461
 40
12.45640361706461
 40
12.45640361706461
 10
325.4532338888889
 20
212.187155
 30
0.0
 10
324.7796635185185
 20
212.187155
 30
0.0
 10
324.1060931481481
 20
212.187155
 30
0.0
 10
323.4325227777778
 20
212.187155
 30
0.0
 10
323.4325227777778
 20
212.187155
 30
0.0
 10
325.246506111111
 20
213.49843
 30
0.0
 10
325.4532338888889
 20
213.5943855555556
 30
0.0
 10
324.7796635185185
 20
213.5863892592592
 30
0.0
 10
324.1060931481481
 20
213.578392962963
 30
0.0
 10
323.4325227777778
 20
213.5703966666667
 30
0.0
  0
SPLINE
  5
4D5
330
1F
100
AcDbEntity
  8
DEFAULT
 62
     1
100
AcDbSpline
210
0.0
220
0.0
230
1.0
 70
     8
 71
     3
 72
    26
 73
    22
 74
     0
 42
0.000000001
 43
0.0000000001
 40
0.0
 40
0.0
 40
0.0
 40
0.0
 40
3.769999999999982
 40
3.769999999999982
 40
3.769999999999982
 40
13.68999999999994
 40
13.68999999999994
 40
13.68999999999994
 40
14.68999999999994
 40
14.68999999999994
 40
14.68999999999994
 40
15.68999999999994
 40
15.68999999999994
 40
15.68999999999994
 40
16.68999999999994
 40
16.68999999999994
 40
16.68999999999994
 40
17.68999999999994
 40
17.68999999999994
 40
17.68999999999994
 40
18.68999999999994
 40
18.68999999999994
 40
18.68999999999994
 40
18.68999999999994
 10
352.5166163888888
 20
212.7221425
 30
0.0
 10
352.5166163888888
 20
212.2788184259259
 30
0.0
 10
352.5166163888888
 20
211.8354943518518
 30
0.0
 10
352.5166163888888
 20
211.3921702777778
 30
0.0
 10
351.3500978703703
 20
211.3921702777778
 30
0.0
 10
350.1835793518518
 20
211.3921702777778
 30
0.0
 10
349.0170608333333
 20
211.3921702777778
 30
0.0
 10
348.7454219444444
 20
211.3921702777778
 30
0.0
 10
348.2338941666666
 20
211.4415591666667
 30
0.0
 10
347.2672830555555
 20
211.4415591666667
 30
0.0
 10
346.3006719444444
 20
211.4415591666667
 30
0.0
 10
345.5175052777777
 20
211.4168647222222
 30
0.0
 10
345.5175052777777
 20
211.3921702777778
 30
0.0
 10
345.5175052777777
 20
206.9224758333333
 30
0.0
 10
350.6363108333333
 20
208.9509480555555
 30
0.0
 10
350.8232830555555
 20
205.7300869444444
 30
0.0
 10
352.1391441666666
 20
183.0394202777778
 30
0.0
 10
361.2231719444444
 20
147.7510591666667
 30
0.0
 10
363.4915330555555
 20
122.6544480555555
 30
0.0
 10
366.0879774999999
 20
94.05122583333332
 30
0.0
 10
370.3142552777777
 20
90.68572583333332
 30
0.0
 10
376.6713108333333
 20
95.34239249999997
 30
0.0
  0
POLYLINE
  5
4D6
330
1F
100
AcDbEntity
  8
DEFAULT
 62
     1
100
AcDb2dPolyline
 66
     1
 10
0.0
 20
0.0
 30
0.0
  0
VERTEX
  5
4D7
330
4D6
100
AcDbEntity
  8
DEFAULT
 62
     1
100
AcDbVertex
100
AcDb2dVertex
 10
345.5175052777778
 20
213.0643369444444
 30
0.0
  0
VERTEX
  5
4D8
330
4D6
100
AcDbEntity
  8
DEFAULT
 62
     1
100
AcDbVertex
100
AcDb2dVertex
 10
345.5175052777778
 20
214.3907813888889
 30
0.0
  0
SEQEND
  5
4D9
330
4D6
100
AcDbEntity
  8
DEFAULT
 62
     1
  0
POLYLINE
  5
4DA
330
1F
100
AcDbEntity
  8
DEFAULT
 62
     1
100
AcDb2dPolyline
 66
     1
 10
0.0
 20
0.0
 30
0.0
  0
VERTEX
  5
4DB
330
4DA
100
AcDbEntity
  8
DEFAULT
 62
     1
100
AcDbVertex
100
AcDb2dVertex
 10
345.5175052777778
 20
211.3921702777778
 30
0.0
  0
VERTEX
  5
4DC
330
4DA
100
AcDbEntity
  8
DEFAULT
 62
     1
100
AcDbVertex
100
AcDb2dVertex
 10
345.5175052777778
 20
212.7150869444444
 30
0.0
  0
SEQEND
  5
4DD
330
4DA
100
AcDbEntity
  8
DEFAULT
 62
     1
  0
SPLINE
  5
4DE
330
1F
100
AcDbEntity
  8
DEFAULT
 62
     1
100
AcDbSpline
210
0.0
220
0.0
230
1.0
 70
    11
 71
     3
 72
    17
 73
    13
 74
     0
 42
0.000000001
 43
0.0000000001
 40
1.0
 40
1.0
 40
1.0
 40
1.0
 40
2.0
 40
2.0
 40
2.0
 40
3.0
 40
3.0
 40
3.0
 40
4.0
 40
4.0
 40
4.0
 40
5.0
 40
5.0
 40
5.0
 40
5.0
 10
358.237613611111
 20
190.3278091666666
 30
0.0
 10
357.4262247222222
 20
192.0246702777778
 30
0.0
 10
357.5285302777777
 20
194.2436425
 30
0.0
 10
356.8159191666666
 20
196.3920591666667
 30
0.0
 10
354.9356136111111
 20
202.0858925
 30
0.0
 10
353.8949191666666
 20
202.3751702777777
 30
0.0
 10
355.824613611111
 20
204.2942813888889
 30
0.0
 10
356.8758913888888
 20
205.3420313888889
 30
0.0
 10
357.0381691666666
 20
200.0574202777778
 30
0.0
 10
360.6329747222222
 20
189.4529202777777
 30
0.0
 10
361.8818080555555
 20
185.7805036111111
 30
0.0
 10
359.7298636111111
 20
187.1916147222222
 30
0.0
 10
358.237613611111
 20
190.3278091666666
 30
0.0
  0
SPLINE
  5
4DF
330
1F
100
AcDbEntity
  8
DEFAULT
 62
     1
100
AcDbSpline
210
0.0
220
0.0
230
1.0
 70
    11
 71
     3
 72
    20
 73
    16
 74
     0
 42
0.000000001
 43
0.0000000001
 40
1.0
 40
1.0
 40
1.0
 40
1.0
 40
2.0
 40
2.0
 40
2.0
 40
3.0
 40
3.0
 40
3.0
 40
4.0
 40
4.0
 40
4.0
 40
5.0
 40
5.0
 40
5.0
 40
6.0
 40
6.0
 40
6.0
 40
6.0
 10
367.1699469444443
 20
168.4203091666666
 30
0.0
 10
367.1311413888889
 20
164.1199480555555
 30
0.0
 10
366.3303358333333
 20
169.1576147222222
 30
0.0
 10
365.8752525
 20
171.6376425
 30
0.0
 10
365.4272247222222
 20
174.1141425
 30
0.0
 10
361.9100302777778
 20
181.3496147222222
 30
0.0
 10
360.3401691666666
 20
183.9919202777778
 30
0.0
 10
358.7703080555555
 20
186.6377536111111
 30
0.0
 10
358.7703080555555
 20
187.0505036111111
 30
0.0
 10
361.5713636111111
 20
185.4312536111111
 30
0.0
 10
364.3759469444444
 20
183.8049480555555
 30
0.0
 10
366.0586969444444
 20
177.7160036111111
 30
0.0
 10
367.3639747222222
 20
173.5814480555555
 30
0.0
 10
368.0130858333333
 20
171.5353369444444
 30
0.0
 10
367.2016969444444
 20
172.2973369444444
 30
0.0
 10
367.1699469444443
 20
168.4203091666666
 30
0.0
  0
SPLINE
  5
4E0
330
1F
100
AcDbEntity
  8
DEFAULT
 62
     1
100
AcDbSpline
210
0.0
220
0.0
230
1.0
 70
    11
 71
     3
 72
    26
 73
    22
 74
     0
 42
0.000000001
 43
0.0000000001
 40
1.0
 40
1.0
 40
1.0
 40
1.0
 40
2.0
 40
2.0
 40
2.0
 40
3.0
 40
3.0
 40
3.0
 40
4.0
 40
4.0
 40
4.0
 40
5.0
 40
5.0
 40
5.0
 40
6.0
 40
6.0
 40
6.0
 40
7.0
 40
7.0
 40
7.0
 40
8.0
 40
8.0
 40
8.0
 40
8.0
 10
360.3401691666666
 20
172.8794202777778
 30
0.0
 10
358.8937802777778
 20
174.4457536111111
 30
0.0
 10
360.0473636111111
 20
175.3982536111111
 30
0.0
 10
359.8004191666666
 20
178.3298369444444
 30
0.0
 10
359.5534747222222
 20
181.2649480555555
 30
0.0
 10
359.3806136111111
 20
182.0939758333333
 30
0.0
 10
361.1445024999999
 20
179.0071702777778
 30
0.0
 10
362.9048636111111
 20
175.9274202777777
 30
0.0
 10
364.4465024999999
 20
172.2550036111111
 30
0.0
 10
364.5558636111111
 20
169.1787813888889
 30
0.0
 10
364.6687524999999
 20
166.1060869444444
 30
0.0
 10
366.3726691666666
 20
166.0849202777778
 30
0.0
 10
365.8435024999999
 20
162.0103369444444
 30
0.0
 10
365.5577524999999
 20
159.8619202777778
 30
0.0
 10
364.8910024999999
 20
159.5479480555555
 30
0.0
 10
364.0443358333333
 20
159.9360036111111
 30
0.0
 10
362.5026969444444
 20
160.6380313888889
 30
0.0
 10
361.5819469444444
 20
160.8920313888889
 30
0.0
 10
363.0283358333332
 20
164.2398925
 30
0.0
 10
363.8961691666666
 20
166.2471980555555
 30
0.0
 10
361.7865580555555
 20
171.3025036111111
 30
0.0
 10
360.3401691666666
 20
172.8794202777778
 30
0.0
  0
SPLINE
  5
4E1
330
1F
100
AcDbEntity
  8
DEFAULT
 62
     1
100
AcDbSpline
210
0.0
220
0.0
230
1.0
 70
    11
 71
     3
 72
    17
 73
    13
 74
     0
 42
0.000000001
 43
0.0000000001
 40
1.0
 40
1.0
 40
1.0
 40
1.0
 40
2.0
 40
2.0
 40
2.0
 40
3.0
 40
3.0
 40
3.0
 40
4.0
 40
4.0
 40
4.0
 40
5.0
 40
5.0
 40
5.0
 40
5.0
 10
367.9319469444444
 20
160.8496980555555
 30
0.0
 10
368.4152524999999
 20
157.1314202777778
 30
0.0
 10
370.3731691666666
 20
153.2685036111111
 30
0.0
 10
370.2073636111111
 20
150.3545591666667
 30
0.0
 10
369.9956969444444
 20
146.5516147222222
 30
0.0
 10
369.0185024999999
 20
150.6861702777778
 30
0.0
 10
368.9056136111111
 20
152.0055591666666
 30
0.0
 10
368.7927247222222
 20
153.3284758333333
 30
0.0
 10
366.5420024999999
 20
156.3870591666667
 30
0.0
 10
366.8983080555555
 20
159.0328925
 30
0.0
 10
367.2581413888888
 20
161.6787258333333
 30
0.0
 10
367.4486413888888
 20
164.5679758333333
 30
0.0
 10
367.9319469444444
 20
160.8496980555555
 30
0.0
  0
SPLINE
  5
4E2
330
1F
100
AcDbEntity
  8
DEFAULT
 62
     1
100
AcDbSpline
210
0.0
220
0.0
230
1.0
 70
    11
 71
     3
 72
    17
 73
    13
 74
     0
 42
0.000000001
 43
0.0000000001
 40
1.0
 40
1.0
 40
1.0
 40
1.0
 40
2.0
 40
2.0
 40
2.0
 40
3.0
 40
3.0
 40
3.0
 40
4.0
 40
4.0
 40
4.0
 40
5.0
 40
5.0
 40
5.0
 40
5.0
 10
370.2673358333332
 20
146.7985591666666
 30
0.0
 10
371.2762802777777
 20
148.4530869444444
 30
0.0
 10
371.7454747222221
 20
143.2848925
 30
0.0
 10
372.4651413888888
 20
139.8700036111111
 30
0.0
 10
373.1883358333333
 20
136.4551147222222
 30
0.0
 10
371.9677247222222
 20
136.7196980555555
 30
0.0
 10
370.588363611111
 20
135.7213369444444
 30
0.0
 10
368.6022247222222
 20
134.2890591666666
 30
0.0
 10
369.1807802777777
 20
136.3034202777777
 30
0.0
 10
369.6640858333333
 20
139.6900869444444
 30
0.0
 10
370.1473913888888
 20
143.0802813888889
 30
0.0
 10
369.2654469444444
 20
145.1440313888889
 30
0.0
 10
370.2673358333332
 20
146.7985591666666
 30
0.0
  0
SPLINE
  5
4E3
330
1F
100
AcDbEntity
  8
DEFAULT
 62
     1
100
AcDbSpline
210
0.0
220
0.0
230
1.0
 70
    11
 71
     3
 72
    17
 73
    13
 74
     0
 42
0.000000001
 43
0.0000000001
 40
1.0
 40
1.0
 40
1.0
 40
1.0
 40
2.0
 40
2.0
 40
2.0
 40
3.0
 40
3.0
 40
3.0
 40
4.0
 40
4.0
 40
4.0
 40
5.0
 40
5.0
 40
5.0
 40
5.0
 10
372.7438358333333
 20
132.1194758333333
 30
0.0
 10
372.9872524999999
 20
128.1683647222222
 30
0.0
 10
371.9148080555555
 20
129.2760869444444
 30
0.0
 10
370.4155024999999
 20
128.4470591666667
 30
0.0
 10
368.9161969444444
 20
127.6250869444444
 30
0.0
 10
366.4502802777777
 20
126.2386702777778
 30
0.0
 10
367.6144469444444
 20
128.6163925
 30
0.0
 10
368.8703358333333
 20
131.1775591666667
 30
0.0
 10
368.6868913888889
 20
133.4071147222222
 30
0.0
 10
370.588363611111
 20
134.0668091666666
 30
0.0
 10
372.4898358333333
 20
134.7335591666667
 30
0.0
 10
372.5498080555555
 20
135.3297536111111
 30
0.0
 10
372.7438358333333
 20
132.1194758333333
 30
0.0
  0
SPLINE
  5
4E4
330
1F
100
AcDbEntity
  8
DEFAULT
 62
     1
100
AcDbSpline
210
0.0
220
0.0
230
1.0
 70
    11
 71
     3
 72
    17
 73
    13
 74
     0
 42
0.000000001
 43
0.0000000001
 40
1.0
 40
1.0
 40
1.0
 40
1.0
 40
2.0
 40
2.0
 40
2.0
 40
3.0
 40
3.0
 40
3.0
 40
4.0
 40
4.0
 40
4.0
 40
5.0
 40
5.0
 40
5.0
 40
5.0
 10
372.3734191666666
 20
153.9881702777778
 30
0.0
 10
370.8494191666666
 20
151.5963369444444
 30
0.0
 10
370.7576969444444
 20
157.2936980555555
 30
0.0
 10
369.7628636111111
 20
159.8583925
 30
0.0
 10
368.7715580555555
 20
162.4195591666666
 30
0.0
 10
368.3588080555555
 20
166.0566980555556
 30
0.0
 10
368.2882524999999
 20
168.7836702777778
 30
0.0
 10
368.2176969444444
 20
171.5141702777778
 30
0.0
 10
371.3891691666666
 20
162.5606702777777
 30
0.0
 10
372.5392247222222
 20
159.1634202777778
 30
0.0
 10
373.6928080555555
 20
155.7732258333333
 30
0.0
 10
373.9221136111111
 20
156.4329202777778
 30
0.0
 10
372.3734191666666
 20
153.9881702777778
 30
0.0
  0
SPLINE
  5
4E5
330
1F
100
AcDbEntity
  8
DEFAULT
 62
     1
100
AcDbSpline
210
0.0
220
0.0
230
1.0
 70
    11
 71
     3
 72
    17
 73
    13
 74
     0
 42
0.000000001
 43
0.0000000001
 40
1.0
 40
1.0
 40
1.0
 40
1.0
 40
2.0
 40
2.0
 40
2.0
 40
3.0
 40
3.0
 40
3.0
 40
4.0
 40
4.0
 40
4.0
 40
5.0
 40
5.0
 40
5.0
 40
5.0
 10
374.3913080555555
 20
142.5228925
 30
0.0
 10
373.0260580555556
 20
140.7237258333333
 30
0.0
 10
373.4635024999999
 20
143.1367258333333
 30
0.0
 10
372.2922802777777
 20
147.7898647222222
 30
0.0
 10
371.8795302777777
 20
149.4302813888889
 30
0.0
 10
371.7384191666666
 20
151.9596980555555
 30
0.0
 10
373.8339191666666
 20
153.3461147222222
 30
0.0
 10
374.8040580555555
 20
153.9881702777778
 30
0.0
 10
374.8534469444443
 20
151.6915869444444
 30
0.0
 10
376.2645580555555
 20
147.8745313888889
 30
0.0
 10
378.6070025
 20
141.5104202777778
 30
0.0
 10
375.7988913888888
 20
144.3785036111111
 30
0.0
 10
374.3913080555555
 20
142.5228925
 30
0.0
  0
SPLINE
  5
4E6
330
1F
100
AcDbEntity
  8
DEFAULT
 62
     1
100
AcDbSpline
210
0.0
220
0.0
230
1.0
 70
    11
 71
     3
 72
    17
 73
    13
 74
     0
 42
0.000000001
 43
0.0000000001
 40
1.0
 40
1.0
 40
1.0
 40
1.0
 40
2.0
 40
2.0
 40
2.0
 40
3.0
 40
3.0
 40
3.0
 40
4.0
 40
4.0
 40
4.0
 40
5.0
 40
5.0
 40
5.0
 40
5.0
 10
376.9524747222222
 20
132.4193369444444
 30
0.0
 10
374.7229191666666
 20
130.9306147222222
 30
0.0
 10
374.1408358333333
 20
131.0152813888889
 30
0.0
 10
374.3066413888888
 20
133.7387258333333
 30
0.0
 10
374.4759747222221
 20
136.4656980555555
 30
0.0
 10
373.0154747222222
 20
139.6900869444444
 30
0.0
 10
374.5324191666666
 20
140.7660591666667
 30
0.0
 10
376.0458358333333
 20
141.8385036111111
 30
0.0
 10
377.9473080555555
 20
142.4205869444444
 30
0.0
 10
378.9386136111111
 20
137.7074758333333
 30
0.0
 10
379.5559747222222
 20
134.7617813888889
 30
0.0
 10
379.1855580555555
 20
133.9045313888889
 30
0.0
 10
376.9524747222222
 20
132.4193369444444
 30
0.0
  0
SPLINE
  5
4E7
330
1F
100
AcDbEntity
  8
DEFAULT
 62
     1
100
AcDbSpline
210
0.0
220
0.0
230
1.0
 70
    11
 71
     3
 72
    17
 73
    13
 74
     0
 42
0.000000001
 43
0.0000000001
 40
1.0
 40
1.0
 40
1.0
 40
1.0
 40
2.0
 40
2.0
 40
2.0
 40
3.0
 40
3.0
 40
3.0
 40
4.0
 40
4.0
 40
4.0
 40
5.0
 40
5.0
 40
5.0
 40
5.0
 10
374.1408358333333
 20
123.1589202777778
 30
0.0
 10
371.9148080555555
 20
121.6843091666667
 30
0.0
 10
372.2393636111111
 20
122.6650313888889
 30
0.0
 10
373.1742247222222
 20
125.8047536111111
 30
0.0
 10
374.1055580555555
 20
128.9444758333333
 30
0.0
 10
374.7229191666666
 20
129.3607536111111
 30
0.0
 10
376.6773080555555
 20
130.1862536111111
 30
0.0
 10
378.6281691666666
 20
131.0152813888889
 30
0.0
 10
379.5136413888888
 20
133.7387258333333
 30
0.0
 10
380.2580025
 20
130.7648091666667
 30
0.0
 10
381.0058913888888
 20
127.7873647222222
 30
0.0
 10
377.6474469444444
 20
125.4731425
 30
0.0
 10
374.1408358333333
 20
123.1589202777778
 30
0.0
  0
SPLINE
  5
4E8
330
1F
100
AcDbEntity
  8
DEFAULT
 62
     1
100
AcDbSpline
210
0.0
220
0.0
230
1.0
 70
    11
 71
     3
 72
    14
 73
    10
 74
     0
 42
0.000000001
 43
0.0000000001
 40
1.0
 40
1.0
 40
1.0
 40
1.0
 40
2.0
 40
2.0
 40
2.0
 40
3.0
 40
3.0
 40
3.0
 40
4.0
 40
4.0
 40
4.0
 40
4.0
 10
380.1698080555555
 20
115.3942813888889
 30
0.0
 10
376.6526136111111
 20
113.7362258333333
 30
0.0
 10
369.5300302777777
 20
120.1144480555555
 30
0.0
 10
372.1053080555555
 20
120.1567813888889
 30
0.0
 10
377.0653636111111
 20
120.2414480555556
 30
0.0
 10
380.8118636111111
 20
127.6780036111111
 30
0.0
 10
381.4151136111111
 20
124.7111425
 30
0.0
 10
381.7643636111111
 20
123.0001702777778
 30
0.0
 10
383.6870025
 20
117.0558647222222
 30
0.0
 10
380.1698080555555
 20
115.3942813888889
 30
0.0
  0
SPLINE
  5
4E9
330
1F
100
AcDbEntity
  8
DEFAULT
 62
     1
100
AcDbSpline
210
0.0
220
0.0
230
1.0
 70
    11
 71
     3
 72
    14
 73
    10
 74
     0
 42
0.000000001
 43
0.0000000001
 40
1.0
 40
1.0
 40
1.0
 40
1.0
 40
2.0
 40
2.0
 40
2.0
 40
3.0
 40
3.0
 40
3.0
 40
4.0
 40
4.0
 40
4.0
 40
4.0
 10
370.0098080555555
 20
116.0575036111111
 30
0.0
 10
366.9124191666666
 20
121.9700591666666
 30
0.0
 10
374.8252247222222
 20
112.4979758333333
 30
0.0
 10
380.2580025
 20
113.0553647222222
 30
0.0
 10
384.2267525
 20
113.4610591666666
 30
0.0
 10
382.2441413888888
 20
105.9645313888889
 30
0.0
 10
380.2580025
 20
103.2058091666667
 30
0.0
 10
378.2789191666666
 20
100.4470869444444
 30
0.0
 10
372.1088358333333
 20
112.0534758333333
 30
0.0
 10
370.0098080555555
 20
116.0575036111111
 30
0.0
  0
SPLINE
  5
4EA
330
1F
100
AcDbEntity
  8
DEFAULT
 62
     1
100
AcDbSpline
210
0.0
220
0.0
230
1.0
 70
    11
 71
     3
 72
    14
 73
    10
 74
     0
 42
0.000000001
 43
0.0000000001
 40
1.0
 40
1.0
 40
1.0
 40
1.0
 40
2.0
 40
2.0
 40
2.0
 40
3.0
 40
3.0
 40
3.0
 40
4.0
 40
4.0
 40
4.0
 40
4.0
 10
375.2979469444443
 20
103.4633369444444
 30
0.0
 10
378.4411969444444
 20
99.31114249999997
 30
0.0
 10
375.1356691666666
 20
97.20858694444443
 30
0.0
 10
372.3240302777778
 20
97.37086472222221
 30
0.0
 10
369.5159191666666
 20
97.5331425
 30
0.0
 10
368.1153913888888
 20
106.6383369444444
 30
0.0
 10
367.2016969444444
 20
114.7275313888889
 30
0.0
 10
366.8171691666666
 20
118.1283091666667
 30
0.0
 10
372.1617525
 20
107.6190591666666
 30
0.0
 10
375.2979469444443
 20
103.4633369444444
 30
0.0
  0
SPLINE
  5
4EB
330
1F
100
AcDbEntity
  8
DEFAULT
 62
     1
100
AcDbSpline
210
0.0
220
0.0
230
1.0
 70
    11
 71
     3
 72
    17
 73
    13
 74
     0
 42
0.000000001
 43
0.0000000001
 40
1.0
 40
1.0
 40
1.0
 40
1.0
 40
2.0
 40
2.0
 40
2.0
 40
3.0
 40
3.0
 40
3.0
 40
4.0
 40
4.0
 40
4.0
 40
5.0
 40
5.0
 40
5.0
 40
5.0
 10
366.2703636111111
 20
125.4731425
 30
0.0
 10
368.1930025
 20
125.2261980555555
 30
0.0
 10
372.0947247222222
 20
128.6163925
 30
0.0
 10
371.2198358333333
 20
125.6565869444444
 30
0.0
 10
370.3449469444444
 20
122.6967813888889
 30
0.0
 10
369.3430580555555
 20
121.2256980555555
 30
0.0
 10
368.2565025
 20
120.0156702777778
 30
0.0
 10
366.4220580555555
 20
117.9871980555556
 30
0.0
 10
365.6318358333333
 20
118.0365869444444
 30
0.0
 10
365.3848913888888
 20
121.1798369444444
 30
0.0
 10
365.1344191666666
 20
124.3160313888889
 30
0.0
 10
364.3477247222222
 20
125.7200869444444
 30
0.0
 10
366.2703636111111
 20
125.4731425
 30
0.0
  0
SPLINE
  5
4EC
330
1F
100
AcDbEntity
  8
DEFAULT
 62
     1
100
AcDbSpline
210
0.0
220
0.0
230
1.0
 70
    11
 71
     3
 72
    14
 73
    10
 74
     0
 42
0.000000001
 43
0.0000000001
 40
1.0
 40
1.0
 40
1.0
 40
1.0
 40
2.0
 40
2.0
 40
2.0
 40
3.0
 40
3.0
 40
3.0
 40
4.0
 40
4.0
 40
4.0
 40
4.0
 10
365.5471691666666
 20
139.4643091666667
 30
0.0
 10
368.5210858333333
 20
136.8678647222222
 30
0.0
 10
367.6850024999999
 20
135.6825313888889
 30
0.0
 10
366.6478358333333
 20
131.5021147222222
 30
0.0
 10
364.333613611111
 20
122.1570313888889
 30
0.0
 10
364.333613611111
 20
132.0312813888889
 30
0.0
 10
363.285863611111
 20
137.6510313888889
 30
0.0
 10
362.238113611111
 20
143.2707813888889
 30
0.0
 10
362.5732524999999
 20
142.0572258333333
 30
0.0
 10
365.5471691666666
 20
139.4643091666667
 30
0.0
  0
SPLINE
  5
4ED
330
1F
100
AcDbEntity
  8
DEFAULT
 62
     1
100
AcDbSpline
210
0.0
220
0.0
230
1.0
 70
    11
 71
     3
 72
    17
 73
    13
 74
     0
 42
0.000000001
 43
0.0000000001
 40
1.0
 40
1.0
 40
1.0
 40
1.0
 40
2.0
 40
2.0
 40
2.0
 40
3.0
 40
3.0
 40
3.0
 40
4.0
 40
4.0
 40
4.0
 40
5.0
 40
5.0
 40
5.0
 40
5.0
 10
363.0741969444444
 20
152.1995869444444
 30
0.0
 10
366.5420024999999
 20
148.7846980555555
 30
0.0
 10
368.048363611111
 20
148.8940591666667
 30
0.0
 10
368.0660024999999
 20
146.6891980555556
 30
0.0
 10
368.0801136111111
 20
144.4843369444444
 30
0.0
 10
369.1807802777777
 20
139.3478925
 30
0.0
 10
366.7607247222222
 20
141.1188369444444
 30
0.0
 10
364.5876136111111
 20
142.7098647222222
 30
0.0
 10
362.587363611111
 20
142.8298091666666
 30
0.0
 10
361.8606413888888
 20
147.0172813888889
 30
0.0
 10
361.1409747222222
 20
151.2047536111111
 30
0.0
 10
359.6099191666666
 20
155.6144758333333
 30
0.0
 10
363.0741969444444
 20
152.1995869444444
 30
0.0
  0
SPLINE
  5
4EE
330
1F
100
AcDbEntity
  8
DEFAULT
 62
     1
100
AcDbSpline
210
0.0
220
0.0
230
1.0
 70
    11
 71
     3
 72
    20
 73
    16
 74
     0
 42
0.000000001
 43
0.0000000001
 40
1.0
 40
1.0
 40
1.0
 40
1.0
 40
2.0
 40
2.0
 40
2.0
 40
3.0
 40
3.0
 40
3.0
 40
4.0
 40
4.0
 40
4.0
 40
5.0
 40
5.0
 40
5.0
 40
6.0
 40
6.0
 40
6.0
 40
6.0
 10
359.6134469444444
 20
163.7213091666667
 30
0.0
 10
360.8093636111111
 20
162.7793925
 30
0.0
 10
361.6842525
 20
158.4790313888889
 30
0.0
 10
363.9455580555555
 20
158.2603091666666
 30
0.0
 10
366.206863611111
 20
158.0380591666666
 30
0.0
 10
364.9580302777777
 20
156.2776980555555
 30
0.0
 10
366.5173080555555
 20
153.4131425
 30
0.0
 10
368.0130858333333
 20
150.6755869444444
 30
0.0
 10
367.1170302777778
 20
150.3263369444444
 30
0.0
 10
365.063863611111
 20
152.4183091666667
 30
0.0
 10
363.0142247222221
 20
154.5138091666666
 30
0.0
 10
360.8728636111111
 20
155.0076980555555
 30
0.0
 10
360.2378636111111
 20
157.5159480555555
 30
0.0
 10
359.5958080555555
 20
160.0241980555555
 30
0.0
 10
358.4175302777777
 20
164.6667536111111
 30
0.0
 10
359.6134469444444
 20
163.7213091666667
 30
0.0
  0
SPLINE
  5
4EF
330
1F
100
AcDbEntity
  8
DEFAULT
 62
     1
100
AcDbSpline
210
0.0
220
0.0
230
1.0
 70
    11
 71
     3
 72
    20
 73
    16
 74
     0
 42
0.000000001
 43
0.0000000001
 40
1.0
 40
1.0
 40
1.0
 40
1.0
 40
2.0
 40
2.0
 40
2.0
 40
3.0
 40
3.0
 40
3.0
 40
4.0
 40
4.0
 40
4.0
 40
5.0
 40
5.0
 40
5.0
 40
6.0
 40
6.0
 40
6.0
 40
6.0
 10
357.3380302777778
 20
174.1388369444444
 30
0.0
 10
358.4386969444444
 20
171.9833647222222
 30
0.0
 10
358.9466969444444
 20
172.8406147222222
 30
0.0
 10
359.7086969444444
 20
171.5388647222222
 30
0.0
 10
360.8305302777777
 20
169.6126980555555
 30
0.0
 10
362.2980858333333
 20
166.6352536111111
 30
0.0
 10
361.7442247222222
 20
165.0936147222222
 30
0.0
 10
361.1903636111111
 20
163.5519758333333
 30
0.0
 10
360.7881969444444
 20
164.5397536111111
 30
0.0
 10
359.4511691666667
 20
166.1413647222222
 30
0.0
 10
358.110613611111
 20
167.7394480555555
 30
0.0
 10
358.4386969444444
 20
166.1942813888889
 30
0.0
 10
357.6131969444444
 20
169.3939758333333
 30
0.0
 10
356.7841691666666
 20
172.5866147222222
 30
0.0
 10
356.237363611111
 20
176.2978369444444
 30
0.0
 10
357.3380302777778
 20
174.1388369444444
 30
0.0
  0
SPLINE
  5
4F0
330
1F
100
AcDbEntity
  8
DEFAULT
 62
     1
100
AcDbSpline
210
0.0
220
0.0
230
1.0
 70
    11
 71
     3
 72
    14
 73
    10
 74
     0
 42
0.000000001
 43
0.0000000001
 40
1.0
 40
1.0
 40
1.0
 40
1.0
 40
2.0
 40
2.0
 40
2.0
 40
3.0
 40
3.0
 40
3.0
 40
4.0
 40
4.0
 40
4.0
 40
4.0
 10
353.9584191666666
 20
199.0696425
 30
0.0
 10
356.0962525
 20
193.3158369444444
 30
0.0
 10
358.4704469444444
 20
181.8435036111111
 30
0.0
 10
358.6397802777777
 20
176.0579480555555
 30
0.0
 10
358.8020580555555
 20
170.2723925
 30
0.0
 10
355.7822802777777
 20
183.6179758333333
 30
0.0
 10
354.8368358333333
 20
188.6238925
 30
0.0
 10
353.0694191666666
 20
197.9830869444444
 30
0.0
 10
352.1521969444444
 20
203.9273925
 30
0.0
 10
353.9584191666666
 20
199.0696425
 30
0.0
  0
SPLINE
  5
4F1
330
1F
100
AcDbEntity
  8
DEFAULT
 62
     1
100
AcDbSpline
210
0.0
220
0.0
230
1.0
 70
     8
 71
     3
 72
    29
 73
    25
 74
     0
 42
0.000000001
 43
0.0000000001
 40
0.0
 40
0.0
 40
0.0
 40
0.0
 40
3.740000000000009
 40
3.740000000000009
 40
3.740000000000009
 40
13.65999999999997
 40
13.65999999999997
 40
13.65999999999997
 40
14.65999999999997
 40
14.65999999999997
 40
14.65999999999997
 40
15.65999999999997
 40
15.65999999999997
 40
15.65999999999997
 40
16.65999999999997
 40
16.65999999999997
 40
16.65999999999997
 40
17.65999999999997
 40
17.65999999999997
 40
17.65999999999997
 40
18.65999999999997
 40
18.65999999999997
 40
18.65999999999997
 40
19.65999999999997
 40
19.65999999999997
 40
19.65999999999997
 40
19.65999999999997
 10
352.5166163888888
 20
213.0713925
 30
0.0
 10
352.5166163888888
 20
213.5111887962963
 30
0.0
 10
352.5166163888888
 20
213.9509850925926
 30
0.0
 10
352.5166163888888
 20
214.3907813888889
 30
0.0
 10
351.3500978703703
 20
214.3907813888889
 30
0.0
 10
350.1835793518518
 20
214.3907813888889
 30
0.0
 10
349.0170608333333
 20
214.3907813888889
 30
0.0
 10
348.7454219444444
 20
214.3907813888889
 30
0.0
 10
348.2338941666666
 20
214.3413925
 30
0.0
 10
347.2672830555555
 20
214.3413925
 30
0.0
 10
346.3006719444444
 20
214.3413925
 30
0.0
 10
345.5175052777777
 20
214.3625591666666
 30
0.0
 10
345.5175052777777
 20
214.3907813888889
 30
0.0
 10
345.5175052777777
 20
218.8005036111111
 30
0.0
 10
349.9272275
 20
217.0577813888889
 30
0.0
 10
354.3581163888888
 20
217.1459758333333
 30
0.0
 10
361.3960330555555
 20
217.2800313888889
 30
0.0
 10
355.3282552777777
 20
213.4030036111111
 30
0.0
 10
359.3111163888888
 20
200.5654202777777
 30
0.0
 10
360.9056719444444
 20
195.4325036111111
 30
0.0
 10
380.2026163888888
 20
146.1706147222222
 30
0.0
 10
383.6739497222222
 20
125.5048925
 30
0.0
 10
387.1205886111111
 20
104.9908647222222
 30
0.0
 10
383.3141163888889
 20
100.3271425
 30
0.0
 10
376.9500052777778
 20
95.55053138888888
 30
0.0
  0
SPLINE
  5
4F2
330
1F
100
AcDbEntity
  8
DEFAULT
 62
    18
100
AcDbSpline
210
0.0
220
0.0
230
1.0
 70
     8
 71
     3
 72
    14
 73
    10
 74
     0
 42
0.000000001
 43
0.0000000001
 40
0.0
 40
0.0
 40
0.0
 40
0.0
 40
5.729000000000042
 40
5.729000000000042
 40
5.729000000000042
 40
6.729000000000042
 40
6.729000000000042
 40
6.729000000000042
 40
12.45840354661818
 40
12.45840354661818
 40
12.45840354661818
 40
12.45840354661818
 10
354.5480519444444
 20
213.5943855555555
 30
0.0
 10
355.2217399074073
 20
213.5943855555555
 30
0.0
 10
355.8954278703703
 20
213.5943855555555
 30
0.0
 10
356.5691158333333
 20
213.5943855555555
 30
0.0
 10
356.5691158333333
 20
213.5943855555555
 30
0.0
 10
354.7547797222222
 20
212.2831105555555
 30
0.0
 10
354.5480519444444
 20
212.187155
 30
0.0
 10
355.2217399074073
 20
212.1951512962962
 30
0.0
 10
355.8954278703703
 20
212.2031475925926
 30
0.0
 10
356.5691158333333
 20
212.2111438888888
 30
0.0
  0
SPLINE
  5
4F3
330
1F
100
AcDbEntity
  8
DEFAULT
 62
     1
100
AcDbSpline
210
0.0
220
0.0
230
1.0
 70
     8
 71
     3
 72
    50
 73
    46
 74
     0
 42
0.000000001
 43
0.0000000001
 40
0.0
 40
0.0
 40
0.0
 40
0.0
 40
3.75
 40
3.75
 40
3.75
 40
8.0
 40
8.0
 40
8.0
 40
9.0
 40
9.0
 40
9.0
 40
10.0
 40
10.0
 40
10.0
 40
11.0
 40
11.0
 40
11.0
 40
12.0
 40
12.0
 40
12.0
 40
13.0
 40
13.0
 40
13.0
 40
14.0
 40
14.0
 40
14.0
 40
15.0
 40
15.0
 40
15.0
 40
16.0
 40
16.0
 40
16.0
 40
17.0
 40
17.0
 40
17.0
 40
18.0
 40
18.0
 40
18.0
 40
19.0
 40
19.0
 40
19.0
 40
23.25
 40
23.25
 40
23.25
 40
27.00999999999999
 40
27.00999999999999
 40
27.00999999999999
 40
27.00999999999999
 10
330.6883502777778
 20
127.4966405555555
 30
0.0
 10
330.6883502777778
 20
127.0556683333333
 30
0.0
 10
330.6883502777778
 20
126.6146961111111
 30
0.0
 10
330.6883502777778
 20
126.1737238888889
 30
0.0
 10
331.1881187962963
 20
126.1737238888889
 30
0.0
 10
331.6878873148148
 20
126.1737238888889
 30
0.0
 10
332.1876558333333
 20
126.1737238888889
 30
0.0
 10
332.4592947222222
 20
126.1737238888889
 30
0.0
 10
332.9708225
 20
126.2231127777778
 30
0.0
 10
333.9374336111111
 20
126.2231127777778
 30
0.0
 10
334.9040447222222
 20
126.2231127777778
 30
0.0
 10
335.6872113888888
 20
126.1984183333333
 30
0.0
 10
335.6872113888888
 20
126.1737238888889
 30
0.0
 10
335.6872113888888
 20
121.1925016666667
 30
0.0
 10
333.3341836111111
 20
121.4641405555555
 30
0.0
 10
334.0750169444444
 20
118.4020294444444
 30
0.0
 10
338.2519058333334
 20
101.0912238888889
 30
0.0
 10
318.8985169444445
 20
100.883085
 30
0.0
 10
317.2439891666667
 20
41.99389055555555
 30
0.0
 10
316.4290725
 20
12.90736277777778
 30
0.0
 10
309.4793502777778
 20
10.75189055555555
 30
0.0
 10
303.0305725
 20
15.57083500000001
 30
0.0
 10
296.6206002777777
 20
20.34391833333333
 30
0.0
 10
289.4839058333333
 20
24.35147388888889
 30
0.0
 10
292.9305447222222
 20
44.86550166666667
 30
0.0
 10
296.4018780555556
 20
65.53122388888889
 30
0.0
 10
324.5747113888889
 20
112.0308627777778
 30
0.0
 10
325.6894891666666
 20
118.885335
 30
0.0
 10
326.8395447222222
 20
125.9796961111111
 30
0.0
 10
322.3627947222222
 20
131.8428627777778
 30
0.0
 10
326.8466002777778
 20
131.9240016666667
 30
0.0
 10
331.3268780555555
 20
132.0086683333333
 30
0.0
 10
335.6872113888888
 20
133.5820572222222
 30
0.0
 10
335.6872113888888
 20
129.172335
 30
0.0
 10
335.6872113888888
 20
129.1441127777778
 30
0.0
 10
334.9040447222222
 20
129.1229461111111
 30
0.0
 10
333.9374336111111
 20
129.1229461111111
 30
0.0
 10
332.9708225
 20
129.1229461111111
 30
0.0
 10
332.4592947222222
 20
129.172335
 30
0.0
 10
332.1876558333333
 20
129.172335
 30
0.0
 10
331.6878873148148
 20
129.172335
 30
0.0
 10
331.1881187962963
 20
129.172335
 30
0.0
 10
330.6883502777778
 20
129.172335
 30
0.0
 10
330.6883502777778
 20
128.7301868518518
 30
0.0
 10
330.6883502777778
 20
128.2880387037037
 30
0.0
 10
330.6883502777778
 20
127.8458905555556
 30
0.0
  0
POLYLINE
  5
4F4
330
1F
100
AcDbEntity
  8
DEFAULT
 62
     1
100
AcDb2dPolyline
 66
     1
 10
0.0
 20
0.0
 30
0.0
  0
VERTEX
  5
4F5
330
4F4
100
AcDbEntity
  8
DEFAULT
 62
     1
100
AcDbVertex
100
AcDb2dVertex
 10
335.6872113888888
 20
126.1701961111111
 30
0.0
  0
VERTEX
  5
4F6
330
4F4
100
AcDbEntity
  8
DEFAULT
 62
     1
100
AcDbVertex
100
AcDb2dVertex
 10
335.6872113888888
 20
127.4966405555555
 30
0.0
  0
SEQEND
  5
4F7
330
4F4
100
AcDbEntity
  8
DEFAULT
 62
     1
  0
POLYLINE
  5
4F8
330
1F
100
AcDbEntity
  8
DEFAULT
 62
     1
100
AcDb2dPolyline
 66
     1
 10
0.0
 20
0.0
 30
0.0
  0
VERTEX
  5
4F9
330
4F8
100
AcDbEntity
  8
DEFAULT
 62
     1
100
AcDbVertex
100
AcDb2dVertex
 10
335.6872113888888
 20
127.8458905555556
 30
0.0
  0
VERTEX
  5
4FA
330
4F8
100
AcDbEntity
  8
DEFAULT
 62
     1
100
AcDbVertex
100
AcDb2dVertex
 10
335.6872113888888
 20
129.172335
 30
0.0
  0
SEQEND
  5
4FB
330
4F8
100
AcDbEntity
  8
DEFAULT
 62
     1
  0
SPLINE
  5
4FC
330
1F
100
AcDbEntity
  8
DEFAULT
 62
     1
100
AcDbSpline
210
0.0
220
0.0
230
1.0
 70
    11
 71
     3
 72
    20
 73
    16
 74
     0
 42
0.000000001
 43
0.0000000001
 40
1.0
 40
1.0
 40
1.0
 40
1.0
 40
2.0
 40
2.0
 40
2.0
 40
3.0
 40
3.0
 40
3.0
 40
4.0
 40
4.0
 40
4.0
 40
5.0
 40
5.0
 40
5.0
 40
6.0
 40
6.0
 40
6.0
 40
6.0
 10
295.9858119444444
 20
29.0604575
 30
0.0
 10
289.6640341666666
 20
41.11840194444444
 30
0.0
 10
312.3864508333333
 20
86.88073527777776
 30
0.0
 10
318.5177286111111
 20
98.1802075
 30
0.0
 10
330.6356452777777
 20
120.5075130555555
 30
0.0
 10
327.1396174999999
 20
122.1161797222222
 30
0.0
 10
328.9740619444444
 20
119.8866241666666
 30
0.0
 10
330.1311730555555
 20
118.4755130555555
 30
0.0
 10
327.3089508333333
 20
110.8625686111111
 30
0.0
 10
317.7239786111111
 20
93.50590194444445
 30
0.0
 10
310.6719508333333
 20
80.74240194444444
 30
0.0
 10
299.4289230555555
 20
54.15706861111111
 30
0.0
 10
297.8026175
 20
42.92109638888888
 30
0.0
 10
295.7106452777777
 20
28.42898527777777
 30
0.0
 10
298.7410063888888
 20
23.81112416666666
 30
0.0
 10
295.9858119444444
 20
29.0604575
 30
0.0
  0
SPLINE
  5
4FD
330
1F
100
AcDbEntity
  8
DEFAULT
 62
     1
100
AcDbSpline
210
0.0
220
0.0
230
1.0
 70
    11
 71
     3
 72
    14
 73
    10
 74
     0
 42
0.000000001
 43
0.0000000001
 40
1.0
 40
1.0
 40
1.0
 40
1.0
 40
2.0
 40
2.0
 40
2.0
 40
3.0
 40
3.0
 40
3.0
 40
4.0
 40
4.0
 40
4.0
 40
4.0
 10
314.5807286111111
 20
39.77784638888889
 30
0.0
 10
314.5807286111111
 20
23.6770686111111
 30
0.0
 10
311.6914786111111
 20
37.13201305555555
 30
0.0
 10
312.1853675
 20
43.66545749999999
 30
0.0
 10
312.6827841666666
 20
50.19537416666667
 30
0.0
 10
314.4995897222221
 20
59.19120749999998
 30
0.0
 10
315.0816730555555
 20
55.31065194444444
 30
0.0
 10
315.6567008333333
 20
51.42304083333332
 30
0.0
 10
314.5807286111111
 20
45.73273527777777
 30
0.0
 10
314.5807286111111
 20
39.77784638888889
 30
0.0
  0
SPLINE
  5
4FE
330
1F
100
AcDbEntity
  8
DEFAULT
 62
     1
100
AcDbSpline
210
0.0
220
0.0
230
1.0
 70
    11
 71
     3
 72
    20
 73
    16
 74
     0
 42
0.000000001
 43
0.0000000001
 40
1.0
 40
1.0
 40
1.0
 40
1.0
 40
2.0
 40
2.0
 40
2.0
 40
3.0
 40
3.0
 40
3.0
 40
4.0
 40
4.0
 40
4.0
 40
5.0
 40
5.0
 40
5.0
 40
6.0
 40
6.0
 40
6.0
 40
6.0
 10
317.3112286111111
 20
71.69012416666665
 30
0.0
 10
316.2035063888889
 20
67.43915194444443
 30
0.0
 10
315.9847841666666
 20
56.19965194444445
 30
0.0
 10
315.0111175
 20
61.97815194444444
 30
0.0
 10
314.2949786111111
 20
66.20795749999999
 30
0.0
 10
307.4122841666667
 20
47.33787416666666
 30
0.0
 10
308.6046730555555
 20
35.92198527777777
 30
0.0
 10
309.5042563888888
 20
27.27187416666666
 30
0.0
 10
312.9932286111111
 20
22.17776305555555
 30
0.0
 10
311.8008397222222
 20
23.25020749999999
 30
0.0
 10
307.2605897222222
 20
27.34242972222222
 30
0.0
 10
305.1015897222222
 20
40.07417972222222
 30
0.0
 10
308.3824230555555
 20
51.4583186111111
 30
0.0
 10
311.8784508333333
 20
63.57976305555554
 30
0.0
 10
319.3855619444444
 20
79.6840686111111
 30
0.0
 10
317.3112286111111
 20
71.69012416666665
 30
0.0
  0
SPLINE
  5
4FF
330
1F
100
AcDbEntity
  8
DEFAULT
 62
     1
100
AcDbSpline
210
0.0
220
0.0
230
1.0
 70
    11
 71
     3
 72
    23
 73
    19
 74
     0
 42
0.000000001
 43
0.0000000001
 40
1.0
 40
1.0
 40
1.0
 40
1.0
 40
2.0
 40
2.0
 40
2.0
 40
3.0
 40
3.0
 40
3.0
 40
4.0
 40
4.0
 40
4.0
 40
5.0
 40
5.0
 40
5.0
 40
6.0
 40
6.0
 40
6.0
 40
7.0
 40
7.0
 40
7.0
 40
7.0
 10
326.5645897222222
 20
100.7237352777778
 30
0.0
 10
319.7842008333333
 20
88.34829083333332
 30
0.0
 10
300.3461452777777
 20
50.06837416666666
 30
0.0
 10
302.6497841666666
 20
33.60423527777778
 30
0.0
 10
304.579478611111
 20
19.83179083333333
 30
0.0
 10
309.9240619444444
 20
15.86304083333333
 30
0.0
 10
307.8885341666666
 20
17.54579083333333
 30
0.0
 10
300.5331174999999
 20
23.60651305555555
 30
0.0
 10
297.1746730555556
 20
34.04873527777777
 30
0.0
 10
303.1754230555555
 20
52.17798527777776
 30
0.0
 10
313.882228611111
 20
84.53123527777777
 30
0.0
 10
324.0669230555555
 20
96.43395749999998
 30
0.0
 10
327.5135619444444
 20
105.7508186111111
 30
0.0
 10
331.6304786111111
 20
116.8774297222222
 30
0.0
 10
330.6074230555555
 20
118.8424019444444
 30
0.0
 10
332.2725341666666
 20
115.1840963888889
 30
0.0
 10
334.0399508333333
 20
111.3070686111111
 30
0.0
 10
330.201728611111
 20
107.3524297222222
 30
0.0
 10
326.5645897222222
 20
100.7237352777778
 30
0.0
  0
SPLINE
  5
500
330
1F
100
AcDbEntity
  8
DEFAULT
 62
    18
100
AcDbSpline
210
0.0
220
0.0
230
1.0
 70
     8
 71
     3
 72
    17
 73
    13
 74
     0
 42
0.000000001
 43
0.0000000001
 40
0.0
 40
0.0
 40
0.0
 40
0.0
 40
5.778665676434347
 40
5.778665676434347
 40
5.778665676434347
 40
6.778665676434347
 40
6.778665676434347
 40
6.778665676434347
 40
11.99210187533427
 40
11.99210187533427
 40
11.99210187533427
 40
17.76310404133633
 40
17.76310404133633
 40
17.76310404133633
 40
17.76310404133633
 10
328.6569147222222
 20
126.6409780555556
 30
0.0
 10
327.9832267592592
 20
126.7298780555556
 30
0.0
 10
327.3095387962962
 20
126.8187780555556
 30
0.0
 10
326.6358508333333
 20
126.9076780555556
 30
0.0
 10
326.6358508333333
 20
126.9076780555555
 30
0.0
 10
328.0840036111111
 20
127.6125280555556
 30
0.0
 10
328.2942591666666
 20
127.6633280555556
 30
0.0
 10
327.7414563888888
 20
127.9283817592593
 30
0.0
 10
327.188653611111
 20
128.193435462963
 30
0.0
 10
326.6358508333333
 20
128.4584891666667
 30
0.0
 10
327.3095387962962
 20
128.5402160185185
 30
0.0
 10
327.9832267592592
 20
128.6219428703704
 30
0.0
 10
328.6569147222222
 20
128.7036697222222
 30
0.0
  0
SPLINE
  5
501
330
1F
100
AcDbEntity
  8
DEFAULT
 62
     1
100
AcDbSpline
210
0.0
220
0.0
230
1.0
 70
     8
 71
     3
 72
    50
 73
    46
 74
     0
 42
0.000000001
 43
0.0000000001
 40
0.0
 40
0.0
 40
0.0
 40
0.0
 40
3.75
 40
3.75
 40
3.75
 40
8.0
 40
8.0
 40
8.0
 40
9.0
 40
9.0
 40
9.0
 40
10.0
 40
10.0
 40
10.0
 40
11.0
 40
11.0
 40
11.0
 40
12.0
 40
12.0
 40
12.0
 40
13.0
 40
13.0
 40
13.0
 40
14.0
 40
14.0
 40
14.0
 40
15.0
 40
15.0
 40
15.0
 40
16.0
 40
16.0
 40
16.0
 40
17.0
 40
17.0
 40
17.0
 40
18.0
 40
18.0
 40
18.0
 40
19.0
 40
19.0
 40
19.0
 40
23.25
 40
23.25
 40
23.25
 40
27.00999999999999
 40
27.00999999999999
 40
27.00999999999999
 40
27.00999999999999
 10
349.3114891666667
 20
127.4966405555555
 30
0.0
 10
349.3114891666667
 20
127.0556683333333
 30
0.0
 10
349.3114891666667
 20
126.6146961111111
 30
0.0
 10
349.3114891666667
 20
126.1737238888889
 30
0.0
 10
348.8117206481481
 20
126.1737238888889
 30
0.0
 10
348.3119521296296
 20
126.1737238888889
 30
0.0
 10
347.8121836111111
 20
126.1737238888889
 30
0.0
 10
347.5405447222222
 20
126.1737238888889
 30
0.0
 10
347.0290169444444
 20
126.2231127777778
 30
0.0
 10
346.0624058333333
 20
126.2231127777778
 30
0.0
 10
345.0957947222222
 20
126.2231127777778
 30
0.0
 10
344.3126280555555
 20
126.1984183333333
 30
0.0
 10
344.3126280555555
 20
126.1737238888889
 30
0.0
 10
344.3126280555555
 20
121.1925016666667
 30
0.0
 10
346.6656558333333
 20
121.4676683333333
 30
0.0
 10
345.9248224999999
 20
118.4055572222222
 30
0.0
 10
341.7479336111111
 20
101.0947516666667
 30
0.0
 10
361.1013225
 20
100.8866127777778
 30
0.0
 10
362.7558502777778
 20
41.99741833333333
 30
0.0
 10
363.5707669444444
 20
12.91089055555556
 30
0.0
 10
370.5204891666667
 20
10.75541833333333
 30
0.0
 10
376.9692669444444
 20
15.57436277777778
 30
0.0
 10
383.3792391666667
 20
20.34391833333333
 30
0.0
 10
390.5159336111111
 20
24.35147388888889
 30
0.0
 10
387.0692947222222
 20
44.86550166666667
 30
0.0
 10
383.5979613888888
 20
65.53122388888889
 30
0.0
 10
355.4251280555555
 20
112.0308627777778
 30
0.0
 10
354.3103502777777
 20
118.885335
 30
0.0
 10
353.1602947222222
 20
125.9796961111111
 30
0.0
 10
357.6370447222222
 20
131.8428627777778
 30
0.0
 10
353.1532391666667
 20
131.9240016666667
 30
0.0
 10
348.6729613888889
 20
132.0086683333333
 30
0.0
 10
344.3126280555555
 20
133.5820572222222
 30
0.0
 10
344.3126280555555
 20
129.172335
 30
0.0
 10
344.3126280555555
 20
129.1441127777778
 30
0.0
 10
345.0957947222222
 20
129.1229461111111
 30
0.0
 10
346.0624058333333
 20
129.1229461111111
 30
0.0
 10
347.0290169444444
 20
129.1229461111111
 30
0.0
 10
347.5405447222222
 20
129.172335
 30
0.0
 10
347.8121836111111
 20
129.172335
 30
0.0
 10
348.3119521296296
 20
129.172335
 30
0.0
 10
348.8117206481481
 20
129.172335
 30
0.0
 10
349.3114891666667
 20
129.172335
 30
0.0
 10
349.3114891666667
 20
128.7301868518518
 30
0.0
 10
349.3114891666667
 20
128.2880387037037
 30
0.0
 10
349.3114891666667
 20
127.8458905555556
 30
0.0
  0
POLYLINE
  5
502
330
1F
100
AcDbEntity
  8
DEFAULT
 62
     1
100
AcDb2dPolyline
 66
     1
 10
0.0
 20
0.0
 30
0.0
  0
VERTEX
  5
503
330
502
100
AcDbEntity
  8
DEFAULT
 62
     1
100
AcDbVertex
100
AcDb2dVertex
 10
344.3126280555555
 20
126.1701961111111
 30
0.0
  0
VERTEX
  5
504
330
502
100
AcDbEntity
  8
DEFAULT
 62
     1
100
AcDbVertex
100
AcDb2dVertex
 10
344.3126280555555
 20
127.4966405555555
 30
0.0
  0
SEQEND
  5
505
330
502
100
AcDbEntity
  8
DEFAULT
 62
     1
  0
POLYLINE
  5
506
330
1F
100
AcDbEntity
  8
DEFAULT
 62
     1
100
AcDb2dPolyline
 66
     1
 10
0.0
 20
0.0
 30
0.0
  0
VERTEX
  5
507
330
506
100
AcDbEntity
  8
DEFAULT
 62
     1
100
AcDbVertex
100
AcDb2dVertex
 10
344.3126280555555
 20
127.8458905555556
 30
0.0
  0
VERTEX
  5
508
330
506
100
AcDbEntity
  8
DEFAULT
 62
     1
100
AcDbVertex
100
AcDb2dVertex
 10
344.3126280555555
 20
129.172335
 30
0.0
  0
SEQEND
  5
509
330
506
100
AcDbEntity
  8
DEFAULT
 62
     1
  0
SPLINE
  5
50A
330
1F
100
AcDbEntity
  8
DEFAULT
 62
     1
100
AcDbSpline
210
0.0
220
0.0
230
1.0
 70
    11
 71
     3
 72
    20
 73
    16
 74
     0
 42
0.000000001
 43
0.0000000001
 40
1.0
 40
1.0
 40
1.0
 40
1.0
 40
2.0
 40
2.0
 40
2.0
 40
3.0
 40
3.0
 40
3.0
 40
4.0
 40
4.0
 40
4.0
 40
5.0
 40
5.0
 40
5.0
 40
6.0
 40
6.0
 40
6.0
 40
6.0
 10
382.1985977777778
 20
42.92109638888888
 30
0.0
 10
380.5722922222221
 20
54.15706861111111
 30
0.0
 10
369.3292644444444
 20
80.74240194444444
 30
0.0
 10
362.2772366666666
 20
93.50590194444445
 30
0.0
 10
352.6922644444444
 20
110.8625686111111
 30
0.0
 10
349.8700422222222
 20
118.4755130555555
 30
0.0
 10
351.0271533333333
 20
119.8866241666666
 30
0.0
 10
352.8615977777777
 20
122.1161797222222
 30
0.0
 10
349.3655699999999
 20
120.5075130555555
 30
0.0
 10
361.4834866666666
 20
98.1802075
 30
0.0
 10
367.6147644444443
 20
86.88073527777776
 30
0.0
 10
390.3371811111111
 20
41.11840194444444
 30
0.0
 10
384.0154033333333
 20
29.0604575
 30
0.0
 10
381.2602088888888
 20
23.81112416666667
 30
0.0
 10
384.29057
 20
28.42898527777778
 30
0.0
 10
382.1985977777778
 20
42.92109638888888
 30
0.0
  0
SPLINE
  5
50B
330
1F
100
AcDbEntity
  8
DEFAULT
 62
     1
100
AcDbSpline
210
0.0
220
0.0
230
1.0
 70
    11
 71
     3
 72
    14
 73
    10
 74
     0
 42
0.000000001
 43
0.0000000001
 40
1.0
 40
1.0
 40
1.0
 40
1.0
 40
2.0
 40
2.0
 40
2.0
 40
3.0
 40
3.0
 40
3.0
 40
4.0
 40
4.0
 40
4.0
 40
4.0
 10
364.9195422222222
 20
55.31065194444444
 30
0.0
 10
365.5016255555556
 20
59.1912075
 30
0.0
 10
367.3184311111111
 20
50.19537416666667
 30
0.0
 10
367.8158477777778
 20
43.6654575
 30
0.0
 10
368.3097366666666
 20
37.13201305555555
 30
0.0
 10
365.4204866666666
 20
23.67706861111111
 30
0.0
 10
365.4204866666666
 20
39.77784638888889
 30
0.0
 10
365.4204866666666
 20
45.73273527777777
 30
0.0
 10
364.3445144444444
 20
51.42304083333332
 30
0.0
 10
364.9195422222222
 20
55.31065194444444
 30
0.0
  0
SPLINE
  5
50C
330
1F
100
AcDbEntity
  8
DEFAULT
 62
     1
100
AcDbSpline
210
0.0
220
0.0
230
1.0
 70
    11
 71
     3
 72
    20
 73
    16
 74
     0
 42
0.000000001
 43
0.0000000001
 40
1.0
 40
1.0
 40
1.0
 40
1.0
 40
2.0
 40
2.0
 40
2.0
 40
3.0
 40
3.0
 40
3.0
 40
4.0
 40
4.0
 40
4.0
 40
5.0
 40
5.0
 40
5.0
 40
6.0
 40
6.0
 40
6.0
 40
6.0
 10
371.6187922222222
 20
51.45831861111111
 30
0.0
 10
374.8996255555555
 20
40.07417972222222
 30
0.0
 10
372.7406255555555
 20
27.34242972222222
 30
0.0
 10
368.2003755555555
 20
23.25020749999999
 30
0.0
 10
367.0079866666667
 20
22.17776305555556
 30
0.0
 10
370.4969588888889
 20
27.27187416666667
 30
0.0
 10
371.3965422222221
 20
35.92198527777777
 30
0.0
 10
372.5889311111111
 20
47.33787416666667
 30
0.0
 10
365.7062366666667
 20
66.20795749999999
 30
0.0
 10
364.9900977777777
 20
61.97815194444444
 30
0.0
 10
364.0164311111111
 20
56.19965194444445
 30
0.0
 10
363.7977088888888
 20
67.43915194444443
 30
0.0
 10
362.6899866666666
 20
71.69012416666665
 30
0.0
 10
360.6156533333333
 20
79.6840686111111
 30
0.0
 10
368.1227644444444
 20
63.57976305555555
 30
0.0
 10
371.6187922222222
 20
51.45831861111111
 30
0.0
  0
SPLINE
  5
50D
330
1F
100
AcDbEntity
  8
DEFAULT
 62
     1
100
AcDbSpline
210
0.0
220
0.0
230
1.0
 70
    11
 71
     3
 72
    23
 73
    19
 74
     0
 42
0.000000001
 43
0.0000000001
 40
1.0
 40
1.0
 40
1.0
 40
1.0
 40
2.0
 40
2.0
 40
2.0
 40
3.0
 40
3.0
 40
3.0
 40
4.0
 40
4.0
 40
4.0
 40
5.0
 40
5.0
 40
5.0
 40
6.0
 40
6.0
 40
6.0
 40
7.0
 40
7.0
 40
7.0
 40
7.0
 10
347.7286811111111
 20
115.1840963888889
 30
0.0
 10
349.3937922222222
 20
118.8424019444444
 30
0.0
 10
348.3707366666666
 20
116.8774297222222
 30
0.0
 10
352.4876533333333
 20
105.7508186111111
 30
0.0
 10
355.9342922222222
 20
96.4339575
 30
0.0
 10
366.1189866666667
 20
84.53123527777778
 30
0.0
 10
376.8257922222222
 20
52.17798527777778
 30
0.0
 10
382.8265422222222
 20
34.04873527777777
 30
0.0
 10
379.4680977777778
 20
23.60651305555556
 30
0.0
 10
372.1126811111111
 20
17.54579083333334
 30
0.0
 10
370.0771533333333
 20
15.86304083333333
 30
0.0
 10
375.4217366666666
 20
19.83179083333333
 30
0.0
 10
377.3514311111111
 20
33.60423527777778
 30
0.0
 10
379.65507
 20
50.06837416666666
 30
0.0
 10
360.2170144444444
 20
88.34829083333332
 30
0.0
 10
353.4366255555555
 20
100.7237352777778
 30
0.0
 10
349.7994866666666
 20
107.3524297222222
 30
0.0
 10
345.9612644444444
 20
111.3070686111111
 30
0.0
 10
347.7286811111111
 20
115.1840963888889
 30
0.0
  0
SPLINE
  5
50E
330
1F
100
AcDbEntity
  8
DEFAULT
 62
    18
100
AcDbSpline
210
0.0
220
0.0
230
1.0
 70
     8
 71
     3
 72
    17
 73
    13
 74
     0
 42
0.000000001
 43
0.0000000001
 40
0.0
 40
0.0
 40
0.0
 40
0.0
 40
5.778665676434235
 40
5.778665676434235
 40
5.778665676434235
 40
6.778665676434235
 40
6.778665676434235
 40
6.778665676434235
 40
11.99210187533415
 40
11.99210187533415
 40
11.99210187533415
 40
17.76310404133621
 40
17.76310404133621
 40
17.76310404133621
 40
17.76310404133621
 10
351.3429247222222
 20
128.7036697222222
 30
0.0
 10
352.0166126851852
 20
128.6147697222222
 30
0.0
 10
352.6903006481481
 20
128.5258697222222
 30
0.0
 10
353.363988611111
 20
128.4369697222222
 30
0.0
 10
353.3639886111111
 20
128.4369697222222
 30
0.0
 10
351.9154830555555
 20
127.7321197222222
 30
0.0
 10
351.7055802777778
 20
127.6813197222222
 30
0.0
 10
352.2583830555555
 20
127.4162660185185
 30
0.0
 10
352.8111858333334
 20
127.1512123148148
 30
0.0
 10
353.3639886111111
 20
126.8861586111111
 30
0.0
 10
352.6903006481481
 20
126.8044317592593
 30
0.0
 10
352.0166126851852
 20
126.7227049074074
 30
0.0
 10
351.3429247222222
 20
126.6409780555555
 30
0.0
  0
SPLINE
  5
50F
330
1F
100
AcDbEntity
  8
DEFAULT
 62
     1
100
AcDbSpline
210
0.0
220
0.0
230
1.0
 70
     8
 71
     3
 72
    65
 73
    61
 74
     0
 42
0.000000001
 43
0.0000000001
 40
0.0
 40
0.0
 40
0.0
 40
0.0
 40
3.746638493369835
 40
3.746638493369835
 40
3.746638493369835
 40
8.008058444512923
 40
8.008058444512923
 40
8.008058444512923
 40
9.008058444512923
 40
9.008058444512923
 40
9.008058444512923
 40
10.00805844451292
 40
10.00805844451292
 40
10.00805844451292
 40
11.00805844451292
 40
11.00805844451292
 40
11.00805844451292
 40
12.00805844451292
 40
12.00805844451292
 40
12.00805844451292
 40
13.00805844451292
 40
13.00805844451292
 40
13.00805844451292
 40
14.00805844451292
 40
14.00805844451292
 40
14.00805844451292
 40
15.00805844451292
 40
15.00805844451292
 40
15.00805844451292
 40
16.00805844451292
 40
16.00805844451292
 40
16.00805844451292
 40
20.26035194332041
 40
20.26035194332041
 40
20.26035194332041
 40
28.76085192861537
 40
28.76085192861537
 40
28.76085192861537
 40
33.01314542742281
 40
33.01314542742281
 40
33.01314542742281
 40
34.01314542742281
 40
34.01314542742281
 40
34.01314542742281
 40
35.01314542742281
 40
35.01314542742281
 40
35.01314542742281
 40
36.01314542742281
 40
36.01314542742281
 40
36.01314542742281
 40
37.01314542742281
 40
37.01314542742281
 40
37.01314542742281
 40
38.01314542742281
 40
38.01314542742281
 40
38.01314542742281
 40
42.27049201890441
 40
42.27049201890441
 40
42.27049201890441
 40
46.01713051227426
 40
46.01713051227426
 40
46.01713051227426
 40
46.01713051227426
 10
383.1757569444444
 20
164.8937308333333
 30
0.0
 10
382.7735902777777
 20
164.7138141666667
 30
0.0
 10
382.3714236111111
 20
164.5338975
 30
0.0
 10
381.9692569444444
 20
164.3539808333333
 30
0.0
 10
382.1738680555555
 20
163.8965456481482
 30
0.0
 10
382.3784791666666
 20
163.439110462963
 30
0.0
 10
382.5830902777777
 20
162.9816752777778
 30
0.0
 10
382.6924513888889
 20
162.7347308333333
 30
0.0
 10
382.9464513888888
 20
162.2902308333333
 30
0.0
 10
383.3450902777777
 20
161.4082863888889
 30
0.0
 10
383.7402013888888
 20
160.5263419444444
 30
0.0
 10
384.0330069444444
 20
159.7996197222222
 30
0.0
 10
384.0118402777777
 20
159.7890363888889
 30
0.0
 10
381.6940902777777
 20
158.7518697222222
 30
0.0
 10
380.9179791666666
 20
161.8104530555555
 30
0.0
 10
379.1435069444444
 20
164.9607586111111
 30
0.0
 10
377.0691736111111
 20
168.6331752777778
 30
0.0
 10
379.0870625
 20
170.0548697222222
 30
0.0
 10
379.0870625
 20
172.3761475
 30
0.0
 10
379.0870625
 20
174.6974252777778
 30
0.0
 10
377.0691736111111
 20
176.1191197222222
 30
0.0
 10
379.1435069444444
 20
179.7950641666667
 30
0.0
 10
380.9179791666666
 20
182.9453697222222
 30
0.0
 10
381.6940902777777
 20
186.0039530555555
 30
0.0
 10
384.0118402777777
 20
184.9667863888889
 30
0.0
 10
384.0330069444444
 20
184.9562030555555
 30
0.0
 10
383.7402013888888
 20
184.2294808333333
 30
0.0
 10
383.3450902777777
 20
183.3475363888889
 30
0.0
 10
382.9464513888888
 20
182.4655919444444
 30
0.0
 10
382.6924513888889
 20
182.0210919444444
 30
0.0
 10
382.5830902777777
 20
181.7706197222222
 30
0.0
 10
382.3784791666666
 20
181.314360462963
 30
0.0
 10
382.1738680555555
 20
180.8581012037037
 30
0.0
 10
381.9692569444444
 20
180.4018419444444
 30
0.0
 10
382.8817754629629
 20
179.9937956481481
 30
0.0
 10
383.7942939814814
 20
179.5857493518518
 30
0.0
 10
384.7068125
 20
179.1777030555556
 30
0.0
 10
384.911423611111
 20
179.6339623148148
 30
0.0
 10
385.1160347222221
 20
180.090221574074
 30
0.0
 10
385.3206458333333
 20
180.5464808333333
 30
0.0
 10
385.4335347222222
 20
180.7969530555555
 30
0.0
 10
385.5958124999999
 20
181.2837863888889
 30
0.0
 10
385.9909236111111
 20
182.1657308333333
 30
0.0
 10
386.3825069444444
 20
183.0406197222222
 30
0.0
 10
386.7211736111111
 20
183.7426475
 30
0.0
 10
386.7493958333333
 20
183.7426475
 30
0.0
 10
387.7512847222222
 20
183.2910919444444
 30
0.0
 10
389.0212847222222
 20
187.8066475
 30
0.0
 10
391.0285902777778
 20
186.9070641666666
 30
0.0
 10
391.0532847222221
 20
186.8964808333333
 30
0.0
 10
390.7534236111111
 20
186.1732863888889
 30
0.0
 10
390.3583125
 20
185.2913419444444
 30
0.0
 10
389.9667291666667
 20
184.4058697222222
 30
0.0
 10
389.7092013888889
 20
183.9578419444444
 30
0.0
 10
389.5998402777778
 20
183.7144252777778
 30
0.0
 10
389.3964050925926
 20
183.2569900925926
 30
0.0
 10
389.1929699074074
 20
182.7995549074074
 30
0.0
 10
388.9895347222222
 20
182.3421197222222
 30
0.0
 10
389.3917013888889
 20
182.1622030555555
 30
0.0
 10
389.7938680555555
 20
181.9822863888889
 30
0.0
 10
390.1960347222222
 20
181.8023697222222
 30
0.0
  0
POLYLINE
  5
510
330
1F
100
AcDbEntity
  8
DEFAULT
 62
     1
100
AcDb2dPolyline
 66
     1
 10
0.0
 20
0.0
 30
0.0
  0
VERTEX
  5
511
330
510
100
AcDbEntity
  8
DEFAULT
 62
     1
100
AcDbVertex
100
AcDb2dVertex
 10
394.7609438888888
 20
170.8733141666667
 30
0.0
  0
VERTEX
  5
512
330
510
100
AcDbEntity
  8
DEFAULT
 62
     1
100
AcDbVertex
100
AcDb2dVertex
 10
394.7609438888888
 20
172.1997586111111
 30
0.0
  0
SEQEND
  5
513
330
510
100
AcDbEntity
  8
DEFAULT
 62
     1
  0
POLYLINE
  5
514
330
1F
100
AcDbEntity
  8
DEFAULT
 62
     1
100
AcDb2dPolyline
 66
     1
 10
0.0
 20
0.0
 30
0.0
  0
VERTEX
  5
515
330
514
100
AcDbEntity
  8
DEFAULT
 62
     1
100
AcDbVertex
100
AcDb2dVertex
 10
394.7609438888888
 20
172.5490086111111
 30
0.0
  0
VERTEX
  5
516
330
514
100
AcDbEntity
  8
DEFAULT
 62
     1
100
AcDbVertex
100
AcDb2dVertex
 10
394.7609438888888
 20
173.8754530555555
 30
0.0
  0
SEQEND
  5
517
330
514
100
AcDbEntity
  8
DEFAULT
 62
     1
  0
POLYLINE
  5
518
330
1F
100
AcDbEntity
  8
DEFAULT
 62
     1
100
AcDb2dPolyline
 66
     1
 10
0.0
 20
0.0
 30
0.0
  0
VERTEX
  5
519
330
518
100
AcDbEntity
  8
DEFAULT
 62
     1
100
AcDbVertex
100
AcDb2dVertex
 10
385.2218680555556
 20
160.3287863888889
 30
0.0
  0
VERTEX
  5
51A
330
518
100
AcDbEntity
  8
DEFAULT
 62
     1
100
AcDbVertex
100
AcDb2dVertex
 10
384.0118402777778
 20
159.7855086111111
 30
0.0
  0
SEQEND
  5
51B
330
518
100
AcDbEntity
  8
DEFAULT
 62
     1
  0
POLYLINE
  5
51C
330
1F
100
AcDbEntity
  8
DEFAULT
 62
     1
100
AcDb2dPolyline
 66
     1
 10
0.0
 20
0.0
 30
0.0
  0
VERTEX
  5
51D
330
51C
100
AcDbEntity
  8
DEFAULT
 62
     1
100
AcDbVertex
100
AcDb2dVertex
 10
386.7493958333333
 20
161.0131752777778
 30
0.0
  0
VERTEX
  5
51E
330
51C
100
AcDbEntity
  8
DEFAULT
 62
     1
100
AcDbVertex
100
AcDb2dVertex
 10
385.5393680555556
 20
160.4698975
 30
0.0
  0
SEQEND
  5
51F
330
51C
100
AcDbEntity
  8
DEFAULT
 62
     1
  0
POLYLINE
  5
520
330
1F
100
AcDbEntity
  8
DEFAULT
 62
     1
100
AcDb2dPolyline
 66
     1
 10
0.0
 20
0.0
 30
0.0
  0
VERTEX
  5
521
330
520
100
AcDbEntity
  8
DEFAULT
 62
     1
100
AcDbVertex
100
AcDb2dVertex
 10
392.2386180555556
 20
158.3920363888889
 30
0.0
  0
VERTEX
  5
522
330
520
100
AcDbEntity
  8
DEFAULT
 62
     1
100
AcDbVertex
100
AcDb2dVertex
 10
391.0285902777778
 20
157.8487586111111
 30
0.0
  0
SEQEND
  5
523
330
520
100
AcDbEntity
  8
DEFAULT
 62
     1
  0
POLYLINE
  5
524
330
1F
100
AcDbEntity
  8
DEFAULT
 62
     1
100
AcDb2dPolyline
 66
     1
 10
0.0
 20
0.0
 30
0.0
  0
VERTEX
  5
525
330
524
100
AcDbEntity
  8
DEFAULT
 62
     1
100
AcDbVertex
100
AcDb2dVertex
 10
393.7661458333334
 20
159.0764252777778
 30
0.0
  0
VERTEX
  5
526
330
524
100
AcDbEntity
  8
DEFAULT
 62
     1
100
AcDbVertex
100
AcDb2dVertex
 10
392.5561180555556
 20
158.5331475
 30
0.0
  0
SEQEND
  5
527
330
524
100
AcDbEntity
  8
DEFAULT
 62
     1
  0
POLYLINE
  5
528
330
1F
100
AcDbEntity
  8
DEFAULT
 62
     1
100
AcDb2dPolyline
 66
     1
 10
0.0
 20
0.0
 30
0.0
  0
VERTEX
  5
529
330
528
100
AcDbEntity
  8
DEFAULT
 62
     1
100
AcDbVertex
100
AcDb2dVertex
 10
385.2218680555555
 20
184.4270363888889
 30
0.0
  0
VERTEX
  5
52A
330
528
100
AcDbEntity
  8
DEFAULT
 62
     1
100
AcDbVertex
100
AcDb2dVertex
 10
384.0118402777777
 20
184.9703141666666
 30
0.0
  0
SEQEND
  5
52B
330
528
100
AcDbEntity
  8
DEFAULT
 62
     1
  0
POLYLINE
  5
52C
330
1F
100
AcDbEntity
  8
DEFAULT
 62
     1
100
AcDb2dPolyline
 66
     1
 10
0.0
 20
0.0
 30
0.0
  0
VERTEX
  5
52D
330
52C
100
AcDbEntity
  8
DEFAULT
 62
     1
100
AcDbVertex
100
AcDb2dVertex
 10
386.7493958333333
 20
183.7426475
 30
0.0
  0
VERTEX
  5
52E
330
52C
100
AcDbEntity
  8
DEFAULT
 62
     1
100
AcDbVertex
100
AcDb2dVertex
 10
385.5393680555555
 20
184.2859252777777
 30
0.0
  0
SEQEND
  5
52F
330
52C
100
AcDbEntity
  8
DEFAULT
 62
     1
  0
POLYLINE
  5
530
330
1F
100
AcDbEntity
  8
DEFAULT
 62
     1
100
AcDb2dPolyline
 66
     1
 10
0.0
 20
0.0
 30
0.0
  0
VERTEX
  5
531
330
530
100
AcDbEntity
  8
DEFAULT
 62
     1
100
AcDbVertex
100
AcDb2dVertex
 10
392.2386180555555
 20
186.3637863888889
 30
0.0
  0
VERTEX
  5
532
330
530
100
AcDbEntity
  8
DEFAULT
 62
     1
100
AcDbVertex
100
AcDb2dVertex
 10
391.0285902777778
 20
186.9070641666666
 30
0.0
  0
SEQEND
  5
533
330
530
100
AcDbEntity
  8
DEFAULT
 62
     1
  0
POLYLINE
  5
534
330
1F
100
AcDbEntity
  8
DEFAULT
 62
     1
100
AcDb2dPolyline
 66
     1
 10
0.0
 20
0.0
 30
0.0
  0
VERTEX
  5
535
330
534
100
AcDbEntity
  8
DEFAULT
 62
     1
100
AcDbVertex
100
AcDb2dVertex
 10
393.7661458333333
 20
185.6793975
 30
0.0
  0
VERTEX
  5
536
330
534
100
AcDbEntity
  8
DEFAULT
 62
     1
100
AcDbVertex
100
AcDb2dVertex
 10
392.5561180555555
 20
186.2226752777777
 30
0.0
  0
SEQEND
  5
537
330
534
100
AcDbEntity
  8
DEFAULT
 62
     1
  0
SPLINE
  5
538
330
1F
100
AcDbEntity
  8
DEFAULT
 62
     1
100
AcDbSpline
210
0.0
220
0.0
230
1.0
 70
     8
 71
     3
 72
    80
 73
    76
 74
     0
 42
0.000000001
 43
0.0000000001
 40
0.0
 40
0.0
 40
0.0
 40
0.0
 40
3.759853720558656
 40
3.759853720558656
 40
3.759853720558656
 40
8.012147219365989
 40
8.012147219365989
 40
8.012147219365989
 40
9.012147219365989
 40
9.012147219365989
 40
9.012147219365989
 40
10.01214721936599
 40
10.01214721936599
 40
10.01214721936599
 40
11.01214721936599
 40
11.01214721936599
 40
11.01214721936599
 40
12.01214721936599
 40
12.01214721936599
 40
12.01214721936599
 40
13.01214721936599
 40
13.01214721936599
 40
13.01214721936599
 40
22.93214721936583
 40
22.93214721936583
 40
22.93214721936583
 40
31.43214721936583
 40
31.43214721936583
 40
31.43214721936583
 40
41.35214721936568
 40
41.35214721936568
 40
41.35214721936568
 40
42.35214721936568
 40
42.35214721936568
 40
42.35214721936568
 40
43.35214721936568
 40
43.35214721936568
 40
43.35214721936568
 40
44.35214721936568
 40
44.35214721936568
 40
44.35214721936568
 40
45.35214721936568
 40
45.35214721936568
 40
45.35214721936568
 40
46.35214721936568
 40
46.35214721936568
 40
46.35214721936568
 40
50.60444071817312
 40
50.60444071817312
 40
50.60444071817312
 40
59.09990421347457
 40
59.09990421347457
 40
59.09990421347457
 40
63.34811560181203
 40
63.34811560181203
 40
63.34811560181203
 40
64.34811560181203
 40
64.34811560181203
 40
64.34811560181203
 40
65.34811560181203
 40
65.34811560181203
 40
65.34811560181203
 40
66.34811560181203
 40
66.34811560181203
 40
66.34811560181203
 40
67.34811560181203
 40
67.34811560181203
 40
67.34811560181203
 40
68.34811560181203
 40
68.34811560181203
 40
68.34811560181203
 40
72.60040910061946
 40
72.60040910061946
 40
72.60040910061946
 40
76.36026282117832
 40
76.36026282117832
 40
76.36026282117832
 40
76.36026282117832
 10
390.5135347222222
 20
181.6612586111111
 30
0.0
 10
390.9168773148148
 20
181.4801660185185
 30
0.0
 10
391.3202199074074
 20
181.2990734259259
 30
0.0
 10
391.7235625
 20
181.1179808333333
 30
0.0
 10
391.9281736111111
 20
181.5742400925926
 30
0.0
 10
392.1327847222222
 20
182.0304993518519
 30
0.0
 10
392.3373958333333
 20
182.4867586111111
 30
0.0
 10
392.4467569444444
 20
182.7337030555555
 30
0.0
 10
392.6125625
 20
183.2205363888889
 30
0.0
 10
393.0041458333333
 20
184.1024808333333
 30
0.0
 10
393.3957291666666
 20
184.9773697222222
 30
0.0
 10
393.7308680555554
 20
185.6793975
 30
0.0
 10
393.7661458333333
 20
185.6793975
 30
0.0
 10
396.5072291666666
 20
184.4552586111111
 30
0.0
 10
394.7609791666666
 20
182.7619252777777
 30
0.0
 10
394.7609791666666
 20
173.8754530555555
 30
0.0
 10
394.7609791666666
 20
173.8472308333333
 30
0.0
 10
393.9778124999999
 20
173.8260641666666
 30
0.0
 10
393.0112013888888
 20
173.8260641666666
 30
0.0
 10
392.0445902777777
 20
173.8260641666666
 30
0.0
 10
391.5330625
 20
173.8754530555555
 30
0.0
 10
391.261423611111
 20
173.8754530555555
 30
0.0
 10
390.0949050925926
 20
173.8754530555555
 30
0.0
 10
388.928386574074
 20
173.8754530555555
 30
0.0
 10
387.7618680555555
 20
173.8754530555555
 30
0.0
 10
387.7618680555555
 20
172.8759160185185
 30
0.0
 10
387.7618680555555
 20
171.8763789814815
 30
0.0
 10
387.7618680555555
 20
170.8768419444444
 30
0.0
 10
388.928386574074
 20
170.8768419444444
 30
0.0
 10
390.0949050925925
 20
170.8768419444444
 30
0.0
 10
391.261423611111
 20
170.8768419444444
 30
0.0
 10
391.5330625
 20
170.8768419444444
 30
0.0
 10
392.0445902777777
 20
170.9262308333333
 30
0.0
 10
393.0112013888888
 20
170.9262308333333
 30
0.0
 10
393.9778124999999
 20
170.9262308333333
 30
0.0
 10
394.7609791666666
 20
170.9015363888889
 30
0.0
 10
394.7609791666666
 20
170.8768419444444
 30
0.0
 10
394.7609791666666
 20
161.9903697222222
 30
0.0
 10
396.5072291666666
 20
160.3005641666666
 30
0.0
 10
393.7661458333333
 20
159.0764252777778
 30
0.0
 10
393.7308680555554
 20
159.0764252777778
 30
0.0
 10
393.3957291666666
 20
159.7784530555555
 30
0.0
 10
393.0041458333333
 20
160.6533419444444
 30
0.0
 10
392.6125625
 20
161.5352863888889
 30
0.0
 10
392.4467569444444
 20
162.0221197222222
 30
0.0
 10
392.3373958333333
 20
162.2690641666666
 30
0.0
 10
392.1327847222222
 20
162.7253234259259
 30
0.0
 10
391.9281736111111
 20
163.1815826851852
 30
0.0
 10
391.7235625
 20
163.6378419444444
 30
0.0
 10
390.8122199074073
 20
163.2286197222222
 30
0.0
 10
389.9008773148148
 20
162.8193975
 30
0.0
 10
388.9895347222222
 20
162.4101752777778
 30
0.0
 10
389.1929699074074
 20
161.9539160185185
 30
0.0
 10
389.3964050925926
 20
161.4976567592593
 30
0.0
 10
389.5998402777778
 20
161.0413975
 30
0.0
 10
389.7092013888889
 20
160.7944530555556
 30
0.0
 10
389.9667291666667
 20
160.3464252777777
 30
0.0
 10
390.3583125
 20
159.4644808333333
 30
0.0
 10
390.7534236111111
 20
158.5825363888889
 30
0.0
 10
391.0532847222221
 20
157.8593419444444
 30
0.0
 10
391.0285902777778
 20
157.8487586111111
 30
0.0
 10
389.0212847222222
 20
156.9456475
 30
0.0
 10
387.7512847222222
 20
161.4647308333333
 30
0.0
 10
386.7493958333333
 20
161.0131752777778
 30
0.0
 10
386.7211736111111
 20
161.0131752777778
 30
0.0
 10
386.3825069444444
 20
161.7152030555555
 30
0.0
 10
385.9909236111111
 20
162.5900919444444
 30
0.0
 10
385.5958124999999
 20
163.4720363888889
 30
0.0
 10
385.4335347222221
 20
163.9588697222222
 30
0.0
 10
385.3206458333333
 20
164.2093419444444
 30
0.0
 10
385.1160347222221
 20
164.6656012037037
 30
0.0
 10
384.911423611111
 20
165.1218604629629
 30
0.0
 10
384.7068125
 20
165.5781197222222
 30
0.0
 10
384.3034699074074
 20
165.3970271296296
 30
0.0
 10
383.9001273148147
 20
165.215934537037
 30
0.0
 10
383.4967847222221
 20
165.0348419444444
 30
0.0
  0
SPLINE
  5
539
330
1F
100
AcDbEntity
  8
DEFAULT
 62
    18
100
AcDbSpline
210
0.0
220
0.0
230
1.0
 70
     8
 71
     3
 72
    14
 73
    10
 74
     0
 42
0.000000001
 43
0.0000000001
 40
0.0
 40
0.0
 40
0.0
 40
0.0
 40
5.728829287035869
 40
5.728829287035869
 40
5.728829287035869
 40
6.728829287035869
 40
6.728829287035869
 40
6.728829287035869
 40
12.45749998799253
 40
12.45749998799253
 40
12.45749998799253
 40
12.45749998799253
 10
388.8838777777778
 20
164.5895658333334
 30
0.0
 10
388.6078879629629
 20
165.2041047222222
 30
0.0
 10
388.3318981481482
 20
165.8186436111111
 30
0.0
 10
388.0559083333334
 20
166.4331825
 30
0.0
 10
388.0559083333333
 20
166.4331825
 30
0.0
 10
389.9954805555555
 20
165.3155825
 30
0.0
 10
390.1676361111111
 20
165.1660047222222
 30
0.0
 10
389.8844731481481
 20
165.7772510185185
 30
0.0
 10
389.6013101851851
 20
166.3884973148148
 30
0.0
 10
389.3181472222222
 20
166.9997436111111
 30
0.0
  0
SPLINE
  5
53A
330
1F
100
AcDbEntity
  8
DEFAULT
 62
    18
100
AcDbSpline
210
0.0
220
0.0
230
1.0
 70
     8
 71
     3
 72
    14
 73
    10
 74
     0
 42
0.000000001
 43
0.0000000001
 40
0.0
 40
0.0
 40
0.0
 40
0.0
 40
5.728199106176304
 40
5.728199106176304
 40
5.728199106176304
 40
6.728199106176304
 40
6.728199106176304
 40
6.728199106176304
 40
12.45701896719478
 40
12.45701896719478
 40
12.45701896719478
 40
12.45701896719478
 10
390.1665424999999
 20
179.5893241666666
 30
0.0
 10
389.8912582407406
 20
178.9745500925925
 30
0.0
 10
389.6159739814814
 20
178.3597760185185
 30
0.0
 10
389.3406897222221
 20
177.7450019444444
 30
0.0
 10
389.3406897222222
 20
177.7450019444444
 30
0.0
 10
388.885253611111
 20
179.9364575
 30
0.0
 10
388.882078611111
 20
180.1643519444444
 30
0.0
 10
388.6140850925925
 20
179.5462852777778
 30
0.0
 10
388.346091574074
 20
178.9282186111111
 30
0.0
 10
388.0780980555555
 20
178.3101519444444
 30
0.0
  0
SPLINE
  5
53B
330
1F
100
AcDbEntity
  8
DEFAULT
 62
    18
100
AcDbSpline
210
0.0
220
0.0
230
1.0
 70
     8
 71
     3
 72
    17
 73
    13
 74
     0
 42
0.000000001
 43
0.0000000001
 40
0.0
 40
0.0
 40
0.0
 40
0.0
 40
5.777977587356756
 40
5.777977587356756
 40
5.777977587356756
 40
6.777977587356756
 40
6.777977587356756
 40
6.777977587356756
 40
11.99067525746955
 40
11.99067525746955
 40
11.99067525746955
 40
17.76167213842522
 40
17.76167213842522
 40
17.76167213842522
 40
17.76167213842522
 10
383.4508530555555
 20
177.5140383333333
 30
0.0
 10
383.0947826851851
 20
176.9353651851851
 30
0.0
 10
382.7387123148148
 20
176.356692037037
 30
0.0
 10
382.3826419444444
 20
175.7780188888889
 30
0.0
 10
382.3826419444444
 20
175.7780188888889
 30
0.0
 10
382.3304308333333
 20
177.3877438888889
 30
0.0
 10
382.3695891666666
 20
177.6001161111111
 30
0.0
 10
381.9020410185185
 20
177.2037114814815
 30
0.0
 10
381.4344928703704
 20
176.8073068518518
 30
0.0
 10
380.9669447222223
 20
176.4109022222222
 30
0.0
 10
381.1672049074074
 20
177.0593077777777
 30
0.0
 10
381.3674650925926
 20
177.7077133333333
 30
0.0
 10
381.5677252777778
 20
178.3561188888889
 30
0.0
  0
SPLINE
  5
53C
330
1F
100
AcDbEntity
  8
DEFAULT
 62
    18
100
AcDbSpline
210
0.0
220
0.0
230
1.0
 70
     8
 71
     3
 72
    17
 73
    13
 74
     0
 42
0.000000001
 43
0.0000000001
 40
0.0
 40
0.0
 40
0.0
 40
0.0
 40
5.778290837263136
 40
5.778290837263136
 40
5.778290837263136
 40
6.778290837263136
 40
6.778290837263136
 40
6.778290837263136
 40
11.99014473007323
 40
11.99014473007323
 40
11.99014473007323
 40
17.76004542245951
 40
17.76004542245951
 40
17.76004542245951
 40
17.76004542245951
 10
381.5667022222221
 20
166.3992452777777
 30
0.0
 10
381.372792037037
 20
167.0504730555555
 30
0.0
 10
381.1788818518517
 20
167.7017008333333
 30
0.0
 10
380.9849716666666
 20
168.3529286111111
 30
0.0
 10
380.9849716666666
 20
168.3529286111111
 30
0.0
 10
382.2196938888889
 20
167.3185841666667
 30
0.0
 10
382.3519855555555
 20
167.1478397222222
 30
0.0
 10
382.3683309259259
 20
167.7604971296296
 30
0.0
 10
382.3846762962962
 20
168.373154537037
 30
0.0
 10
382.4010216666666
 20
168.9858119444444
 30
0.0
 10
382.7506244444444
 20
168.4043165740741
 30
0.0
 10
383.1002272222222
 20
167.8228212037037
 30
0.0
 10
383.4498299999999
 20
167.2413258333333
 30
0.0
  0
POLYLINE
  5
53D
330
1F
100
AcDbEntity
  8
DEFAULT
 62
    18
100
AcDb2dPolyline
 66
     1
 10
0.0
 20
0.0
 30
0.0
  0
VERTEX
  5
53E
330
53D
100
AcDbEntity
  8
DEFAULT
 62
    18
100
AcDbVertex
100
AcDb2dVertex
 10
385.7304325
 20
172.3754772222222
 30
0.0
  0
VERTEX
  5
53F
330
53D
100
AcDbEntity
  8
DEFAULT
 62
    18
100
AcDbVertex
100
AcDb2dVertex
 10
383.7093686111111
 20
172.3754772222222
 30
0.0
  0
SEQEND
  5
540
330
53D
100
AcDbEntity
  8
DEFAULT
 62
    18
  0
POLYLINE
  5
541
330
1F
100
AcDbEntity
  8
DEFAULT
 62
     1
100
AcDb2dPolyline
 66
     1
 10
0.0
 20
0.0
 30
0.0
  0
VERTEX
  5
542
330
541
100
AcDbEntity
  8
DEFAULT
 62
     1
100
AcDbVertex
100
AcDb2dVertex
 10
287.0086405555555
 20
167.5824972222222
 30
0.0
  0
VERTEX
  5
543
330
541
100
AcDbEntity
  8
DEFAULT
 62
     1
100
AcDbVertex
100
AcDb2dVertex
 10
285.8973905555555
 20
166.8593027777777
 30
0.0
  0
SEQEND
  5
544
330
541
100
AcDbEntity
  8
DEFAULT
 62
     1
  0
POLYLINE
  5
545
330
1F
100
AcDbEntity
  8
DEFAULT
 62
     1
100
AcDb2dPolyline
 66
     1
 10
0.0
 20
0.0
 30
0.0
  0
VERTEX
  5
546
330
545
100
AcDbEntity
  8
DEFAULT
 62
     1
100
AcDbVertex
100
AcDb2dVertex
 10
285.604585
 20
166.6688027777778
 30
0.0
  0
VERTEX
  5
547
330
545
100
AcDbEntity
  8
DEFAULT
 62
     1
100
AcDbVertex
100
AcDb2dVertex
 10
284.493335
 20
165.9456083333333
 30
0.0
  0
SEQEND
  5
548
330
545
100
AcDbEntity
  8
DEFAULT
 62
     1
  0
POLYLINE
  5
549
330
1F
100
AcDbEntity
  8
DEFAULT
 62
     1
100
AcDb2dPolyline
 66
     1
 10
0.0
 20
0.0
 30
0.0
  0
VERTEX
  5
54A
330
549
100
AcDbEntity
  8
DEFAULT
 62
     1
100
AcDbVertex
100
AcDb2dVertex
 10
285.604585
 20
173.7949138888889
 30
0.0
  0
VERTEX
  5
54B
330
549
100
AcDbEntity
  8
DEFAULT
 62
     1
100
AcDbVertex
100
AcDb2dVertex
 10
284.4933349999999
 20
174.5181083333333
 30
0.0
  0
SEQEND
  5
54C
330
549
100
AcDbEntity
  8
DEFAULT
 62
     1
  0
POLYLINE
  5
54D
330
1F
100
AcDbEntity
  8
DEFAULT
 62
     1
100
AcDb2dPolyline
 66
     1
 10
0.0
 20
0.0
 30
0.0
  0
VERTEX
  5
54E
330
54D
100
AcDbEntity
  8
DEFAULT
 62
     1
100
AcDbVertex
100
AcDb2dVertex
 10
287.0051127777778
 20
172.8812194444444
 30
0.0
  0
VERTEX
  5
54F
330
54D
100
AcDbEntity
  8
DEFAULT
 62
     1
100
AcDbVertex
100
AcDb2dVertex
 10
285.8938627777777
 20
173.6044138888889
 30
0.0
  0
SEQEND
  5
550
330
54D
100
AcDbEntity
  8
DEFAULT
 62
     1
  0
POLYLINE
  5
551
330
1F
100
AcDbEntity
  8
DEFAULT
 62
     1
100
AcDb2dPolyline
 66
     1
 10
0.0
 20
0.0
 30
0.0
  0
VERTEX
  5
552
330
551
100
AcDbEntity
  8
DEFAULT
 62
     1
100
AcDbVertex
100
AcDb2dVertex
 10
300.3648072222222
 20
168.7325527777778
 30
0.0
  0
VERTEX
  5
553
330
551
100
AcDbEntity
  8
DEFAULT
 62
     1
100
AcDbVertex
100
AcDb2dVertex
 10
300.3648072222222
 20
170.0554694444444
 30
0.0
  0
SEQEND
  5
554
330
551
100
AcDbEntity
  8
DEFAULT
 62
     1
  0
POLYLINE
  5
555
330
1F
100
AcDbEntity
  8
DEFAULT
 62
     1
100
AcDb2dPolyline
 66
     1
 10
0.0
 20
0.0
 30
0.0
  0
VERTEX
  5
556
330
555
100
AcDbEntity
  8
DEFAULT
 62
     1
100
AcDbVertex
100
AcDb2dVertex
 10
300.3648072222222
 20
170.4047194444444
 30
0.0
  0
VERTEX
  5
557
330
555
100
AcDbEntity
  8
DEFAULT
 62
     1
100
AcDbVertex
100
AcDb2dVertex
 10
300.3648072222222
 20
171.7311638888889
 30
0.0
  0
SEQEND
  5
558
330
555
100
AcDbEntity
  8
DEFAULT
 62
     1
  0
SPLINE
  5
559
330
1F
100
AcDbEntity
  8
DEFAULT
 62
     1
100
AcDbSpline
210
0.0
220
0.0
230
1.0
 70
     8
 71
     3
 72
    68
 73
    64
 74
     0
 42
0.000000001
 43
0.0000000001
 40
0.0
 40
0.0
 40
0.0
 40
0.0
 40
3.744489284268409
 40
3.744489284268409
 40
3.744489284268409
 40
13.66580472124558
 40
13.66580472124558
 40
13.66580472124558
 40
14.66580472124558
 40
14.66580472124558
 40
14.66580472124558
 40
15.66580472124558
 40
15.66580472124558
 40
15.66580472124558
 40
16.66580472124558
 40
16.66580472124558
 40
16.66580472124558
 40
17.66580472124558
 40
17.66580472124558
 40
17.66580472124558
 40
18.66580472124558
 40
18.66580472124558
 40
18.66580472124558
 40
19.66580472124558
 40
19.66580472124558
 40
19.66580472124558
 40
20.66580472124558
 40
20.66580472124558
 40
20.66580472124558
 40
30.58580472124565
 40
30.58580472124565
 40
30.58580472124565
 40
39.08580472124565
 40
39.08580472124565
 40
39.08580472124565
 40
49.00580472124572
 40
49.00580472124572
 40
49.00580472124572
 40
50.00580472124572
 40
50.00580472124572
 40
50.00580472124572
 40
51.00580472124572
 40
51.00580472124572
 40
51.00580472124572
 40
52.00580472124572
 40
52.00580472124572
 40
52.00580472124572
 40
53.00580472124572
 40
53.00580472124572
 40
53.00580472124572
 40
54.00580472124572
 40
54.00580472124572
 40
54.00580472124572
 40
55.00580472124572
 40
55.00580472124572
 40
55.00580472124572
 40
56.00580472124572
 40
56.00580472124572
 40
56.00580472124572
 40
65.9271201582228
 40
65.9271201582228
 40
65.9271201582228
 40
69.67160944249109
 40
69.67160944249109
 40
69.67160944249109
 40
69.67160944249109
 10
289.4251683333334
 20
179.6616083333333
 30
0.0
 10
289.0559275925926
 20
179.9014972222222
 30
0.0
 10
288.6866868518518
 20
180.1413861111111
 30
0.0
 10
288.3174461111111
 20
180.381275
 30
0.0
 10
287.6800942592592
 20
179.4040805555555
 30
0.0
 10
287.0427424074074
 20
178.4268861111111
 30
0.0
 10
286.4053905555556
 20
177.4496916666667
 30
0.0
 10
286.2572238888889
 20
177.2203861111111
 30
0.0
 10
286.0208627777778
 20
176.7688305555556
 30
0.0
 10
285.4916961111111
 20
175.9574416666667
 30
0.0
 10
284.969585
 20
175.1566361111111
 30
0.0
 10
284.525085
 20
174.5181083333333
 30
0.0
 10
284.493335
 20
174.5181083333333
 30
0.0
 10
282.6624183333333
 20
175.7210805555555
 30
0.0
 10
283.0504738888889
 20
178.0035527777778
 30
0.0
 10
286.3630572222222
 20
183.6233027777778
 30
0.0
 10
288.3174461111111
 20
186.9394138888889
 30
0.0
 10
291.1431961111111
 20
187.6343861111111
 30
0.0
 10
292.9494183333333
 20
186.5619416666667
 30
0.0
 10
297.5143627777778
 20
183.8561361111111
 30
0.0
 10
300.3648072222222
 20
183.5774416666666
 30
0.0
 10
300.3648072222222
 20
171.7311638888889
 30
0.0
 10
300.3648072222222
 20
171.7029416666666
 30
0.0
 10
299.5816405555555
 20
171.681775
 30
0.0
 10
298.6150294444444
 20
171.681775
 30
0.0
 10
297.6484183333333
 20
171.681775
 30
0.0
 10
297.1368905555556
 20
171.7311638888889
 30
0.0
 10
296.8652516666667
 20
171.7311638888889
 30
0.0
 10
295.6987331481482
 20
171.7311638888889
 30
0.0
 10
294.5322146296297
 20
171.7311638888889
 30
0.0
 10
293.3656961111111
 20
171.7311638888889
 30
0.0
 10
293.3656961111111
 20
170.7316268518518
 30
0.0
 10
293.3656961111111
 20
169.7320898148148
 30
0.0
 10
293.3656961111111
 20
168.7325527777778
 30
0.0
 10
294.5322146296297
 20
168.7325527777778
 30
0.0
 10
295.6987331481482
 20
168.7325527777778
 30
0.0
 10
296.8652516666667
 20
168.7325527777778
 30
0.0
 10
297.1368905555556
 20
168.7325527777778
 30
0.0
 10
297.6484183333333
 20
168.7819416666667
 30
0.0
 10
298.6150294444444
 20
168.7819416666667
 30
0.0
 10
299.5816405555555
 20
168.7819416666667
 30
0.0
 10
300.3648072222222
 20
168.7572472222222
 30
0.0
 10
300.3648072222222
 20
168.7325527777778
 30
0.0
 10
300.3648072222222
 20
156.886275
 30
0.0
 10
297.5143627777778
 20
156.6075805555556
 30
0.0
 10
292.9494183333333
 20
153.901775
 30
0.0
 10
291.1431961111111
 20
152.8293305555555
 30
0.0
 10
288.3174461111111
 20
153.5243027777778
 30
0.0
 10
286.3630572222222
 20
156.8404138888889
 30
0.0
 10
283.0504738888889
 20
162.4601638888889
 30
0.0
 10
282.6624183333333
 20
164.7426361111111
 30
0.0
 10
284.493335
 20
165.9456083333333
 30
0.0
 10
284.525085
 20
165.9456083333333
 30
0.0
 10
284.969585
 20
165.3070805555555
 30
0.0
 10
285.4916961111111
 20
164.506275
 30
0.0
 10
286.0208627777778
 20
163.6948861111111
 30
0.0
 10
286.2572238888889
 20
163.2433305555555
 30
0.0
 10
286.4053905555556
 20
163.014025
 30
0.0
 10
287.0427424074074
 20
162.0368305555555
 30
0.0
 10
287.6800942592592
 20
161.0596361111111
 30
0.0
 10
288.3174461111111
 20
160.0824416666667
 30
0.0
 10
288.6866868518518
 20
160.3223305555556
 30
0.0
 10
289.0559275925926
 20
160.5622194444444
 30
0.0
 10
289.4251683333333
 20
160.8021083333333
 30
0.0
  0
SPLINE
  5
55A
330
1F
100
AcDbEntity
  8
DEFAULT
 62
     1
100
AcDbSpline
210
0.0
220
0.0
230
1.0
 70
     8
 71
     3
 72
    35
 73
    31
 74
     0
 42
0.000000001
 43
0.0000000001
 40
0.0
 40
0.0
 40
0.0
 40
0.0
 40
3.75832409459331
 40
3.75832409459331
 40
3.75832409459331
 40
13.67418008386623
 40
13.67418008386623
 40
13.67418008386623
 40
14.67418008386623
 40
14.67418008386623
 40
14.67418008386623
 40
15.67418008386623
 40
15.67418008386623
 40
15.67418008386623
 40
16.67418008386623
 40
16.67418008386623
 40
16.67418008386623
 40
17.67418008386623
 40
17.67418008386623
 40
17.67418008386623
 40
18.67418008386623
 40
18.67418008386623
 40
18.67418008386623
 40
19.67418008386623
 40
19.67418008386623
 40
19.67418008386623
 40
29.59003607313915
 40
29.59003607313915
 40
29.59003607313915
 40
33.34836016773237
 40
33.34836016773237
 40
33.34836016773237
 40
33.34836016773237
 10
289.7179738888888
 20
179.4711083333333
 30
0.0
 10
290.0883905555555
 20
179.2300435185185
 30
0.0
 10
290.4588072222222
 20
178.9889787037037
 30
0.0
 10
290.8292238888889
 20
178.7479138888889
 30
0.0
 10
290.193047962963
 20
177.7707194444444
 30
0.0
 10
289.556872037037
 20
176.793525
 30
0.0
 10
288.9206961111111
 20
175.8163305555555
 30
0.0
 10
288.7690016666666
 20
175.587025
 30
0.0
 10
288.4479738888888
 20
175.1848583333333
 30
0.0
 10
287.922335
 20
174.3769972222222
 30
0.0
 10
287.3966961111111
 20
173.5726638888889
 30
0.0
 10
286.9910016666666
 20
172.9094416666667
 30
0.0
 10
287.0051127777778
 20
172.8812194444444
 30
0.0
 10
287.0051127777778
 20
171.4418861111111
 30
0.0
 10
285.985585
 20
172.2391638888889
 30
0.0
 10
285.985585
 20
170.2318583333333
 30
0.0
 10
285.985585
 20
168.2245527777778
 30
0.0
 10
287.0051127777778
 20
169.0218305555555
 30
0.0
 10
287.0051127777778
 20
167.5824972222222
 30
0.0
 10
286.9910016666666
 20
167.554275
 30
0.0
 10
287.3966961111111
 20
166.8910527777778
 30
0.0
 10
287.922335
 20
166.0867194444444
 30
0.0
 10
288.4479738888888
 20
165.2788583333333
 30
0.0
 10
288.7690016666666
 20
164.8802194444444
 30
0.0
 10
288.9206961111111
 20
164.6473861111111
 30
0.0
 10
289.556872037037
 20
163.6701916666667
 30
0.0
 10
290.1930479629629
 20
162.6929972222222
 30
0.0
 10
290.8292238888889
 20
161.7158027777778
 30
0.0
 10
290.4588072222222
 20
161.474737962963
 30
0.0
 10
290.0883905555555
 20
161.2336731481481
 30
0.0
 10
289.7179738888889
 20
160.9926083333333
 30
0.0
  0
SPLINE
  5
55B
330
1F
100
AcDbEntity
  8
DEFAULT
 62
    18
100
AcDbSpline
210
0.0
220
0.0
230
1.0
 70
     8
 71
     3
 72
    23
 73
    19
 74
     0
 42
0.000000001
 43
0.0000000001
 40
0.0
 40
0.0
 40
0.0
 40
0.0
 40
1.0
 40
1.0
 40
1.0
 40
2.0
 40
2.0
 40
2.0
 40
3.0
 40
3.0
 40
3.0
 40
6.612908108435628
 40
6.612908108435628
 40
6.612908108435628
 40
7.612908108435628
 40
7.612908108435628
 40
7.612908108435628
 40
8.612908108435628
 40
8.612908108435628
 40
8.612908108435628
 40
8.612908108435628
 10
291.576125
 20
159.0023066666666
 30
0.0
 10
291.8146027777777
 20
158.6354177777778
 30
0.0
 10
291.7867333333333
 20
158.2057344444444
 30
0.0
 10
291.4321916666667
 20
157.9750177777778
 30
0.0
 10
291.0349638888889
 20
157.7167844444444
 30
0.0
 10
290.7022944444444
 20
157.9972427777778
 30
0.0
 10
290.5565972222222
 20
158.2212566666666
 30
0.0
 10
290.5273166666666
 20
158.2664122222222
 30
0.0
 10
290.5216722222222
 20
158.2808761111111
 30
0.0
 10
290.509325
 20
158.304865
 30
0.0
 10
290.864925
 20
158.5373455555555
 30
0.0
 10
291.220525
 20
158.7698261111111
 30
0.0
 10
291.576125
 20
159.0023066666666
 30
0.0
 10
291.3372944444444
 20
159.3691955555555
 30
0.0
 10
290.9534722222222
 20
159.4697372222222
 30
0.0
 10
290.5788222222222
 20
159.2263205555555
 30
0.0
 10
290.3855
 20
159.1003788888889
 30
0.0
 10
290.2782555555555
 20
158.9737316666667
 30
0.0
 10
290.2232222222222
 20
158.8876538888889
 30
0.0
  0
SPLINE
  5
55C
330
1F
100
AcDbEntity
  8
DEFAULT
 62
    18
100
AcDbSpline
210
0.0
220
0.0
230
1.0
 70
     8
 71
     3
 72
    23
 73
    19
 74
     0
 42
0.000000001
 43
0.0000000001
 40
0.0
 40
0.0
 40
0.0
 40
0.0
 40
1.0
 40
1.0
 40
1.0
 40
2.0
 40
2.0
 40
2.0
 40
3.0
 40
3.0
 40
3.0
 40
6.611979097392529
 40
6.611979097392529
 40
6.611979097392529
 40
7.611979097392529
 40
7.611979097392529
 40
7.611979097392529
 40
8.61197909739253
 40
8.61197909739253
 40
8.61197909739253
 40
8.61197909739253
 10
290.4995883333333
 20
182.161815
 30
0.0
 10
290.7380661111111
 20
182.5287038888889
 30
0.0
 10
291.1423494444444
 20
182.6772233333333
 30
0.0
 10
291.4968911111111
 20
182.4465066666666
 30
0.0
 10
291.8937661111111
 20
182.1882733333333
 30
0.0
 10
291.7724105555555
 20
181.7705844444444
 30
0.0
 10
291.6267133333333
 20
181.5465705555555
 30
0.0
 10
291.5974327777777
 20
181.501415
 30
0.0
 10
291.5864966666666
 20
181.4904788888889
 30
0.0
 10
291.5692105555555
 20
181.4693122222222
 30
0.0
 10
291.2126698148148
 20
181.7001464814814
 30
0.0
 10
290.856129074074
 20
181.9309807407407
 30
0.0
 10
290.4995883333333
 20
182.161815
 30
0.0
 10
290.2607577777777
 20
181.7949261111111
 30
0.0
 10
290.3242577777777
 20
181.40299
 30
0.0
 10
290.6989077777778
 20
181.1595733333333
 30
0.0
 10
290.8922299999999
 20
181.0336316666667
 30
0.0
 10
291.0516855555555
 20
180.987065
 30
0.0
 10
291.1525799999999
 20
180.9715427777778
 30
0.0
  0
SPLINE
  5
55D
330
1F
100
AcDbEntity
  8
DEFAULT
 62
    18
100
AcDbSpline
210
0.0
220
0.0
230
1.0
 70
     8
 71
     3
 72
    14
 73
    10
 74
     0
 42
0.000000001
 43
0.0000000001
 40
0.0
 40
0.0
 40
0.0
 40
0.0
 40
3.83299999999997
 40
3.83299999999997
 40
3.83299999999997
 40
4.83299999999997
 40
4.83299999999997
 40
4.83299999999997
 40
5.83299999999997
 40
5.83299999999997
 40
5.83299999999997
 40
5.83299999999997
 10
289.2968983333333
 20
170.6777694444444
 30
0.0
 10
289.7476307407407
 20
170.6777694444444
 30
0.0
 10
290.1983631481481
 20
170.6777694444444
 30
0.0
 10
290.6490955555555
 20
170.6777694444444
 30
0.0
 10
291.1856705555555
 20
170.6777694444444
 30
0.0
 10
291.3507705555555
 20
170.4138916666666
 30
0.0
 10
291.3507705555555
 20
170.0660527777778
 30
0.0
 10
291.3507705555555
 20
169.9700972222222
 30
0.0
 10
291.3299566666666
 20
169.8533277777778
 30
0.0
 10
291.3027927777778
 20
169.7873583333333
 30
0.0
  0
SPLINE
  5
55E
330
1F
100
AcDbEntity
  8
DEFAULT
 62
     1
100
AcDbSpline
210
0.0
220
0.0
230
1.0
 70
     8
 71
     3
 72
    80
 73
    76
 74
     0
 42
0.000000001
 43
0.0000000001
 40
0.0
 40
0.0
 40
0.0
 40
0.0
 40
3.756620821962238
 40
3.756620821962238
 40
3.756620821962238
 40
15.08418454943695
 40
15.08418454943695
 40
15.08418454943695
 40
16.08418454943695
 40
16.08418454943695
 40
16.08418454943695
 40
17.08418454943695
 40
17.08418454943695
 40
17.08418454943695
 40
18.08418454943695
 40
18.08418454943695
 40
18.08418454943695
 40
19.08418454943695
 40
19.08418454943695
 40
19.08418454943695
 40
20.08418454943695
 40
20.08418454943695
 40
20.08418454943695
 40
21.08418454943695
 40
21.08418454943695
 40
21.08418454943695
 40
22.08418454943695
 40
22.08418454943695
 40
22.08418454943695
 40
23.08418454943695
 40
23.08418454943695
 40
23.08418454943695
 40
24.08418454943695
 40
24.08418454943695
 40
24.08418454943695
 40
25.08418454943695
 40
25.08418454943695
 40
25.08418454943695
 40
26.08418454943695
 40
26.08418454943695
 40
26.08418454943695
 40
27.08418454943695
 40
27.08418454943695
 40
27.08418454943695
 40
28.08418454943695
 40
28.08418454943695
 40
28.08418454943695
 40
29.08418454943695
 40
29.08418454943695
 40
29.08418454943695
 40
30.08418454943695
 40
30.08418454943695
 40
30.08418454943695
 40
31.08418454943695
 40
31.08418454943695
 40
31.08418454943695
 40
32.08418454943695
 40
32.08418454943695
 40
32.08418454943695
 40
33.08418454943695
 40
33.08418454943695
 40
33.08418454943695
 40
34.08418454943695
 40
34.08418454943695
 40
34.08418454943695
 40
35.08418454943695
 40
35.08418454943695
 40
35.08418454943695
 40
36.08418454943695
 40
36.08418454943695
 40
36.08418454943695
 40
74.56418584881324
 40
74.56418584881324
 40
74.56418584881324
 40
78.32418584881323
 40
78.32418584881323
 40
78.32418584881323
 40
78.32418584881323
 10
337.4052391666667
 20
179.1362516666667
 30
0.0
 10
336.9689706481482
 20
179.2056312962963
 30
0.0
 10
336.5327021296296
 20
179.2750109259259
 30
0.0
 10
336.0964336111111
 20
179.3443905555555
 30
0.0
 10
336.3033965740741
 20
180.6602516666667
 30
0.0
 10
336.510359537037
 20
181.9761127777778
 30
0.0
 10
336.7173225
 20
183.2919738888889
 30
0.0
 10
336.7631836111111
 20
183.5671405555555
 30
0.0
 10
336.8937113888888
 20
184.0786683333333
 30
0.0
 10
337.0454058333333
 20
185.0593905555556
 30
0.0
 10
337.2006280555555
 20
186.0401127777778
 30
0.0
 10
337.2323780555555
 20
186.5692794444444
 30
0.0
 10
337.2782391666667
 20
186.8444461111111
 30
0.0
 10
337.3205725
 20
187.1125572222222
 30
0.0
 10
337.4475725
 20
187.6099738888889
 30
0.0
 10
337.5992669444444
 20
188.5660016666666
 30
0.0
 10
337.7474336111111
 20
189.5185016666667
 30
0.0
 10
337.7791836111111
 20
190.0335572222222
 30
0.0
 10
337.8215169444444
 20
190.3016683333333
 30
0.0
 10
337.8603224999999
 20
190.5697794444444
 30
0.0
 10
337.9908502777777
 20
191.0671961111111
 30
0.0
 10
338.1390169444444
 20
192.0232238888889
 30
0.0
 10
338.2907113888888
 20
192.9792516666666
 30
0.0
 10
338.3930169444444
 20
193.7553627777777
 30
0.0
 10
338.3612669444444
 20
193.7588905555555
 30
0.0
 10
336.8796002777777
 20
193.9917238888889
 30
0.0
 10
335.8106836111111
 20
196.291835
 30
0.0
 10
336.0047113888888
 20
194.1293072222222
 30
0.0
 10
336.2234336111111
 20
191.6951405555555
 30
0.0
 10
333.2107113888889
 20
191.4799461111111
 30
0.0
 10
331.5808780555556
 20
175.3438905555555
 30
0.0
 10
329.3978891666666
 20
153.7778794444444
 30
0.0
 10
331.6867113888889
 20
151.5426794444444
 30
0.0
 10
331.1928225
 20
146.5184183333333
 30
0.0
 10
330.8421613888888
 20
142.9377238888889
 30
0.0
 10
333.0953530555556
 20
135.2185933333333
 30
0.0
 10
335.6272391666666
 20
135.8998072222222
 30
0.0
 10
337.6274891666666
 20
137.1168905555555
 30
0.0
 10
339.6877113888889
 20
138.475085
 30
0.0
 10
341.4692391666666
 20
138.4221683333333
 30
0.0
 10
341.4974613888889
 20
138.4398072222222
 30
0.0
 10
341.5221558333333
 20
139.2123905555555
 30
0.0
 10
341.5221558333333
 20
140.1719461111111
 30
0.0
 10
341.5186280555555
 20
141.1385572222222
 30
0.0
 10
341.4692391666666
 20
141.6465572222222
 30
0.0
 10
341.4657113888888
 20
141.9181961111111
 30
0.0
 10
341.4692391666666
 20
142.1933627777778
 30
0.0
 10
341.5151002777777
 20
142.7084183333333
 30
0.0
 10
341.5186280555555
 20
143.6679738888889
 30
0.0
 10
341.5115724999999
 20
144.6381127777778
 30
0.0
 10
341.4657113888888
 20
145.1496405555555
 30
0.0
 10
341.4621836111111
 20
145.4212794444444
 30
0.0
 10
341.4657113888888
 20
145.6929183333333
 30
0.0
 10
341.5151002777777
 20
146.2044461111111
 30
0.0
 10
341.5115724999999
 20
147.1710572222222
 30
0.0
 10
341.5080447222222
 20
148.1376683333333
 30
0.0
 10
341.4621836111111
 20
148.6456683333333
 30
0.0
 10
341.4621836111111
 20
148.9173072222222
 30
0.0
 10
341.4657113888888
 20
149.1889461111111
 30
0.0
 10
341.5151002777777
 20
149.7004738888889
 30
0.0
 10
341.5115724999999
 20
150.667085
 30
0.0
 10
341.5115724999999
 20
151.6336961111111
 30
0.0
 10
341.4621836111111
 20
152.1416961111111
 30
0.0
 10
341.4621836111111
 20
152.413335
 30
0.0
 10
341.4621836111111
 20
152.6955572222222
 30
0.0
 10
341.5115724999999
 20
153.2211961111111
 30
0.0
 10
341.5080447222222
 20
154.2125016666666
 30
0.0
 10
341.5115724999999
 20
155.207335
 30
0.0
 10
341.4586558333333
 20
155.7329738888889
 30
0.0
 10
341.4551280555555
 20
156.0116683333333
 30
0.0
 10
341.4539521296296
 20
160.5366312962963
 30
0.0
 10
341.4527762037037
 20
165.0615942592592
 30
0.0
 10
341.4516002777777
 20
169.5865572222222
 30
0.0
 10
341.8937484259259
 20
169.5865572222222
 30
0.0
 10
342.335896574074
 20
169.5865572222222
 30
0.0
 10
342.7780447222222
 20
169.5865572222222
 30
0.0
  0
POLYLINE
  5
55F
330
1F
100
AcDbEntity
  8
DEFAULT
 62
     1
100
AcDb2dPolyline
 66
     1
 10
0.0
 20
0.0
 30
0.0
  0
VERTEX
  5
560
330
55F
100
AcDbEntity
  8
DEFAULT
 62
     1
100
AcDbVertex
100
AcDb2dVertex
 10
339.6700725000001
 20
193.5542794444445
 30
0.0
  0
VERTEX
  5
561
330
55F
100
AcDbEntity
  8
DEFAULT
 62
     1
100
AcDbVertex
100
AcDb2dVertex
 10
338.3612669444444
 20
193.7588905555556
 30
0.0
  0
SEQEND
  5
562
330
55F
100
AcDbEntity
  8
DEFAULT
 62
     1
  0
POLYLINE
  5
563
330
1F
100
AcDbEntity
  8
DEFAULT
 62
     1
100
AcDb2dPolyline
 66
     1
 10
0.0
 20
0.0
 30
0.0
  0
VERTEX
  5
564
330
563
100
AcDbEntity
  8
DEFAULT
 62
     1
100
AcDbVertex
100
AcDb2dVertex
 10
341.3246002777778
 20
193.2932238888889
 30
0.0
  0
VERTEX
  5
565
330
563
100
AcDbEntity
  8
DEFAULT
 62
     1
100
AcDbVertex
100
AcDb2dVertex
 10
340.0157947222222
 20
193.4978350000001
 30
0.0
  0
SEQEND
  5
566
330
563
100
AcDbEntity
  8
DEFAULT
 62
     1
  0
SPLINE
  5
567
330
1F
100
AcDbEntity
  8
DEFAULT
 62
     1
100
AcDbSpline
210
0.0
220
0.0
230
1.0
 70
     8
 71
     3
 72
    77
 73
    73
 74
     0
 42
0.000000001
 43
0.0000000001
 40
0.0
 40
0.0
 40
0.0
 40
0.0
 40
3.756620821962238
 40
3.756620821962238
 40
3.756620821962238
 40
15.09406321431851
 40
15.09406321431851
 40
15.09406321431851
 40
16.09406321431851
 40
16.09406321431851
 40
16.09406321431851
 40
17.09406321431851
 40
17.09406321431851
 40
17.09406321431851
 40
18.09406321431851
 40
18.09406321431851
 40
18.09406321431851
 40
19.09406321431851
 40
19.09406321431851
 40
19.09406321431851
 40
20.09406321431851
 40
20.09406321431851
 40
20.09406321431851
 40
21.09406321431851
 40
21.09406321431851
 40
21.09406321431851
 40
22.09406321431851
 40
22.09406321431851
 40
22.09406321431851
 40
23.09406321431851
 40
23.09406321431851
 40
23.09406321431851
 40
24.09406321431851
 40
24.09406321431851
 40
24.09406321431851
 40
25.09406321431851
 40
25.09406321431851
 40
25.09406321431851
 40
26.09406321431851
 40
26.09406321431851
 40
26.09406321431851
 40
27.09406321431851
 40
27.09406321431851
 40
27.09406321431851
 40
28.09406321431851
 40
28.09406321431851
 40
28.09406321431851
 40
29.09406321431851
 40
29.09406321431851
 40
29.09406321431851
 40
30.09406321431851
 40
30.09406321431851
 40
30.09406321431851
 40
31.09406321431851
 40
31.09406321431851
 40
31.09406321431851
 40
32.09406321431851
 40
32.09406321431851
 40
32.09406321431851
 40
33.09406321431851
 40
33.09406321431851
 40
33.09406321431851
 40
34.09406321431851
 40
34.09406321431851
 40
34.09406321431851
 40
35.09406321431851
 40
35.09406321431851
 40
35.09406321431851
 40
73.56406451403251
 40
73.56406451403251
 40
73.56406451403251
 40
77.3240645140325
 40
77.3240645140325
 40
77.3240645140325
 40
77.3240645140325
 10
337.7509613888889
 20
179.083335
 30
0.0
 10
338.1872299074074
 20
179.0139553703704
 30
0.0
 10
338.6234984259259
 20
178.9445757407408
 30
0.0
 10
339.0597669444444
 20
178.8751961111111
 30
0.0
 10
339.2667299074074
 20
180.1922331481481
 30
0.0
 10
339.4736928703704
 20
181.5092701851852
 30
0.0
 10
339.6806558333333
 20
182.8263072222222
 30
0.0
 10
339.7229891666667
 20
183.1014738888889
 30
0.0
 10
339.7582669444445
 20
183.6271127777778
 30
0.0
 10
339.9099613888889
 20
184.607835
 30
0.0
 10
340.0651836111111
 20
185.5885572222222
 30
0.0
 10
340.1957113888889
 20
186.100085
 30
0.0
 10
340.2380447222222
 20
186.3787794444444
 30
0.0
 10
340.2803780555555
 20
186.6468905555556
 30
0.0
 10
340.3156558333333
 20
187.1584183333333
 30
0.0
 10
340.4638225
 20
188.1144461111111
 30
0.0
 10
340.6119891666667
 20
189.0669461111111
 30
0.0
 10
340.7425169444444
 20
189.5643627777778
 30
0.0
 10
340.7848502777778
 20
189.8360016666666
 30
0.0
 10
340.8271836111111
 20
190.1041127777777
 30
0.0
 10
340.8554058333333
 20
190.6191683333333
 30
0.0
 10
341.0071002777777
 20
191.5751961111111
 30
0.0
 10
341.1517391666666
 20
192.5171127777778
 30
0.0
 10
341.2999058333333
 20
193.2791127777778
 30
0.0
 10
341.3246002777777
 20
193.2932238888889
 30
0.0
 10
343.1202391666666
 20
193.0780294444444
 30
0.0
 10
345.0957947222222
 20
189.433835
 30
0.0
 10
346.3234613888889
 20
186.1177238888889
 30
0.0
 10
349.0610169444444
 20
178.7517238888889
 30
0.0
 10
349.8900447222222
 20
173.5411961111111
 30
0.0
 10
349.8018502777778
 20
162.3440294444444
 30
0.0
 10
349.6783780555556
 20
147.2663072222222
 30
0.0
 10
350.9942391666667
 20
134.2593905555555
 30
0.0
 10
348.0238502777777
 20
136.5453905555556
 30
0.0
 10
347.1277947222222
 20
137.681335
 30
0.0
 10
345.9812669444444
 20
138.4962516666667
 30
0.0
 10
344.4678502777778
 20
138.4221683333333
 30
0.0
 10
344.4431558333333
 20
138.4256961111111
 30
0.0
 10
344.4184613888889
 20
139.2088627777778
 30
0.0
 10
344.4184613888889
 20
140.1719461111111
 30
0.0
 10
344.4184613888889
 20
141.142085
 30
0.0
 10
344.4678502777778
 20
141.650085
 30
0.0
 10
344.4643225
 20
141.9252516666667
 30
0.0
 10
344.4643225
 20
142.1933627777778
 30
0.0
 10
344.4184613888889
 20
142.7048905555556
 30
0.0
 10
344.4149336111111
 20
143.6750294444444
 30
0.0
 10
344.4149336111111
 20
144.6416405555555
 30
0.0
 10
344.4643225
 20
145.1496405555555
 30
0.0
 10
344.4643225
 20
145.4212794444444
 30
0.0
 10
344.4607947222222
 20
145.6964461111111
 30
0.0
 10
344.4149336111111
 20
146.2044461111111
 30
0.0
 10
344.4114058333333
 20
147.1710572222222
 30
0.0
 10
344.4114058333333
 20
148.1376683333334
 30
0.0
 10
344.4678502777778
 20
148.6456683333333
 30
0.0
 10
344.4643225
 20
148.9173072222222
 30
0.0
 10
344.4607947222222
 20
149.1924738888889
 30
0.0
 10
344.4149336111111
 20
149.7004738888889
 30
0.0
 10
344.4114058333333
 20
150.667085
 30
0.0
 10
344.4114058333333
 20
151.6336961111111
 30
0.0
 10
344.4607947222222
 20
152.1487516666667
 30
0.0
 10
344.4607947222222
 20
152.4203905555556
 30
0.0
 10
344.4572669444444
 20
152.6955572222222
 30
0.0
 10
344.4114058333333
 20
153.2211961111111
 30
0.0
 10
344.4114058333333
 20
154.2160294444444
 30
0.0
 10
344.4043502777778
 20
155.2108627777778
 30
0.0
 10
344.4572669444444
 20
155.7365016666667
 30
0.0
 10
344.4572669444444
 20
156.0151961111111
 30
0.0
 10
344.4560910185185
 20
160.5389831481482
 30
0.0
 10
344.4549150925926
 20
165.0627701851852
 30
0.0
 10
344.4537391666667
 20
169.5865572222222
 30
0.0
 10
344.0115910185185
 20
169.5865572222222
 30
0.0
 10
343.5694428703703
 20
169.5865572222222
 30
0.0
 10
343.1272947222222
 20
169.5865572222222
 30
0.0
  0
SPLINE
  5
568
330
1F
100
AcDbEntity
  8
DEFAULT
 62
    18
100
AcDbSpline
210
0.0
220
0.0
230
1.0
 70
     8
 71
     3
 72
    26
 73
    22
 74
     0
 42
0.000000001
 43
0.0000000001
 40
0.0
 40
0.0
 40
0.0
 40
0.0
 40
5.660973856148649
 40
5.660973856148649
 40
5.660973856148649
 40
6.660973856148649
 40
6.660973856148649
 40
6.660973856148649
 40
7.660973856148649
 40
7.660973856148649
 40
7.660973856148649
 40
8.66097385614865
 40
8.66097385614865
 40
8.66097385614865
 40
9.66097385614865
 40
9.66097385614865
 40
9.66097385614865
 40
10.66097385614865
 40
10.66097385614865
 40
10.66097385614865
 40
11.66097385614865
 40
11.66097385614865
 40
11.66097385614865
 40
11.66097385614865
 10
337.8773616666666
 20
177.0136583333333
 30
0.0
 10
337.7737625925924
 20
176.3560805555555
 30
0.0
 10
337.6701635185184
 20
175.6985027777777
 30
0.0
 10
337.5665644444443
 20
175.040925
 30
0.0
 10
337.4388588888888
 20
175.0402194444444
 30
0.0
 10
337.2730533333333
 20
175.0479805555555
 30
0.0
 10
337.06562
 20
175.0804361111111
 30
0.0
 10
336.8109144444444
 20
175.1206527777778
 30
0.0
 10
336.63382
 20
175.2092
 30
0.0
 10
336.53222
 20
175.3347888888889
 30
0.0
 10
336.4373227777778
 20
175.4466194444444
 30
0.0
 10
336.3953422222222
 20
175.6021944444445
 30
0.0
 10
336.4232116666666
 20
175.7796416666667
 30
0.0
 10
336.4517866666666
 20
175.9606166666667
 30
0.0
 10
336.5276338888889
 20
176.0943194444444
 30
0.0
 10
336.6444033333333
 20
176.1821611111111
 30
0.0
 10
336.8035061111111
 20
176.3056333333333
 30
0.0
 10
337.0373977777778
 20
176.3447916666667
 30
0.0
 10
337.2892811111111
 20
176.3049277777777
 30
0.0
 10
337.3661866666666
 20
176.2929333333333
 30
0.0
 10
337.6960338888888
 20
176.1867472222222
 30
0.0
 10
337.7376616666667
 20
176.1278333333333
 30
0.0
  0
SPLINE
  5
569
330
1F
100
AcDbEntity
  8
DEFAULT
 62
    18
100
AcDbSpline
210
0.0
220
0.0
230
1.0
 70
    11
 71
     3
 72
    17
 73
    13
 74
     0
 42
0.000000001
 43
0.0000000001
 40
0.0
 40
0.0
 40
0.0
 40
0.0
 40
1.0
 40
1.0
 40
1.0
 40
2.0
 40
2.0
 40
2.0
 40
3.0
 40
3.0
 40
3.0
 40
4.0
 40
4.0
 40
4.0
 40
4.0
 10
343.877265
 20
172.6494444444444
 30
0.0
 10
343.877265
 20
171.9537666666666
 30
0.0
 10
343.4546372222222
 20
171.5851138888889
 30
0.0
 10
342.9388761111111
 20
171.5851138888889
 30
0.0
 10
342.4051233333333
 20
171.5851138888889
 30
0.0
 10
342.0304733333333
 20
171.9989222222222
 30
0.0
 10
342.0304733333333
 20
172.6102861111111
 30
0.0
 10
342.0304733333333
 20
173.2519888888889
 30
0.0
 10
342.4291122222222
 20
173.6717944444444
 30
0.0
 10
342.9688622222222
 20
173.6717944444444
 30
0.0
 10
343.5206066666667
 20
173.6717944444444
 30
0.0
 10
343.877265
 20
173.2491666666666
 30
0.0
 10
343.877265
 20
172.6494444444444
 30
0.0
  0
POLYLINE
  5
56A
330
1F
100
AcDbEntity
  8
DEFAULT
 62
     1
100
AcDb2dPolyline
 66
     1
 10
0.0
 20
0.0
 30
0.0
  0
VERTEX
  5
56B
330
56A
100
AcDbEntity
  8
DEFAULT
 62
     1
100
AcDbVertex
100
AcDb2dVertex
 10
342.7956836111111
 20
138.4221683333333
 30
0.0
  0
VERTEX
  5
56C
330
56A
100
AcDbEntity
  8
DEFAULT
 62
     1
100
AcDbVertex
100
AcDb2dVertex
 10
341.4692391666666
 20
138.4221683333333
 30
0.0
  0
SEQEND
  5
56D
330
56A
100
AcDbEntity
  8
DEFAULT
 62
     1
  0
POLYLINE
  5
56E
330
1F
100
AcDbEntity
  8
DEFAULT
 62
     1
100
AcDb2dPolyline
 66
     1
 10
0.0
 20
0.0
 30
0.0
  0
VERTEX
  5
56F
330
56E
100
AcDbEntity
  8
DEFAULT
 62
     1
100
AcDbVertex
100
AcDb2dVertex
 10
344.4713780555555
 20
138.4221683333333
 30
0.0
  0
VERTEX
  5
570
330
56E
100
AcDbEntity
  8
DEFAULT
 62
     1
100
AcDbVertex
100
AcDb2dVertex
 10
343.1449336111111
 20
138.4221683333333
 30
0.0
  0
SEQEND
  5
571
330
56E
100
AcDbEntity
  8
DEFAULT
 62
     1
  0
SPLINE
  5
572
330
1F
100
AcDbEntity
  8
DEFAULT
 62
     1
100
AcDbSpline
210
0.0
220
0.0
230
1.0
 70
     8
 71
     3
 72
    68
 73
    64
 74
     0
 42
0.000000001
 43
0.0000000001
 40
0.0
 40
0.0
 40
0.0
 40
0.0
 40
3.744222215627759
 40
3.744222215627759
 40
3.744222215627759
 40
13.67312950696652
 40
13.67312950696652
 40
13.67312950696652
 40
14.67312950696652
 40
14.67312950696652
 40
14.67312950696652
 40
15.67312950696652
 40
15.67312950696652
 40
15.67312950696652
 40
16.67312950696652
 40
16.67312950696652
 40
16.67312950696652
 40
17.67312950696652
 40
17.67312950696652
 40
17.67312950696652
 40
18.67312950696652
 40
18.67312950696652
 40
18.67312950696652
 40
19.67312950696652
 40
19.67312950696652
 40
19.67312950696652
 40
20.67312950696652
 40
20.67312950696652
 40
20.67312950696652
 40
21.67312950696652
 40
21.67312950696652
 40
21.67312950696652
 40
31.58708431824132
 40
31.58708431824132
 40
31.58708431824132
 40
40.09075999408869
 40
40.09075999408869
 40
40.09075999408869
 40
50.01347131710925
 40
50.01347131710925
 40
50.01347131710925
 40
51.01347131710925
 40
51.01347131710925
 40
51.01347131710925
 40
52.01347131710925
 40
52.01347131710925
 40
52.01347131710925
 40
53.01347131710925
 40
53.01347131710925
 40
53.01347131710925
 40
54.01347131710925
 40
54.01347131710925
 40
54.01347131710925
 40
55.01347131710925
 40
55.01347131710925
 40
55.01347131710925
 40
56.01347131710925
 40
56.01347131710925
 40
56.01347131710925
 40
65.92347636251661
 40
65.92347636251661
 40
65.92347636251661
 40
69.67347636251661
 40
69.67347636251661
 40
69.67347636251661
 40
69.67347636251661
 10
299.5834044444444
 20
195.8673375
 30
0.0
 10
299.2494414814814
 20
195.5804115740741
 30
0.0
 10
298.9154785185185
 20
195.2934856481481
 30
0.0
 10
298.5815155555555
 20
195.0065597222222
 30
0.0
 10
299.3411637037037
 20
194.1199115740741
 30
0.0
 10
300.1008118518518
 20
193.2332634259259
 30
0.0
 10
300.86046
 20
192.3466152777778
 30
0.0
 10
301.0333211111111
 20
192.1384763888889
 30
0.0
 10
301.4072655555555
 20
191.7856986111111
 30
0.0
 10
302.03521
 20
191.0519208333333
 30
0.0
 10
302.6560988888889
 20
190.3251986111111
 30
0.0
 10
303.1394044444444
 20
189.7290041666667
 30
0.0
 10
303.1394044444444
 20
189.6901986111111
 30
0.0
 10
302.03521
 20
188.6530319444444
 30
0.0
 10
300.63821
 20
188.5295597222222
 30
0.0
 10
299.2165155555555
 20
188.8047263888889
 30
0.0
 10
297.7383766666666
 20
189.0940041666667
 30
0.0
 10
296.2355433333333
 20
189.8242541666667
 30
0.0
 10
295.0290433333333
 20
190.4169208333333
 30
0.0
 10
292.0205544444444
 20
191.9098763888889
 30
0.0
 10
289.8679044444444
 20
194.9642263888889
 30
0.0
 10
286.8544766666666
 20
199.5556291666667
 30
0.0
 10
283.6339683333333
 20
204.4518319444444
 30
0.0
 10
280.8741877777778
 20
209.6161458333333
 30
0.0
 10
283.5013238888889
 20
211.0660625
 30
0.0
 10
283.5330738888889
 20
211.0660625
 30
0.0
 10
283.9271266666667
 20
210.3982541666667
 30
0.0
 10
284.3857377777778
 20
209.5586430555555
 30
0.0
 10
284.8549322222222
 20
208.7119763888889
 30
0.0
 10
285.0595433333334
 20
208.2357263888889
 30
0.0
 10
285.1865433333333
 20
207.9993652777778
 30
0.0
 10
285.7498118518518
 20
206.9786615740741
 30
0.0
 10
286.3130803703704
 20
205.9579578703704
 30
0.0
 10
286.8763488888889
 20
204.9372541666667
 30
0.0
 10
287.7524137037037
 20
205.4193837962963
 30
0.0
 10
288.6284785185185
 20
205.9015134259259
 30
0.0
 10
289.5045433333333
 20
206.3836430555555
 30
0.0
 10
288.9412748148147
 20
207.4055226851851
 30
0.0
 10
288.3780062962962
 20
208.4274023148148
 30
0.0
 10
287.8147377777777
 20
209.4492819444444
 30
0.0
 10
287.68421
 20
209.6856430555555
 30
0.0
 10
287.3949322222222
 20
210.1125041666667
 30
0.0
 10
286.9292655555556
 20
210.9591708333333
 30
0.0
 10
286.4671266666667
 20
211.7917263888889
 30
0.0
 10
286.1143488888889
 20
212.4796430555556
 30
0.0
 10
286.1249322222222
 20
212.5113930555555
 30
0.0
 10
287.2749877777778
 20
212.9170875
 30
0.0
 10
288.6190711111111
 20
214.0600875
 30
0.0
 10
290.03371
 20
215.0513930555555
 30
0.0
 10
291.2790155555555
 20
215.9192263888889
 30
0.0
 10
292.5666544444445
 20
216.6706430555556
 30
0.0
 10
293.81196
 20
216.6953375
 30
0.0
 10
293.8366544444444
 20
216.6847541666667
 30
0.0
 10
293.8542933333333
 20
215.9086430555555
 30
0.0
 10
293.8578211111111
 20
214.9490875
 30
0.0
 10
293.8613488888889
 20
213.9824763888889
 30
0.0
 10
293.8084322222222
 20
213.4709486111111
 30
0.0
 10
293.8084322222222
 20
213.1957819444444
 30
0.0
 10
293.8096081481481
 20
212.0304393518519
 30
0.0
 10
293.810784074074
 20
210.8650967592593
 30
0.0
 10
293.81196
 20
209.6997541666667
 30
0.0
 10
294.2529322222222
 20
209.6997541666667
 30
0.0
 10
294.6939044444444
 20
209.6997541666667
 30
0.0
 10
295.1348766666666
 20
209.6997541666667
 30
0.0
  0
POLYLINE
  5
573
330
1F
100
AcDbEntity
  8
DEFAULT
 62
     1
100
AcDb2dPolyline
 66
     1
 10
0.0
 20
0.0
 30
0.0
  0
VERTEX
  5
574
330
573
100
AcDbEntity
  8
DEFAULT
 62
     1
100
AcDbVertex
100
AcDb2dVertex
 10
309.8774599999999
 20
212.9488374999999
 30
0.0
  0
VERTEX
  5
575
330
573
100
AcDbEntity
  8
DEFAULT
 62
     1
100
AcDbVertex
100
AcDb2dVertex
 10
309.6481544444444
 20
214.2541152777777
 30
0.0
  0
SEQEND
  5
576
330
573
100
AcDbEntity
  8
DEFAULT
 62
     1
  0
POLYLINE
  5
577
330
1F
100
AcDbEntity
  8
DEFAULT
 62
     1
100
AcDb2dPolyline
 66
     1
 10
0.0
 20
0.0
 30
0.0
  0
VERTEX
  5
578
330
577
100
AcDbEntity
  8
DEFAULT
 62
     1
100
AcDbVertex
100
AcDb2dVertex
 10
309.5846544444445
 20
214.5963097222222
 30
0.0
  0
VERTEX
  5
579
330
577
100
AcDbEntity
  8
DEFAULT
 62
     1
100
AcDbVertex
100
AcDb2dVertex
 10
309.3553488888889
 20
215.9051152777778
 30
0.0
  0
SEQEND
  5
57A
330
577
100
AcDbEntity
  8
DEFAULT
 62
     1
  0
POLYLINE
  5
57B
330
1F
100
AcDbEntity
  8
DEFAULT
 62
     1
100
AcDb2dPolyline
 66
     1
 10
0.0
 20
0.0
 30
0.0
  0
VERTEX
  5
57C
330
57B
100
AcDbEntity
  8
DEFAULT
 62
     1
100
AcDbVertex
100
AcDb2dVertex
 10
309.7469322222222
 20
200.2065041666667
 30
0.0
  0
VERTEX
  5
57D
330
57B
100
AcDbEntity
  8
DEFAULT
 62
     1
100
AcDbVertex
100
AcDb2dVertex
 10
308.9037933333333
 20
199.1834486111111
 30
0.0
  0
SEQEND
  5
57E
330
57B
100
AcDbEntity
  8
DEFAULT
 62
     1
  0
POLYLINE
  5
57F
330
1F
100
AcDbEntity
  8
DEFAULT
 62
     1
100
AcDb2dPolyline
 66
     1
 10
0.0
 20
0.0
 30
0.0
  0
VERTEX
  5
580
330
57F
100
AcDbEntity
  8
DEFAULT
 62
     1
100
AcDbVertex
100
AcDb2dVertex
 10
310.8123211111111
 20
201.4976708333333
 30
0.0
  0
VERTEX
  5
581
330
57F
100
AcDbEntity
  8
DEFAULT
 62
     1
100
AcDbVertex
100
AcDb2dVertex
 10
309.9691822222222
 20
200.4746152777778
 30
0.0
  0
SEQEND
  5
582
330
57F
100
AcDbEntity
  8
DEFAULT
 62
     1
  0
POLYLINE
  5
583
330
1F
100
AcDbEntity
  8
DEFAULT
 62
     1
100
AcDb2dPolyline
 66
     1
 10
0.0
 20
0.0
 30
0.0
  0
VERTEX
  5
584
330
583
100
AcDbEntity
  8
DEFAULT
 62
     1
100
AcDbVertex
100
AcDb2dVertex
 10
304.1448211111111
 20
190.5545041666667
 30
0.0
  0
VERTEX
  5
585
330
583
100
AcDbEntity
  8
DEFAULT
 62
     1
100
AcDbVertex
100
AcDb2dVertex
 10
303.1394044444445
 20
189.6901986111111
 30
0.0
  0
SEQEND
  5
586
330
583
100
AcDbEntity
  8
DEFAULT
 62
     1
  0
POLYLINE
  5
587
330
1F
100
AcDbEntity
  8
DEFAULT
 62
     1
100
AcDb2dPolyline
 66
     1
 10
0.0
 20
0.0
 30
0.0
  0
VERTEX
  5
588
330
587
100
AcDbEntity
  8
DEFAULT
 62
     1
100
AcDbVertex
100
AcDb2dVertex
 10
305.4148211111111
 20
191.6445875
 30
0.0
  0
VERTEX
  5
589
330
587
100
AcDbEntity
  8
DEFAULT
 62
     1
100
AcDbVertex
100
AcDb2dVertex
 10
305.4112933333333
 20
191.6410597222223
 30
0.0
  0
VERTEX
  5
58A
330
587
100
AcDbEntity
  8
DEFAULT
 62
     1
100
AcDbVertex
100
AcDb2dVertex
 10
304.4094044444444
 20
190.7802819444444
 30
0.0
  0
SEQEND
  5
58B
330
587
100
AcDbEntity
  8
DEFAULT
 62
     1
  0
POLYLINE
  5
58C
330
1F
100
AcDbEntity
  8
DEFAULT
 62
     1
100
AcDb2dPolyline
 66
     1
 10
0.0
 20
0.0
 30
0.0
  0
VERTEX
  5
58D
330
58C
100
AcDbEntity
  8
DEFAULT
 62
     1
100
AcDbVertex
100
AcDb2dVertex
 10
286.1249322222222
 20
212.5113930555556
 30
0.0
  0
VERTEX
  5
58E
330
58C
100
AcDbEntity
  8
DEFAULT
 62
     1
100
AcDbVertex
100
AcDb2dVertex
 10
284.9642933333334
 20
211.8728652777778
 30
0.0
  0
SEQEND
  5
58F
330
58C
100
AcDbEntity
  8
DEFAULT
 62
     1
  0
POLYLINE
  5
590
330
1F
100
AcDbEntity
  8
DEFAULT
 62
     1
100
AcDb2dPolyline
 66
     1
 10
0.0
 20
0.0
 30
0.0
  0
VERTEX
  5
591
330
590
100
AcDbEntity
  8
DEFAULT
 62
     1
100
AcDbVertex
100
AcDb2dVertex
 10
284.6573766666666
 20
211.7035319444445
 30
0.0
  0
VERTEX
  5
592
330
590
100
AcDbEntity
  8
DEFAULT
 62
     1
100
AcDbVertex
100
AcDb2dVertex
 10
283.4967377777778
 20
211.0650041666667
 30
0.0
  0
SEQEND
  5
593
330
590
100
AcDbEntity
  8
DEFAULT
 62
     1
  0
POLYLINE
  5
594
330
1F
100
AcDbEntity
  8
DEFAULT
 62
     1
100
AcDb2dPolyline
 66
     1
 10
0.0
 20
0.0
 30
0.0
  0
VERTEX
  5
595
330
594
100
AcDbEntity
  8
DEFAULT
 62
     1
100
AcDbVertex
100
AcDb2dVertex
 10
296.8105711111111
 20
216.6953375
 30
0.0
  0
VERTEX
  5
596
330
594
100
AcDbEntity
  8
DEFAULT
 62
     1
100
AcDbVertex
100
AcDb2dVertex
 10
295.4841266666667
 20
216.6953375
 30
0.0
  0
SEQEND
  5
597
330
594
100
AcDbEntity
  8
DEFAULT
 62
     1
  0
POLYLINE
  5
598
330
1F
100
AcDbEntity
  8
DEFAULT
 62
     1
100
AcDb2dPolyline
 66
     1
 10
0.0
 20
0.0
 30
0.0
  0
VERTEX
  5
599
330
598
100
AcDbEntity
  8
DEFAULT
 62
     1
100
AcDbVertex
100
AcDb2dVertex
 10
295.1348766666666
 20
216.6988652777778
 30
0.0
  0
VERTEX
  5
59A
330
598
100
AcDbEntity
  8
DEFAULT
 62
     1
100
AcDbVertex
100
AcDb2dVertex
 10
293.81196
 20
216.6988652777778
 30
0.0
  0
SEQEND
  5
59B
330
598
100
AcDbEntity
  8
DEFAULT
 62
     1
  0
SPLINE
  5
59C
330
1F
100
AcDbEntity
  8
DEFAULT
 62
     1
100
AcDbSpline
210
0.0
220
0.0
230
1.0
 70
     8
 71
     3
 72
    68
 73
    64
 74
     0
 42
0.000000001
 43
0.0000000001
 40
0.0
 40
0.0
 40
0.0
 40
0.0
 40
3.75
 40
3.75
 40
3.75
 40
13.67000504032126
 40
13.67000504032126
 40
13.67000504032126
 40
14.67000504032126
 40
14.67000504032126
 40
14.67000504032126
 40
15.67000504032126
 40
15.67000504032126
 40
15.67000504032126
 40
16.67000504032126
 40
16.67000504032126
 40
16.67000504032126
 40
25.17466846693605
 40
25.17466846693605
 40
25.17466846693605
 40
26.17466846693605
 40
26.17466846693605
 40
26.17466846693605
 40
27.17466846693605
 40
27.17466846693605
 40
27.17466846693605
 40
28.17466846693605
 40
28.17466846693605
 40
28.17466846693605
 40
29.17466846693605
 40
29.17466846693605
 40
29.17466846693605
 40
36.2604852864706
 40
36.2604852864706
 40
36.2604852864706
 40
44.75859095773639
 40
44.75859095773639
 40
44.75859095773639
 40
51.83628832340558
 40
51.83628832340558
 40
51.83628832340558
 40
52.83628832340558
 40
52.83628832340558
 40
52.83628832340558
 40
53.83628832340558
 40
53.83628832340558
 40
53.83628832340558
 40
54.83628832340558
 40
54.83628832340558
 40
54.83628832340558
 40
55.83628832340558
 40
55.83628832340558
 40
55.83628832340558
 40
56.83628832340558
 40
56.83628832340558
 40
56.83628832340558
 40
57.83628832340558
 40
57.83628832340558
 40
57.83628832340558
 40
67.76694791882026
 40
67.76694791882026
 40
67.76694791882026
 40
71.538963295247
 40
71.538963295247
 40
71.538963295247
 40
71.538963295247
 10
295.4841266666667
 20
209.6997541666666
 30
0.0
 10
295.9250988888889
 20
209.6997541666666
 30
0.0
 10
296.3660711111111
 20
209.6997541666666
 30
0.0
 10
296.8070433333333
 20
209.6997541666666
 30
0.0
 10
296.8082192592592
 20
210.8662726851851
 30
0.0
 10
296.8093951851852
 20
212.0327912037037
 30
0.0
 10
296.8105711111111
 20
213.1993097222222
 30
0.0
 10
296.8070433333333
 20
213.4709486111111
 30
0.0
 10
296.7611822222222
 20
213.9789486111111
 30
0.0
 10
296.7576544444444
 20
214.9490875
 30
0.0
 10
296.7611822222222
 20
215.9086430555555
 30
0.0
 10
296.7858766666666
 20
216.6953375
 30
0.0
 10
296.8105711111111
 20
216.6953375
 30
0.0
 10
300.2395711111111
 20
216.7129763888888
 30
0.0
 10
298.8849044444444
 20
219.3129486111111
 30
0.0
 10
300.9627655555555
 20
218.5826986111111
 30
0.0
 10
301.9058581481481
 20
218.249911574074
 30
0.0
 10
302.8489507407407
 20
217.917124537037
 30
0.0
 10
303.7920433333333
 20
217.5843375
 30
0.0
 10
304.63871
 20
217.2880041666666
 30
0.0
 10
305.3407377777777
 20
217.3338652777777
 30
0.0
 10
306.0004322222222
 20
217.8771430555555
 30
0.0
 10
307.1716544444444
 20
218.1558375
 30
0.0
 10
309.1719044444444
 20
216.9634486111111
 30
0.0
 10
309.3588766666667
 20
215.9015875
 30
0.0
 10
309.3412377777777
 20
215.8698375
 30
0.0
 10
308.5827655555555
 20
215.7181430555555
 30
0.0
 10
307.6443766666666
 20
215.5523375
 30
0.0
 10
306.6918766666666
 20
215.3830041666666
 30
0.0
 10
306.1768211111111
 20
215.3441986111111
 30
0.0
 10
305.9122377777778
 20
215.2948097222222
 30
0.0
 10
305.0914414814815
 20
215.1513467592592
 30
0.0
 10
304.2706451851852
 20
215.0078837962963
 30
0.0
 10
303.4498488888889
 20
214.8644208333333
 30
0.0
 10
303.62271
 20
213.8801708333333
 30
0.0
 10
303.7955711111111
 20
212.8959208333333
 30
0.0
 10
303.9684322222222
 20
211.9116708333333
 30
0.0
 10
304.7880525925926
 20
212.0563097222222
 30
0.0
 10
305.6076729629629
 20
212.2009486111111
 30
0.0
 10
306.4272933333333
 20
212.3455875
 30
0.0
 10
306.6989322222222
 20
212.3914486111111
 30
0.0
 10
307.1928211111111
 20
212.5255041666666
 30
0.0
 10
308.1453211111111
 20
212.6948375
 30
0.0
 10
309.0978211111111
 20
212.8606430555555
 30
0.0
 10
309.8739322222222
 20
212.9735319444444
 30
0.0
 10
309.87746
 20
212.9488375
 30
0.0
 10
310.0644322222222
 20
212.0598375
 30
0.0
 10
310.6218211111111
 20
212.3067819444444
 30
0.0
 10
311.0063488888889
 20
211.0861708333333
 30
0.0
 10
311.84596
 20
208.4121152777778
 30
0.0
 10
312.1211266666666
 20
203.0781152777778
 30
0.0
 10
310.8123211111111
 20
201.4976708333333
 30
0.0
 10
310.7946822222222
 20
201.4694486111111
 30
0.0
 10
310.1808488888889
 20
201.9598097222222
 30
0.0
 10
309.43296
 20
202.5736430555555
 30
0.0
 10
308.6850711111111
 20
203.1839486111111
 30
0.0
 10
308.3252377777778
 20
203.5543652777777
 30
0.0
 10
308.1170988888889
 20
203.7236986111111
 30
0.0
 10
307.2163396296296
 20
204.4668837962963
 30
0.0
 10
306.3155803703703
 20
205.2100689814814
 30
0.0
 10
305.4148211111111
 20
205.9532541666666
 30
0.0
 10
305.1325988888888
 20
205.6110597222222
 30
0.0
 10
304.8503766666666
 20
205.2688652777778
 30
0.0
 10
304.5681544444444
 20
204.9266708333333
 30
0.0
  0
SPLINE
  5
59D
330
1F
100
AcDbEntity
  8
DEFAULT
 62
     1
100
AcDbSpline
210
0.0
220
0.0
230
1.0
 70
     8
 71
     3
 72
    35
 73
    31
 74
     0
 42
0.000000001
 43
0.0000000001
 40
0.0
 40
0.0
 40
0.0
 40
0.0
 40
3.765912903931834
 40
3.765912903931834
 40
3.765912903931834
 40
13.68072001249435
 40
13.68072001249435
 40
13.68072001249435
 40
14.68072001249435
 40
14.68072001249435
 40
14.68072001249435
 40
15.68072001249435
 40
15.68072001249435
 40
15.68072001249435
 40
16.68072001249435
 40
16.68072001249435
 40
16.68072001249435
 40
17.68072001249435
 40
17.68072001249435
 40
17.68072001249435
 40
18.68072001249435
 40
18.68072001249435
 40
18.68072001249435
 40
19.68072001249435
 40
19.68072001249435
 40
19.68072001249435
 40
29.59730208496262
 40
29.59730208496262
 40
29.59730208496262
 40
33.33344983364707
 40
33.33344983364707
 40
33.33344983364707
 40
33.33344983364707
 10
299.8479877777777
 20
196.0931152777778
 30
0.0
 10
300.1843025925925
 20
196.3812171296296
 30
0.0
 10
300.5206174074073
 20
196.6693189814815
 30
0.0
 10
300.8569322222222
 20
196.9574208333333
 30
0.0
 10
301.6154044444444
 20
196.0719486111111
 30
0.0
 10
302.3738766666666
 20
195.1864763888889
 30
0.0
 10
303.1323488888888
 20
194.3010041666666
 30
0.0
 10
303.3122655555555
 20
194.0928652777778
 30
0.0
 10
303.6085988888889
 20
193.6730597222222
 30
0.0
 10
304.2330155555555
 20
192.9392819444444
 30
0.0
 10
304.86096
 20
192.2160875
 30
0.0
 10
305.3760155555555
 20
191.6410597222222
 30
0.0
 10
305.4148211111111
 20
191.6410597222222
 30
0.0
 10
306.8047655555555
 20
192.7628930555555
 30
0.0
 10
307.4856266666666
 20
195.1335597222222
 30
0.0
 10
308.2123488888889
 20
197.3631152777778
 30
0.0
 10
308.5862933333333
 20
198.5025875
 30
0.0
 10
308.5016266666667
 20
198.7636430555556
 30
0.0
 10
308.9037933333333
 20
199.1834486111111
 30
0.0
 10
308.9037933333333
 20
199.2151986111111
 30
0.0
 10
308.3181822222222
 20
199.7267263888889
 30
0.0
 10
307.5844044444444
 20
200.3335041666666
 30
0.0
 10
306.8400433333333
 20
200.9508652777778
 30
0.0
 10
306.4131822222222
 20
201.2401430555556
 30
0.0
 10
306.2050433333333
 20
201.4165319444444
 30
0.0
 10
305.30546
 20
202.1585412037037
 30
0.0
 10
304.4058766666666
 20
202.900550462963
 30
0.0
 10
303.5062933333333
 20
203.6425597222222
 30
0.0
 10
303.7861637037037
 20
203.9812263888889
 30
0.0
 10
304.066034074074
 20
204.3198930555556
 30
0.0
 10
304.3459044444444
 20
204.6585597222222
 30
0.0
  0
SPLINE
  5
59E
330
1F
100
AcDbEntity
  8
DEFAULT
 62
    18
100
AcDbSpline
210
0.0
220
0.0
230
1.0
 70
     8
 71
     3
 72
    11
 73
     7
 74
     0
 42
0.000000001
 43
0.0000000001
 40
0.0
 40
0.0
 40
0.0
 40
0.0
 40
1.0
 40
1.0
 40
1.0
 40
5.219677831304243
 40
5.219677831304243
 40
5.219677831304243
 40
5.219677831304243
 10
297.4718177777777
 20
199.3952563888888
 30
0.0
 10
297.4718177777777
 20
199.3952563888888
 30
0.0
 10
297.3017788888889
 20
198.0688119444444
 30
0.0
 10
297.3113038888889
 20
197.9742675
 30
0.0
 10
297.8062511111111
 20
197.9389897222222
 30
0.0
 10
298.3011983333333
 20
197.9037119444444
 30
0.0
 10
298.7961455555555
 20
197.8684341666666
 30
0.0
  0
POLYLINE
  5
59F
330
1F
100
AcDbEntity
  8
DEFAULT
 62
    18
100
AcDb2dPolyline
 66
     1
 10
0.0
 20
0.0
 30
0.0
  0
VERTEX
  5
5A0
330
59F
100
AcDbEntity
  8
DEFAULT
 62
    18
100
AcDbVertex
100
AcDb2dVertex
 10
297.9924472222222
 20
197.1798825
 30
0.0
  0
VERTEX
  5
5A1
330
59F
100
AcDbEntity
  8
DEFAULT
 62
    18
100
AcDbVertex
100
AcDb2dVertex
 10
296.6772916666666
 20
198.7141130555556
 30
0.0
  0
SEQEND
  5
5A2
330
59F
100
AcDbEntity
  8
DEFAULT
 62
    18
  0
SPLINE
  5
5A3
330
1F
100
AcDbEntity
  8
DEFAULT
 62
    18
100
AcDbSpline
210
0.0
220
0.0
230
1.0
 70
     8
 71
     3
 72
    14
 73
    10
 74
     0
 42
0.000000001
 43
0.0000000001
 40
0.0
 40
0.0
 40
0.0
 40
0.0
 40
3.832525277150821
 40
3.832525277150821
 40
3.832525277150821
 40
4.832525277150821
 40
4.832525277150821
 40
4.832525277150821
 40
5.832525277150821
 40
5.832525277150821
 40
5.832525277150821
 40
5.832525277150821
 10
289.7614361111111
 20
201.8830805555556
 30
0.0
 10
289.5440074074074
 20
202.2778388888889
 30
0.0
 10
289.3265787037037
 20
202.6725972222222
 30
0.0
 10
289.1091499999999
 20
203.0673555555555
 30
0.0
 10
288.8502111111111
 20
203.5376083333334
 30
0.0
 10
289.0015527777778
 20
203.8092472222222
 30
0.0
 10
289.3063527777778
 20
203.9771694444445
 30
0.0
 10
289.3903138888888
 20
204.0233833333333
 30
0.0
 10
289.5024972222222
 20
204.0614833333333
 30
0.0
 10
289.5734055555555
 20
204.0695972222222
 30
0.0
  0
POLYLINE
  5
5A4
330
1F
100
AcDbEntity
  8
DEFAULT
 62
    18
100
AcDb2dPolyline
 66
     1
 10
0.0
 20
0.0
 30
0.0
  0
VERTEX
  5
5A5
330
5A4
100
AcDbEntity
  8
DEFAULT
 62
    18
100
AcDbVertex
100
AcDb2dVertex
 10
302.8952116666667
 20
206.0938713888889
 30
0.0
  0
VERTEX
  5
5A6
330
5A4
100
AcDbEntity
  8
DEFAULT
 62
    18
100
AcDbVertex
100
AcDb2dVertex
 10
301.3369922222222
 20
207.3808047222222
 30
0.0
  0
SEQEND
  5
5A7
330
5A4
100
AcDbEntity
  8
DEFAULT
 62
    18
  0
POLYLINE
  5
5A8
330
1F
100
AcDbEntity
  8
DEFAULT
 62
    18
100
AcDb2dPolyline
 66
     1
 10
0.0
 20
0.0
 30
0.0
  0
VERTEX
  5
5A9
330
5A8
100
AcDbEntity
  8
DEFAULT
 62
    18
100
AcDbVertex
100
AcDb2dVertex
 10
299.5874966666667
 20
213.4269219444444
 30
0.0
  0
VERTEX
  5
5AA
330
5A8
100
AcDbEntity
  8
DEFAULT
 62
    18
100
AcDbVertex
100
AcDb2dVertex
 10
301.5778688888889
 20
213.7768775
 30
0.0
  0
SEQEND
  5
5AB
330
5A8
100
AcDbEntity
  8
DEFAULT
 62
    18
  0
POLYLINE
  5
5AC
330
1F
100
AcDbEntity
  8
DEFAULT
 62
    18
100
AcDb2dPolyline
 66
     1
 10
0.0
 20
0.0
 30
0.0
  0
VERTEX
  5
5AD
330
5AC
100
AcDbEntity
  8
DEFAULT
 62
    18
100
AcDbVertex
100
AcDb2dVertex
 10
300.6447716666667
 20
213.6128358333333
 30
0.0
  0
VERTEX
  5
5AE
330
5AC
100
AcDbEntity
  8
DEFAULT
 62
    18
100
AcDbVertex
100
AcDb2dVertex
 10
300.9047688888888
 20
212.1332858333334
 30
0.0
  0
SEQEND
  5
5AF
330
5AC
100
AcDbEntity
  8
DEFAULT
 62
    18
  0
POLYLINE
  5
5B0
330
1F
100
AcDbEntity
  8
DEFAULT
 62
    18
100
AcDb2dPolyline
 66
     1
 10
0.0
 20
0.0
 30
0.0
  0
VERTEX
  5
5B1
330
5B0
100
AcDbEntity
  8
DEFAULT
 62
    18
100
AcDbVertex
100
AcDb2dVertex
 10
301.8379719444445
 20
212.2975391666667
 30
0.0
  0
VERTEX
  5
5B2
330
5B0
100
AcDbEntity
  8
DEFAULT
 62
    18
100
AcDbVertex
100
AcDb2dVertex
 10
299.8475997222222
 20
211.9475836111111
 30
0.0
  0
SEQEND
  5
5B3
330
5B0
100
AcDbEntity
  8
DEFAULT
 62
    18
  0
SPLINE
  5
5B4
330
1F
100
AcDbEntity
  8
DEFAULT
 62
    18
100
AcDbSpline
210
0.0
220
0.0
230
1.0
 70
     8
 71
     3
 72
    26
 73
    22
 74
     0
 42
0.000000001
 43
0.0000000001
 40
0.0
 40
0.0
 40
0.0
 40
0.0
 40
1.886999999999944
 40
1.886999999999944
 40
1.886999999999944
 40
4.640999999999963
 40
4.640999999999963
 40
4.640999999999963
 40
5.640999999999963
 40
5.640999999999963
 40
5.640999999999963
 40
6.640999999999963
 40
6.640999999999963
 40
6.640999999999963
 40
7.640999999999963
 40
7.640999999999963
 40
7.640999999999963
 40
8.640999999999963
 40
8.640999999999963
 40
8.640999999999963
 40
9.640999999999963
 40
9.640999999999963
 40
9.640999999999963
 40
9.640999999999963
 10
295.1432374999999
 20
206.6077627777778
 30
0.0
 10
294.9213402777777
 20
206.6077627777778
 30
0.0
 10
294.6994430555555
 20
206.6077627777778
 30
0.0
 10
294.4775458333333
 20
206.6077627777778
 30
0.0
 10
294.4775458333333
 20
206.9316127777778
 30
0.0
 10
294.4775458333333
 20
207.2554627777778
 30
0.0
 10
294.4775458333333
 20
207.5793127777778
 30
0.0
 10
294.5946680555555
 20
207.6212933333333
 30
0.0
 10
294.8253847222222
 20
207.690085
 30
0.0
 10
295.0980819444444
 20
207.690085
 30
0.0
 10
295.4039402777777
 20
207.690085
 30
0.0
 10
295.6558236111111
 20
207.6121211111111
 30
0.0
 10
295.8537319444444
 20
207.423385
 30
0.0
 10
296.0276513888888
 20
207.2554627777778
 30
0.0
 10
296.1356013888889
 20
206.9855877777778
 30
0.0
 10
296.1356013888889
 20
206.67091
 30
0.0
 10
296.1327791666666
 20
206.0680127777778
 30
0.0
 10
295.7189708333333
 20
205.6273933333333
 30
0.0
 10
295.0412847222222
 20
205.6273933333333
 30
0.0
 10
294.8073930555555
 20
205.6273933333333
 30
0.0
 10
294.6246541666666
 20
205.6781933333333
 30
0.0
 10
294.5375180555555
 20
205.7201738888889
 30
0.0
  0
SPLINE
  5
5B5
330
1F
100
AcDbEntity
  8
DEFAULT
 62
     1
100
AcDbSpline
210
0.0
220
0.0
230
1.0
 70
     8
 71
     3
 72
    62
 73
    58
 74
     0
 42
0.000000001
 43
0.0000000001
 40
0.0
 40
0.0
 40
0.0
 40
0.0
 40
3.782512392577235
 40
3.782512392577235
 40
3.782512392577235
 40
13.69445468458025
 40
13.69445468458025
 40
13.69445468458025
 40
14.69445468458025
 40
14.69445468458025
 40
14.69445468458025
 40
15.69445468458025
 40
15.69445468458025
 40
15.69445468458025
 40
16.69445468458025
 40
16.69445468458025
 40
16.69445468458025
 40
17.69445468458025
 40
17.69445468458025
 40
17.69445468458025
 40
18.69445468458025
 40
18.69445468458025
 40
18.69445468458025
 40
31.44445468458025
 40
31.44445468458025
 40
31.44445468458025
 40
39.94445468458025
 40
39.94445468458025
 40
39.94445468458025
 40
52.69445468458025
 40
52.69445468458025
 40
52.69445468458025
 40
53.69445468458025
 40
53.69445468458025
 40
53.69445468458025
 40
54.69445468458025
 40
54.69445468458025
 40
54.69445468458025
 40
55.69445468458025
 40
55.69445468458025
 40
55.69445468458025
 40
56.69445468458025
 40
56.69445468458025
 40
56.69445468458025
 40
57.69445468458025
 40
57.69445468458025
 40
57.69445468458025
 40
58.69445468458025
 40
58.69445468458025
 40
58.69445468458025
 40
59.69445468458025
 40
59.69445468458025
 40
59.69445468458025
 40
69.62115605008924
 40
69.62115605008924
 40
69.62115605008924
 40
73.37332875400357
 40
73.37332875400357
 40
73.37332875400357
 40
73.37332875400357
 10
376.7250741666667
 20
204.8103247222222
 30
0.0
 10
376.8720649074074
 20
204.3905191666667
 30
0.0
 10
377.0190556481481
 20
203.9707136111111
 30
0.0
 10
377.1660463888888
 20
203.5509080555555
 30
0.0
 10
376.0665556481481
 20
203.1640284259259
 30
0.0
 10
374.9670649074073
 20
202.7771487962963
 30
0.0
 10
373.8675741666667
 20
202.3902691666667
 30
0.0
 10
373.6100463888889
 20
202.3020747222222
 30
0.0
 10
373.1091019444444
 20
202.1750747222222
 30
0.0
 10
372.1989352777778
 20
201.8575747222222
 30
0.0
 10
371.2958241666666
 20
201.5365469444444
 30
0.0
 10
370.5655741666666
 20
201.2543247222222
 30
0.0
 10
370.5655741666666
 20
201.2261025
 30
0.0
 10
371.7191574999999
 20
197.9981858333333
 30
0.0
 10
373.7229352777778
 20
200.1395469444444
 30
0.0
 10
373.7229352777778
 20
197.9346858333333
 30
0.0
 10
373.7229352777778
 20
197.9099913888889
 30
0.0
 10
374.5061019444444
 20
197.8852969444444
 30
0.0
 10
375.4727130555556
 20
197.8852969444444
 30
0.0
 10
376.4393241666667
 20
197.8852969444444
 30
0.0
 10
376.9508519444445
 20
197.9346858333333
 30
0.0
 10
377.2224908333333
 20
197.9346858333333
 30
0.0
 10
378.7217963888889
 20
197.9346858333333
 30
0.0
 10
380.2211019444445
 20
197.9346858333333
 30
0.0
 10
381.7204075
 20
197.9346858333333
 30
0.0
 10
381.7204075
 20
196.9351487962963
 30
0.0
 10
381.7204075
 20
195.9356117592592
 30
0.0
 10
381.7204075
 20
194.9360747222222
 30
0.0
 10
380.2211019444445
 20
194.9360747222222
 30
0.0
 10
378.7217963888889
 20
194.9360747222222
 30
0.0
 10
377.2224908333333
 20
194.9360747222222
 30
0.0
 10
376.9508519444445
 20
194.9360747222222
 30
0.0
 10
376.4393241666667
 20
194.9854636111111
 30
0.0
 10
375.4727130555556
 20
194.9854636111111
 30
0.0
 10
374.5061019444444
 20
194.9854636111111
 30
0.0
 10
373.7229352777778
 20
194.9642969444444
 30
0.0
 10
373.7229352777778
 20
194.9360747222222
 30
0.0
 10
373.7229352777778
 20
194.0400191666667
 30
0.0
 10
374.0016297222222
 20
193.3909080555555
 30
0.0
 10
374.7318797222222
 20
192.9499358333333
 30
0.0
 10
375.9489630555555
 20
192.2091025
 30
0.0
 10
378.4184074999999
 20
192.0327136111111
 30
0.0
 10
382.9304352777777
 20
192.1914636111111
 30
0.0
 10
388.8747408333333
 20
192.4031302777778
 30
0.0
 10
391.9897686111111
 20
195.7298247222222
 30
0.0
 10
393.9970741666667
 20
197.9593802777778
 30
0.0
 10
393.9970741666667
 20
197.9946580555555
 30
0.0
 10
393.4396852777778
 20
198.5308802777778
 30
0.0
 10
392.7306019444444
 20
199.1658802777778
 30
0.0
 10
392.0144630555555
 20
199.8149913888889
 30
0.0
 10
391.6017130555555
 20
200.1219080555556
 30
0.0
 10
391.4006297222222
 20
200.3018247222222
 30
0.0
 10
390.5339723148148
 20
201.083815462963
 30
0.0
 10
389.6673149074074
 20
201.8658062037037
 30
0.0
 10
388.8006575
 20
202.6477969444444
 30
0.0
 10
389.0969908333333
 20
202.9747043518518
 30
0.0
 10
389.3933241666667
 20
203.3016117592592
 30
0.0
 10
389.6896575
 20
203.6285191666666
 30
0.0
  0
POLYLINE
  5
5B6
330
1F
100
AcDbEntity
  8
DEFAULT
 62
     1
100
AcDb2dPolyline
 66
     1
 10
0.0
 20
0.0
 30
0.0
  0
VERTEX
  5
5B7
330
5B6
100
AcDbEntity
  8
DEFAULT
 62
     1
100
AcDbVertex
100
AcDb2dVertex
 10
373.7229352777778
 20
196.6117691666666
 30
0.0
  0
VERTEX
  5
5B8
330
5B6
100
AcDbEntity
  8
DEFAULT
 62
     1
100
AcDbVertex
100
AcDb2dVertex
 10
373.7229352777778
 20
197.9346858333333
 30
0.0
  0
SEQEND
  5
5B9
330
5B6
100
AcDbEntity
  8
DEFAULT
 62
     1
  0
POLYLINE
  5
5BA
330
1F
100
AcDbEntity
  8
DEFAULT
 62
     1
100
AcDb2dPolyline
 66
     1
 10
0.0
 20
0.0
 30
0.0
  0
VERTEX
  5
5BB
330
5BA
100
AcDbEntity
  8
DEFAULT
 62
     1
100
AcDbVertex
100
AcDb2dVertex
 10
373.7229352777778
 20
194.9360747222222
 30
0.0
  0
VERTEX
  5
5BC
330
5BA
100
AcDbEntity
  8
DEFAULT
 62
     1
100
AcDbVertex
100
AcDb2dVertex
 10
373.7229352777778
 20
196.2589913888889
 30
0.0
  0
SEQEND
  5
5BD
330
5BA
100
AcDbEntity
  8
DEFAULT
 62
     1
  0
POLYLINE
  5
5BE
330
1F
100
AcDbEntity
  8
DEFAULT
 62
     1
100
AcDb2dPolyline
 66
     1
 10
0.0
 20
0.0
 30
0.0
  0
VERTEX
  5
5BF
330
5BE
100
AcDbEntity
  8
DEFAULT
 62
     1
100
AcDbVertex
100
AcDb2dVertex
 10
394.8860741666667
 20
198.9401025000001
 30
0.0
  0
VERTEX
  5
5C0
330
5BE
100
AcDbEntity
  8
DEFAULT
 62
     1
100
AcDbVertex
100
AcDb2dVertex
 10
393.9970741666667
 20
197.9593802777779
 30
0.0
  0
SEQEND
  5
5C1
330
5BE
100
AcDbEntity
  8
DEFAULT
 62
     1
  0
POLYLINE
  5
5C2
330
1F
100
AcDbEntity
  8
DEFAULT
 62
     1
100
AcDb2dPolyline
 66
     1
 10
0.0
 20
0.0
 30
0.0
  0
VERTEX
  5
5C3
330
5C2
100
AcDbEntity
  8
DEFAULT
 62
     1
100
AcDbVertex
100
AcDb2dVertex
 10
396.0079075
 20
200.1854080555556
 30
0.0
  0
VERTEX
  5
5C4
330
5C2
100
AcDbEntity
  8
DEFAULT
 62
     1
100
AcDbVertex
100
AcDb2dVertex
 10
395.1189074999999
 20
199.2011580555555
 30
0.0
  0
SEQEND
  5
5C5
330
5C2
100
AcDbEntity
  8
DEFAULT
 62
     1
  0
POLYLINE
  5
5C6
330
1F
100
AcDbEntity
  8
DEFAULT
 62
     1
100
AcDb2dPolyline
 66
     1
 10
0.0
 20
0.0
 30
0.0
  0
VERTEX
  5
5C7
330
5C6
100
AcDbEntity
  8
DEFAULT
 62
     1
100
AcDbVertex
100
AcDb2dVertex
 10
389.354518611111
 20
213.7109080555555
 30
0.0
  0
VERTEX
  5
5C8
330
5C6
100
AcDbEntity
  8
DEFAULT
 62
     1
100
AcDbVertex
100
AcDb2dVertex
 10
389.1040463888888
 20
215.0091302777777
 30
0.0
  0
SEQEND
  5
5C9
330
5C6
100
AcDbEntity
  8
DEFAULT
 62
     1
  0
POLYLINE
  5
5CA
330
1F
100
AcDbEntity
  8
DEFAULT
 62
     1
100
AcDb2dPolyline
 66
     1
 10
0.0
 20
0.0
 30
0.0
  0
VERTEX
  5
5CB
330
5CA
100
AcDbEntity
  8
DEFAULT
 62
     1
100
AcDbVertex
100
AcDb2dVertex
 10
389.0405463888888
 20
215.3548525
 30
0.0
  0
VERTEX
  5
5CC
330
5CA
100
AcDbEntity
  8
DEFAULT
 62
     1
100
AcDbVertex
100
AcDb2dVertex
 10
388.7900741666666
 20
216.6566025
 30
0.0
  0
SEQEND
  5
5CD
330
5CA
100
AcDbEntity
  8
DEFAULT
 62
     1
  0
SPLINE
  5
5CE
330
1F
100
AcDbEntity
  8
DEFAULT
 62
     1
100
AcDbSpline
210
0.0
220
0.0
230
1.0
 70
     8
 71
     3
 72
    65
 73
    61
 74
     0
 42
0.000000001
 43
0.0000000001
 40
0.0
 40
0.0
 40
0.0
 40
0.0
 40
3.732023579775441
 40
3.732023579775441
 40
3.732023579775441
 40
13.64396587177868
 40
13.64396587177868
 40
13.64396587177868
 40
14.64396587177868
 40
14.64396587177868
 40
14.64396587177868
 40
15.64396587177868
 40
15.64396587177868
 40
15.64396587177868
 40
16.64396587177868
 40
16.64396587177868
 40
16.64396587177868
 40
17.64396587177868
 40
17.64396587177868
 40
17.64396587177868
 40
18.64396587177868
 40
18.64396587177868
 40
18.64396587177868
 40
19.64396587177868
 40
19.64396587177868
 40
19.64396587177868
 40
20.64396587177868
 40
20.64396587177868
 40
20.64396587177868
 40
30.56185375176604
 40
30.56185375176604
 40
30.56185375176604
 40
39.06376530152946
 40
39.06376530152946
 40
39.06376530152946
 40
48.98165318151683
 40
48.98165318151683
 40
48.98165318151683
 40
49.98165318151683
 40
49.98165318151683
 40
49.98165318151683
 40
50.98165318151683
 40
50.98165318151683
 40
50.98165318151683
 40
51.98165318151683
 40
51.98165318151683
 40
51.98165318151683
 40
52.98165318151683
 40
52.98165318151683
 40
52.98165318151683
 40
53.98165318151683
 40
53.98165318151683
 40
53.98165318151683
 40
54.98165318151683
 40
54.98165318151683
 40
54.98165318151683
 40
64.90093238920113
 40
64.90093238920113
 40
64.90093238920113
 40
68.66052013255806
 40
68.66052013255806
 40
68.66052013255806
 40
68.66052013255806
 10
376.6086575000001
 20
205.1384080555555
 30
0.0
 10
376.4628426851853
 20
205.5523339814814
 30
0.0
 10
376.3170278703705
 20
205.9662599074074
 30
0.0
 10
376.1712130555557
 20
206.3801858333333
 30
0.0
 10
375.0717223148149
 20
205.9933062037037
 30
0.0
 10
373.9722315740742
 20
205.606426574074
 30
0.0
 10
372.8727408333334
 20
205.2195469444444
 30
0.0
 10
372.6152130555556
 20
205.1313525
 30
0.0
 10
372.1460186111111
 20
204.9126302777778
 30
0.0
 10
371.2358519444444
 20
204.5916025
 30
0.0
 10
370.3256852777778
 20
204.2705747222222
 30
0.0
 10
369.5777963888889
 20
204.0342136111111
 30
0.0
 10
369.5672130555556
 20
204.0553802777777
 30
0.0
 10
369.1332963888889
 20
205.2195469444444
 30
0.0
 10
367.9973519444444
 20
206.1861580555555
 30
0.0
 10
366.7626297222222
 20
207.0716302777778
 30
0.0
 10
364.9140741666666
 20
209.5692969444444
 30
0.0
 10
370.0716852777778
 20
216.3214636111111
 30
0.0
 10
375.7514075
 20
217.5667691666666
 30
0.0
 10
381.7803797222223
 20
218.8861580555555
 30
0.0
 10
388.2221019444445
 20
219.6022969444444
 30
0.0
 10
388.7900741666667
 20
216.6566025
 30
0.0
 10
388.7900741666667
 20
216.6283802777778
 30
0.0
 10
388.0245463888888
 20
216.4590469444444
 30
0.0
 10
387.0791019444445
 20
216.2791302777778
 30
0.0
 10
386.1301297222223
 20
216.0956858333333
 30
0.0
 10
385.6186019444444
 20
216.0462969444444
 30
0.0
 10
385.3504908333333
 20
215.9969080555555
 30
0.0
 10
384.2051389814815
 20
215.7770099074073
 30
0.0
 10
383.0597871296296
 20
215.5571117592592
 30
0.0
 10
381.9144352777778
 20
215.3372136111111
 30
0.0
 10
382.102583425926
 20
214.3553154629629
 30
0.0
 10
382.2907315740741
 20
213.3734173148148
 30
0.0
 10
382.4788797222222
 20
212.3915191666666
 30
0.0
 10
383.6242315740741
 20
212.6114173148148
 30
0.0
 10
384.769583425926
 20
212.8313154629629
 30
0.0
 10
385.9149352777778
 20
213.0512136111111
 30
0.0
 10
386.183046388889
 20
213.1041302777778
 30
0.0
 10
386.6769352777778
 20
213.2487691666666
 30
0.0
 10
387.6259075
 20
213.4286858333333
 30
0.0
 10
388.5748797222222
 20
213.6121302777777
 30
0.0
 10
389.3474630555555
 20
213.7356025
 30
0.0
 10
389.3545186111111
 20
213.7109080555555
 30
0.0
 10
389.9189630555555
 20
210.7652136111111
 30
0.0
 10
391.0161019444444
 20
209.7562691666666
 30
0.0
 10
393.3514908333333
 20
207.0716302777778
 30
0.0
 10
395.3446852777777
 20
204.7821025
 30
0.0
 10
398.0187408333334
 20
202.4114358333333
 30
0.0
 10
396.0079075
 20
200.1854080555555
 30
0.0
 10
395.9867408333334
 20
200.1642413888889
 30
0.0
 10
395.3940741666667
 20
200.6722413888889
 30
0.0
 10
394.6744075
 20
201.3213525
 30
0.0
 10
393.9582686111111
 20
201.9669358333333
 30
0.0
 10
393.6125463888889
 20
202.3479358333333
 30
0.0
 10
393.4079352777778
 20
202.5278525
 30
0.0
 10
392.5424537962963
 20
203.3098432407407
 30
0.0
 10
391.6769723148148
 20
204.0918339814815
 30
0.0
 10
390.8114908333333
 20
204.8738247222222
 30
0.0
 10
390.5151575
 20
204.5457413888888
 30
0.0
 10
390.2188241666667
 20
204.2176580555555
 30
0.0
 10
389.9224908333333
 20
203.8895747222222
 30
0.0
  0
POLYLINE
  5
5CF
330
1F
100
AcDbEntity
  8
DEFAULT
 62
     1
100
AcDb2dPolyline
 66
     1
 10
0.0
 20
0.0
 30
0.0
  0
VERTEX
  5
5D0
330
5CF
100
AcDbEntity
  8
DEFAULT
 62
     1
100
AcDbVertex
100
AcDb2dVertex
 10
370.0081500000001
 20
202.8030191666667
 30
0.0
  0
VERTEX
  5
5D1
330
5CF
100
AcDbEntity
  8
DEFAULT
 62
     1
100
AcDbVertex
100
AcDb2dVertex
 10
369.5671777777779
 20
204.0553802777778
 30
0.0
  0
SEQEND
  5
5D2
330
5CF
100
AcDbEntity
  8
DEFAULT
 62
     1
  0
POLYLINE
  5
5D3
330
1F
100
AcDbEntity
  8
DEFAULT
 62
     1
100
AcDb2dPolyline
 66
     1
 10
0.0
 20
0.0
 30
0.0
  0
VERTEX
  5
5D4
330
5D3
100
AcDbEntity
  8
DEFAULT
 62
     1
100
AcDbVertex
100
AcDb2dVertex
 10
370.5655741666666
 20
201.2261025
 30
0.0
  0
VERTEX
  5
5D5
330
5D3
100
AcDbEntity
  8
DEFAULT
 62
     1
100
AcDbVertex
100
AcDb2dVertex
 10
370.1246019444444
 20
202.4749358333333
 30
0.0
  0
SEQEND
  5
5D6
330
5D3
100
AcDbEntity
  8
DEFAULT
 62
     1
  0
POLYLINE
  5
5D7
330
1F
100
AcDbEntity
  8
DEFAULT
 62
    18
100
AcDb2dPolyline
 66
     1
 10
0.0
 20
0.0
 30
0.0
  0
VERTEX
  5
5D8
330
5D7
100
AcDbEntity
  8
DEFAULT
 62
    18
100
AcDbVertex
100
AcDb2dVertex
 10
379.4707083333332
 20
206.5281761111111
 30
0.0
  0
VERTEX
  5
5D9
330
5D7
100
AcDbEntity
  8
DEFAULT
 62
    18
100
AcDbVertex
100
AcDb2dVertex
 10
379.810786111111
 20
205.5608594444444
 30
0.0
  0
SEQEND
  5
5DA
330
5D7
100
AcDbEntity
  8
DEFAULT
 62
    18
  0
POLYLINE
  5
5DB
330
1F
100
AcDbEntity
  8
DEFAULT
 62
    18
100
AcDb2dPolyline
 66
     1
 10
0.0
 20
0.0
 30
0.0
  0
VERTEX
  5
5DC
330
5DB
100
AcDbEntity
  8
DEFAULT
 62
    18
100
AcDbVertex
100
AcDb2dVertex
 10
378.4043669444445
 20
206.1532086111111
 30
0.0
  0
VERTEX
  5
5DD
330
5DB
100
AcDbEntity
  8
DEFAULT
 62
    18
100
AcDbVertex
100
AcDb2dVertex
 10
380.3107780555556
 20
206.8234863888889
 30
0.0
  0
VERTEX
  5
5DE
330
5DB
100
AcDbEntity
  8
DEFAULT
 62
    18
100
AcDbVertex
100
AcDb2dVertex
 10
380.6716697222221
 20
205.7969030555556
 30
0.0
  0
SEQEND
  5
5DF
330
5DB
100
AcDbEntity
  8
DEFAULT
 62
    18
  0
POLYLINE
  5
5E0
330
1F
100
AcDbEntity
  8
DEFAULT
 62
    18
100
AcDb2dPolyline
 66
     1
 10
0.0
 20
0.0
 30
0.0
  0
VERTEX
  5
5E1
330
5E0
100
AcDbEntity
  8
DEFAULT
 62
    18
100
AcDbVertex
100
AcDb2dVertex
 10
384.6992277777778
 20
195.957825
 30
0.0
  0
VERTEX
  5
5E2
330
5E0
100
AcDbEntity
  8
DEFAULT
 62
    18
100
AcDbVertex
100
AcDb2dVertex
 10
384.6992277777778
 20
197.0041638888889
 30
0.0
  0
SEQEND
  5
5E3
330
5E0
100
AcDbEntity
  8
DEFAULT
 62
    18
  0
POLYLINE
  5
5E4
330
1F
100
AcDbEntity
  8
DEFAULT
 62
    18
100
AcDb2dPolyline
 66
     1
 10
0.0
 20
0.0
 30
0.0
  0
VERTEX
  5
5E5
330
5E4
100
AcDbEntity
  8
DEFAULT
 62
    18
100
AcDbVertex
100
AcDb2dVertex
 10
383.7518430555555
 20
195.8679019444444
 30
0.0
  0
VERTEX
  5
5E6
330
5E4
100
AcDbEntity
  8
DEFAULT
 62
    18
100
AcDbVertex
100
AcDb2dVertex
 10
383.7518430555555
 20
197.0041991666666
 30
0.0
  0
VERTEX
  5
5E7
330
5E4
100
AcDbEntity
  8
DEFAULT
 62
    18
100
AcDbVertex
100
AcDb2dVertex
 10
385.7729069444445
 20
197.0041991666666
 30
0.0
  0
VERTEX
  5
5E8
330
5E4
100
AcDbEntity
  8
DEFAULT
 62
    18
100
AcDbVertex
100
AcDb2dVertex
 10
385.7729069444445
 20
195.9127047222222
 30
0.0
  0
SEQEND
  5
5E9
330
5E4
100
AcDbEntity
  8
DEFAULT
 62
    18
  0
SPLINE
  5
5EA
330
1F
100
AcDbEntity
  8
DEFAULT
 62
    18
100
AcDbSpline
210
0.0
220
0.0
230
1.0
 70
    11
 71
     3
 72
    26
 73
    22
 74
     0
 42
0.000000001
 43
0.0000000001
 40
0.0
 40
0.0
 40
0.0
 40
0.0
 40
1.0
 40
1.0
 40
1.0
 40
2.0
 40
2.0
 40
2.0
 40
3.0
 40
3.0
 40
3.0
 40
4.0
 40
4.0
 40
4.0
 40
5.0
 40
5.0
 40
5.0
 40
6.0
 40
6.0
 40
6.0
 40
11.63460344656135
 40
11.63460344656135
 40
11.63460344656135
 40
11.63460344656135
 10
378.3978052777778
 20
212.2926708333333
 30
0.0
 10
378.3445358333333
 20
212.4440125
 30
0.0
 10
378.2909136111111
 20
212.6263986111111
 30
0.0
 10
378.2521080555555
 20
212.8295986111111
 30
0.0
 10
378.1815525
 20
213.1975458333333
 30
0.0
 10
378.2168302777778
 20
213.4762402777777
 30
0.0
 10
378.3455941666667
 20
213.6808513888888
 30
0.0
 10
378.4736525
 20
213.8886375
 30
0.0
 10
378.6835552777778
 20
214.0357458333333
 30
0.0
 10
379.0045830555555
 20
214.0971291666666
 30
0.0
 10
379.3284330555555
 20
214.1592180555556
 30
0.0
 10
379.6127719444444
 20
214.1098291666666
 30
0.0
 10
379.8307886111111
 20
213.9591930555555
 30
0.0
 10
380.0519802777778
 20
213.8096152777777
 30
0.0
 10
380.2107302777777
 20
213.5221013888889
 30
0.0
 10
380.2844608333333
 20
213.1365152777778
 30
0.0
 10
380.3193858333333
 20
212.9541291666666
 30
0.0
 10
380.3398469444445
 20
212.7992597222222
 30
0.0
 10
380.3500775000001
 20
212.6666152777777
 30
0.0
 10
379.6993200925926
 20
212.5419671296296
 30
0.0
 10
379.0485626851852
 20
212.4173189814815
 30
0.0
 10
378.3978052777778
 20
212.2926708333333
 30
0.0
  0
SPLINE
  5
5EB
330
1F
100
AcDbEntity
  8
DEFAULT
 62
    18
100
AcDbSpline
210
0.0
220
0.0
230
1.0
 70
     8
 71
     3
 72
    17
 73
    13
 74
     0
 42
0.000000001
 43
0.0000000001
 40
0.0
 40
0.0
 40
0.0
 40
0.0
 40
1.0
 40
1.0
 40
1.0
 40
2.0
 40
2.0
 40
2.0
 40
3.0
 40
3.0
 40
3.0
 40
4.0
 40
4.0
 40
4.0
 40
4.0
 10
388.7632630555556
 20
205.7332266666666
 30
0.0
 10
388.7346880555556
 20
205.6298627777778
 30
0.0
 10
388.6415547222222
 20
205.4552377777777
 30
0.0
 10
388.4768075
 20
205.2728516666667
 30
0.0
 10
388.0947491666666
 20
204.8502238888888
 30
0.0
 10
387.5405352777778
 20
204.7733183333333
 30
0.0
 10
387.0487630555556
 20
205.2174655555555
 30
0.0
 10
386.5792158333333
 20
205.6415044444444
 30
0.0
 10
386.5485241666667
 20
206.2468711111111
 30
0.0
 10
386.9686825
 20
206.712185
 30
0.0
 10
387.1373102777778
 20
206.8988044444444
 30
0.0
 10
387.2840658333333
 20
206.9806488888889
 30
0.0
 10
387.3570908333333
 20
207.0078127777778
 30
0.0
  0
SPLINE
  5
5EC
330
1F
100
AcDbEntity
  8
DEFAULT
 62
     1
100
AcDbSpline
210
0.0
220
0.0
230
1.0
 70
     8
 71
     3
 72
     8
 73
     4
 74
     0
 42
0.000000001
 43
0.0000000001
 40
0.0
 40
0.0
 40
0.0
 40
0.0
 40
1.0
 40
1.0
 40
1.0
 40
1.0
 10
275.0006494444444
 20
16.85014833333333
 30
0.0
 10
275.0817883333333
 20
10.34139833333333
 30
0.0
 10
280.341705
 20
5.081481666666667
 30
0.0
 10
286.850455
 20
5.000342777777777
 30
0.0
  0
POLYLINE
  5
5ED
330
1F
100
AcDbEntity
  8
DEFAULT
 62
     1
100
AcDb2dPolyline
 66
     1
 10
0.0
 20
0.0
 30
0.0
  0
VERTEX
  5
5EE
330
5ED
100
AcDbEntity
  8
DEFAULT
 62
     1
100
AcDbVertex
100
AcDb2dVertex
 10
275.0006494444444
 20
17.15000944444444
 30
0.0
  0
VERTEX
  5
5EF
330
5ED
100
AcDbEntity
  8
DEFAULT
 62
     1
100
AcDbVertex
100
AcDb2dVertex
 10
275.0006494444444
 20
212.8499538888889
 30
0.0
  0
SEQEND
  5
5F0
330
5ED
100
AcDbEntity
  8
DEFAULT
 62
     1
  0
SPLINE
  5
5F1
330
1F
100
AcDbEntity
  8
DEFAULT
 62
     1
100
AcDbSpline
210
0.0
220
0.0
230
1.0
 70
     8
 71
     3
 72
     8
 73
     4
 74
     0
 42
0.000000001
 43
0.0000000001
 40
0.0
 40
0.0
 40
0.0
 40
0.0
 40
1.0
 40
1.0
 40
1.0
 40
1.0
 10
275.0006494444444
 20
213.149815
 30
0.0
 10
275.0817883333333
 20
219.658565
 30
0.0
 10
280.341705
 20
224.9184816666667
 30
0.0
 10
286.850455
 20
224.9996205555555
 30
0.0
  0
POLYLINE
  5
5F2
330
1F
100
AcDbEntity
  8
DEFAULT
 62
     1
100
AcDb2dPolyline
 66
     1
 10
0.0
 20
0.0
 30
0.0
  0
VERTEX
  5
5F3
330
5F2
100
AcDbEntity
  8
DEFAULT
 62
     1
100
AcDbVertex
100
AcDb2dVertex
 10
392.8495938888889
 20
224.9996205555555
 30
0.0
  0
VERTEX
  5
5F4
330
5F2
100
AcDbEntity
  8
DEFAULT
 62
     1
100
AcDbVertex
100
AcDb2dVertex
 10
287.1503161111111
 20
224.9996205555555
 30
0.0
  0
SEQEND
  5
5F5
330
5F2
100
AcDbEntity
  8
DEFAULT
 62
     1
  0
SPLINE
  5
5F6
330
1F
100
AcDbEntity
  8
DEFAULT
 62
     1
100
AcDbSpline
210
0.0
220
0.0
230
1.0
 70
     8
 71
     3
 72
     8
 73
     4
 74
     0
 42
0.000000001
 43
0.0000000001
 40
0.0
 40
0.0
 40
0.0
 40
0.0
 40
1.0
 40
1.0
 40
1.0
 40
1.0
 10
393.1494902777777
 20
224.9996205555555
 30
0.0
 10
399.6582402777777
 20
224.9184816666667
 30
0.0
 10
404.9181569444444
 20
219.658565
 30
0.0
 10
404.9992958333332
 20
213.149815
 30
0.0
  0
POLYLINE
  5
5F7
330
1F
100
AcDbEntity
  8
DEFAULT
 62
     1
100
AcDb2dPolyline
 66
     1
 10
0.0
 20
0.0
 30
0.0
  0
VERTEX
  5
5F8
330
5F7
100
AcDbEntity
  8
DEFAULT
 62
     1
100
AcDbVertex
100
AcDb2dVertex
 10
404.9992605555555
 20
17.15000944444444
 30
0.0
  0
VERTEX
  5
5F9
330
5F7
100
AcDbEntity
  8
DEFAULT
 62
     1
100
AcDbVertex
100
AcDb2dVertex
 10
404.9992605555555
 20
212.8499538888889
 30
0.0
  0
SEQEND
  5
5FA
330
5F7
100
AcDbEntity
  8
DEFAULT
 62
     1
  0
SPLINE
  5
5FB
330
1F
100
AcDbEntity
  8
DEFAULT
 62
     1
100
AcDbSpline
210
0.0
220
0.0
230
1.0
 70
     8
 71
     3
 72
     8
 73
     4
 74
     0
 42
0.000000001
 43
0.0000000001
 40
0.0
 40
0.0
 40
0.0
 40
0.0
 40
1.0
 40
1.0
 40
1.0
 40
1.0
 10
393.1494902777777
 20
5.000342777777778
 30
0.0
 10
399.6582402777777
 20
5.081481666666667
 30
0.0
 10
404.9181569444444
 20
10.34139833333333
 30
0.0
 10
404.9992958333332
 20
16.85014833333333
 30
0.0
  0
POLYLINE
  5
5FC
330
1F
100
AcDbEntity
  8
DEFAULT
 62
     1
100
AcDb2dPolyline
 66
     1
 10
0.0
 20
0.0
 30
0.0
  0
VERTEX
  5
5FD
330
5FC
100
AcDbEntity
  8
DEFAULT
 62
     1
100
AcDbVertex
100
AcDb2dVertex
 10
392.8495938888889
 20
5.000342777777778
 30
0.0
  0
VERTEX
  5
5FE
330
5FC
100
AcDbEntity
  8
DEFAULT
 62
     1
100
AcDbVertex
100
AcDb2dVertex
 10
287.1503161111111
 20
5.000342777777778
 30
0.0
  0
SEQEND
  5
5FF
330
5FC
100
AcDbEntity
  8
DEFAULT
 62
     1
  0
POLYLINE
  5
600
330
1F
100
AcDbEntity
  8
DEFAULT
 62
    18
100
AcDb2dPolyline
 66
     1
 10
0.0
 20
0.0
 30
0.0
  0
VERTEX
  5
601
330
600
100
AcDbEntity
  8
DEFAULT
 62
    18
100
AcDbVertex
100
AcDb2dVertex
 10
295.412618611111
 20
76.92767472222222
 30
0.0
  0
VERTEX
  5
602
330
600
100
AcDbEntity
  8
DEFAULT
 62
    18
100
AcDbVertex
100
AcDb2dVertex
 10
296.5369213888889
 20
76.92767472222222
 30
0.0
  0
VERTEX
  5
603
330
600
100
AcDbEntity
  8
DEFAULT
 62
    18
100
AcDbVertex
100
AcDb2dVertex
 10
296.5369213888889
 20
74.90661083333332
 30
0.0
  0
SEQEND
  5
604
330
600
100
AcDbEntity
  8
DEFAULT
 62
    18
  0
POLYLINE
  5
605
330
1F
100
AcDbEntity
  8
DEFAULT
 62
     1
100
AcDb2dPolyline
 66
     1
 10
0.0
 20
0.0
 30
0.0
  0
VERTEX
  5
606
330
605
100
AcDbEntity
  8
DEFAULT
 62
     1
100
AcDbVertex
100
AcDb2dVertex
 10
295.8043783333333
 20
85.95525805555555
 30
0.0
  0
VERTEX
  5
607
330
605
100
AcDbEntity
  8
DEFAULT
 62
     1
100
AcDbVertex
100
AcDb2dVertex
 10
294.4779338888889
 20
85.95525805555555
 30
0.0
  0
SEQEND
  5
608
330
605
100
AcDbEntity
  8
DEFAULT
 62
     1
  0
POLYLINE
  5
609
330
1F
100
AcDbEntity
  8
DEFAULT
 62
     1
100
AcDb2dPolyline
 66
     1
 10
0.0
 20
0.0
 30
0.0
  0
VERTEX
  5
60A
330
609
100
AcDbEntity
  8
DEFAULT
 62
     1
100
AcDbVertex
100
AcDb2dVertex
 10
297.476545
 20
85.95525805555555
 30
0.0
  0
VERTEX
  5
60B
330
609
100
AcDbEntity
  8
DEFAULT
 62
     1
100
AcDbVertex
100
AcDb2dVertex
 10
296.1536283333333
 20
85.95525805555555
 30
0.0
  0
SEQEND
  5
60C
330
609
100
AcDbEntity
  8
DEFAULT
 62
     1
  0
SPLINE
  5
60D
330
1F
100
AcDbEntity
  8
DEFAULT
 62
     1
100
AcDbSpline
210
0.0
220
0.0
230
1.0
 70
     8
 71
     3
 72
    32
 73
    28
 74
     0
 42
0.000000001
 43
0.0000000001
 40
0.0
 40
0.0
 40
0.0
 40
0.0
 40
1.0
 40
1.0
 40
1.0
 40
2.0
 40
2.0
 40
2.0
 40
3.0
 40
3.0
 40
3.0
 40
4.0
 40
4.0
 40
4.0
 40
5.014142135623718
 40
5.014142135623718
 40
5.014142135623718
 40
6.014142135623718
 40
6.014142135623718
 40
6.014142135623718
 40
7.014142135623718
 40
7.014142135623718
 40
7.014142135623718
 40
16.92414718103111
 40
16.92414718103111
 40
16.92414718103111
 40
20.66414718103112
 40
20.66414718103112
 40
20.66414718103112
 40
20.66414718103112
 10
293.9099616666666
 20
72.06286916666666
 30
0.0
 10
295.4551283333333
 20
71.0715636111111
 30
0.0
 10
296.7815727777777
 20
71.56192472222222
 30
0.0
 10
297.7587672222222
 20
72.06639694444443
 30
0.0
 10
300.2352672222221
 20
73.33286916666665
 30
0.0
 10
299.7202116666666
 20
78.51870249999999
 30
0.0
 10
301.4735172222222
 20
82.5474247222222
 30
0.0
 10
302.5706561111111
 20
85.05920249999998
 30
0.0
 10
303.8300727777777
 20
83.57048027777776
 30
0.0
 10
304.7367116666666
 20
86.40681361111109
 30
0.0
 10
306.0208227777778
 20
90.41789694444442
 30
0.0
 10
304.6308783333333
 20
88.68575805555554
 30
0.0
 10
302.8916838888888
 20
87.44045249999999
 30
0.0
 10
300.4151838888889
 20
85.66598027777776
 30
0.0
 10
298.5983783333333
 20
85.95878583333331
 30
0.0
 10
297.476545
 20
85.95525805555555
 30
0.0
 10
297.4483227777777
 20
85.95525805555555
 30
0.0
 10
297.4306838888888
 20
85.17561916666666
 30
0.0
 10
297.4306838888888
 20
84.20900805555554
 30
0.0
 10
297.4271561111111
 20
83.23886916666666
 30
0.0
 10
297.476545
 20
82.73086916666665
 30
0.0
 10
297.476545
 20
82.45570249999999
 30
0.0
 10
297.4753690740741
 20
81.29035990740739
 30
0.0
 10
297.4741931481481
 20
80.12501731481481
 30
0.0
 10
297.4730172222222
 20
78.95967472222222
 30
0.0
 10
297.0332209259259
 20
78.95967472222222
 30
0.0
 10
296.5934246296296
 20
78.95967472222222
 30
0.0
 10
296.1536283333333
 20
78.95967472222222
 30
0.0
  0
SPLINE
  5
60E
330
1F
100
AcDbEntity
  8
DEFAULT
 62
     1
100
AcDbSpline
210
0.0
220
0.0
230
1.0
 70
     8
 71
     3
 72
    32
 73
    28
 74
     0
 42
0.000000001
 43
0.0000000001
 40
0.0
 40
0.0
 40
0.0
 40
0.0
 40
1.0
 40
1.0
 40
1.0
 40
2.0
 40
2.0
 40
2.0
 40
3.0
 40
3.0
 40
3.0
 40
4.0
 40
4.0
 40
4.0
 40
5.0
 40
5.0
 40
5.0
 40
6.0
 40
6.0
 40
6.0
 40
7.0
 40
7.0
 40
7.0
 40
16.92000000000002
 40
16.92000000000002
 40
16.92000000000002
 40
20.68000000000001
 40
20.68000000000001
 40
20.68000000000001
 40
20.68000000000001
 10
293.6136283333333
 20
72.25336916666666
 30
0.0
 10
292.0578783333333
 20
73.20234138888888
 30
0.0
 10
290.5056561111111
 20
72.02053583333333
 30
0.0
 10
289.7718783333333
 20
70.36953583333333
 30
0.0
 10
289.0169338888889
 20
68.66914694444444
 30
0.0
 10
289.4085172222222
 20
65.9598136111111
 30
0.0
 10
287.3976838888889
 20
69.74864694444445
 30
0.0
 10
285.7854894444444
 20
72.7860636111111
 30
0.0
 10
287.0343227777778
 20
79.5664525
 30
0.0
 10
289.1157116666666
 20
82.54036916666666
 30
0.0
 10
291.8497394444444
 20
86.44209138888888
 30
0.0
 10
288.5653783333333
 20
91.21517472222222
 30
0.0
 10
291.3629061111111
 20
88.36120249999999
 30
0.0
 10
292.8057672222222
 20
86.89011916666666
 30
0.0
 10
293.0527116666667
 20
85.84942472222221
 30
0.0
 10
294.4814616666667
 20
85.95878583333332
 30
0.0
 10
294.5061561111111
 20
85.94467472222222
 30
0.0
 10
294.5273227777778
 20
85.16503583333332
 30
0.0
 10
294.5308505555556
 20
84.20900805555554
 30
0.0
 10
294.5308505555556
 20
83.24239694444444
 30
0.0
 10
294.4779338888889
 20
82.73086916666665
 30
0.0
 10
294.4779338888889
 20
82.45923027777778
 30
0.0
 10
294.4779338888889
 20
81.29271175925926
 30
0.0
 10
294.4779338888889
 20
80.12619324074073
 30
0.0
 10
294.4779338888889
 20
78.95967472222222
 30
0.0
 10
294.920082037037
 20
78.95967472222222
 30
0.0
 10
295.3622301851852
 20
78.95967472222222
 30
0.0
 10
295.8043783333333
 20
78.95967472222222
 30
0.0
  0
POLYLINE
  5
60F
330
1F
100
AcDbEntity
  8
DEFAULT
 62
    18
100
AcDb2dPolyline
 66
     1
 10
0.0
 20
0.0
 30
0.0
  0
VERTEX
  5
610
330
60F
100
AcDbEntity
  8
DEFAULT
 62
    18
100
AcDbVertex
100
AcDb2dVertex
 10
383.4636588888889
 20
76.92767472222222
 30
0.0
  0
VERTEX
  5
611
330
60F
100
AcDbEntity
  8
DEFAULT
 62
    18
100
AcDbVertex
100
AcDb2dVertex
 10
384.5879616666666
 20
76.92767472222222
 30
0.0
  0
VERTEX
  5
612
330
60F
100
AcDbEntity
  8
DEFAULT
 62
    18
100
AcDbVertex
100
AcDb2dVertex
 10
384.5879616666666
 20
74.90661083333332
 30
0.0
  0
SEQEND
  5
613
330
60F
100
AcDbEntity
  8
DEFAULT
 62
    18
  0
POLYLINE
  5
614
330
1F
100
AcDbEntity
  8
DEFAULT
 62
     1
100
AcDb2dPolyline
 66
     1
 10
0.0
 20
0.0
 30
0.0
  0
VERTEX
  5
615
330
614
100
AcDbEntity
  8
DEFAULT
 62
     1
100
AcDbVertex
100
AcDb2dVertex
 10
385.5194361111111
 20
85.95878583333332
 30
0.0
  0
VERTEX
  5
616
330
614
100
AcDbEntity
  8
DEFAULT
 62
     1
100
AcDbVertex
100
AcDb2dVertex
 10
384.1965194444444
 20
85.95878583333332
 30
0.0
  0
SEQEND
  5
617
330
614
100
AcDbEntity
  8
DEFAULT
 62
     1
  0
POLYLINE
  5
618
330
1F
100
AcDbEntity
  8
DEFAULT
 62
     1
100
AcDb2dPolyline
 66
     1
 10
0.0
 20
0.0
 30
0.0
  0
VERTEX
  5
619
330
618
100
AcDbEntity
  8
DEFAULT
 62
     1
100
AcDbVertex
100
AcDb2dVertex
 10
383.8472694444444
 20
85.95878583333332
 30
0.0
  0
VERTEX
  5
61A
330
618
100
AcDbEntity
  8
DEFAULT
 62
     1
100
AcDbVertex
100
AcDb2dVertex
 10
382.5208249999999
 20
85.95878583333332
 30
0.0
  0
SEQEND
  5
61B
330
618
100
AcDbEntity
  8
DEFAULT
 62
     1
  0
SPLINE
  5
61C
330
1F
100
AcDbEntity
  8
DEFAULT
 62
     1
100
AcDbSpline
210
0.0
220
0.0
230
1.0
 70
     8
 71
     3
 72
    32
 73
    28
 74
     0
 42
0.000000001
 43
0.0000000001
 40
0.0
 40
0.0
 40
0.0
 40
0.0
 40
3.769999999999982
 40
3.769999999999982
 40
3.769999999999982
 40
13.68999999999997
 40
13.68999999999997
 40
13.68999999999997
 40
14.68999999999997
 40
14.68999999999997
 40
14.68999999999997
 40
15.68999999999997
 40
15.68999999999997
 40
15.68999999999997
 40
16.68999999999997
 40
16.68999999999997
 40
16.68999999999997
 40
17.68999999999997
 40
17.68999999999997
 40
17.68999999999997
 40
18.68999999999997
 40
18.68999999999997
 40
18.68999999999997
 40
19.68999999999997
 40
19.68999999999997
 40
19.68999999999997
 40
20.68999999999997
 40
20.68999999999997
 40
20.68999999999997
 40
20.68999999999997
 10
384.1965194444444
 20
78.95967472222222
 30
0.0
 10
384.6398435185185
 20
78.95967472222222
 30
0.0
 10
385.0831675925926
 20
78.95967472222222
 30
0.0
 10
385.5264916666666
 20
78.95967472222222
 30
0.0
 10
385.5264916666666
 20
80.12619324074073
 30
0.0
 10
385.5264916666666
 20
81.29271175925925
 30
0.0
 10
385.5264916666666
 20
82.45923027777776
 30
0.0
 10
385.5229638888888
 20
82.73086916666665
 30
0.0
 10
385.4735749999999
 20
83.24239694444444
 30
0.0
 10
385.4735749999999
 20
84.20900805555554
 30
0.0
 10
385.4735749999999
 20
85.16503583333332
 30
0.0
 10
385.4947416666666
 20
85.94467472222222
 30
0.0
 10
385.5194361111111
 20
85.95878583333332
 30
0.0
 10
386.9481861111111
 20
85.84942472222221
 30
0.0
 10
387.1986583333332
 20
86.89011916666665
 30
0.0
 10
388.6379916666666
 20
88.36120249999999
 30
0.0
 10
391.4355194444444
 20
91.21517472222222
 30
0.0
 10
388.1511583333333
 20
86.44209138888888
 30
0.0
 10
390.8851861111111
 20
82.54036916666666
 30
0.0
 10
392.9665749999999
 20
79.5664525
 30
0.0
 10
394.2154083333333
 20
72.7860636111111
 30
0.0
 10
392.6032138888888
 20
69.74864694444443
 30
0.0
 10
390.5959083333333
 20
65.9598136111111
 30
0.0
 10
390.9839638888888
 20
68.66914694444444
 30
0.0
 10
390.2290194444444
 20
70.36953583333333
 30
0.0
 10
389.4952416666666
 20
72.0240636111111
 30
0.0
 10
387.9430194444444
 20
73.20234138888888
 30
0.0
 10
386.3837416666666
 20
72.25336916666666
 30
0.0
  0
SPLINE
  5
61D
330
1F
100
AcDbEntity
  8
DEFAULT
 62
     1
100
AcDbSpline
210
0.0
220
0.0
230
1.0
 70
     8
 71
     3
 72
    32
 73
    28
 74
     0
 42
0.000000001
 43
0.0000000001
 40
0.0
 40
0.0
 40
0.0
 40
0.0
 40
3.740000000000009
 40
3.740000000000009
 40
3.740000000000009
 40
13.6500050454074
 40
13.6500050454074
 40
13.6500050454074
 40
14.6500050454074
 40
14.6500050454074
 40
14.6500050454074
 40
15.66414718103114
 40
15.66414718103114
 40
15.66414718103114
 40
16.66414718103114
 40
16.66414718103114
 40
16.66414718103114
 40
17.66414718103114
 40
17.66414718103114
 40
17.66414718103114
 40
18.66414718103114
 40
18.66414718103114
 40
18.66414718103114
 40
19.66414718103114
 40
19.66414718103114
 40
19.66414718103114
 40
20.66414718103114
 40
20.66414718103114
 40
20.66414718103114
 40
20.66414718103114
 10
383.8472694444444
 20
78.95967472222222
 30
0.0
 10
383.4074731481481
 20
78.95967472222222
 30
0.0
 10
382.9676768518518
 20
78.95967472222222
 30
0.0
 10
382.5278805555556
 20
78.95967472222222
 30
0.0
 10
382.5267046296296
 20
80.12501731481481
 30
0.0
 10
382.5255287037037
 20
81.29035990740739
 30
0.0
 10
382.5243527777777
 20
82.45570249999999
 30
0.0
 10
382.5243527777777
 20
82.73086916666665
 30
0.0
 10
382.5737416666666
 20
83.23886916666666
 30
0.0
 10
382.5737416666666
 20
84.20900805555554
 30
0.0
 10
382.5737416666666
 20
85.17561916666666
 30
0.0
 10
382.5525749999999
 20
85.95525805555555
 30
0.0
 10
382.5208249999999
 20
85.95878583333332
 30
0.0
 10
381.4060472222221
 20
85.95878583333332
 30
0.0
 10
379.5857138888888
 20
85.66598027777776
 30
0.0
 10
377.1127416666666
 20
87.44045249999999
 30
0.0
 10
375.3735472222222
 20
88.68575805555554
 30
0.0
 10
373.9836027777777
 20
90.41789694444444
 30
0.0
 10
375.2641861111111
 20
86.4068136111111
 30
0.0
 10
376.1743527777777
 20
83.57048027777776
 30
0.0
 10
377.4337694444444
 20
85.05920249999998
 30
0.0
 10
378.5273805555555
 20
82.5474247222222
 30
0.0
 10
380.2806861111111
 20
78.51870249999999
 30
0.0
 10
379.7656305555555
 20
73.33286916666667
 30
0.0
 10
382.2421305555555
 20
72.06639694444443
 30
0.0
 10
383.2228527777777
 20
71.56545249999999
 30
0.0
 10
384.5492972222222
 20
71.0715636111111
 30
0.0
 10
386.090936111111
 20
72.05934138888888
 30
0.0
  0
POLYLINE
  5
61E
330
1F
100
AcDbEntity
  8
DEFAULT
 62
    18
100
AcDb2dPolyline
 66
     1
 10
0.0
 20
0.0
 30
0.0
  0
VERTEX
  5
61F
330
61E
100
AcDbEntity
  8
DEFAULT
 62
    18
100
AcDbVertex
100
AcDb2dVertex
 10
352.5644177777777
 20
23.69001555555555
 30
0.0
  0
VERTEX
  5
620
330
61E
100
AcDbEntity
  8
DEFAULT
 62
    18
100
AcDbVertex
100
AcDb2dVertex
 10
352.5644177777777
 20
21.66895166666666
 30
0.0
  0
SEQEND
  5
621
330
61E
100
AcDbEntity
  8
DEFAULT
 62
    18
  0
POLYLINE
  5
622
330
1F
100
AcDbEntity
  8
DEFAULT
 62
    18
100
AcDb2dPolyline
 66
     1
 10
0.0
 20
0.0
 30
0.0
  0
VERTEX
  5
623
330
622
100
AcDbEntity
  8
DEFAULT
 62
    18
100
AcDbVertex
100
AcDb2dVertex
 10
352.5644177777777
 20
22.61651277777778
 30
0.0
  0
VERTEX
  5
624
330
622
100
AcDbEntity
  8
DEFAULT
 62
    18
100
AcDbVertex
100
AcDb2dVertex
 10
351.06229
 20
22.61651277777778
 30
0.0
  0
SEQEND
  5
625
330
622
100
AcDbEntity
  8
DEFAULT
 62
    18
  0
POLYLINE
  5
626
330
1F
100
AcDbEntity
  8
DEFAULT
 62
    18
100
AcDb2dPolyline
 66
     1
 10
0.0
 20
0.0
 30
0.0
  0
VERTEX
  5
627
330
626
100
AcDbEntity
  8
DEFAULT
 62
    18
100
AcDbVertex
100
AcDb2dVertex
 10
351.0623605555555
 20
21.66912805555555
 30
0.0
  0
VERTEX
  5
628
330
626
100
AcDbEntity
  8
DEFAULT
 62
    18
100
AcDbVertex
100
AcDb2dVertex
 10
351.0623605555555
 20
23.69019194444444
 30
0.0
  0
SEQEND
  5
629
330
626
100
AcDbEntity
  8
DEFAULT
 62
    18
  0
POLYLINE
  5
62A
330
1F
100
AcDbEntity
  8
DEFAULT
 62
     1
100
AcDb2dPolyline
 66
     1
 10
0.0
 20
0.0
 30
0.0
  0
VERTEX
  5
62B
330
62A
100
AcDbEntity
  8
DEFAULT
 62
     1
100
AcDbVertex
100
AcDb2dVertex
 10
353.3155169444444
 20
13.64114055555555
 30
0.0
  0
VERTEX
  5
62C
330
62A
100
AcDbEntity
  8
DEFAULT
 62
     1
100
AcDbVertex
100
AcDb2dVertex
 10
351.9890725
 20
13.64114055555555
 30
0.0
  0
SEQEND
  5
62D
330
62A
100
AcDbEntity
  8
DEFAULT
 62
     1
  0
POLYLINE
  5
62E
330
1F
100
AcDbEntity
  8
DEFAULT
 62
     1
100
AcDb2dPolyline
 66
     1
 10
0.0
 20
0.0
 30
0.0
  0
VERTEX
  5
62F
330
62E
100
AcDbEntity
  8
DEFAULT
 62
     1
100
AcDbVertex
100
AcDb2dVertex
 10
351.6398225
 20
13.64114055555555
 30
0.0
  0
VERTEX
  5
630
330
62E
100
AcDbEntity
  8
DEFAULT
 62
     1
100
AcDbVertex
100
AcDb2dVertex
 10
350.3133780555555
 20
13.64114055555555
 30
0.0
  0
SEQEND
  5
631
330
62E
100
AcDbEntity
  8
DEFAULT
 62
     1
  0
SPLINE
  5
632
330
1F
100
AcDbEntity
  8
DEFAULT
 62
     1
100
AcDbSpline
210
0.0
220
0.0
230
1.0
 70
     8
 71
     3
 72
    26
 73
    22
 74
     0
 42
0.000000001
 43
0.0000000001
 40
0.0
 40
0.0
 40
0.0
 40
0.0
 40
1.0
 40
1.0
 40
1.0
 40
2.0
 40
2.0
 40
2.0
 40
26.54999999999995
 40
26.54999999999995
 40
26.54999999999995
 40
27.54999999999995
 40
27.54999999999995
 40
27.54999999999995
 40
28.54999999999995
 40
28.54999999999995
 40
28.54999999999995
 40
35.62999999999996
 40
35.62999999999996
 40
35.62999999999996
 40
39.38999999999995
 40
39.38999999999995
 40
39.38999999999995
 40
39.38999999999995
 10
351.9890725
 20
25.99541833333333
 30
0.0
 10
356.7833225
 20
25.90016833333333
 30
0.0
 10
354.7442669444444
 20
21.87497388888888
 30
0.0
 10
360.4839613888889
 20
19.00689055555555
 30
0.0
 10
365.084183611111
 20
16.70677944444444
 30
0.0
 10
365.5039891666667
 20
13.64114055555555
 30
0.0
 10
361.9762113888888
 20
13.64114055555555
 30
0.0
 10
359.0893132407407
 20
13.64114055555555
 30
0.0
 10
356.2024150925925
 20
13.64114055555555
 30
0.0
 10
353.3155169444444
 20
13.64114055555555
 30
0.0
 10
353.2872947222222
 20
13.64114055555555
 30
0.0
 10
353.2661280555556
 20
14.42430722222222
 30
0.0
 10
353.2661280555556
 20
15.39091833333333
 30
0.0
 10
353.2661280555556
 20
16.35752944444444
 30
0.0
 10
353.3155169444444
 20
16.86905722222222
 30
0.0
 10
353.3155169444444
 20
17.14069611111111
 30
0.0
 10
353.3155169444444
 20
17.97325166666667
 30
0.0
 10
353.3155169444444
 20
18.80580722222222
 30
0.0
 10
353.3155169444444
 20
19.63836277777778
 30
0.0
 10
352.8733687962963
 20
19.63836277777778
 30
0.0
 10
352.4312206481482
 20
19.63836277777778
 30
0.0
 10
351.9890725
 20
19.63836277777778
 30
0.0
  0
SPLINE
  5
633
330
1F
100
AcDbEntity
  8
DEFAULT
 62
     1
100
AcDbSpline
210
0.0
220
0.0
230
1.0
 70
     8
 71
     3
 72
    26
 73
    22
 74
     0
 42
0.000000001
 43
0.0000000001
 40
0.0
 40
0.0
 40
0.0
 40
0.0
 40
1.0
 40
1.0
 40
1.0
 40
2.0
 40
2.0
 40
2.0
 40
26.57000000000005
 40
26.57000000000005
 40
26.57000000000005
 40
27.57000000000005
 40
27.57000000000005
 40
27.57000000000005
 40
28.57000000000005
 40
28.57000000000005
 40
28.57000000000005
 40
35.65000000000006
 40
35.65000000000006
 40
35.65000000000006
 40
39.40000000000006
 40
39.40000000000006
 40
39.40000000000006
 40
39.40000000000006
 10
351.6398225
 20
25.99541833333333
 30
0.0
 10
346.8420447222222
 20
25.90369611111111
 30
0.0
 10
348.8846280555555
 20
21.87497388888888
 30
0.0
 10
343.1414058333333
 20
19.00689055555555
 30
0.0
 10
338.5411836111111
 20
16.70677944444444
 30
0.0
 10
338.1213780555555
 20
13.64114055555555
 30
0.0
 10
341.6491558333333
 20
13.64114055555555
 30
0.0
 10
344.5384058333332
 20
13.64114055555555
 30
0.0
 10
347.4276558333333
 20
13.64114055555555
 30
0.0
 10
350.3169058333333
 20
13.64114055555555
 30
0.0
 10
350.3416002777778
 20
13.64114055555555
 30
0.0
 10
350.3662947222222
 20
14.42430722222222
 30
0.0
 10
350.3662947222222
 20
15.39091833333333
 30
0.0
 10
350.3662947222222
 20
16.35752944444444
 30
0.0
 10
350.3169058333333
 20
16.86905722222222
 30
0.0
 10
350.3169058333333
 20
17.14069611111111
 30
0.0
 10
350.3169058333333
 20
17.97325166666667
 30
0.0
 10
350.3169058333333
 20
18.80580722222222
 30
0.0
 10
350.3169058333333
 20
19.63836277777778
 30
0.0
 10
350.7578780555555
 20
19.63836277777778
 30
0.0
 10
351.1988502777778
 20
19.63836277777778
 30
0.0
 10
351.6398225
 20
19.63836277777778
 30
0.0
  0
POLYLINE
  5
634
330
1F
100
AcDbEntity
  8
DEFAULT
 62
    18
100
AcDb2dPolyline
 66
     1
 10
0.0
 20
0.0
 30
0.0
  0
VERTEX
  5
635
330
634
100
AcDbEntity
  8
DEFAULT
 62
    18
100
AcDbVertex
100
AcDb2dVertex
 10
326.6635791666666
 20
25.23024333333333
 30
0.0
  0
VERTEX
  5
636
330
634
100
AcDbEntity
  8
DEFAULT
 62
    18
100
AcDbVertex
100
AcDb2dVertex
 10
325.6172402777777
 20
25.23024333333333
 30
0.0
  0
SEQEND
  5
637
330
634
100
AcDbEntity
  8
DEFAULT
 62
    18
  0
POLYLINE
  5
638
330
1F
100
AcDbEntity
  8
DEFAULT
 62
    18
100
AcDb2dPolyline
 66
     1
 10
0.0
 20
0.0
 30
0.0
  0
VERTEX
  5
639
330
638
100
AcDbEntity
  8
DEFAULT
 62
    18
100
AcDbVertex
100
AcDb2dVertex
 10
326.7535022222222
 20
24.28285861111111
 30
0.0
  0
VERTEX
  5
63A
330
638
100
AcDbEntity
  8
DEFAULT
 62
    18
100
AcDbVertex
100
AcDb2dVertex
 10
325.617205
 20
24.28285861111111
 30
0.0
  0
VERTEX
  5
63B
330
638
100
AcDbEntity
  8
DEFAULT
 62
    18
100
AcDbVertex
100
AcDb2dVertex
 10
325.617205
 20
26.3039225
 30
0.0
  0
VERTEX
  5
63C
330
638
100
AcDbEntity
  8
DEFAULT
 62
    18
100
AcDbVertex
100
AcDb2dVertex
 10
326.7086994444444
 20
26.3039225
 30
0.0
  0
SEQEND
  5
63D
330
638
100
AcDbEntity
  8
DEFAULT
 62
    18
  0
POLYLINE
  5
63E
330
1F
100
AcDbEntity
  8
DEFAULT
 62
     1
100
AcDb2dPolyline
 66
     1
 10
0.0
 20
0.0
 30
0.0
  0
VERTEX
  5
63F
330
63E
100
AcDbEntity
  8
DEFAULT
 62
     1
100
AcDbVertex
100
AcDb2dVertex
 10
327.6862113888889
 20
14.25144611111111
 30
0.0
  0
VERTEX
  5
640
330
63E
100
AcDbEntity
  8
DEFAULT
 62
     1
100
AcDbVertex
100
AcDb2dVertex
 10
326.3632947222222
 20
14.25144611111111
 30
0.0
  0
SEQEND
  5
641
330
63E
100
AcDbEntity
  8
DEFAULT
 62
     1
  0
POLYLINE
  5
642
330
1F
100
AcDbEntity
  8
DEFAULT
 62
     1
100
AcDb2dPolyline
 66
     1
 10
0.0
 20
0.0
 30
0.0
  0
VERTEX
  5
643
330
642
100
AcDbEntity
  8
DEFAULT
 62
     1
100
AcDbVertex
100
AcDb2dVertex
 10
326.0105169444444
 20
14.25144611111111
 30
0.0
  0
VERTEX
  5
644
330
642
100
AcDbEntity
  8
DEFAULT
 62
     1
100
AcDbVertex
100
AcDb2dVertex
 10
324.6876002777777
 20
14.25144611111111
 30
0.0
  0
SEQEND
  5
645
330
642
100
AcDbEntity
  8
DEFAULT
 62
     1
  0
SPLINE
  5
646
330
1F
100
AcDbEntity
  8
DEFAULT
 62
     1
100
AcDbSpline
210
0.0
220
0.0
230
1.0
 70
     8
 71
     3
 72
    26
 73
    22
 74
     0
 42
0.000000001
 43
0.0000000001
 40
0.0
 40
0.0
 40
0.0
 40
0.0
 40
3.759999999999991
 40
3.759999999999991
 40
3.759999999999991
 40
4.759999999999991
 40
4.759999999999991
 40
4.759999999999991
 40
5.759999999999991
 40
5.759999999999991
 40
5.759999999999991
 40
6.759999999999991
 40
6.759999999999991
 40
6.759999999999991
 40
7.759999999999991
 40
7.759999999999991
 40
7.759999999999991
 40
20.51999999999999
 40
20.51999999999999
 40
20.51999999999999
 40
24.26999999999999
 40
24.26999999999999
 40
24.26999999999999
 40
24.26999999999999
 10
326.3632947222222
 20
30.25344611111111
 30
0.0
 10
326.8054428703704
 20
30.25344611111111
 30
0.0
 10
327.2475910185185
 20
30.25344611111111
 30
0.0
 10
327.6897391666666
 20
30.25344611111111
 30
0.0
 10
330.6848224999999
 20
30.25344611111111
 30
0.0
 10
333.0166836111111
 20
28.50014055555555
 30
0.0
 10
333.9092113888888
 20
23.36369611111111
 30
0.0
 10
334.9851836111111
 20
17.13716833333333
 30
0.0
 10
331.3551002777777
 20
14.25144611111111
 30
0.0
 10
327.6862113888889
 20
14.25144611111111
 30
0.0
 10
327.6579891666666
 20
14.25144611111111
 30
0.0
 10
327.6368224999999
 20
15.03461277777778
 30
0.0
 10
327.6368224999999
 20
16.00122388888889
 30
0.0
 10
327.6368224999999
 20
16.967835
 30
0.0
 10
327.6862113888889
 20
17.47936277777778
 30
0.0
 10
327.6862113888889
 20
17.75100166666667
 30
0.0
 10
327.6862113888889
 20
19.25148314814815
 30
0.0
 10
327.6862113888889
 20
20.75196462962963
 30
0.0
 10
327.6862113888889
 20
22.25244611111111
 30
0.0
 10
327.2452391666666
 20
22.25244611111111
 30
0.0
 10
326.8042669444444
 20
22.25244611111111
 30
0.0
 10
326.3632947222222
 20
22.25244611111111
 30
0.0
  0
SPLINE
  5
647
330
1F
100
AcDbEntity
  8
DEFAULT
 62
     1
100
AcDbSpline
210
0.0
220
0.0
230
1.0
 70
     8
 71
     3
 72
    26
 73
    22
 74
     0
 42
0.000000001
 43
0.0000000001
 40
0.0
 40
0.0
 40
0.0
 40
0.0
 40
3.75
 40
3.75
 40
3.75
 40
16.51
 40
16.51
 40
16.51
 40
17.51
 40
17.51
 40
17.51
 40
18.51
 40
18.51
 40
18.51
 40
19.51
 40
19.51
 40
19.51
 40
20.51
 40
20.51
 40
20.51
 40
24.26
 40
24.26
 40
24.26
 40
24.26
 10
326.0105169444444
 20
22.25244611111111
 30
0.0
 10
325.5695447222222
 20
22.25244611111111
 30
0.0
 10
325.1285725
 20
22.25244611111111
 30
0.0
 10
324.6876002777777
 20
22.25244611111111
 30
0.0
 10
324.6876002777777
 20
20.75196462962963
 30
0.0
 10
324.6876002777777
 20
19.25148314814815
 30
0.0
 10
324.6876002777777
 20
17.75100166666667
 30
0.0
 10
324.6876002777777
 20
17.47936277777778
 30
0.0
 10
324.7369891666666
 20
16.967835
 30
0.0
 10
324.7369891666666
 20
16.00122388888889
 30
0.0
 10
324.7369891666666
 20
15.03461277777778
 30
0.0
 10
324.7122947222222
 20
14.25144611111111
 30
0.0
 10
324.6876002777777
 20
14.25144611111111
 30
0.0
 10
321.0187113888888
 20
14.25144611111111
 30
0.0
 10
317.3886280555555
 20
17.13716833333333
 30
0.0
 10
318.4681280555555
 20
23.36369611111111
 30
0.0
 10
319.3571280555555
 20
28.50014055555555
 30
0.0
 10
321.6889891666666
 20
30.25344611111111
 30
0.0
 10
324.6876002777777
 20
30.25344611111111
 30
0.0
 10
325.1285725
 20
30.25344611111111
 30
0.0
 10
325.5695447222222
 20
30.25344611111111
 30
0.0
 10
326.0105169444444
 20
30.25344611111111
 30
0.0
  0
SPLINE
  5
648
330
1F
100
AcDbEntity
  8
DEFAULT
 62
    18
100
AcDbSpline
210
0.0
220
0.0
230
1.0
 70
    11
 71
     3
 72
    32
 73
    28
 74
     0
 42
0.000000001
 43
0.0000000001
 40
5.634999999999991
 40
5.634999999999991
 40
5.634999999999991
 40
5.634999999999991
 40
6.634999999999991
 40
6.634999999999991
 40
6.634999999999991
 40
7.634999999999991
 40
7.634999999999991
 40
7.634999999999991
 40
8.634999999999991
 40
8.634999999999991
 40
8.634999999999991
 40
9.634999999999991
 40
9.634999999999991
 40
9.634999999999991
 40
10.63499999999999
 40
10.63499999999999
 40
10.63499999999999
 40
11.63499999999999
 40
11.63499999999999
 40
11.63499999999999
 40
12.63499999999999
 40
12.63499999999999
 40
12.63499999999999
 40
13.63499999999999
 40
13.63499999999999
 40
13.63499999999999
 40
19.26999999999998
 40
19.26999999999998
 40
19.26999999999998
 40
19.26999999999998
 10
336.6791519444444
 20
69.94380361111111
 30
0.0
 10
336.7930991666666
 20
69.96779249999999
 30
0.0
 10
336.9730158333332
 20
69.98578416666666
 30
0.0
 10
337.1557547222222
 20
69.98578416666666
 30
0.0
 10
337.4168102777778
 20
69.98578416666666
 30
0.0
 10
337.5847325
 20
69.94098138888887
 30
0.0
 10
337.7106741666666
 20
69.8390286111111
 30
0.0
 10
337.8154491666666
 20
69.76071194444444
 30
0.0
 10
337.8782436111111
 20
69.64112027777776
 30
0.0
 10
337.8782436111111
 20
69.48201749999998
 30
0.0
 10
337.8782436111111
 20
69.28728416666667
 30
0.0
 10
337.6217741666666
 20
69.11618694444444
 30
0.0
 10
337.4086963888888
 20
69.03822305555555
 30
0.0
 10
337.4086963888888
 20
69.03822305555555
 30
0.0
 10
337.9533852777777
 20
68.82549805555556
 30
0.0
 10
337.9533852777777
 20
68.52563694444443
 30
0.0
 10
337.9533852777777
 20
68.35171749999999
 30
0.0
 10
337.8842408333333
 20
68.2197786111111
 30
0.0
 10
337.7822880555555
 20
68.12100083333333
 30
0.0
 10
337.6415297222222
 20
67.99188416666667
 30
0.0
 10
337.4136352777778
 20
67.93191194444444
 30
0.0
 10
337.0837880555555
 20
67.93191194444444
 30
0.0
 10
336.9038713888888
 20
67.93191194444444
 30
0.0
 10
336.7662880555555
 20
67.94390638888888
 30
0.0
 10
336.6791519444444
 20
67.95590083333333
 30
0.0
 10
336.6791519444444
 20
68.6185350925926
 30
0.0
 10
336.6791519444444
 20
69.28116935185186
 30
0.0
 10
336.6791519444444
 20
69.94380361111111
 30
0.0
  0
POLYLINE
  5
649
330
1F
100
AcDbEntity
  8
DEFAULT
 62
    18
100
AcDb2dPolyline
 66
     1
 10
0.0
 20
0.0
 30
0.0
  0
VERTEX
  5
64A
330
649
100
AcDbEntity
  8
DEFAULT
 62
    18
100
AcDbVertex
100
AcDb2dVertex
 10
346.5194294444444
 20
64.5592152777778
 30
0.0
  0
VERTEX
  5
64B
330
649
100
AcDbEntity
  8
DEFAULT
 62
    18
100
AcDbVertex
100
AcDb2dVertex
 10
347.3572766666666
 20
66.5802791666667
 30
0.0
  0
VERTEX
  5
64C
330
649
100
AcDbEntity
  8
DEFAULT
 62
    18
100
AcDbVertex
100
AcDb2dVertex
 10
348.2106461111111
 20
64.55921527777777
 30
0.0
  0
SEQEND
  5
64D
330
649
100
AcDbEntity
  8
DEFAULT
 62
    18
  0
POLYLINE
  5
64E
330
1F
100
AcDbEntity
  8
DEFAULT
 62
    18
100
AcDb2dPolyline
 66
     1
 10
0.0
 20
0.0
 30
0.0
  0
VERTEX
  5
64F
330
64E
100
AcDbEntity
  8
DEFAULT
 62
    18
100
AcDbVertex
100
AcDb2dVertex
 10
347.943805
 20
65.19421527777777
 30
0.0
  0
VERTEX
  5
650
330
64E
100
AcDbEntity
  8
DEFAULT
 62
    18
100
AcDbVertex
100
AcDb2dVertex
 10
346.7831661111111
 20
65.19421527777777
 30
0.0
  0
SEQEND
  5
651
330
64E
100
AcDbEntity
  8
DEFAULT
 62
    18
  0
POLYLINE
  5
652
330
1F
100
AcDbEntity
  8
DEFAULT
 62
     1
100
AcDb2dPolyline
 66
     1
 10
0.0
 20
0.0
 30
0.0
  0
VERTEX
  5
653
330
652
100
AcDbEntity
  8
DEFAULT
 62
     1
100
AcDbVertex
100
AcDb2dVertex
 10
338.8057669444444
 20
30.53214055555555
 30
0.0
  0
VERTEX
  5
654
330
652
100
AcDbEntity
  8
DEFAULT
 62
     1
100
AcDbVertex
100
AcDb2dVertex
 10
337.4828502777777
 20
30.53214055555555
 30
0.0
  0
SEQEND
  5
655
330
652
100
AcDbEntity
  8
DEFAULT
 62
     1
  0
POLYLINE
  5
656
330
1F
100
AcDbEntity
  8
DEFAULT
 62
     1
100
AcDb2dPolyline
 66
     1
 10
0.0
 20
0.0
 30
0.0
  0
VERTEX
  5
657
330
656
100
AcDbEntity
  8
DEFAULT
 62
     1
100
AcDbVertex
100
AcDb2dVertex
 10
337.1300725
 20
30.53214055555555
 30
0.0
  0
VERTEX
  5
658
330
656
100
AcDbEntity
  8
DEFAULT
 62
     1
100
AcDbVertex
100
AcDb2dVertex
 10
335.8071558333333
 20
30.53214055555555
 30
0.0
  0
SEQEND
  5
659
330
656
100
AcDbEntity
  8
DEFAULT
 62
     1
  0
POLYLINE
  5
65A
330
1F
100
AcDbEntity
  8
DEFAULT
 62
     1
100
AcDb2dPolyline
 66
     1
 10
0.0
 20
0.0
 30
0.0
  0
VERTEX
  5
65B
330
65A
100
AcDbEntity
  8
DEFAULT
 62
     1
100
AcDbVertex
100
AcDb2dVertex
 10
348.8564058333333
 20
33.2061961111111
 30
0.0
  0
VERTEX
  5
65C
330
65A
100
AcDbEntity
  8
DEFAULT
 62
     1
100
AcDbVertex
100
AcDb2dVertex
 10
347.5334891666666
 20
33.2061961111111
 30
0.0
  0
SEQEND
  5
65D
330
65A
100
AcDbEntity
  8
DEFAULT
 62
     1
  0
POLYLINE
  5
65E
330
1F
100
AcDbEntity
  8
DEFAULT
 62
     1
100
AcDb2dPolyline
 66
     1
 10
0.0
 20
0.0
 30
0.0
  0
VERTEX
  5
65F
330
65E
100
AcDbEntity
  8
DEFAULT
 62
     1
100
AcDbVertex
100
AcDb2dVertex
 10
347.1842391666667
 20
33.20972388888889
 30
0.0
  0
VERTEX
  5
660
330
65E
100
AcDbEntity
  8
DEFAULT
 62
     1
100
AcDbVertex
100
AcDb2dVertex
 10
345.8577947222222
 20
33.20972388888889
 30
0.0
  0
SEQEND
  5
661
330
65E
100
AcDbEntity
  8
DEFAULT
 62
     1
  0
SPLINE
  5
662
330
1F
100
AcDbEntity
  8
DEFAULT
 62
     1
100
AcDbSpline
210
0.0
220
0.0
230
1.0
 70
     8
 71
     3
 72
    14
 73
    10
 74
     0
 42
0.000000001
 43
0.0000000001
 40
0.0
 40
0.0
 40
0.0
 40
0.0
 40
1.0
 40
1.0
 40
1.0
 40
2.0
 40
2.0
 40
2.0
 40
3.0
 40
3.0
 40
3.0
 40
3.0
 10
331.2633780555556
 20
87.8620572222222
 30
0.0
 10
332.2934891666666
 20
89.19908499999998
 30
0.0
 10
333.6446280555555
 20
101.7932516666666
 30
0.0
 10
338.0084891666667
 20
103.0279738888889
 30
0.0
 10
345.8189891666667
 20
105.2398905555555
 30
0.0
 10
349.2621002777777
 20
87.72447388888888
 30
0.0
 10
350.3098502777777
 20
87.73152944444443
 30
0.0
 10
351.6609891666667
 20
87.74564055555554
 30
0.0
 10
352.4053502777778
 20
75.1479461111111
 30
0.0
 10
353.5342391666666
 20
74.04022388888887
 30
0.0
  0
SPLINE
  5
663
330
1F
100
AcDbEntity
  8
DEFAULT
 62
     1
100
AcDbSpline
210
0.0
220
0.0
230
1.0
 70
     8
 71
     3
 72
    62
 73
    58
 74
     0
 42
0.000000001
 43
0.0000000001
 40
0.0
 40
0.0
 40
0.0
 40
0.0
 40
1.0
 40
1.0
 40
1.0
 40
2.0
 40
2.0
 40
2.0
 40
3.0
 40
3.0
 40
3.0
 40
4.0
 40
4.0
 40
4.0
 40
5.0
 40
5.0
 40
5.0
 40
6.0
 40
6.0
 40
6.0
 40
7.0
 40
7.0
 40
7.0
 40
8.0
 40
8.0
 40
8.0
 40
9.0
 40
9.0
 40
9.0
 40
10.0
 40
10.0
 40
10.0
 40
11.0
 40
11.0
 40
11.0
 40
12.0
 40
12.0
 40
12.0
 40
13.0
 40
13.0
 40
13.0
 40
14.0
 40
14.0
 40
14.0
 40
15.0
 40
15.0
 40
15.0
 40
16.0
 40
16.0
 40
16.0
 40
17.0
 40
17.0
 40
17.0
 40
30.12000381097506
 40
30.12000381097506
 40
30.12000381097506
 40
33.88000381097505
 40
33.88000381097505
 40
33.88000381097505
 40
33.88000381097505
 10
353.8552669444444
 20
73.90264055555555
 30
0.0
 10
355.1605447222222
 20
72.91486277777777
 30
0.0
 10
354.1904058333333
 20
59.69627944444444
 30
0.0
 10
355.2628502777778
 20
59.69275166666666
 30
0.0
 10
356.5293225
 20
59.69275166666666
 30
0.0
 10
353.3084613888889
 20
42.92875166666666
 30
0.0
 10
353.9893225
 20
42.92875166666666
 30
0.0
 10
355.9613502777777
 20
42.92522388888888
 30
0.0
 10
350.6802669444444
 20
33.12858499999999
 30
0.0
 10
348.8564058333333
 20
33.2061961111111
 30
0.0
 10
348.8281836111111
 20
33.20972388888889
 30
0.0
 10
348.8070169444445
 20
33.99289055555555
 30
0.0
 10
348.8070169444445
 20
34.95950166666666
 30
0.0
 10
348.8105447222222
 20
35.92611277777777
 30
0.0
 10
348.8564058333333
 20
36.43764055555555
 30
0.0
 10
348.8599336111111
 20
36.70927944444443
 30
0.0
 10
348.8599336111111
 20
36.98091833333333
 30
0.0
 10
348.8105447222222
 20
37.48891833333333
 30
0.0
 10
348.8105447222222
 20
38.45552944444444
 30
0.0
 10
348.8105447222222
 20
39.42566833333333
 30
0.0
 10
348.8599336111111
 20
39.93719611111111
 30
0.0
 10
348.8634613888889
 20
40.20883499999999
 30
0.0
 10
348.8599336111111
 20
40.4769461111111
 30
0.0
 10
348.8140725
 20
40.98847388888888
 30
0.0
 10
348.8105447222222
 20
41.95508499999999
 30
0.0
 10
348.8140725
 20
42.92169611111111
 30
0.0
 10
348.8634613888889
 20
43.43675166666666
 30
0.0
 10
348.8599336111111
 20
43.70839055555555
 30
0.0
 10
348.8634613888889
 20
43.98002944444444
 30
0.0
 10
348.8105447222222
 20
44.48802944444444
 30
0.0
 10
348.8140725
 20
45.45464055555556
 30
0.0
 10
348.8140725
 20
46.42477944444444
 30
0.0
 10
348.8634613888889
 20
46.93630722222222
 30
0.0
 10
348.8634613888889
 20
47.2079461111111
 30
0.0
 10
348.8634613888889
 20
47.47605722222222
 30
0.0
 10
348.8140725
 20
47.987585
 30
0.0
 10
348.8140725
 20
48.95772388888889
 30
0.0
 10
348.8140725
 20
49.92080722222221
 30
0.0
 10
348.8669891666667
 20
50.43233499999999
 30
0.0
 10
348.8634613888889
 20
50.70750166666666
 30
0.0
 10
348.8634613888889
 20
50.98266833333333
 30
0.0
 10
348.8176002777778
 20
51.51183499999999
 30
0.0
 10
348.8140725
 20
52.50314055555555
 30
0.0
 10
348.8140725
 20
53.49797388888888
 30
0.0
 10
348.8634613888889
 20
54.02361277777777
 30
0.0
 10
348.8634613888889
 20
54.30230722222221
 30
0.0
 10
348.8669891666667
 20
54.58100166666666
 30
0.0
 10
348.8176002777778
 20
55.10664055555555
 30
0.0
 10
348.8176002777778
 20
56.10147388888888
 30
0.0
 10
348.8176002777778
 20
57.09277944444443
 30
0.0
 10
348.8669891666667
 20
57.6219461111111
 30
0.0
 10
348.8634613888889
 20
57.90064055555554
 30
0.0
 10
348.8646373148148
 20
59.44345537037035
 30
0.0
 10
348.8658132407407
 20
60.98627018518517
 30
0.0
 10
348.8669891666667
 20
62.52908499999999
 30
0.0
 10
348.4248410185185
 20
62.52908499999999
 30
0.0
 10
347.9826928703703
 20
62.52908499999999
 30
0.0
 10
347.5405447222222
 20
62.52908499999999
 30
0.0
  0
SPLINE
  5
664
330
1F
100
AcDbEntity
  8
DEFAULT
 62
     1
100
AcDbSpline
210
0.0
220
0.0
230
1.0
 70
     8
 71
     3
 72
   194
 73
   190
 74
     0
 42
0.000000001
 43
0.0000000001
 40
0.0
 40
0.0
 40
0.0
 40
0.0
 40
1.0
 40
1.0
 40
1.0
 40
2.0
 40
2.0
 40
2.0
 40
3.0
 40
3.0
 40
3.0
 40
4.0
 40
4.0
 40
4.0
 40
5.0
 40
5.0
 40
5.0
 40
6.0
 40
6.0
 40
6.0
 40
7.0
 40
7.0
 40
7.0
 40
8.0
 40
8.0
 40
8.0
 40
9.0
 40
9.0
 40
9.0
 40
10.0
 40
10.0
 40
10.0
 40
11.0
 40
11.0
 40
11.0
 40
12.0
 40
12.0
 40
12.0
 40
13.0
 40
13.0
 40
13.0
 40
14.0
 40
14.0
 40
14.0
 40
15.0
 40
15.0
 40
15.0
 40
16.0
 40
16.0
 40
16.0
 40
17.0
 40
17.0
 40
17.0
 40
18.0
 40
18.0
 40
18.0
 40
19.0
 40
19.0
 40
19.0
 40
20.0
 40
20.0
 40
20.0
 40
21.0
 40
21.0
 40
21.0
 40
22.0
 40
22.0
 40
22.0
 40
23.0
 40
23.0
 40
23.0
 40
32.92000504032131
 40
32.92000504032131
 40
32.92000504032131
 40
41.41000504032132
 40
41.41000504032132
 40
41.41000504032132
 40
51.34000504032133
 40
51.34000504032133
 40
51.34000504032133
 40
52.34000504032133
 40
52.34000504032133
 40
52.34000504032133
 40
53.34000504032133
 40
53.34000504032133
 40
53.34000504032133
 40
54.34000504032133
 40
54.34000504032133
 40
54.34000504032133
 40
55.34000504032133
 40
55.34000504032133
 40
55.34000504032133
 40
56.34000504032133
 40
56.34000504032133
 40
56.34000504032133
 40
57.34000504032133
 40
57.34000504032133
 40
57.34000504032133
 40
58.34000504032133
 40
58.34000504032133
 40
58.34000504032133
 40
59.34000504032133
 40
59.34000504032133
 40
59.34000504032133
 40
60.34000504032133
 40
60.34000504032133
 40
60.34000504032133
 40
61.34000504032133
 40
61.34000504032133
 40
61.34000504032133
 40
62.34000504032133
 40
62.34000504032133
 40
62.34000504032133
 40
63.34000504032133
 40
63.34000504032133
 40
63.34000504032133
 40
64.34000504032133
 40
64.34000504032133
 40
64.34000504032133
 40
65.34000504032133
 40
65.34000504032133
 40
65.34000504032133
 40
66.34000504032133
 40
66.34000504032133
 40
66.34000504032133
 40
67.34000504032133
 40
67.34000504032133
 40
67.34000504032133
 40
68.34000504032133
 40
68.34000504032133
 40
68.34000504032133
 40
69.34000504032133
 40
69.34000504032133
 40
69.34000504032133
 40
70.34000504032133
 40
70.34000504032133
 40
70.34000504032133
 40
71.34000504032133
 40
71.34000504032133
 40
71.34000504032133
 40
72.34000504032133
 40
72.34000504032133
 40
72.34000504032133
 40
73.34000504032133
 40
73.34000504032133
 40
73.34000504032133
 40
74.34000504032133
 40
74.34000504032133
 40
74.34000504032133
 40
75.34000504032133
 40
75.34000504032133
 40
75.34000504032133
 40
76.34000504032133
 40
76.34000504032133
 40
76.34000504032133
 40
77.34000504032133
 40
77.34000504032133
 40
77.34000504032133
 40
78.34000504032133
 40
78.34000504032133
 40
78.34000504032133
 40
79.34000504032133
 40
79.34000504032133
 40
79.34000504032133
 40
80.34000504032133
 40
80.34000504032133
 40
80.34000504032133
 40
81.34000504032133
 40
81.34000504032133
 40
81.34000504032133
 40
82.34000504032133
 40
82.34000504032133
 40
82.34000504032133
 40
83.34000504032133
 40
83.34000504032133
 40
83.34000504032133
 40
84.34000504032133
 40
84.34000504032133
 40
84.34000504032133
 40
85.34000504032133
 40
85.34000504032133
 40
85.34000504032133
 40
86.34000504032133
 40
86.34000504032133
 40
86.34000504032133
 40
99.47000504032133
 40
99.47000504032133
 40
99.47000504032133
 40
103.2200050403213
 40
103.2200050403213
 40
103.2200050403213
 40
103.2200050403213
 10
330.9670447222222
 20
87.65039055555555
 30
0.0
 10
329.8346280555555
 20
86.39097388888888
 30
0.0
 10
330.6636558333333
 20
73.98377944444444
 30
0.0
 10
329.7393780555555
 20
73.98377944444444
 30
0.0
 10
328.4976002777777
 20
73.98377944444444
 30
0.0
 10
329.8910725
 20
59.7174461111111
 30
0.0
 10
328.6069613888889
 20
59.7174461111111
 30
0.0
 10
327.5839058333333
 20
59.7174461111111
 30
0.0
 10
332.4063780555555
 20
42.94639055555555
 30
0.0
 10
331.1822391666666
 20
42.94639055555555
 30
0.0
 10
329.9933780555555
 20
42.94991833333333
 30
0.0
 10
331.9054336111111
 20
39.31983499999999
 30
0.0
 10
332.1135725
 20
37.859335
 30
0.0
 10
332.8332391666666
 20
32.74758499999999
 30
0.0
 10
332.8050169444444
 20
30.53566833333333
 30
0.0
 10
335.8071558333333
 20
30.53566833333333
 30
0.0
 10
335.8318502777777
 20
30.55683499999999
 30
0.0
 10
335.8565447222222
 20
31.32941833333333
 30
0.0
 10
335.8600725
 20
32.28191833333333
 30
0.0
 10
335.8565447222222
 20
33.24852944444444
 30
0.0
 10
335.8071558333333
 20
33.76005722222222
 30
0.0
 10
335.8106836111111
 20
34.0316961111111
 30
0.0
 10
335.8071558333333
 20
34.303335
 30
0.0
 10
335.8600725
 20
34.81486277777777
 30
0.0
 10
335.8565447222222
 20
35.78147388888888
 30
0.0
 10
335.8600725
 20
36.748085
 30
0.0
 10
335.8106836111111
 20
37.25961277777777
 30
0.0
 10
335.8071558333333
 20
37.53125166666666
 30
0.0
 10
335.8106836111111
 20
37.80641833333333
 30
0.0
 10
335.8565447222222
 20
38.31441833333333
 30
0.0
 10
335.8600725
 20
39.28102944444444
 30
0.0
 10
335.8600725
 20
40.25116833333333
 30
0.0
 10
335.8106836111111
 20
40.75916833333333
 30
0.0
 10
335.8106836111111
 20
41.03080722222222
 30
0.0
 10
335.8142113888889
 20
41.30597388888888
 30
0.0
 10
335.8600725
 20
41.81397388888888
 30
0.0
 10
335.8600725
 20
42.78411277777777
 30
0.0
 10
335.8600725
 20
43.7471961111111
 30
0.0
 10
335.8142113888889
 20
44.25872388888888
 30
0.0
 10
335.8142113888889
 20
44.53036277777777
 30
0.0
 10
335.8106836111111
 20
44.80552944444444
 30
0.0
 10
335.8636002777778
 20
45.31705722222222
 30
0.0
 10
335.8636002777778
 20
46.28014055555555
 30
0.0
 10
335.8636002777778
 20
47.25027944444443
 30
0.0
 10
335.8142113888889
 20
47.76180722222222
 30
0.0
 10
335.8142113888889
 20
48.02991833333333
 30
0.0
 10
335.8142113888889
 20
48.31214055555554
 30
0.0
 10
335.8636002777778
 20
48.83425166666666
 30
0.0
 10
335.8636002777778
 20
49.82908499999999
 30
0.0
 10
335.8636002777778
 20
50.82391833333332
 30
0.0
 10
335.8142113888889
 20
51.34955722222221
 30
0.0
 10
335.8142113888889
 20
51.62825166666666
 30
0.0
 10
335.8142113888889
 20
51.9069461111111
 30
0.0
 10
335.8636002777778
 20
52.43258499999999
 30
0.0
 10
335.8636002777778
 20
53.42741833333332
 30
0.0
 10
335.8671280555556
 20
54.41872388888888
 30
0.0
 10
335.8142113888889
 20
54.94436277777777
 30
0.0
 10
335.8142113888889
 20
55.22305722222222
 30
0.0
 10
335.8142113888889
 20
55.50527944444443
 30
0.0
 10
335.8671280555556
 20
56.03091833333333
 30
0.0
 10
335.8671280555556
 20
57.02222388888888
 30
0.0
 10
335.8671280555556
 20
58.01705722222221
 30
0.0
 10
335.8177391666666
 20
58.5426961111111
 30
0.0
 10
335.8177391666666
 20
58.82139055555555
 30
0.0
 10
335.8177391666666
 20
59.10008499999999
 30
0.0
 10
335.8671280555556
 20
59.62925166666665
 30
0.0
 10
335.8671280555556
 20
60.62055722222221
 30
0.0
 10
335.8671280555556
 20
61.61539055555555
 30
0.0
 10
335.8177391666666
 20
62.13750166666666
 30
0.0
 10
335.8177391666666
 20
62.41972388888887
 30
0.0
 10
335.8189150925925
 20
63.5862424074074
 30
0.0
 10
335.8200910185185
 20
64.75276092592593
 30
0.0
 10
335.8212669444444
 20
65.91927944444444
 30
0.0
 10
336.8196280555555
 20
65.91927944444444
 30
0.0
 10
337.8179891666666
 20
65.91927944444444
 30
0.0
 10
338.8163502777778
 20
65.91927944444444
 30
0.0
 10
338.8163502777778
 20
64.75158499999999
 30
0.0
 10
338.8163502777778
 20
63.58389055555555
 30
0.0
 10
338.8163502777778
 20
62.41619611111111
 30
0.0
 10
338.8163502777778
 20
62.13750166666666
 30
0.0
 10
338.7669613888889
 20
61.61186277777777
 30
0.0
 10
338.7704891666667
 20
60.62055722222221
 30
0.0
 10
338.7669613888889
 20
59.62572388888888
 30
0.0
 10
338.8163502777778
 20
59.10008499999999
 30
0.0
 10
338.8163502777778
 20
58.81786277777778
 30
0.0
 10
338.8163502777778
 20
58.53916833333332
 30
0.0
 10
338.7669613888889
 20
58.01352944444443
 30
0.0
 10
338.7669613888889
 20
57.02222388888888
 30
0.0
 10
338.7669613888889
 20
56.02739055555554
 30
0.0
 10
338.8128225
 20
55.50175166666666
 30
0.0
 10
338.8163502777778
 20
55.22305722222222
 30
0.0
 10
338.8128225
 20
54.94436277777777
 30
0.0
 10
338.7669613888889
 20
54.41872388888888
 30
0.0
 10
338.7634336111111
 20
53.42389055555554
 30
0.0
 10
338.7669613888889
 20
52.43258499999999
 30
0.0
 10
338.8128225
 20
51.90341833333332
 30
0.0
 10
338.8128225
 20
51.62472388888888
 30
0.0
 10
338.8128225
 20
51.34955722222221
 30
0.0
 10
338.7634336111111
 20
50.82039055555555
 30
0.0
 10
338.7634336111111
 20
49.82555722222222
 30
0.0
 10
338.7634336111111
 20
48.83425166666666
 30
0.0
 10
338.8128225
 20
48.30861277777777
 30
0.0
 10
338.8128225
 20
48.02991833333333
 30
0.0
 10
338.8128225
 20
47.75827944444443
 30
0.0
 10
338.7634336111111
 20
47.24675166666666
 30
0.0
 10
338.7599058333333
 20
46.28014055555555
 30
0.0
 10
338.7634336111111
 20
45.31352944444443
 30
0.0
 10
338.8128225
 20
44.80200166666666
 30
0.0
 10
338.8128225
 20
44.53036277777777
 30
0.0
 10
338.8092947222222
 20
44.25872388888888
 30
0.0
 10
338.7599058333333
 20
43.7471961111111
 30
0.0
 10
338.7599058333333
 20
42.78058499999999
 30
0.0
 10
338.7599058333333
 20
41.81397388888888
 30
0.0
 10
338.8092947222222
 20
41.30597388888888
 30
0.0
 10
338.8092947222222
 20
41.03080722222222
 30
0.0
 10
338.8092947222222
 20
40.75916833333333
 30
0.0
 10
338.7599058333333
 20
40.24764055555555
 30
0.0
 10
338.7599058333333
 20
39.28102944444444
 30
0.0
 10
338.7599058333333
 20
38.31441833333333
 30
0.0
 10
338.8092947222222
 20
37.80289055555554
 30
0.0
 10
338.8092947222222
 20
37.53125166666666
 30
0.0
 10
338.8092947222222
 20
37.25961277777777
 30
0.0
 10
338.7563780555556
 20
36.748085
 30
0.0
 10
338.7599058333333
 20
35.78147388888888
 30
0.0
 10
338.7563780555556
 20
34.81486277777777
 30
0.0
 10
338.8057669444444
 20
34.303335
 30
0.0
 10
338.8057669444444
 20
34.0316961111111
 30
0.0
 10
338.8092947222222
 20
33.76005722222222
 30
0.0
 10
338.7599058333333
 20
33.24852944444444
 30
0.0
 10
338.7563780555556
 20
32.28191833333333
 30
0.0
 10
338.7599058333333
 20
31.33647388888889
 30
0.0
 10
338.7775447222222
 20
30.56389055555555
 30
0.0
 10
338.8057669444444
 20
30.53214055555555
 30
0.0
 10
339.5183780555556
 20
30.53214055555555
 30
0.0
 10
340.2168780555555
 20
29.39972388888888
 30
0.0
 10
340.3297669444444
 20
27.70639055555555
 30
0.0
 10
340.4461836111111
 20
26.04833499999999
 30
0.0
 10
342.3935169444444
 20
25.42039055555555
 30
0.0
 10
342.5240447222222
 20
26.62336277777777
 30
0.0
 10
342.8874058333333
 20
29.63961277777777
 30
0.0
 10
342.8591836111111
 20
33.21325166666666
 30
0.0
 10
345.8577947222222
 20
33.20972388888889
 30
0.0
 10
345.8860169444444
 20
33.23441833333333
 30
0.0
 10
345.9107113888888
 20
34.00700166666666
 30
0.0
 10
345.9071836111111
 20
34.95950166666665
 30
0.0
 10
345.9107113888888
 20
35.92611277777777
 30
0.0
 10
345.8613225
 20
36.43764055555555
 30
0.0
 10
345.8613225
 20
36.70927944444443
 30
0.0
 10
345.8613225
 20
36.97739055555555
 30
0.0
 10
345.9107113888888
 20
37.4924461111111
 30
0.0
 10
345.9107113888888
 20
38.45905722222221
 30
0.0
 10
345.9107113888888
 20
39.42566833333333
 30
0.0
 10
345.8613225
 20
39.93719611111111
 30
0.0
 10
345.8613225
 20
40.208835
 30
0.0
 10
345.8613225
 20
40.48047388888888
 30
0.0
 10
345.9142391666666
 20
40.99200166666666
 30
0.0
 10
345.9107113888888
 20
41.95861277777777
 30
0.0
 10
345.9142391666666
 20
42.92522388888888
 30
0.0
 10
345.8613225
 20
43.43675166666666
 30
0.0
 10
345.8648502777777
 20
43.70839055555555
 30
0.0
 10
345.8648502777777
 20
43.98002944444443
 30
0.0
 10
345.9107113888888
 20
44.49155722222221
 30
0.0
 10
345.9142391666666
 20
45.45816833333333
 30
0.0
 10
345.9142391666666
 20
46.42125166666666
 30
0.0
 10
345.8648502777777
 20
46.93630722222222
 30
0.0
 10
345.8648502777777
 20
47.2079461111111
 30
0.0
 10
345.8648502777777
 20
47.47958499999999
 30
0.0
 10
345.9142391666666
 20
47.99111277777777
 30
0.0
 10
345.9142391666666
 20
48.9541961111111
 30
0.0
 10
345.9142391666666
 20
49.92433499999999
 30
0.0
 10
345.8648502777777
 20
50.43586277777778
 30
0.0
 10
345.8648502777777
 20
50.70750166666666
 30
0.0
 10
345.8648502777777
 20
50.9861961111111
 30
0.0
 10
345.9177669444444
 20
51.51183499999999
 30
0.0
 10
345.9142391666666
 20
52.50314055555555
 30
0.0
 10
345.9177669444444
 20
53.49797388888888
 30
0.0
 10
345.8683780555555
 20
54.02361277777777
 30
0.0
 10
345.8648502777777
 20
54.30230722222221
 30
0.0
 10
345.8648502777777
 20
54.58452944444444
 30
0.0
 10
345.9177669444444
 20
55.11016833333333
 30
0.0
 10
345.9177669444444
 20
56.10147388888888
 30
0.0
 10
345.9177669444444
 20
57.09630722222222
 30
0.0
 10
345.8683780555555
 20
57.6219461111111
 30
0.0
 10
345.8683780555555
 20
57.90064055555554
 30
0.0
 10
345.8683780555555
 20
59.44463129629628
 30
0.0
 10
345.8683780555555
 20
60.98862203703703
 30
0.0
 10
345.8683780555555
 20
62.53261277777776
 30
0.0
 10
346.3093502777777
 20
62.53261277777776
 30
0.0
 10
346.7503225
 20
62.53261277777776
 30
0.0
 10
347.1912947222222
 20
62.53261277777776
 30
0.0
  0
ENDSEC
  0
SECTION
  2
OBJECTS
  0
DICTIONARY
  5
C
330
0
100
AcDbDictionary
  3
ACAD_GROUP
350
D
  3
ACAD_LAYOUT
350
1A
  3
ACAD_MATERIAL
350
43
  3
ACAD_MLEADERSTYLE
350
687
  3
ACAD_MLINESTYLE
350
17
  3
ACAD_PLOTSETTINGS
350
19
  3
ACAD_SCALELIST
350
47
  3
ACAD_VISUALSTYLE
350
2A
  3
ACDBHEADERROUNDTRIPXREC
350
665
  3
ACDBVARIABLEDICTIONARY
350
685
  0
DICTIONARY
  5
D
102
{ACAD_REACTORS
330
C
102
}
330
C
100
AcDbDictionary
  0
DICTIONARY
  5
1A
102
{ACAD_REACTORS
330
C
102
}
330
C
100
AcDbDictionary
  0
DICTIONARY
  5
43
102
{ACAD_REACTORS
330
C
102
}
330
C
100
AcDbDictionary
  3
BYBLOCK
350
45
  3
BYLAYER
350
44
  3
GLOBAL
350
46
  0
DICTIONARY
  5
687
102
{ACAD_REACTORS
330
C
102
}
330
C
100
AcDbDictionary
  0
DICTIONARY
  5
17
102
{ACAD_REACTORS
330
C
102
}
330
C
100
AcDbDictionary
  3
STANDARD
350
18
  0
DICTIONARY
  5
19
102
{ACAD_REACTORS
330
C
102
}
330
C
100
AcDbDictionary
  0
DICTIONARY
  5
47
102
{ACAD_REACTORS
330
C
102
}
330
C
100
AcDbDictionary
  3
A0
350
48
  3
A1
350
49
  3
A2
350
4A
  3
A3
350
4B
  3
A4
350
4C
  3
A5
350
4D
  3
A6
350
4E
  3
A7
350
4F
  3
A8
350
50
  3
A9
350
51
  3
B0
350
52
  3
B1
350
53
  3
B2
350
54
  3
B3
350
55
  3
B4
350
56
  3
B5
350
57
  3
B6
350
58
  3
B7
350
59
  3
B8
350
5A
  3
B9
350
5B
  3
C0
350
5C
  3
C1
350
5D
  3
C2
350
5E
  3
C3
350
5F
  3
C4
350
60
  3
C5
350
61
  3
C6
350
62
  3
C7
350
63
  3
C8
350
64
  3
C9
350
65
  3
D0
350
66
  3
D1
350
67
  3
D2
350
68
  0
DICTIONARY
  5
2A
102
{ACAD_REACTORS
330
C
102
}
330
C
100
AcDbDictionary
  3
2DWIREFRAME
350
2F
  3
BASIC
350
32
  3
BRIGHTEN
350
36
  3
COLORCHANGE
350
3A
  3
CONCEPTUAL
350
34
  3
DIM
350
35
  3
EDGECOLOROFF
350
3D
  3
FACEPATTERN
350
39
  3
FLAT
350
2B
  3
FLATWITHEDGES
350
2C
  3
GOURAUD
350
2D
  3
GOURAUDWITHEDGES
350
2E
  3
HIDDEN
350
31
  3
JITTEROFF
350
3B
  3
LINEPATTERN
350
38
  3
OVERHANGOFF
350
3C
  3
REALISTIC
350
33
  3
SHADED
350
42
  3
SHADED_WITH_EDGES
350
41
  3
SHADES_OF_GRAY
350
3E
  3
SKETCHY
350
3F
  3
THICKEN
350
37
  3
WIREFRAME
350
30
  3
X-RAY
350
40
  0
DICTIONARY
  5
665
102
{ACAD_REACTORS
330
C
102
}
330
C
100
AcDbDictionary
  3
CEPSNTYPE
350
66E
  3
DIMSTYLEDATA
350
684
  3
FINGERPRINTGUID
350
66F
  3
HYPERLINKBASE
350
668
  3
INSUNITS
350
66D
  3
LAYOUTDICT
350
66A
  3
LWETCUNION
350
66C
  3
PLOTSETDICT
350
66B
  3
PSVPSCALE
350
671
  3
PUCSBASE
350
674
  3
PUCSORGBACK
350
67A
  3
PUCSORGBOTTOM
350
676
  3
PUCSORGFRONT
350
679
  3
PUCSORGLEFT
350
677
  3
PUCSORGRIGHT
350
678
  3
PUCSORGTOP
350
675
  3
PUCSORTHOREF
350
672
  3
PUCSORTHOVIEW
350
673
  3
STYLESHEET
350
669
  3
TSTACKALIGN
350
666
  3
TSTACKSIZE
350
667
  3
UCSBASE
350
67D
  3
UCSORGBACK
350
683
  3
UCSORGBOTTOM
350
67F
  3
UCSORGFRONT
350
682
  3
UCSORGLEFT
350
680
  3
UCSORGRIGHT
350
681
  3
UCSORGTOP
350
67E
  3
UCSORTHOREF
350
67B
  3
UCSORTHOVIEW
350
67C
  3
VERSIONGUID
350
670
  0
DICTIONARY
  5
685
102
{ACAD_REACTORS
330
C
102
}
330
C
100
AcDbDictionary
  3
CANNOSCALE
350
68C
  3
DIMASSOC
350
68A
  3
HIDETEXT
350
68B
  3
MSLTSCALE
350
68D
  0
MATERIAL
  5
45
102
{ACAD_REACTORS
330
43
102
}
102
{ACAD_XDICTIONARY
360
690
102
}
330
43
100
AcDbMaterial
  1
BYBLOCK
  0
MATERIAL
  5
44
102
{ACAD_REACTORS
330
43
102
}
102
{ACAD_XDICTIONARY
360
68E
102
}
330
43
100
AcDbMaterial
  1
BYLAYER
  0
MATERIAL
  5
46
102
{ACAD_REACTORS
330
43
102
}
102
{ACAD_XDICTIONARY
360
692
102
}
330
43
100
AcDbMaterial
  1
GLOBAL
  0
MLINESTYLE
  5
18
102
{ACAD_REACTORS
330
17
102
}
330
17
100
AcDbMlineStyle
  2
Standard
 70
     0
  3

 62
   256
 51
90.0
 52
90.0
 71
     2
 49
0.5
 62
   256
  6
BYLAYER
 49
-0.5
 62
   256
  6
BYLAYER
  0
ACAD_PROXY_OBJECT
  5
48
102
{ACAD_REACTORS
330
47
102
}
330
47
100
AcDbProxyObject
 90
      499
 91
      503
 93
       41
310
903313A31580
  0
ACAD_PROXY_OBJECT
  5
49
102
{ACAD_REACTORS
330
47
102
}
330
47
100
AcDbProxyObject
 90
      499
 91
      503
 93
      105
310
903313A324000000000000004000
  0
ACAD_PROXY_OBJECT
  5
4A
102
{ACAD_REACTORS
330
47
102
}
330
47
100
AcDbProxyObject
 90
      499
 91
      503
 93
      105
310
903313A344000000000000104000
  0
ACAD_PROXY_OBJECT
  5
4B
102
{ACAD_REACTORS
330
47
102
}
330
47
100
AcDbProxyObject
 90
      499
 91
      503
 93
      105
310
903313A354000000000000144000
  0
ACAD_PROXY_OBJECT
  5
4C
102
{ACAD_REACTORS
330
47
102
}
330
47
100
AcDbProxyObject
 90
      499
 91
      503
 93
      105
310
903313A384000000000000204000
  0
ACAD_PROXY_OBJECT
  5
4D
102
{ACAD_REACTORS
330
47
102
}
330
47
100
AcDbProxyObject
 90
      499
 91
      503
 93
      113
310
904313A31304000000000000244000
  0
ACAD_PROXY_OBJECT
  5
4E
102
{ACAD_REACTORS
330
47
102
}
330
47
100
AcDbProxyObject
 90
      499
 91
      503
 93
      113
310
904313A31364000000000000304000
  0
ACAD_PROXY_OBJECT
  5
4F
102
{ACAD_REACTORS
330
47
102
}
330
47
100
AcDbProxyObject
 90
      499
 91
      503
 93
      113
310
904313A32304000000000000344000
  0
ACAD_PROXY_OBJECT
  5
50
102
{ACAD_REACTORS
330
47
102
}
330
47
100
AcDbProxyObject
 90
      499
 91
      503
 93
      113
310
904313A333040000000000003E4000
  0
ACAD_PROXY_OBJECT
  5
51
102
{ACAD_REACTORS
330
47
102
}
330
47
100
AcDbProxyObject
 90
      499
 91
      503
 93
      113
310
904313A34304000000000000444000
  0
ACAD_PROXY_OBJECT
  5
52
102
{ACAD_REACTORS
330
47
102
}
330
47
100
AcDbProxyObject
 90
      499
 91
      503
 93
      113
310
904313A35304000000000000494000
  0
ACAD_PROXY_OBJECT
  5
53
102
{ACAD_REACTORS
330
47
102
}
330
47
100
AcDbProxyObject
 90
      499
 91
      503
 93
      121
310
905313A3130304000000000000594000
  0
ACAD_PROXY_OBJECT
  5
54
102
{ACAD_REACTORS
330
47
102
}
330
47
100
AcDbProxyObject
 90
      499
 91
      503
 93
      105
310
903323A310000000000000010100
  0
ACAD_PROXY_OBJECT
  5
55
102
{ACAD_REACTORS
330
47
102
}
330
47
100
AcDbProxyObject
 90
      499
 91
      503
 93
      105
310
903343A310000000000000410100
  0
ACAD_PROXY_OBJECT
  5
56
102
{ACAD_REACTORS
330
47
102
}
330
47
100
AcDbProxyObject
 90
      499
 91
      503
 93
      105
310
903383A310000000000000810100
  0
ACAD_PROXY_OBJECT
  5
57
102
{ACAD_REACTORS
330
47
102
}
330
47
100
AcDbProxyObject
 90
      499
 91
      503
 93
      113
310
90431303A310000000000000910100
  0
ACAD_PROXY_OBJECT
  5
58
102
{ACAD_REACTORS
330
47
102
}
330
47
100
AcDbProxyObject
 90
      499
 91
      503
 93
      121
310
9053130303A310000000000001650100
  0
ACAD_PROXY_OBJECT
  5
59
102
{ACAD_REACTORS
330
47
102
}
330
47
100
AcDbProxyObject
 90
      499
 91
      503
 93
      257
310
90E312F31323822203D2031272D3022000000000000200FC000000000000284000
  0
ACAD_PROXY_OBJECT
  5
5A
102
{ACAD_REACTORS
330
47
102
}
330
47
100
AcDbProxyObject
 90
      499
 91
      503
 93
      249
310
90D312F363422203D2031272D3022000000000000240FC000000000000284000
  0
ACAD_PROXY_OBJECT
  5
5B
102
{ACAD_REACTORS
330
47
102
}
330
47
100
AcDbProxyObject
 90
      499
 91
      503
 93
      249
310
90D312F333222203D2031272D3022000000000000280FC000000000000284000
  0
ACAD_PROXY_OBJECT
  5
5C
102
{ACAD_REACTORS
330
47
102
}
330
47
100
AcDbProxyObject
 90
      499
 91
      503
 93
      249
310
90D312F313622203D2031272D30220000000000002C0FC000000000000284000
  0
ACAD_PROXY_OBJECT
  5
5D
102
{ACAD_REACTORS
330
47
102
}
330
47
100
AcDbProxyObject
 90
      499
 91
      503
 93
      249
310
90D332F333222203D2031272D30220000000000002E0FC000000000000284000
  0
ACAD_PROXY_OBJECT
  5
5E
102
{ACAD_REACTORS
330
47
102
}
330
47
100
AcDbProxyObject
 90
      499
 91
      503
 93
      241
310
90C312F3822203D2031272D3022000000000000300FC000000000000284000
  0
ACAD_PROXY_OBJECT
  5
5F
102
{ACAD_REACTORS
330
47
102
}
330
47
100
AcDbProxyObject
 90
      499
 91
      503
 93
      249
310
90D332F313622203D2031272D3022000000000000320FC000000000000284000
  0
ACAD_PROXY_OBJECT
  5
60
102
{ACAD_REACTORS
330
47
102
}
330
47
100
AcDbProxyObject
 90
      499
 91
      503
 93
      241
310
90C312F3422203D2031272D3022000000000000340FC000000000000284000
  0
ACAD_PROXY_OBJECT
  5
61
102
{ACAD_REACTORS
330
47
102
}
330
47
100
AcDbProxyObject
 90
      499
 91
      503
 93
      241
310
90C332F3822203D2031272D3022000000000000360FC000000000000284000
  0
ACAD_PROXY_OBJECT
  5
62
102
{ACAD_REACTORS
330
47
102
}
330
47
100
AcDbProxyObject
 90
      499
 91
      503
 93
      241
310
90C312F3222203D2031272D3022000000000000380FC000000000000284000
  0
ACAD_PROXY_OBJECT
  5
63
102
{ACAD_REACTORS
330
47
102
}
330
47
100
AcDbProxyObject
 90
      499
 91
      503
 93
      241
310
90C332F3422203D2031272D30220000000000003A0FC000000000000284000
  0
ACAD_PROXY_OBJECT
  5
64
102
{ACAD_REACTORS
330
47
102
}
330
47
100
AcDbProxyObject
 90
      499
 91
      503
 93
      161
310
90A3122203D2031272D30224000000000000284000
  0
ACAD_PROXY_OBJECT
  5
65
102
{ACAD_REACTORS
330
47
102
}
330
47
100
AcDbProxyObject
 90
      499
 91
      503
 93
      257
310
90E312D312F3222203D2031272D30220000000000003E0FC000000000000284000
  0
ACAD_PROXY_OBJECT
  5
66
102
{ACAD_REACTORS
330
47
102
}
330
47
100
AcDbProxyObject
 90
      499
 91
      503
 93
      225
310
90A3322203D2031272D302200000000000002100000000000000284000
  0
ACAD_PROXY_OBJECT
  5
67
102
{ACAD_REACTORS
330
47
102
}
330
47
100
AcDbProxyObject
 90
      499
 91
      503
 93
      225
310
90A3622203D2031272D302200000000000006100000000000000284000
  0
ACAD_PROXY_OBJECT
  5
68
102
{ACAD_REACTORS
330
47
102
}
330
47
100
AcDbProxyObject
 90
      499
 91
      503
 93
      249
310
90D31272D3022203D2031272D30220000000000000A100000000000000284000
  0
ACAD_PROXY_OBJECT
  5
2F
102
{ACAD_REACTORS
330
2A
102
}
330
2A
100
AcDbProxyObject
 90
      499
 91
      501
 93
      436
310
42CC9915DA5C99599C985B595049028333333333333E33F0000000000000F90107901411070040501600405405064090741402480A0340
1001
ACAD
1000
AcDbSavedByObjectVersion
1070
     0
  0
ACAD_PROXY_OBJECT
  5
32
102
{ACAD_REACTORS
330
2A
102
}
330
2A
100
AcDbProxyObject
 90
      499
 91
      501
 93
      388
310
4150985CDA58D07406404333333333333E33F0000000000000F90107A41107004050150841D405064090741402480A0350
1001
ACAD
1000
AcDbSavedByObjectVersion
1070
     0
  0
ACAD_PROXY_OBJECT
  5
36
102
{ACAD_REACTORS
330
2A
102
}
330
2A
100
AcDbProxyObject
 90
      499
 91
      501
 93
      428
310
42109C9A59DA1D195B90C409028333333333333E33F0000000000000F9010790141107004050150841D405064090741402480A029950
1001
ACAD
1000
AcDbSavedByObjectVersion
1070
     0
  0
ACAD_PROXY_OBJECT
  5
3A
102
{ACAD_REACTORS
330
2A
102
}
330
2A
100
AcDbProxyObject
 90
      499
 91
      501
 93
      452
310
42D0DBDB1BDC90DA185B99D95104090240C333333333333E33F0000000000000F90108901411070040501508421405064090741402480A0350
1001
ACAD
1000
AcDbSavedByObjectVersion
1070
     0
  0
ACAD_PROXY_OBJECT
  5
34
102
{ACAD_REACTORS
330
2A
102
}
330
2A
100
AcDbProxyObject
 90
      499
 91
      501
 93
      500
310
4290DBDB98D95C1D1D585B10940D028333333333333E33F0000000000000F90107902409070040501000000000018199010841D405064090740C02480A0340
1001
ACAD
1000
AcDbSavedByObjectVersion
1070
     0
  0
ACAD_PROXY_OBJECT
  5
35
102
{ACAD_REACTORS
330
2A
102
}
330
2A
100
AcDbProxyObject
 90
      499
 91
      501
 93
      412
310
40D11A5B50B409028333333333333E33F0000000000000F9010790141107004050150841D405064090741402480A02677FFFFFD0
1001
ACAD
1000
AcDbSavedByObjectVersion
1070
     0
  0
ACAD_PROXY_OBJECT
  5
3D
102
{ACAD_REACTORS
330
2A
102
}
330
2A
100
AcDbProxyObject
 90
      499
 91
      501
 93
      452
310
43115919D950DBDB1BDC93D999916409028333333333333E33F0000000000000F9010790141107004050150841D405064090741402480A0350
1001
ACAD
1000
AcDbSavedByObjectVersion
1070
     0
  0
ACAD_PROXY_OBJECT
  5
39
102
{ACAD_REACTORS
330
2A
102
}
330
2A
100
AcDbProxyObject
 90
      499
 91
      501
 93
      444
310
42D19858D95C185D1D195C9B90F409028333333333333E33F0000000000000F9010790141107004050150841D405064090741402480A0350
1001
ACAD
1000
AcDbSavedByObjectVersion
1070
     0
  0
ACAD_PROXY_OBJECT
  5
2B
102
{ACAD_REACTORS
330
2A
102
}
330
2A
100
AcDbProxyObject
 90
      499
 91
      501
 93
      380
310
41119B185D240901404333333333333E33F0000000000000F9010740A907004050150841D405064090741402480A1B50
1001
ACAD
1000
AcDbSavedByObjectVersion
1070
     0
  0
ACAD_PROXY_OBJECT
  5
2C
102
{ACAD_REACTORS
330
2A
102
}
330
2A
100
AcDbProxyObject
 90
      499
 91
      501
 93
      468
310
43519B185D15DA5D1A115919D95CD0140901404333333333333E33F0000000000000F90107409019070040501600405405064090741402480A1B50
1001
ACAD
1000
AcDbSavedByObjectVersion
1070
     0
  0
ACAD_PROXY_OBJECT
  5
2D
102
{ACAD_REACTORS
330
2A
102
}
330
2A
100
AcDbProxyObject
 90
      499
 91
      501
 93
      404
310
41D1DBDD5C985D5910240902404333333333333E33F0000000000000F9010740A9070040501641D405064090741402480A1B50
1001
ACAD
1000
AcDbSavedByObjectVersion
1070
     0
  0
ACAD_PROXY_OBJECT
  5
2E
102
{ACAD_REACTORS
330
2A
102
}
330
2A
100
AcDbProxyObject
 90
      499
 91
      501
 93
      492
310
4411DBDD5C985D5915DA5D1A115919D95CD0340902404333333333333E33F0000000000000F90107409019070040501600405405064090741402480A1B50
1001
ACAD
1000
AcDbSavedByObjectVersion
1070
     0
  0
ACAD_PROXY_OBJECT
  5
31
102
{ACAD_REACTORS
330
2A
102
}
330
2A
100
AcDbProxyObject
 90
      499
 91
      501
 93
      476
310
41921A5919195B90640502408333333333333E33F0000000000000F901079024090700405020000000000001110200405405064090740C02480A0340
1001
ACAD
1000
AcDbSavedByObjectVersion
1070
     0
  0
ACAD_PROXY_OBJECT
  5
3B
102
{ACAD_REACTORS
330
2A
102
}
330
2A
100
AcDbProxyObject
 90
      499
 91
      501
 93
      428
310
42529A5D1D195C93D999914409028333333333333E33F0000000000000F9010790141107004050150A41D405064090741402480A0350
1001
ACAD
1000
AcDbSavedByObjectVersion
1070
     0
  0
ACAD_PROXY_OBJECT
  5
38
102
{ACAD_REACTORS
330
2A
102
}
330
2A
100
AcDbProxyObject
 90
      499
 91
      501
 93
      444
310
42D31A5B995C185D1D195C9B90E409028333333333333E33F0000000000000F9010790141107004050750841D405064090741402483A0350
1001
ACAD
1000
AcDbSavedByObjectVersion
1070
     0
  0
ACAD_PROXY_OBJECT
  5
3C
102
{ACAD_REACTORS
330
2A
102
}
330
2A
100
AcDbProxyObject
 90
      499
 91
      501
 93
      444
310
42D3DD995C9A185B99D3D999915409028333333333333E33F0000000000000F9010790141107004050150941D405064090741402480A0350
1001
ACAD
1000
AcDbSavedByObjectVersion
1070
     0
  0
ACAD_PROXY_OBJECT
  5
33
102
{ACAD_REACTORS
330
2A
102
}
330
2A
100
AcDbProxyObject
 90
      499
 91
      501
 93
      428
310
425499585B1A5CDD1A58D08409038333333333333E33F0000000000000F9010740A907004050150800405405064090740C02480A1B40
1001
ACAD
1000
AcDbSavedByObjectVersion
1070
     0
  0
ACAD_PROXY_OBJECT
  5
42
102
{ACAD_REACTORS
330
2A
102
}
330
2A
100
AcDbProxyObject
 90
      499
 91
      501
 93
      420
310
4194DA1859195911B40902404333333333333E33F0000000000000F9010740A41107004050150800405405064090840C02480A0B40
1001
ACAD
1000
AcDbSavedByObjectVersion
1070
     0
  0
ACAD_PROXY_OBJECT
  5
41
102
{ACAD_REACTORS
330
2A
102
}
330
2A
100
AcDbProxyObject
 90
      499
 91
      501
 93
      516
310
4454DA18591959081DDA5D1A08195919D95CD1A40902404333333333333E33F0000000000000F901074090142907004050250800405405064090740C02480A0B40
1001
ACAD
1000
AcDbSavedByObjectVersion
1070
     0
  0
ACAD_PROXY_OBJECT
  5
3E
102
{ACAD_REACTORS
330
2A
102
}
330
2A
100
AcDbProxyObject
 90
      499
 91
      501
 93
      532
310
4394DA1859195CC81BD98811DC985E5174090240C333333333333E33F0000000000000F901079024090741D01000000000000111010841D405064090740C02480A0340
1001
ACAD
1000
AcDbSavedByObjectVersion
1070
     0
  0
ACAD_PROXY_OBJECT
  5
3F
102
{ACAD_REACTORS
330
2A
102
}
330
2A
100
AcDbProxyObject
 90
      499
 91
      501
 93
      476
310
41D4DAD95D18DA1E51840502408333333333333E33F0000000000000F901079024090741D01000000000000111010B41D405064090741802480A0340
1001
ACAD
1000
AcDbSavedByObjectVersion
1070
     0
  0
ACAD_PROXY_OBJECT
  5
37
102
{ACAD_REACTORS
330
2A
102
}
330
2A
100
AcDbProxyObject
 90
      499
 91
      501
 93
      412
310
41D51A1A58DAD95B90D409028333333333333E33F0000000000000F9010790141107004050150C41D405064090741402480A0350
1001
ACAD
1000
AcDbSavedByObjectVersion
1070
     0
  0
ACAD_PROXY_OBJECT
  5
30
102
{ACAD_REACTORS
330
2A
102
}
330
2A
100
AcDbProxyObject
 90
      499
 91
      501
 93
      420
310
4255DA5C99599C985B595059028333333333333E33F0000000000000F90107901411070040501600405405064090740C02480A0340
1001
ACAD
1000
AcDbSavedByObjectVersion
1070
     0
  0
ACAD_PROXY_OBJECT
  5
40
102
{ACAD_REACTORS
330
2A
102
}
330
2A
100
AcDbProxyObject
 90
      499
 91
      501
 93
      404
310
41560B54985E51940902404000000000000E03F0000000000000F9010740501907004050150841D405064090740C02480A1B40
1001
ACAD
1000
AcDbSavedByObjectVersion
1070
     0
  0
XRECORD
  5
66E
102
{ACAD_REACTORS
330
665
102
}
330
665
100
AcDbXrecord
 90
        0
  0
XRECORD
  5
684
102
{ACAD_REACTORS
330
665
102
}
330
665
100
AcDbXrecord
1000
DSTYLE
1002
{
1070
   279
 70
     2
1070
   340
340
11
1002
}
  0
XRECORD
  5
66F
102
{ACAD_REACTORS
330
665
102
}
330
665
100
AcDbXrecord
  1
{5F2D0797-08BE-4535-9ED6-F5B0104A90EC}
  0
XRECORD
  5
668
102
{ACAD_REACTORS
330
665
102
}
330
665
100
AcDbXrecord
  1

  0
XRECORD
  5
66D
102
{ACAD_REACTORS
330
665
102
}
330
665
100
AcDbXrecord
 90
        4
  0
XRECORD
  5
66A
102
{ACAD_REACTORS
330
665
102
}
330
665
100
AcDbXrecord
340
1A
  0
XRECORD
  5
66C
102
{ACAD_REACTORS
330
665
102
}
330
665
100
AcDbXrecord
 90
    10781
  0
XRECORD
  5
66B
102
{ACAD_REACTORS
330
665
102
}
330
665
100
AcDbXrecord
340
19
  0
XRECORD
  5
671
102
{ACAD_REACTORS
330
665
102
}
330
665
100
AcDbXrecord
 40
0.0
  0
XRECORD
  5
674
102
{ACAD_REACTORS
330
665
102
}
330
665
100
AcDbXrecord
340
0
  0
XRECORD
  5
67A
102
{ACAD_REACTORS
330
665
102
}
330
665
100
AcDbXrecord
 10
0.0
 20
0.0
 30
0.0
  0
XRECORD
  5
676
102
{ACAD_REACTORS
330
665
102
}
330
665
100
AcDbXrecord
 10
0.0
 20
0.0
 30
0.0
  0
XRECORD
  5
679
102
{ACAD_REACTORS
330
665
102
}
330
665
100
AcDbXrecord
 10
0.0
 20
0.0
 30
0.0
  0
XRECORD
  5
677
102
{ACAD_REACTORS
330
665
102
}
330
665
100
AcDbXrecord
 10
0.0
 20
0.0
 30
0.0
  0
XRECORD
  5
678
102
{ACAD_REACTORS
330
665
102
}
330
665
100
AcDbXrecord
 10
0.0
 20
0.0
 30
0.0
  0
XRECORD
  5
675
102
{ACAD_REACTORS
330
665
102
}
330
665
100
AcDbXrecord
 10
0.0
 20
0.0
 30
0.0
  0
XRECORD
  5
672
102
{ACAD_REACTORS
330
665
102
}
330
665
100
AcDbXrecord
340
0
  0
XRECORD
  5
673
102
{ACAD_REACTORS
330
665
102
}
330
665
100
AcDbXrecord
 70
     0
  0
XRECORD
  5
669
102
{ACAD_REACTORS
330
665
102
}
330
665
100
AcDbXrecord
  1

  0
XRECORD
  5
666
102
{ACAD_REACTORS
330
665
102
}
330
665
100
AcDbXrecord
 90
        1
  0
XRECORD
  5
667
102
{ACAD_REACTORS
330
665
102
}
330
665
100
AcDbXrecord
 90
       70
  0
XRECORD
  5
67D
102
{ACAD_REACTORS
330
665
102
}
330
665
100
AcDbXrecord
340
0
  0
XRECORD
  5
683
102
{ACAD_REACTORS
330
665
102
}
330
665
100
AcDbXrecord
 10
0.0
 20
0.0
 30
0.0
  0
XRECORD
  5
67F
102
{ACAD_REACTORS
330
665
102
}
330
665
100
AcDbXrecord
 10
0.0
 20
0.0
 30
0.0
  0
XRECORD
  5
682
102
{ACAD_REACTORS
330
665
102
}
330
665
100
AcDbXrecord
 10
0.0
 20
0.0
 30
0.0
  0
XRECORD
  5
680
102
{ACAD_REACTORS
330
665
102
}
330
665
100
AcDbXrecord
 10
0.0
 20
0.0
 30
0.0
  0
XRECORD
  5
681
102
{ACAD_REACTORS
330
665
102
}
330
665
100
AcDbXrecord
 10
0.0
 20
0.0
 30
0.0
  0
XRECORD
  5
67E
102
{ACAD_REACTORS
330
665
102
}
330
665
100
AcDbXrecord
 10
0.0
 20
0.0
 30
0.0
  0
XRECORD
  5
67B
102
{ACAD_REACTORS
330
665
102
}
330
665
100
AcDbXrecord
340
0
  0
XRECORD
  5
67C
102
{ACAD_REACTORS
330
665
102
}
330
665
100
AcDbXrecord
 70
     0
  0
XRECORD
  5
670
102
{ACAD_REACTORS
330
665
102
}
330
665
100
AcDbXrecord
  1
{FAEB1C32-E019-11D5-929B-00C0DF256EC4}
  0
DICTIONARYVAR
  5
68C
102
{ACAD_REACTORS
330
685
102
}
330
685
100
DictionaryVariables
280
     0
  1
1:1
  0
DICTIONARYVAR
  5
68A
102
{ACAD_REACTORS
330
685
102
}
330
685
100
DictionaryVariables
280
     0
  1
2
  0
DICTIONARYVAR
  5
68B
102
{ACAD_REACTORS
330
685
102
}
330
685
100
DictionaryVariables
280
     0
  1
1
  0
DICTIONARYVAR
  5
68D
102
{ACAD_REACTORS
330
685
102
}
330
685
100
DictionaryVariables
280
     0
  1
1
  0
DICTIONARY
  5
690
330
45
100
AcDbDictionary
280
     1
  3
ACAD_XREC_ROUNDTRIP
360
691
  0
DICTIONARY
  5
68E
330
44
100
AcDbDictionary
280
     1
  3
ACAD_XREC_ROUNDTRIP
360
68F
  0
DICTIONARY
  5
692
330
46
100
AcDbDictionary
280
     1
  3
ACAD_XREC_ROUNDTRIP
360
693
  0
XRECORD
  5
691
102
{ACAD_REACTORS
330
690
102
}
330
690
100
AcDbXrecord
102
MATERIAL
148
0.0
149
0.0
149
0.0
 93
        0
 94
      127
282
     0
 72
     1
 77
     1
171
     1
175
     1
179
     1
273
     0
  0
XRECORD
  5
68F
102
{ACAD_REACTORS
330
68E
102
}
330
68E
100
AcDbXrecord
102
MATERIAL
148
0.0
149
0.0
149
0.0
 93
        0
 94
      127
282
     0
 72
     1
 77
     1
171
     1
175
     1
179
     1
273
     0
  0
XRECORD
  5
693
102
{ACAD_REACTORS
330
692
102
}
330
692
100
AcDbXrecord
102
MATERIAL
148
0.0
149
0.0
149
0.0
 93
        0
 94
      127
282
     0
 72
     1
 77
     1
171
     1
175
     1
179
     1
273
     0
  0
ENDSEC
  0
EOF
